RaceKey,Year,Round,DriverId,StandingPoints,StandingPosition,ChampionshipWon,IsLatestRound
898,2014,1,nico-rosberg,25.0,1,0,0
898,2014,1,kevin-magnussen,18.0,2,0,0
898,2014,1,jenson-button,15.0,3,0,0
898,2014,1,fernando-alonso,12.0,4,0,0
898,2014,1,valtteri-bottas,10.0,5,0,0
898,2014,1,nico-hulkenberg,8.0,6,0,0
898,2014,1,kimi-raikkonen,6.0,7,0,0
898,2014,1,jean-eric-vergne,4.0,8,0,0
898,2014,1,daniil-kvyat,2.0,9,0,0
898,2014,1,sergio-perez,1.0,10,0,0
898,2014,1,adrian-sutil,0,11,0,0
898,2014,1,esteban-gutierrez,0,12,0,0
898,2014,1,max-chilton,0,13,0,0
899,2014,2,nico-rosberg,43.0,1,0,0
899,2014,2,lewis-hamilton,25.0,2,0,0
899,2014,2,fernando-alonso,24.0,3,0,0
899,2014,2,jenson-button,23.0,4,0,0
899,2014,2,kevin-magnussen,20.0,5,0,0
899,2014,2,nico-hulkenberg,18.0,6,0,0
899,2014,2,sebastian-vettel,15.0,7,0,0
899,2014,2,valtteri-bottas,14.0,8,0,0
899,2014,2,kimi-raikkonen,6.0,9,0,0
899,2014,2,felipe-massa,6.0,10,0,0
899,2014,2,jean-eric-vergne,4.0,11,0,0
899,2014,2,daniil-kvyat,3.0,12,0,0
899,2014,2,sergio-perez,1.0,13,0,0
899,2014,2,adrian-sutil,0,14,0,0
899,2014,2,romain-grosjean,0,14,0,0
899,2014,2,esteban-gutierrez,0,16,0,0
899,2014,2,max-chilton,0,17,0,0
899,2014,2,kamui-kobayashi,0,18,0,0
899,2014,2,marcus-ericsson,0,19,0,0
900,2014,3,nico-rosberg,61.0,1,0,0
900,2014,3,lewis-hamilton,50.0,2,0,0
900,2014,3,nico-hulkenberg,28.0,3,0,0
900,2014,3,fernando-alonso,26.0,4,0,0
900,2014,3,jenson-button,23.0,5,0,0
900,2014,3,sebastian-vettel,23.0,6,0,0
900,2014,3,kevin-magnussen,20.0,7,0,0
900,2014,3,valtteri-bottas,18.0,8,0,0
900,2014,3,sergio-perez,16.0,9,0,0
900,2014,3,daniel-ricciardo,12.0,10,0,0
900,2014,3,felipe-massa,12.0,11,0,0
900,2014,3,kimi-raikkonen,7.0,12,0,0
900,2014,3,jean-eric-vergne,4.0,13,0,0
900,2014,3,daniil-kvyat,3.0,14,0,0
900,2014,3,romain-grosjean,0,15,0,0
900,2014,3,adrian-sutil,0,16,0,0
900,2014,3,esteban-gutierrez,0,17,0,0
900,2014,3,max-chilton,0,18,0,0
900,2014,3,kamui-kobayashi,0,19,0,0
900,2014,3,marcus-ericsson,0,20,0,0
900,2014,3,pastor-maldonado,0,20,0,0
900,2014,3,jules-bianchi,0,22,0,0
901,2014,4,nico-rosberg,79.0,1,0,0
901,2014,4,lewis-hamilton,75.0,2,0,0
901,2014,4,fernando-alonso,41.0,3,0,0
901,2014,4,nico-hulkenberg,36.0,4,0,0
901,2014,4,sebastian-vettel,33.0,5,0,0
901,2014,4,daniel-ricciardo,24.0,6,0,0
901,2014,4,valtteri-bottas,24.0,7,0,0
901,2014,4,jenson-button,23.0,8,0,0
901,2014,4,kevin-magnussen,20.0,9,0,0
901,2014,4,sergio-perez,18.0,10,0,0
901,2014,4,felipe-massa,12.0,11,0,0
901,2014,4,kimi-raikkonen,11.0,12,0,0
901,2014,4,jean-eric-vergne,4.0,13,0,0
901,2014,4,daniil-kvyat,4.0,14,0,0
901,2014,4,romain-grosjean,0,15,0,0
901,2014,4,adrian-sutil,0,16,0,0
901,2014,4,esteban-gutierrez,0,17,0,0
901,2014,4,max-chilton,0,18,0,0
901,2014,4,kamui-kobayashi,0,19,0,0
901,2014,4,pastor-maldonado,0,20,0,0
901,2014,4,marcus-ericsson,0,21,0,0
901,2014,4,jules-bianchi,0,22,0,0
902,2014,5,lewis-hamilton,100.0,1,0,0
902,2014,5,nico-rosberg,97.0,2,0,0
902,2014,5,fernando-alonso,49.0,3,0,0
902,2014,5,sebastian-vettel,45.0,4,0,0
902,2014,5,daniel-ricciardo,39.0,5,0,0
902,2014,5,nico-hulkenberg,37.0,6,0,0
902,2014,5,valtteri-bottas,34.0,7,0,0
902,2014,5,jenson-button,23.0,8,0,0
902,2014,5,kevin-magnussen,20.0,9,0,0
902,2014,5,sergio-perez,20.0,10,0,0
902,2014,5,kimi-raikkonen,17.0,11,0,0
902,2014,5,felipe-massa,12.0,12,0,0
902,2014,5,romain-grosjean,4.0,13,0,0
902,2014,5,jean-eric-vergne,4.0,14,0,0
902,2014,5,daniil-kvyat,4.0,15,0,0
902,2014,5,adrian-sutil,0,16,0,0
902,2014,5,esteban-gutierrez,0,17,0,0
902,2014,5,max-chilton,0,18,0,0
902,2014,5,kamui-kobayashi,0,19,0,0
902,2014,5,pastor-maldonado,0,20,0,0
902,2014,5,marcus-ericsson,0,21,0,0
902,2014,5,jules-bianchi,0,22,0,0
903,2014,6,nico-rosberg,122.0,1,0,0
903,2014,6,lewis-hamilton,118.0,2,0,0
903,2014,6,fernando-alonso,61.0,3,0,0
903,2014,6,daniel-ricciardo,54.0,4,0,0
903,2014,6,nico-hulkenberg,47.0,5,0,0
903,2014,6,sebastian-vettel,45.0,6,0,0
903,2014,6,valtteri-bottas,34.0,7,0,0
903,2014,6,jenson-button,31.0,8,0,0
903,2014,6,kevin-magnussen,21.0,9,0,0
903,2014,6,sergio-perez,20.0,10,0,0
903,2014,6,felipe-massa,18.0,11,0,0
903,2014,6,kimi-raikkonen,17.0,12,0,0
903,2014,6,romain-grosjean,8.0,13,0,0
903,2014,6,jean-eric-vergne,4.0,14,0,0
903,2014,6,daniil-kvyat,4.0,15,0,0
903,2014,6,jules-bianchi,2.0,16,0,0
903,2014,6,marcus-ericsson,0,17,0,0
903,2014,6,adrian-sutil,0,18,0,0
903,2014,6,esteban-gutierrez,0,19,0,0
903,2014,6,max-chilton,0,20,0,0
903,2014,6,kamui-kobayashi,0,21,0,0
903,2014,6,pastor-maldonado,0,22,0,0
904,2014,7,nico-rosberg,140.0,1,0,0
904,2014,7,lewis-hamilton,118.0,2,0,0
904,2014,7,daniel-ricciardo,79.0,3,0,0
904,2014,7,fernando-alonso,69.0,4,0,0
904,2014,7,sebastian-vettel,60.0,5,0,0
904,2014,7,nico-hulkenberg,57.0,6,0,0
904,2014,7,jenson-button,43.0,7,0,0
904,2014,7,valtteri-bottas,40.0,8,0,0
904,2014,7,kevin-magnussen,23.0,9,0,0
904,2014,7,sergio-perez,20.0,10,0,0
904,2014,7,felipe-massa,18.0,11,0,0
904,2014,7,kimi-raikkonen,18.0,12,0,0
904,2014,7,romain-grosjean,8.0,13,0,0
904,2014,7,jean-eric-vergne,8.0,14,0,0
904,2014,7,daniil-kvyat,4.0,15,0,0
904,2014,7,jules-bianchi,2.0,16,0,0
904,2014,7,adrian-sutil,0,17,0,0
904,2014,7,marcus-ericsson,0,18,0,0
904,2014,7,esteban-gutierrez,0,19,0,0
904,2014,7,max-chilton,0,20,0,0
904,2014,7,kamui-kobayashi,0,21,0,0
904,2014,7,pastor-maldonado,0,22,0,0
905,2014,8,nico-rosberg,165.0,1,0,0
905,2014,8,lewis-hamilton,136.0,2,0,0
905,2014,8,daniel-ricciardo,83.0,3,0,0
905,2014,8,fernando-alonso,79.0,4,0,0
905,2014,8,sebastian-vettel,60.0,5,0,0
905,2014,8,nico-hulkenberg,59.0,6,0,0
905,2014,8,valtteri-bottas,55.0,7,0,0
905,2014,8,jenson-button,43.0,8,0,0
905,2014,8,felipe-massa,30.0,9,0,0
905,2014,8,kevin-magnussen,29.0,10,0,0
905,2014,8,sergio-perez,28.0,11,0,0
905,2014,8,kimi-raikkonen,19.0,12,0,0
905,2014,8,romain-grosjean,8.0,13,0,0
905,2014,8,jean-eric-vergne,8.0,14,0,0
905,2014,8,daniil-kvyat,4.0,15,0,0
905,2014,8,jules-bianchi,2.0,16,0,0
905,2014,8,adrian-sutil,0,17,0,0
905,2014,8,marcus-ericsson,0,18,0,0
905,2014,8,pastor-maldonado,0,19,0,0
905,2014,8,esteban-gutierrez,0,20,0,0
905,2014,8,max-chilton,0,21,0,0
905,2014,8,kamui-kobayashi,0,22,0,0
906,2014,9,nico-rosberg,165.0,1,0,0
906,2014,9,lewis-hamilton,161.0,2,0,0
906,2014,9,daniel-ricciardo,98.0,3,0,0
906,2014,9,fernando-alonso,87.0,4,0,0
906,2014,9,valtteri-bottas,73.0,5,0,0
906,2014,9,sebastian-vettel,70.0,6,0,0
906,2014,9,nico-hulkenberg,63.0,7,0,0
906,2014,9,jenson-button,55.0,8,0,0
906,2014,9,kevin-magnussen,35.0,9,0,0
906,2014,9,felipe-massa,30.0,10,0,0
906,2014,9,sergio-perez,28.0,11,0,0
906,2014,9,kimi-raikkonen,19.0,12,0,0
906,2014,9,jean-eric-vergne,9.0,13,0,0
906,2014,9,romain-grosjean,8.0,14,0,0
906,2014,9,daniil-kvyat,6.0,15,0,0
906,2014,9,jules-bianchi,2.0,16,0,0
906,2014,9,adrian-sutil,0,17,0,0
906,2014,9,marcus-ericsson,0,18,0,0
906,2014,9,pastor-maldonado,0,19,0,0
906,2014,9,esteban-gutierrez,0,20,0,0
906,2014,9,max-chilton,0,21,0,0
906,2014,9,kamui-kobayashi,0,22,0,0
907,2014,10,nico-rosberg,190.0,1,0,0
907,2014,10,lewis-hamilton,176.0,2,0,0
907,2014,10,daniel-ricciardo,106.0,3,0,0
907,2014,10,fernando-alonso,97.0,4,0,0
907,2014,10,valtteri-bottas,91.0,5,0,0
907,2014,10,sebastian-vettel,82.0,6,0,0
907,2014,10,nico-hulkenberg,69.0,7,0,0
907,2014,10,jenson-button,59.0,8,0,0
907,2014,10,kevin-magnussen,37.0,9,0,0
907,2014,10,felipe-massa,30.0,10,0,0
907,2014,10,sergio-perez,29.0,11,0,0
907,2014,10,kimi-raikkonen,19.0,12,0,0
907,2014,10,jean-eric-vergne,9.0,13,0,0
907,2014,10,romain-grosjean,8.0,14,0,0
907,2014,10,daniil-kvyat,6.0,15,0,0
907,2014,10,jules-bianchi,2.0,16,0,0
907,2014,10,adrian-sutil,0,17,0,0
907,2014,10,marcus-ericsson,0,18,0,0
907,2014,10,pastor-maldonado,0,19,0,0
907,2014,10,esteban-gutierrez,0,20,0,0
907,2014,10,max-chilton,0,21,0,0
907,2014,10,kamui-kobayashi,0,22,0,0
908,2014,11,nico-rosberg,202.0,1,0,0
908,2014,11,lewis-hamilton,191.0,2,0,0
908,2014,11,daniel-ricciardo,131.0,3,0,0
908,2014,11,fernando-alonso,115.0,4,0,0
908,2014,11,valtteri-bottas,95.0,5,0,0
908,2014,11,sebastian-vettel,88.0,6,0,0
908,2014,11,nico-hulkenberg,69.0,7,0,0
908,2014,11,jenson-button,60.0,8,0,0
908,2014,11,felipe-massa,40.0,9,0,0
908,2014,11,kevin-magnussen,37.0,10,0,0
908,2014,11,sergio-perez,29.0,11,0,0
908,2014,11,kimi-raikkonen,27.0,12,0,0
908,2014,11,jean-eric-vergne,11.0,13,0,0
908,2014,11,romain-grosjean,8.0,14,0,0
908,2014,11,daniil-kvyat,6.0,15,0,0
908,2014,11,jules-bianchi,2.0,16,0,0
908,2014,11,adrian-sutil,0,17,0,0
908,2014,11,marcus-ericsson,0,18,0,0
908,2014,11,pastor-maldonado,0,19,0,0
908,2014,11,esteban-gutierrez,0,20,0,0
908,2014,11,max-chilton,0,21,0,0
908,2014,11,kamui-kobayashi,0,22,0,0
909,2014,12,nico-rosberg,220.0,1,0,0
909,2014,12,lewis-hamilton,191.0,2,0,0
909,2014,12,daniel-ricciardo,156.0,3,0,0
909,2014,12,fernando-alonso,121.0,4,0,0
909,2014,12,valtteri-bottas,110.0,5,0,0
909,2014,12,sebastian-vettel,98.0,6,0,0
909,2014,12,nico-hulkenberg,70.0,7,0,0
909,2014,12,jenson-button,68.0,8,0,0
909,2014,12,felipe-massa,40.0,9,0,0
909,2014,12,kimi-raikkonen,39.0,10,0,0
909,2014,12,kevin-magnussen,37.0,11,0,0
909,2014,12,sergio-perez,33.0,12,0,0
909,2014,12,jean-eric-vergne,11.0,13,0,0
909,2014,12,romain-grosjean,8.0,14,0,0
909,2014,12,daniil-kvyat,8.0,15,0,0
909,2014,12,jules-bianchi,2.0,16,0,0
909,2014,12,adrian-sutil,0,17,0,0
909,2014,12,marcus-ericsson,0,18,0,0
909,2014,12,pastor-maldonado,0,19,0,0
909,2014,12,esteban-gutierrez,0,20,0,0
909,2014,12,max-chilton,0,21,0,0
909,2014,12,kamui-kobayashi,0,22,0,0
910,2014,13,nico-rosberg,238.0,1,0,0
910,2014,13,lewis-hamilton,216.0,2,0,0
910,2014,13,daniel-ricciardo,166.0,3,0,0
910,2014,13,valtteri-bottas,122.0,4,0,0
910,2014,13,fernando-alonso,121.0,5,0,0
910,2014,13,sebastian-vettel,106.0,6,0,0
910,2014,13,jenson-button,72.0,7,0,0
910,2014,13,nico-hulkenberg,70.0,8,0,0
910,2014,13,felipe-massa,55.0,9,0,0
910,2014,13,kimi-raikkonen,41.0,10,0,0
910,2014,13,sergio-perez,39.0,11,0,0
910,2014,13,kevin-magnussen,38.0,12,0,0
910,2014,13,jean-eric-vergne,11.0,13,0,0
910,2014,13,romain-grosjean,8.0,14,0,0
910,2014,13,daniil-kvyat,8.0,15,0,0
910,2014,13,jules-bianchi,2.0,16,0,0
910,2014,13,adrian-sutil,0,17,0,0
910,2014,13,marcus-ericsson,0,18,0,0
910,2014,13,pastor-maldonado,0,19,0,0
910,2014,13,esteban-gutierrez,0,20,0,0
910,2014,13,max-chilton,0,21,0,0
910,2014,13,kamui-kobayashi,0,22,0,0
911,2014,14,lewis-hamilton,241.0,1,0,0
911,2014,14,nico-rosberg,238.0,2,0,0
911,2014,14,daniel-ricciardo,181.0,3,0,0
911,2014,14,fernando-alonso,133.0,4,0,0
911,2014,14,sebastian-vettel,124.0,5,0,0
911,2014,14,valtteri-bottas,122.0,6,0,0
911,2014,14,jenson-button,72.0,7,0,0
911,2014,14,nico-hulkenberg,72.0,8,0,0
911,2014,14,felipe-massa,65.0,9,0,0
911,2014,14,sergio-perez,45.0,10,0,0
911,2014,14,kimi-raikkonen,45.0,11,0,0
911,2014,14,kevin-magnussen,39.0,12,0,0
911,2014,14,jean-eric-vergne,19.0,13,0,0
911,2014,14,romain-grosjean,8.0,14,0,0
911,2014,14,daniil-kvyat,8.0,15,0,0
911,2014,14,jules-bianchi,2.0,16,0,0
911,2014,14,adrian-sutil,0,17,0,0
911,2014,14,marcus-ericsson,0,18,0,0
911,2014,14,pastor-maldonado,0,19,0,0
911,2014,14,esteban-gutierrez,0,20,0,0
911,2014,14,max-chilton,0,21,0,0
911,2014,14,kamui-kobayashi,0,22,0,0
912,2014,15,lewis-hamilton,266.0,1,0,0
912,2014,15,nico-rosberg,256.0,2,0,0
912,2014,15,daniel-ricciardo,193.0,3,0,0
912,2014,15,sebastian-vettel,139.0,4,0,0
912,2014,15,fernando-alonso,133.0,5,0,0
912,2014,15,valtteri-bottas,130.0,6,0,0
912,2014,15,jenson-button,82.0,7,0,0
912,2014,15,nico-hulkenberg,76.0,8,0,0
912,2014,15,felipe-massa,71.0,9,0,0
912,2014,15,sergio-perez,46.0,10,0,0
912,2014,15,kimi-raikkonen,45.0,11,0,0
912,2014,15,kevin-magnussen,39.0,12,0,0
912,2014,15,jean-eric-vergne,21.0,13,0,0
912,2014,15,romain-grosjean,8.0,14,0,0
912,2014,15,daniil-kvyat,8.0,15,0,0
912,2014,15,jules-bianchi,2.0,16,0,0
912,2014,15,adrian-sutil,0,17,0,0
912,2014,15,marcus-ericsson,0,18,0,0
912,2014,15,pastor-maldonado,0,19,0,0
912,2014,15,esteban-gutierrez,0,20,0,0
912,2014,15,max-chilton,0,21,0,0
912,2014,15,kamui-kobayashi,0,22,0,0
913,2014,16,lewis-hamilton,291.0,1,0,0
913,2014,16,nico-rosberg,274.0,2,0,0
913,2014,16,daniel-ricciardo,199.0,3,0,0
913,2014,16,valtteri-bottas,145.0,4,0,0
913,2014,16,sebastian-vettel,143.0,5,0,0
913,2014,16,fernando-alonso,141.0,6,0,0
913,2014,16,jenson-button,94.0,7,0,0
913,2014,16,nico-hulkenberg,76.0,8,0,0
913,2014,16,felipe-massa,71.0,9,0,0
913,2014,16,kevin-magnussen,49.0,10,0,0
913,2014,16,sergio-perez,47.0,11,0,0
913,2014,16,kimi-raikkonen,47.0,12,0,0
913,2014,16,jean-eric-vergne,21.0,13,0,0
913,2014,16,romain-grosjean,8.0,14,0,0
913,2014,16,daniil-kvyat,8.0,15,0,0
913,2014,16,jules-bianchi,2.0,16,0,0
913,2014,16,adrian-sutil,0,17,0,0
913,2014,16,marcus-ericsson,0,18,0,0
913,2014,16,pastor-maldonado,0,19,0,0
913,2014,16,esteban-gutierrez,0,20,0,0
913,2014,16,max-chilton,0,21,0,0
913,2014,16,kamui-kobayashi,0,22,0,0
914,2014,17,lewis-hamilton,316.0,1,0,0
914,2014,17,nico-rosberg,292.0,2,0,0
914,2014,17,daniel-ricciardo,214.0,3,0,0
914,2014,17,valtteri-bottas,155.0,4,0,0
914,2014,17,sebastian-vettel,149.0,5,0,0
914,2014,17,fernando-alonso,149.0,6,0,0
914,2014,17,jenson-button,94.0,7,0,0
914,2014,17,felipe-massa,83.0,8,0,0
914,2014,17,nico-hulkenberg,76.0,9,0,0
914,2014,17,kevin-magnussen,53.0,10,0,0
914,2014,17,sergio-perez,47.0,11,0,0
914,2014,17,kimi-raikkonen,47.0,12,0,0
914,2014,17,jean-eric-vergne,22.0,13,0,0
914,2014,17,romain-grosjean,8.0,14,0,0
914,2014,17,daniil-kvyat,8.0,15,0,0
914,2014,17,pastor-maldonado,2.0,16,0,0
914,2014,17,jules-bianchi,2.0,17,0,0
914,2014,17,adrian-sutil,0,18,0,0
914,2014,17,marcus-ericsson,0,19,0,0
914,2014,17,esteban-gutierrez,0,20,0,0
914,2014,17,max-chilton,0,21,0,0
914,2014,17,kamui-kobayashi,0,22,0,0
915,2014,18,lewis-hamilton,334.0,1,0,0
915,2014,18,nico-rosberg,317.0,2,0,0
915,2014,18,daniel-ricciardo,214.0,3,0,0
915,2014,18,sebastian-vettel,159.0,4,0,0
915,2014,18,fernando-alonso,157.0,5,0,0
915,2014,18,valtteri-bottas,156.0,6,0,0
915,2014,18,jenson-button,106.0,7,0,0
915,2014,18,felipe-massa,98.0,8,0,0
915,2014,18,nico-hulkenberg,80.0,9,0,0
915,2014,18,kevin-magnussen,55.0,10,0,0
915,2014,18,kimi-raikkonen,53.0,11,0,0
915,2014,18,sergio-perez,47.0,12,0,0
915,2014,18,jean-eric-vergne,22.0,13,0,0
915,2014,18,romain-grosjean,8.0,14,0,0
915,2014,18,daniil-kvyat,8.0,15,0,0
915,2014,18,pastor-maldonado,2.0,16,0,0
915,2014,18,jules-bianchi,2.0,17,0,0
915,2014,18,adrian-sutil,0,18,0,0
915,2014,18,marcus-ericsson,0,19,0,0
915,2014,18,esteban-gutierrez,0,20,0,0
915,2014,18,max-chilton,0,21,0,0
915,2014,18,kamui-kobayashi,0,22,0,0
916,2014,19,lewis-hamilton,384.0,1,1,1
916,2014,19,nico-rosberg,317.0,2,0,1
916,2014,19,daniel-ricciardo,238.0,3,0,1
916,2014,19,valtteri-bottas,186.0,4,0,1
916,2014,19,sebastian-vettel,167.0,5,0,1
916,2014,19,fernando-alonso,161.0,6,0,1
916,2014,19,felipe-massa,134.0,7,0,1
916,2014,19,jenson-button,126.0,8,0,1
916,2014,19,nico-hulkenberg,96.0,9,0,1
916,2014,19,sergio-perez,59.0,10,0,1
916,2014,19,kevin-magnussen,55.0,11,0,1
916,2014,19,kimi-raikkonen,55.0,12,0,1
916,2014,19,jean-eric-vergne,22.0,13,0,1
916,2014,19,romain-grosjean,8.0,14,0,1
916,2014,19,daniil-kvyat,8.0,15,0,1
916,2014,19,pastor-maldonado,2.0,16,0,1
916,2014,19,jules-bianchi,2.0,17,0,1
916,2014,19,adrian-sutil,0,18,0,1
916,2014,19,marcus-ericsson,0,19,0,1
916,2014,19,esteban-gutierrez,0,20,0,1
916,2014,19,max-chilton,0,21,0,1
916,2014,19,kamui-kobayashi,0,22,0,1
916,2014,19,will-stevens,0,23,0,1
917,2015,1,lewis-hamilton,25.0,1,0,0
917,2015,1,nico-rosberg,18.0,2,0,0
917,2015,1,sebastian-vettel,15.0,3,0,0
917,2015,1,felipe-massa,12.0,4,0,0
917,2015,1,felipe-nasr,10.0,5,0,0
917,2015,1,daniel-ricciardo,8.0,6,0,0
917,2015,1,nico-hulkenberg,6.0,7,0,0
917,2015,1,marcus-ericsson,4.0,8,0,0
917,2015,1,carlos-sainz-jr,2.0,9,0,0
917,2015,1,sergio-perez,1.0,10,0,0
917,2015,1,jenson-button,0,11,0,0
918,2015,2,lewis-hamilton,43.0,1,0,0
918,2015,2,sebastian-vettel,40.0,2,0,0
918,2015,2,nico-rosberg,33.0,3,0,0
918,2015,2,felipe-massa,20.0,4,0,0
918,2015,2,kimi-raikkonen,12.0,5,0,0
918,2015,2,felipe-nasr,10.0,6,0,0
918,2015,2,valtteri-bottas,10.0,7,0,0
918,2015,2,daniel-ricciardo,9.0,8,0,0
918,2015,2,nico-hulkenberg,6.0,9,0,0
918,2015,2,max-verstappen,6.0,10,0,0
918,2015,2,carlos-sainz-jr,6.0,11,0,0
918,2015,2,marcus-ericsson,4.0,12,0,0
918,2015,2,daniil-kvyat,2.0,13,0,0
918,2015,2,sergio-perez,1.0,14,0,0
918,2015,2,jenson-button,0,15,0,0
918,2015,2,romain-grosjean,0,15,0,0
918,2015,2,roberto-merhi,0,17,0,0
919,2015,3,lewis-hamilton,68.0,1,0,0
919,2015,3,sebastian-vettel,55.0,2,0,0
919,2015,3,nico-rosberg,51.0,3,0,0
919,2015,3,felipe-massa,30.0,4,0,0
919,2015,3,kimi-raikkonen,24.0,5,0,0
919,2015,3,valtteri-bottas,18.0,6,0,0
919,2015,3,felipe-nasr,14.0,7,0,0
919,2015,3,daniel-ricciardo,11.0,8,0,0
919,2015,3,romain-grosjean,6.0,9,0,0
919,2015,3,nico-hulkenberg,6.0,10,0,0
919,2015,3,max-verstappen,6.0,11,0,0
919,2015,3,carlos-sainz-jr,6.0,12,0,0
919,2015,3,marcus-ericsson,5.0,13,0,0
919,2015,3,daniil-kvyat,2.0,14,0,0
919,2015,3,sergio-perez,1.0,15,0,0
919,2015,3,jenson-button,0,16,0,0
919,2015,3,fernando-alonso,0,17,0,0
919,2015,3,roberto-merhi,0,18,0,0
919,2015,3,will-stevens,0,19,0,0
920,2015,4,lewis-hamilton,93.0,1,0,0
920,2015,4,nico-rosberg,66.0,2,0,0
920,2015,4,sebastian-vettel,65.0,3,0,0
920,2015,4,kimi-raikkonen,42.0,4,0,0
920,2015,4,felipe-massa,31.0,5,0,0
920,2015,4,valtteri-bottas,30.0,6,0,0
920,2015,4,daniel-ricciardo,19.0,7,0,0
920,2015,4,felipe-nasr,14.0,8,0,0
920,2015,4,romain-grosjean,12.0,9,0,0
920,2015,4,nico-hulkenberg,6.0,10,0,0
920,2015,4,max-verstappen,6.0,11,0,0
920,2015,4,carlos-sainz-jr,6.0,12,0,0
920,2015,4,sergio-perez,5.0,13,0,0
920,2015,4,marcus-ericsson,5.0,14,0,0
920,2015,4,daniil-kvyat,4.0,15,0,0
920,2015,4,fernando-alonso,0,16,0,0
920,2015,4,jenson-button,0,17,0,0
920,2015,4,roberto-merhi,0,18,0,0
920,2015,4,will-stevens,0,19,0,0
920,2015,4,pastor-maldonado,0,20,0,0
921,2015,5,lewis-hamilton,111.0,1,0,0
921,2015,5,nico-rosberg,91.0,2,0,0
921,2015,5,sebastian-vettel,80.0,3,0,0
921,2015,5,kimi-raikkonen,52.0,4,0,0
921,2015,5,valtteri-bottas,42.0,5,0,0
921,2015,5,felipe-massa,39.0,6,0,0
921,2015,5,daniel-ricciardo,25.0,7,0,0
921,2015,5,romain-grosjean,16.0,8,0,0
921,2015,5,felipe-nasr,14.0,9,0,0
921,2015,5,carlos-sainz-jr,8.0,10,0,0
921,2015,5,max-verstappen,6.0,11,0,0
921,2015,5,nico-hulkenberg,6.0,12,0,0
921,2015,5,sergio-perez,5.0,13,0,0
921,2015,5,marcus-ericsson,5.0,14,0,0
921,2015,5,daniil-kvyat,5.0,15,0,0
921,2015,5,fernando-alonso,0,16,0,0
921,2015,5,jenson-button,0,17,0,0
921,2015,5,roberto-merhi,0,18,0,0
921,2015,5,will-stevens,0,19,0,0
921,2015,5,pastor-maldonado,0,20,0,0
922,2015,6,lewis-hamilton,126.0,1,0,0
922,2015,6,nico-rosberg,116.0,2,0,0
922,2015,6,sebastian-vettel,98.0,3,0,0
922,2015,6,kimi-raikkonen,60.0,4,0,0
922,2015,6,valtteri-bottas,42.0,5,0,0
922,2015,6,felipe-massa,39.0,6,0,0
922,2015,6,daniel-ricciardo,35.0,7,0,0
922,2015,6,daniil-kvyat,17.0,8,0,0
922,2015,6,felipe-nasr,16.0,9,0,0
922,2015,6,romain-grosjean,16.0,10,0,0
922,2015,6,sergio-perez,11.0,11,0,0
922,2015,6,carlos-sainz-jr,9.0,12,0,0
922,2015,6,nico-hulkenberg,6.0,13,0,0
922,2015,6,max-verstappen,6.0,14,0,0
922,2015,6,marcus-ericsson,5.0,15,0,0
922,2015,6,jenson-button,4.0,16,0,0
922,2015,6,fernando-alonso,0,17,0,0
922,2015,6,roberto-merhi,0,18,0,0
922,2015,6,will-stevens,0,19,0,0
922,2015,6,pastor-maldonado,0,20,0,0
923,2015,7,lewis-hamilton,151.0,1,0,0
923,2015,7,nico-rosberg,134.0,2,0,0
923,2015,7,sebastian-vettel,108.0,3,0,0
923,2015,7,kimi-raikkonen,72.0,4,0,0
923,2015,7,valtteri-bottas,57.0,5,0,0
923,2015,7,felipe-massa,47.0,6,0,0
923,2015,7,daniel-ricciardo,35.0,7,0,0
923,2015,7,daniil-kvyat,19.0,8,0,0
923,2015,7,romain-grosjean,17.0,9,0,0
923,2015,7,felipe-nasr,16.0,10,0,0
923,2015,7,sergio-perez,11.0,11,0,0
923,2015,7,nico-hulkenberg,10.0,12,0,0
923,2015,7,carlos-sainz-jr,9.0,13,0,0
923,2015,7,max-verstappen,6.0,14,0,0
923,2015,7,pastor-maldonado,6.0,15,0,0
923,2015,7,marcus-ericsson,5.0,16,0,0
923,2015,7,jenson-button,4.0,17,0,0
923,2015,7,fernando-alonso,0,18,0,0
923,2015,7,roberto-merhi,0,19,0,0
923,2015,7,will-stevens,0,20,0,0
924,2015,8,lewis-hamilton,169.0,1,0,0
924,2015,8,nico-rosberg,159.0,2,0,0
924,2015,8,sebastian-vettel,120.0,3,0,0
924,2015,8,kimi-raikkonen,72.0,4,0,0
924,2015,8,valtteri-bottas,67.0,5,0,0
924,2015,8,felipe-massa,62.0,6,0,0
924,2015,8,daniel-ricciardo,36.0,7,0,0
924,2015,8,daniil-kvyat,19.0,8,0,0
924,2015,8,nico-hulkenberg,18.0,9,0,0
924,2015,8,romain-grosjean,17.0,10,0,0
924,2015,8,felipe-nasr,16.0,11,0,0
924,2015,8,sergio-perez,13.0,12,0,0
924,2015,8,pastor-maldonado,12.0,13,0,0
924,2015,8,max-verstappen,10.0,14,0,0
924,2015,8,carlos-sainz-jr,9.0,15,0,0
924,2015,8,marcus-ericsson,5.0,16,0,0
924,2015,8,jenson-button,4.0,17,0,0
924,2015,8,fernando-alonso,0,18,0,0
924,2015,8,roberto-merhi,0,19,0,0
924,2015,8,will-stevens,0,20,0,0
925,2015,9,lewis-hamilton,194.0,1,0,0
925,2015,9,nico-rosberg,177.0,2,0,0
925,2015,9,sebastian-vettel,135.0,3,0,0
925,2015,9,valtteri-bottas,77.0,4,0,0
925,2015,9,kimi-raikkonen,76.0,5,0,0
925,2015,9,felipe-massa,74.0,6,0,0
925,2015,9,daniel-ricciardo,36.0,7,0,0
925,2015,9,daniil-kvyat,27.0,8,0,0
925,2015,9,nico-hulkenberg,24.0,9,0,0
925,2015,9,romain-grosjean,17.0,10,0,0
925,2015,9,felipe-nasr,16.0,11,0,0
925,2015,9,sergio-perez,15.0,12,0,0
925,2015,9,pastor-maldonado,12.0,13,0,0
925,2015,9,max-verstappen,10.0,14,0,0
925,2015,9,carlos-sainz-jr,9.0,15,0,0
925,2015,9,marcus-ericsson,5.0,16,0,0
925,2015,9,jenson-button,4.0,17,0,0
925,2015,9,fernando-alonso,1.0,18,0,0
925,2015,9,roberto-merhi,0,19,0,0
925,2015,9,will-stevens,0,20,0,0
926,2015,10,lewis-hamilton,202.0,1,0,0
926,2015,10,nico-rosberg,181.0,2,0,0
926,2015,10,sebastian-vettel,160.0,3,0,0
926,2015,10,valtteri-bottas,77.0,4,0,0
926,2015,10,kimi-raikkonen,76.0,5,0,0
926,2015,10,felipe-massa,74.0,6,0,0
926,2015,10,daniel-ricciardo,51.0,7,0,0
926,2015,10,daniil-kvyat,45.0,8,0,0
926,2015,10,nico-hulkenberg,24.0,9,0,0
926,2015,10,romain-grosjean,23.0,10,0,0
926,2015,10,max-verstappen,22.0,11,0,0
926,2015,10,felipe-nasr,16.0,12,0,0
926,2015,10,sergio-perez,15.0,13,0,0
926,2015,10,pastor-maldonado,12.0,14,0,0
926,2015,10,fernando-alonso,11.0,15,0,0
926,2015,10,carlos-sainz-jr,9.0,16,0,0
926,2015,10,jenson-button,6.0,17,0,0
926,2015,10,marcus-ericsson,6.0,18,0,0
926,2015,10,roberto-merhi,0,19,0,0
926,2015,10,will-stevens,0,20,0,0
927,2015,11,lewis-hamilton,227.0,1,0,0
927,2015,11,nico-rosberg,199.0,2,0,0
927,2015,11,sebastian-vettel,160.0,3,0,0
927,2015,11,kimi-raikkonen,82.0,4,0,0
927,2015,11,felipe-massa,82.0,5,0,0
927,2015,11,valtteri-bottas,79.0,6,0,0
927,2015,11,daniil-kvyat,57.0,7,0,0
927,2015,11,daniel-ricciardo,51.0,8,0,0
927,2015,11,romain-grosjean,38.0,9,0,0
927,2015,11,max-verstappen,26.0,10,0,0
927,2015,11,sergio-perez,25.0,11,0,0
927,2015,11,nico-hulkenberg,24.0,12,0,0
927,2015,11,felipe-nasr,16.0,13,0,0
927,2015,11,pastor-maldonado,12.0,14,0,0
927,2015,11,fernando-alonso,11.0,15,0,0
927,2015,11,carlos-sainz-jr,9.0,16,0,0
927,2015,11,marcus-ericsson,7.0,17,0,0
927,2015,11,jenson-button,6.0,18,0,0
927,2015,11,roberto-merhi,0,19,0,0
927,2015,11,will-stevens,0,20,0,0
928,2015,12,lewis-hamilton,252.0,1,0,0
928,2015,12,nico-rosberg,199.0,2,0,0
928,2015,12,sebastian-vettel,178.0,3,0,0
928,2015,12,felipe-massa,97.0,4,0,0
928,2015,12,kimi-raikkonen,92.0,5,0,0
928,2015,12,valtteri-bottas,91.0,6,0,0
928,2015,12,daniil-kvyat,58.0,7,0,0
928,2015,12,daniel-ricciardo,55.0,8,0,0
928,2015,12,romain-grosjean,38.0,9,0,0
928,2015,12,sergio-perez,33.0,10,0,0
928,2015,12,nico-hulkenberg,30.0,11,0,0
928,2015,12,max-verstappen,26.0,12,0,0
928,2015,12,felipe-nasr,16.0,13,0,0
928,2015,12,pastor-maldonado,12.0,14,0,0
928,2015,12,fernando-alonso,11.0,15,0,0
928,2015,12,carlos-sainz-jr,9.0,16,0,0
928,2015,12,marcus-ericsson,9.0,17,0,0
928,2015,12,jenson-button,6.0,18,0,0
928,2015,12,roberto-merhi,0,19,0,0
928,2015,12,will-stevens,0,20,0,0
929,2015,13,lewis-hamilton,252.0,1,0,0
929,2015,13,nico-rosberg,211.0,2,0,0
929,2015,13,sebastian-vettel,203.0,3,0,0
929,2015,13,kimi-raikkonen,107.0,4,0,0
929,2015,13,valtteri-bottas,101.0,5,0,0
929,2015,13,felipe-massa,97.0,6,0,0
929,2015,13,daniel-ricciardo,73.0,7,0,0
929,2015,13,daniil-kvyat,66.0,8,0,0
929,2015,13,sergio-perez,39.0,9,0,0
929,2015,13,romain-grosjean,38.0,10,0,0
929,2015,13,max-verstappen,30.0,11,0,0
929,2015,13,nico-hulkenberg,30.0,12,0,0
929,2015,13,felipe-nasr,17.0,13,0,0
929,2015,13,pastor-maldonado,12.0,14,0,0
929,2015,13,fernando-alonso,11.0,15,0,0
929,2015,13,carlos-sainz-jr,11.0,16,0,0
929,2015,13,marcus-ericsson,9.0,17,0,0
929,2015,13,jenson-button,6.0,18,0,0
929,2015,13,roberto-merhi,0,19,0,0
929,2015,13,will-stevens,0,20,0,0
929,2015,13,alexander-rossi,0,21,0,0
930,2015,14,lewis-hamilton,277.0,1,0,0
930,2015,14,nico-rosberg,229.0,2,0,0
930,2015,14,sebastian-vettel,218.0,3,0,0
930,2015,14,kimi-raikkonen,119.0,4,0,0
930,2015,14,valtteri-bottas,111.0,5,0,0
930,2015,14,felipe-massa,97.0,6,0,0
930,2015,14,daniel-ricciardo,73.0,7,0,0
930,2015,14,daniil-kvyat,66.0,8,0,0
930,2015,14,romain-grosjean,44.0,9,0,0
930,2015,14,sergio-perez,39.0,10,0,0
930,2015,14,nico-hulkenberg,38.0,11,0,0
930,2015,14,max-verstappen,32.0,12,0,0
930,2015,14,felipe-nasr,17.0,13,0,0
930,2015,14,pastor-maldonado,16.0,14,0,0
930,2015,14,carlos-sainz-jr,12.0,15,0,0
930,2015,14,fernando-alonso,11.0,16,0,0
930,2015,14,marcus-ericsson,9.0,17,0,0
930,2015,14,jenson-button,6.0,18,0,0
930,2015,14,roberto-merhi,0,19,0,0
930,2015,14,will-stevens,0,20,0,0
930,2015,14,alexander-rossi,0,21,0,0
931,2015,15,lewis-hamilton,302.0,1,0,0
931,2015,15,sebastian-vettel,236.0,2,0,0
931,2015,15,nico-rosberg,229.0,3,0,0
931,2015,15,kimi-raikkonen,123.0,4,0,0
931,2015,15,valtteri-bottas,111.0,5,0,0
931,2015,15,felipe-massa,109.0,6,0,0
931,2015,15,daniil-kvyat,76.0,7,0,0
931,2015,15,daniel-ricciardo,73.0,8,0,0
931,2015,15,sergio-perez,54.0,9,0,0
931,2015,15,romain-grosjean,44.0,10,0,0
931,2015,15,nico-hulkenberg,38.0,11,0,0
931,2015,15,max-verstappen,33.0,12,0,0
931,2015,15,felipe-nasr,25.0,13,0,0
931,2015,15,pastor-maldonado,22.0,14,0,0
931,2015,15,carlos-sainz-jr,12.0,15,0,0
931,2015,15,fernando-alonso,11.0,16,0,0
931,2015,15,marcus-ericsson,9.0,17,0,0
931,2015,15,jenson-button,8.0,18,0,0
931,2015,15,roberto-merhi,0,19,0,0
931,2015,15,will-stevens,0,20,0,0
931,2015,15,alexander-rossi,0,21,0,0
932,2015,16,lewis-hamilton,327.0,1,1,0
932,2015,16,sebastian-vettel,251.0,2,0,0
932,2015,16,nico-rosberg,247.0,3,0,0
932,2015,16,kimi-raikkonen,123.0,4,0,0
932,2015,16,valtteri-bottas,111.0,5,0,0
932,2015,16,felipe-massa,109.0,6,0,0
932,2015,16,daniil-kvyat,76.0,7,0,0
932,2015,16,daniel-ricciardo,74.0,8,0,0
932,2015,16,sergio-perez,64.0,9,0,0
932,2015,16,max-verstappen,45.0,10,0,0
932,2015,16,romain-grosjean,44.0,11,0,0
932,2015,16,nico-hulkenberg,38.0,12,0,0
932,2015,16,felipe-nasr,27.0,13,0,0
932,2015,16,pastor-maldonado,26.0,14,0,0
932,2015,16,carlos-sainz-jr,18.0,15,0,0
932,2015,16,jenson-button,16.0,16,0,0
932,2015,16,fernando-alonso,11.0,17,0,0
932,2015,16,marcus-ericsson,9.0,18,0,0
932,2015,16,roberto-merhi,0,19,0,0
932,2015,16,alexander-rossi,0,20,0,0
932,2015,16,will-stevens,0,21,0,0
933,2015,17,lewis-hamilton,345.0,1,1,0
933,2015,17,nico-rosberg,272.0,2,0,0
933,2015,17,sebastian-vettel,251.0,3,0,0
933,2015,17,valtteri-bottas,126.0,4,0,0
933,2015,17,kimi-raikkonen,123.0,5,0,0
933,2015,17,felipe-massa,117.0,6,0,0
933,2015,17,daniil-kvyat,88.0,7,0,0
933,2015,17,daniel-ricciardo,84.0,8,0,0
933,2015,17,sergio-perez,68.0,9,0,0
933,2015,17,max-verstappen,47.0,10,0,0
933,2015,17,romain-grosjean,45.0,11,0,0
933,2015,17,nico-hulkenberg,44.0,12,0,0
933,2015,17,felipe-nasr,27.0,13,0,0
933,2015,17,pastor-maldonado,26.0,14,0,0
933,2015,17,carlos-sainz-jr,18.0,15,0,0
933,2015,17,jenson-button,16.0,16,0,0
933,2015,17,fernando-alonso,11.0,17,0,0
933,2015,17,marcus-ericsson,9.0,18,0,0
933,2015,17,roberto-merhi,0,19,0,0
933,2015,17,alexander-rossi,0,20,0,0
933,2015,17,will-stevens,0,21,0,0
934,2015,18,lewis-hamilton,363.0,1,1,0
934,2015,18,nico-rosberg,297.0,2,0,0
934,2015,18,sebastian-vettel,266.0,3,0,0
934,2015,18,valtteri-bottas,136.0,4,0,0
934,2015,18,kimi-raikkonen,135.0,5,0,0
934,2015,18,felipe-massa,117.0,6,0,0
934,2015,18,daniil-kvyat,94.0,7,0,0
934,2015,18,daniel-ricciardo,84.0,8,0,0
934,2015,18,sergio-perez,68.0,9,0,0
934,2015,18,nico-hulkenberg,52.0,10,0,0
934,2015,18,romain-grosjean,49.0,11,0,0
934,2015,18,max-verstappen,49.0,12,0,0
934,2015,18,felipe-nasr,27.0,13,0,0
934,2015,18,pastor-maldonado,27.0,14,0,0
934,2015,18,carlos-sainz-jr,18.0,15,0,0
934,2015,18,jenson-button,16.0,16,0,0
934,2015,18,fernando-alonso,11.0,17,0,0
934,2015,18,marcus-ericsson,9.0,18,0,0
934,2015,18,roberto-merhi,0,19,0,0
934,2015,18,alexander-rossi,0,20,0,0
934,2015,18,will-stevens,0,21,0,0
935,2015,19,lewis-hamilton,381.0,1,1,1
935,2015,19,nico-rosberg,322.0,2,0,1
935,2015,19,sebastian-vettel,278.0,3,0,1
935,2015,19,kimi-raikkonen,150.0,4,0,1
935,2015,19,valtteri-bottas,136.0,5,0,1
935,2015,19,felipe-massa,121.0,6,0,1
935,2015,19,daniil-kvyat,95.0,7,0,1
935,2015,19,daniel-ricciardo,92.0,8,0,1
935,2015,19,sergio-perez,78.0,9,0,1
935,2015,19,nico-hulkenberg,58.0,10,0,1
935,2015,19,romain-grosjean,51.0,11,0,1
935,2015,19,max-verstappen,49.0,12,0,1
935,2015,19,felipe-nasr,27.0,13,0,1
935,2015,19,pastor-maldonado,27.0,14,0,1
935,2015,19,carlos-sainz-jr,18.0,15,0,1
935,2015,19,jenson-button,16.0,16,0,1
935,2015,19,fernando-alonso,11.0,17,0,1
935,2015,19,marcus-ericsson,9.0,18,0,1
935,2015,19,roberto-merhi,0,19,0,1
935,2015,19,alexander-rossi,0,20,0,1
935,2015,19,will-stevens,0,21,0,1
936,2016,1,nico-rosberg,25.0,1,0,0
936,2016,1,lewis-hamilton,18.0,2,0,0
936,2016,1,sebastian-vettel,15.0,3,0,0
936,2016,1,daniel-ricciardo,12.0,4,0,0
936,2016,1,felipe-massa,10.0,5,0,0
936,2016,1,romain-grosjean,8.0,6,0,0
936,2016,1,nico-hulkenberg,6.0,7,0,0
936,2016,1,valtteri-bottas,4.0,8,0,0
936,2016,1,carlos-sainz-jr,2.0,9,0,0
936,2016,1,max-verstappen,1.0,10,0,0
936,2016,1,jolyon-palmer,0,11,0,0
936,2016,1,kevin-magnussen,0,12,0,0
936,2016,1,sergio-perez,0,13,0,0
936,2016,1,jenson-button,0,14,0,0
936,2016,1,felipe-nasr,0,15,0,0
936,2016,1,pascal-wehrlein,0,16,0,0
937,2016,2,nico-rosberg,50.0,1,0,0
937,2016,2,lewis-hamilton,33.0,2,0,0
937,2016,2,daniel-ricciardo,24.0,3,0,0
937,2016,2,kimi-raikkonen,18.0,4,0,0
937,2016,2,romain-grosjean,18.0,5,0,0
937,2016,2,sebastian-vettel,15.0,6,0,0
937,2016,2,felipe-massa,14.0,7,0,0
937,2016,2,max-verstappen,9.0,8,0,0
937,2016,2,nico-hulkenberg,6.0,9,0,0
937,2016,2,daniil-kvyat,6.0,10,0,0
937,2016,2,valtteri-bottas,6.0,11,0,0
937,2016,2,carlos-sainz-jr,2.0,12,0,0
937,2016,2,stoffel-vandoorne,1.0,13,0,0
937,2016,2,kevin-magnussen,0,14,0,0
937,2016,2,jolyon-palmer,0,15,0,0
937,2016,2,marcus-ericsson,0,16,0,0
937,2016,2,sergio-perez,0,17,0,0
937,2016,2,pascal-wehrlein,0,17,0,0
937,2016,2,felipe-nasr,0,19,0,0
937,2016,2,jenson-button,0,20,0,0
937,2016,2,rio-haryanto,0,21,0,0
938,2016,3,nico-rosberg,75.0,1,0,0
938,2016,3,lewis-hamilton,39.0,2,0,0
938,2016,3,daniel-ricciardo,36.0,3,0,0
938,2016,3,sebastian-vettel,33.0,4,0,0
938,2016,3,kimi-raikkonen,28.0,5,0,0
938,2016,3,felipe-massa,22.0,6,0,0
938,2016,3,daniil-kvyat,21.0,7,0,0
938,2016,3,romain-grosjean,18.0,8,0,0
938,2016,3,max-verstappen,13.0,9,0,0
938,2016,3,valtteri-bottas,7.0,10,0,0
938,2016,3,nico-hulkenberg,6.0,11,0,0
938,2016,3,carlos-sainz-jr,4.0,12,0,0
938,2016,3,stoffel-vandoorne,1.0,13,0,0
938,2016,3,kevin-magnussen,0,14,0,0
938,2016,3,sergio-perez,0,15,0,0
938,2016,3,jolyon-palmer,0,16,0,0
938,2016,3,marcus-ericsson,0,17,0,0
938,2016,3,fernando-alonso,0,18,0,0
938,2016,3,jenson-button,0,19,0,0
938,2016,3,pascal-wehrlein,0,20,0,0
938,2016,3,felipe-nasr,0,21,0,0
938,2016,3,esteban-gutierrez,0,22,0,0
938,2016,3,rio-haryanto,0,23,0,0
939,2016,4,nico-rosberg,100.0,1,0,0
939,2016,4,lewis-hamilton,57.0,2,0,0
939,2016,4,kimi-raikkonen,43.0,3,0,0
939,2016,4,daniel-ricciardo,36.0,4,0,0
939,2016,4,sebastian-vettel,33.0,5,0,0
939,2016,4,felipe-massa,32.0,6,0,0
939,2016,4,romain-grosjean,22.0,7,0,0
939,2016,4,daniil-kvyat,21.0,8,0,0
939,2016,4,valtteri-bottas,19.0,9,0,0
939,2016,4,max-verstappen,13.0,10,0,0
939,2016,4,fernando-alonso,8.0,11,0,0
939,2016,4,kevin-magnussen,6.0,12,0,0
939,2016,4,nico-hulkenberg,6.0,13,0,0
939,2016,4,carlos-sainz-jr,4.0,14,0,0
939,2016,4,sergio-perez,2.0,15,0,0
939,2016,4,jenson-button,1.0,16,0,0
939,2016,4,stoffel-vandoorne,1.0,17,0,0
939,2016,4,jolyon-palmer,0,18,0,0
939,2016,4,marcus-ericsson,0,19,0,0
939,2016,4,pascal-wehrlein,0,20,0,0
939,2016,4,felipe-nasr,0,21,0,0
939,2016,4,esteban-gutierrez,0,22,0,0
939,2016,4,rio-haryanto,0,23,0,0
940,2016,5,nico-rosberg,100.0,1,0,0
940,2016,5,kimi-raikkonen,61.0,2,0,0
940,2016,5,lewis-hamilton,57.0,3,0,0
940,2016,5,sebastian-vettel,48.0,4,0,0
940,2016,5,daniel-ricciardo,48.0,5,0,0
940,2016,5,max-verstappen,38.0,6,0,0
940,2016,5,felipe-massa,36.0,7,0,0
940,2016,5,valtteri-bottas,29.0,8,0,0
940,2016,5,daniil-kvyat,22.0,9,0,0
940,2016,5,romain-grosjean,22.0,10,0,0
940,2016,5,carlos-sainz-jr,12.0,11,0,0
940,2016,5,fernando-alonso,8.0,12,0,0
940,2016,5,sergio-perez,8.0,13,0,0
940,2016,5,kevin-magnussen,6.0,14,0,0
940,2016,5,nico-hulkenberg,6.0,15,0,0
940,2016,5,jenson-button,3.0,16,0,0
940,2016,5,stoffel-vandoorne,1.0,17,0,0
940,2016,5,jolyon-palmer,0,18,0,0
940,2016,5,esteban-gutierrez,0,19,0,0
940,2016,5,marcus-ericsson,0,20,0,0
940,2016,5,pascal-wehrlein,0,21,0,0
940,2016,5,felipe-nasr,0,22,0,0
940,2016,5,rio-haryanto,0,23,0,0
941,2016,6,nico-rosberg,106.0,1,0,0
941,2016,6,lewis-hamilton,82.0,2,0,0
941,2016,6,daniel-ricciardo,66.0,3,0,0
941,2016,6,kimi-raikkonen,61.0,4,0,0
941,2016,6,sebastian-vettel,60.0,5,0,0
941,2016,6,max-verstappen,38.0,6,0,0
941,2016,6,felipe-massa,37.0,7,0,0
941,2016,6,valtteri-bottas,29.0,8,0,0
941,2016,6,sergio-perez,23.0,9,0,0
941,2016,6,daniil-kvyat,22.0,10,0,0
941,2016,6,romain-grosjean,22.0,11,0,0
941,2016,6,fernando-alonso,18.0,12,0,0
941,2016,6,carlos-sainz-jr,16.0,13,0,0
941,2016,6,nico-hulkenberg,14.0,14,0,0
941,2016,6,kevin-magnussen,6.0,15,0,0
941,2016,6,jenson-button,5.0,16,0,0
941,2016,6,stoffel-vandoorne,1.0,17,0,0
941,2016,6,esteban-gutierrez,0,18,0,0
941,2016,6,jolyon-palmer,0,19,0,0
941,2016,6,marcus-ericsson,0,20,0,0
941,2016,6,pascal-wehrlein,0,21,0,0
941,2016,6,felipe-nasr,0,22,0,0
941,2016,6,rio-haryanto,0,23,0,0
942,2016,7,nico-rosberg,116.0,1,0,0
942,2016,7,lewis-hamilton,107.0,2,0,0
942,2016,7,sebastian-vettel,78.0,3,0,0
942,2016,7,daniel-ricciardo,72.0,4,0,0
942,2016,7,kimi-raikkonen,69.0,5,0,0
942,2016,7,max-verstappen,50.0,6,0,0
942,2016,7,valtteri-bottas,44.0,7,0,0
942,2016,7,felipe-massa,37.0,8,0,0
942,2016,7,sergio-perez,24.0,9,0,0
942,2016,7,daniil-kvyat,22.0,10,0,0
942,2016,7,romain-grosjean,22.0,11,0,0
942,2016,7,fernando-alonso,18.0,12,0,0
942,2016,7,nico-hulkenberg,18.0,13,0,0
942,2016,7,carlos-sainz-jr,18.0,14,0,0
942,2016,7,kevin-magnussen,6.0,15,0,0
942,2016,7,jenson-button,5.0,16,0,0
942,2016,7,stoffel-vandoorne,1.0,17,0,0
942,2016,7,esteban-gutierrez,0,18,0,0
942,2016,7,jolyon-palmer,0,19,0,0
942,2016,7,marcus-ericsson,0,20,0,0
942,2016,7,pascal-wehrlein,0,21,0,0
942,2016,7,felipe-nasr,0,22,0,0
942,2016,7,rio-haryanto,0,23,0,0
943,2016,8,nico-rosberg,141.0,1,0,0
943,2016,8,lewis-hamilton,117.0,2,0,0
943,2016,8,sebastian-vettel,96.0,3,0,0
943,2016,8,kimi-raikkonen,81.0,4,0,0
943,2016,8,daniel-ricciardo,78.0,5,0,0
943,2016,8,max-verstappen,54.0,6,0,0
943,2016,8,valtteri-bottas,52.0,7,0,0
943,2016,8,sergio-perez,39.0,8,0,0
943,2016,8,felipe-massa,38.0,9,0,0
943,2016,8,daniil-kvyat,22.0,10,0,0
943,2016,8,romain-grosjean,22.0,11,0,0
943,2016,8,nico-hulkenberg,20.0,12,0,0
943,2016,8,fernando-alonso,18.0,13,0,0
943,2016,8,carlos-sainz-jr,18.0,14,0,0
943,2016,8,kevin-magnussen,6.0,15,0,0
943,2016,8,jenson-button,5.0,16,0,0
943,2016,8,stoffel-vandoorne,1.0,17,0,0
943,2016,8,esteban-gutierrez,0,18,0,0
943,2016,8,jolyon-palmer,0,19,0,0
943,2016,8,marcus-ericsson,0,20,0,0
943,2016,8,felipe-nasr,0,21,0,0
943,2016,8,pascal-wehrlein,0,22,0,0
943,2016,8,rio-haryanto,0,23,0,0
944,2016,9,nico-rosberg,153.0,1,0,0
944,2016,9,lewis-hamilton,142.0,2,0,0
944,2016,9,sebastian-vettel,96.0,3,0,0
944,2016,9,kimi-raikkonen,96.0,4,0,0
944,2016,9,daniel-ricciardo,88.0,5,0,0
944,2016,9,max-verstappen,72.0,6,0,0
944,2016,9,valtteri-bottas,54.0,7,0,0
944,2016,9,sergio-perez,39.0,8,0,0
944,2016,9,felipe-massa,38.0,9,0,0
944,2016,9,romain-grosjean,28.0,10,0,0
944,2016,9,daniil-kvyat,22.0,11,0,0
944,2016,9,carlos-sainz-jr,22.0,12,0,0
944,2016,9,nico-hulkenberg,20.0,13,0,0
944,2016,9,fernando-alonso,18.0,14,0,0
944,2016,9,jenson-button,13.0,15,0,0
944,2016,9,kevin-magnussen,6.0,16,0,0
944,2016,9,pascal-wehrlein,1.0,17,0,0
944,2016,9,stoffel-vandoorne,1.0,18,0,0
944,2016,9,esteban-gutierrez,0,19,0,0
944,2016,9,jolyon-palmer,0,20,0,0
944,2016,9,marcus-ericsson,0,21,0,0
944,2016,9,felipe-nasr,0,22,0,0
944,2016,9,rio-haryanto,0,23,0,0
945,2016,10,nico-rosberg,168.0,1,0,0
945,2016,10,lewis-hamilton,167.0,2,0,0
945,2016,10,kimi-raikkonen,106.0,3,0,0
945,2016,10,daniel-ricciardo,100.0,4,0,0
945,2016,10,sebastian-vettel,98.0,5,0,0
945,2016,10,max-verstappen,90.0,6,0,0
945,2016,10,valtteri-bottas,54.0,7,0,0
945,2016,10,sergio-perez,47.0,8,0,0
945,2016,10,felipe-massa,38.0,9,0,0
945,2016,10,romain-grosjean,28.0,10,0,0
945,2016,10,nico-hulkenberg,26.0,11,0,0
945,2016,10,carlos-sainz-jr,26.0,12,0,0
945,2016,10,daniil-kvyat,23.0,13,0,0
945,2016,10,fernando-alonso,18.0,14,0,0
945,2016,10,jenson-button,13.0,15,0,0
945,2016,10,kevin-magnussen,6.0,16,0,0
945,2016,10,pascal-wehrlein,1.0,17,0,0
945,2016,10,stoffel-vandoorne,1.0,18,0,0
945,2016,10,esteban-gutierrez,0,19,0,0
945,2016,10,jolyon-palmer,0,20,0,0
945,2016,10,marcus-ericsson,0,21,0,0
945,2016,10,felipe-nasr,0,22,0,0
945,2016,10,rio-haryanto,0,23,0,0
946,2016,11,lewis-hamilton,192.0,1,0,0
946,2016,11,nico-rosberg,186.0,2,0,0
946,2016,11,daniel-ricciardo,115.0,3,0,0
946,2016,11,kimi-raikkonen,114.0,4,0,0
946,2016,11,sebastian-vettel,110.0,5,0,0
946,2016,11,max-verstappen,100.0,6,0,0
946,2016,11,valtteri-bottas,56.0,7,0,0
946,2016,11,sergio-perez,47.0,8,0,0
946,2016,11,felipe-massa,38.0,9,0,0
946,2016,11,carlos-sainz-jr,30.0,10,0,0
946,2016,11,romain-grosjean,28.0,11,0,0
946,2016,11,nico-hulkenberg,27.0,12,0,0
946,2016,11,fernando-alonso,24.0,13,0,0
946,2016,11,daniil-kvyat,23.0,14,0,0
946,2016,11,jenson-button,13.0,15,0,0
946,2016,11,kevin-magnussen,6.0,16,0,0
946,2016,11,pascal-wehrlein,1.0,17,0,0
946,2016,11,stoffel-vandoorne,1.0,18,0,0
946,2016,11,esteban-gutierrez,0,19,0,0
946,2016,11,jolyon-palmer,0,20,0,0
946,2016,11,marcus-ericsson,0,21,0,0
946,2016,11,felipe-nasr,0,22,0,0
946,2016,11,rio-haryanto,0,23,0,0
947,2016,12,lewis-hamilton,217.0,1,0,0
947,2016,12,nico-rosberg,198.0,2,0,0
947,2016,12,daniel-ricciardo,133.0,3,0,0
947,2016,12,kimi-raikkonen,122.0,4,0,0
947,2016,12,sebastian-vettel,120.0,5,0,0
947,2016,12,max-verstappen,115.0,6,0,0
947,2016,12,valtteri-bottas,58.0,7,0,0
947,2016,12,sergio-perez,48.0,8,0,0
947,2016,12,felipe-massa,38.0,9,0,0
947,2016,12,nico-hulkenberg,33.0,10,0,0
947,2016,12,carlos-sainz-jr,30.0,11,0,0
947,2016,12,romain-grosjean,28.0,12,0,0
947,2016,12,fernando-alonso,24.0,13,0,0
947,2016,12,daniil-kvyat,23.0,14,0,0
947,2016,12,jenson-button,17.0,15,0,0
947,2016,12,kevin-magnussen,6.0,16,0,0
947,2016,12,pascal-wehrlein,1.0,17,0,0
947,2016,12,stoffel-vandoorne,1.0,18,0,0
947,2016,12,esteban-gutierrez,0,19,0,0
947,2016,12,jolyon-palmer,0,20,0,0
947,2016,12,marcus-ericsson,0,21,0,0
947,2016,12,felipe-nasr,0,22,0,0
947,2016,12,rio-haryanto,0,23,0,0
948,2016,13,lewis-hamilton,232.0,1,0,0
948,2016,13,nico-rosberg,223.0,2,0,0
948,2016,13,daniel-ricciardo,151.0,3,0,0
948,2016,13,sebastian-vettel,128.0,4,0,0
948,2016,13,kimi-raikkonen,124.0,5,0,0
948,2016,13,max-verstappen,115.0,6,0,0
948,2016,13,valtteri-bottas,62.0,7,0,0
948,2016,13,sergio-perez,58.0,8,0,0
948,2016,13,nico-hulkenberg,45.0,9,0,0
948,2016,13,felipe-massa,39.0,10,0,0
948,2016,13,fernando-alonso,30.0,11,0,0
948,2016,13,carlos-sainz-jr,30.0,12,0,0
948,2016,13,romain-grosjean,28.0,13,0,0
948,2016,13,daniil-kvyat,23.0,14,0,0
948,2016,13,jenson-button,17.0,15,0,0
948,2016,13,kevin-magnussen,6.0,16,0,0
948,2016,13,pascal-wehrlein,1.0,17,0,0
948,2016,13,stoffel-vandoorne,1.0,18,0,0
948,2016,13,esteban-gutierrez,0,19,0,0
948,2016,13,jolyon-palmer,0,20,0,0
948,2016,13,marcus-ericsson,0,21,0,0
948,2016,13,felipe-nasr,0,22,0,0
948,2016,13,rio-haryanto,0,23,0,0
948,2016,13,esteban-ocon,0,24,0,0
949,2016,14,lewis-hamilton,250.0,1,0,0
949,2016,14,nico-rosberg,248.0,2,0,0
949,2016,14,daniel-ricciardo,161.0,3,0,0
949,2016,14,sebastian-vettel,143.0,4,0,0
949,2016,14,kimi-raikkonen,136.0,5,0,0
949,2016,14,max-verstappen,121.0,6,0,0
949,2016,14,valtteri-bottas,70.0,7,0,0
949,2016,14,sergio-perez,62.0,8,0,0
949,2016,14,nico-hulkenberg,46.0,9,0,0
949,2016,14,felipe-massa,41.0,10,0,0
949,2016,14,fernando-alonso,30.0,11,0,0
949,2016,14,carlos-sainz-jr,30.0,12,0,0
949,2016,14,romain-grosjean,28.0,13,0,0
949,2016,14,daniil-kvyat,23.0,14,0,0
949,2016,14,jenson-button,17.0,15,0,0
949,2016,14,kevin-magnussen,6.0,16,0,0
949,2016,14,pascal-wehrlein,1.0,17,0,0
949,2016,14,stoffel-vandoorne,1.0,18,0,0
949,2016,14,esteban-gutierrez,0,19,0,0
949,2016,14,jolyon-palmer,0,20,0,0
949,2016,14,marcus-ericsson,0,21,0,0
949,2016,14,felipe-nasr,0,22,0,0
949,2016,14,rio-haryanto,0,23,0,0
949,2016,14,esteban-ocon,0,24,0,0
950,2016,15,nico-rosberg,273.0,1,0,0
950,2016,15,lewis-hamilton,265.0,2,0,0
950,2016,15,daniel-ricciardo,179.0,3,0,0
950,2016,15,sebastian-vettel,153.0,4,0,0
950,2016,15,kimi-raikkonen,148.0,5,0,0
950,2016,15,max-verstappen,129.0,6,0,0
950,2016,15,valtteri-bottas,70.0,7,0,0
950,2016,15,sergio-perez,66.0,8,0,0
950,2016,15,nico-hulkenberg,46.0,9,0,0
950,2016,15,felipe-massa,41.0,10,0,0
950,2016,15,fernando-alonso,36.0,11,0,0
950,2016,15,carlos-sainz-jr,30.0,12,0,0
950,2016,15,romain-grosjean,28.0,13,0,0
950,2016,15,daniil-kvyat,25.0,14,0,0
950,2016,15,jenson-button,17.0,15,0,0
950,2016,15,kevin-magnussen,7.0,16,0,0
950,2016,15,pascal-wehrlein,1.0,17,0,0
950,2016,15,stoffel-vandoorne,1.0,18,0,0
950,2016,15,esteban-gutierrez,0,19,0,0
950,2016,15,jolyon-palmer,0,20,0,0
950,2016,15,marcus-ericsson,0,21,0,0
950,2016,15,felipe-nasr,0,22,0,0
950,2016,15,rio-haryanto,0,23,0,0
950,2016,15,esteban-ocon,0,24,0,0
951,2016,16,nico-rosberg,288.0,1,0,0
951,2016,16,lewis-hamilton,265.0,2,0,0
951,2016,16,daniel-ricciardo,204.0,3,0,0
951,2016,16,kimi-raikkonen,160.0,4,0,0
951,2016,16,sebastian-vettel,153.0,5,0,0
951,2016,16,max-verstappen,147.0,6,0,0
951,2016,16,valtteri-bottas,80.0,7,0,0
951,2016,16,sergio-perez,74.0,8,0,0
951,2016,16,nico-hulkenberg,50.0,9,0,0
951,2016,16,fernando-alonso,42.0,10,0,0
951,2016,16,felipe-massa,41.0,11,0,0
951,2016,16,carlos-sainz-jr,30.0,12,0,0
951,2016,16,romain-grosjean,28.0,13,0,0
951,2016,16,daniil-kvyat,25.0,14,0,0
951,2016,16,jenson-button,19.0,15,0,0
951,2016,16,kevin-magnussen,7.0,16,0,0
951,2016,16,jolyon-palmer,1.0,17,0,0
951,2016,16,pascal-wehrlein,1.0,18,0,0
951,2016,16,stoffel-vandoorne,1.0,19,0,0
951,2016,16,esteban-gutierrez,0,20,0,0
951,2016,16,marcus-ericsson,0,21,0,0
951,2016,16,felipe-nasr,0,22,0,0
951,2016,16,rio-haryanto,0,23,0,0
951,2016,16,esteban-ocon,0,24,0,0
952,2016,17,nico-rosberg,313.0,1,0,0
952,2016,17,lewis-hamilton,280.0,2,0,0
952,2016,17,daniel-ricciardo,212.0,3,0,0
952,2016,17,kimi-raikkonen,170.0,4,0,0
952,2016,17,max-verstappen,165.0,5,0,0
952,2016,17,sebastian-vettel,165.0,6,0,0
952,2016,17,valtteri-bottas,81.0,7,0,0
952,2016,17,sergio-perez,80.0,8,0,0
952,2016,17,nico-hulkenberg,54.0,9,0,0
952,2016,17,felipe-massa,43.0,10,0,0
952,2016,17,fernando-alonso,42.0,11,0,0
952,2016,17,carlos-sainz-jr,30.0,12,0,0
952,2016,17,romain-grosjean,28.0,13,0,0
952,2016,17,daniil-kvyat,25.0,14,0,0
952,2016,17,jenson-button,19.0,15,0,0
952,2016,17,kevin-magnussen,7.0,16,0,0
952,2016,17,jolyon-palmer,1.0,17,0,0
952,2016,17,pascal-wehrlein,1.0,18,0,0
952,2016,17,stoffel-vandoorne,1.0,19,0,0
952,2016,17,esteban-gutierrez,0,20,0,0
952,2016,17,marcus-ericsson,0,21,0,0
952,2016,17,felipe-nasr,0,22,0,0
952,2016,17,rio-haryanto,0,23,0,0
952,2016,17,esteban-ocon,0,24,0,0
953,2016,18,nico-rosberg,331.0,1,0,0
953,2016,18,lewis-hamilton,305.0,2,0,0
953,2016,18,daniel-ricciardo,227.0,3,0,0
953,2016,18,sebastian-vettel,177.0,4,0,0
953,2016,18,kimi-raikkonen,170.0,5,0,0
953,2016,18,max-verstappen,165.0,6,0,0
953,2016,18,sergio-perez,84.0,7,0,0
953,2016,18,valtteri-bottas,81.0,8,0,0
953,2016,18,nico-hulkenberg,54.0,9,0,0
953,2016,18,fernando-alonso,52.0,10,0,0
953,2016,18,felipe-massa,49.0,11,0,0
953,2016,18,carlos-sainz-jr,38.0,12,0,0
953,2016,18,romain-grosjean,29.0,13,0,0
953,2016,18,daniil-kvyat,25.0,14,0,0
953,2016,18,jenson-button,21.0,15,0,0
953,2016,18,kevin-magnussen,7.0,16,0,0
953,2016,18,jolyon-palmer,1.0,17,0,0
953,2016,18,pascal-wehrlein,1.0,18,0,0
953,2016,18,stoffel-vandoorne,1.0,19,0,0
953,2016,18,esteban-gutierrez,0,20,0,0
953,2016,18,marcus-ericsson,0,21,0,0
953,2016,18,felipe-nasr,0,22,0,0
953,2016,18,rio-haryanto,0,23,0,0
953,2016,18,esteban-ocon,0,24,0,0
954,2016,19,nico-rosberg,349.0,1,0,0
954,2016,19,lewis-hamilton,330.0,2,0,0
954,2016,19,daniel-ricciardo,242.0,3,0,0
954,2016,19,sebastian-vettel,187.0,4,0,0
954,2016,19,kimi-raikkonen,178.0,5,0,0
954,2016,19,max-verstappen,177.0,6,0,0
954,2016,19,sergio-perez,85.0,7,0,0
954,2016,19,valtteri-bottas,85.0,8,0,0
954,2016,19,nico-hulkenberg,60.0,9,0,0
954,2016,19,fernando-alonso,52.0,10,0,0
954,2016,19,felipe-massa,51.0,11,0,0
954,2016,19,carlos-sainz-jr,38.0,12,0,0
954,2016,19,romain-grosjean,29.0,13,0,0
954,2016,19,daniil-kvyat,25.0,14,0,0
954,2016,19,jenson-button,21.0,15,0,0
954,2016,19,kevin-magnussen,7.0,16,0,0
954,2016,19,jolyon-palmer,1.0,17,0,0
954,2016,19,pascal-wehrlein,1.0,18,0,0
954,2016,19,stoffel-vandoorne,1.0,19,0,0
954,2016,19,esteban-gutierrez,0,20,0,0
954,2016,19,marcus-ericsson,0,21,0,0
954,2016,19,felipe-nasr,0,22,0,0
954,2016,19,rio-haryanto,0,23,0,0
954,2016,19,esteban-ocon,0,24,0,0
955,2016,20,nico-rosberg,367.0,1,0,0
955,2016,20,lewis-hamilton,355.0,2,0,0
955,2016,20,daniel-ricciardo,246.0,3,0,0
955,2016,20,sebastian-vettel,197.0,4,0,0
955,2016,20,max-verstappen,192.0,5,0,0
955,2016,20,kimi-raikkonen,178.0,6,0,0
955,2016,20,sergio-perez,97.0,7,0,0
955,2016,20,valtteri-bottas,85.0,8,0,0
955,2016,20,nico-hulkenberg,66.0,9,0,0
955,2016,20,fernando-alonso,53.0,10,0,0
955,2016,20,felipe-massa,51.0,11,0,0
955,2016,20,carlos-sainz-jr,46.0,12,0,0
955,2016,20,romain-grosjean,29.0,13,0,0
955,2016,20,daniil-kvyat,25.0,14,0,0
955,2016,20,jenson-button,21.0,15,0,0
955,2016,20,kevin-magnussen,7.0,16,0,0
955,2016,20,felipe-nasr,2.0,17,0,0
955,2016,20,jolyon-palmer,1.0,18,0,0
955,2016,20,pascal-wehrlein,1.0,19,0,0
955,2016,20,stoffel-vandoorne,1.0,20,0,0
955,2016,20,esteban-gutierrez,0,21,0,0
955,2016,20,marcus-ericsson,0,22,0,0
955,2016,20,esteban-ocon,0,23,0,0
955,2016,20,rio-haryanto,0,24,0,0
956,2016,21,nico-rosberg,385.0,1,1,1
956,2016,21,lewis-hamilton,380.0,2,0,1
956,2016,21,daniel-ricciardo,256.0,3,0,1
956,2016,21,sebastian-vettel,212.0,4,0,1
956,2016,21,max-verstappen,204.0,5,0,1
956,2016,21,kimi-raikkonen,186.0,6,0,1
956,2016,21,sergio-perez,101.0,7,0,1
956,2016,21,valtteri-bottas,85.0,8,0,1
956,2016,21,nico-hulkenberg,72.0,9,0,1
956,2016,21,fernando-alonso,54.0,10,0,1
956,2016,21,felipe-massa,53.0,11,0,1
956,2016,21,carlos-sainz-jr,46.0,12,0,1
956,2016,21,romain-grosjean,29.0,13,0,1
956,2016,21,daniil-kvyat,25.0,14,0,1
956,2016,21,jenson-button,21.0,15,0,1
956,2016,21,kevin-magnussen,7.0,16,0,1
956,2016,21,felipe-nasr,2.0,17,0,1
956,2016,21,jolyon-palmer,1.0,18,0,1
956,2016,21,pascal-wehrlein,1.0,19,0,1
956,2016,21,stoffel-vandoorne,1.0,20,0,1
956,2016,21,esteban-gutierrez,0,21,0,1
956,2016,21,marcus-ericsson,0,22,0,1
956,2016,21,esteban-ocon,0,23,0,1
956,2016,21,rio-haryanto,0,24,0,1
957,2017,1,sebastian-vettel,25.0,1,0,0
957,2017,1,lewis-hamilton,18.0,2,0,0
957,2017,1,valtteri-bottas,15.0,3,0,0
957,2017,1,kimi-raikkonen,12.0,4,0,0
957,2017,1,max-verstappen,10.0,5,0,0
957,2017,1,felipe-massa,8.0,6,0,0
957,2017,1,sergio-perez,6.0,7,0,0
957,2017,1,carlos-sainz-jr,4.0,8,0,0
957,2017,1,daniil-kvyat,2.0,9,0,0
957,2017,1,esteban-ocon,1.0,10,0,0
957,2017,1,nico-hulkenberg,0,11,0,0
957,2017,1,antonio-giovinazzi,0,12,0,0
957,2017,1,stoffel-vandoorne,0,13,0,0
958,2017,2,lewis-hamilton,43.0,1,0,0
958,2017,2,sebastian-vettel,43.0,1,0,0
958,2017,2,max-verstappen,25.0,3,0,0
958,2017,2,valtteri-bottas,23.0,4,0,0
958,2017,2,kimi-raikkonen,22.0,5,0,0
958,2017,2,daniel-ricciardo,12.0,6,0,0
958,2017,2,carlos-sainz-jr,10.0,7,0,0
958,2017,2,felipe-massa,8.0,8,0,0
958,2017,2,sergio-perez,8.0,9,0,0
958,2017,2,kevin-magnussen,4.0,10,0,0
958,2017,2,daniil-kvyat,2.0,11,0,0
958,2017,2,esteban-ocon,2.0,12,0,0
958,2017,2,nico-hulkenberg,0,13,0,0
958,2017,2,romain-grosjean,0,14,0,0
958,2017,2,antonio-giovinazzi,0,15,0,0
958,2017,2,stoffel-vandoorne,0,16,0,0
958,2017,2,jolyon-palmer,0,16,0,0
958,2017,2,marcus-ericsson,0,18,0,0
959,2017,3,sebastian-vettel,68.0,1,0,0
959,2017,3,lewis-hamilton,61.0,2,0,0
959,2017,3,valtteri-bottas,38.0,3,0,0
959,2017,3,kimi-raikkonen,34.0,4,0,0
959,2017,3,max-verstappen,25.0,5,0,0
959,2017,3,daniel-ricciardo,22.0,6,0,0
959,2017,3,felipe-massa,16.0,7,0,0
959,2017,3,sergio-perez,14.0,8,0,0
959,2017,3,carlos-sainz-jr,10.0,9,0,0
959,2017,3,romain-grosjean,4.0,10,0,0
959,2017,3,kevin-magnussen,4.0,11,0,0
959,2017,3,esteban-ocon,3.0,12,0,0
959,2017,3,nico-hulkenberg,2.0,13,0,0
959,2017,3,daniil-kvyat,2.0,14,0,0
959,2017,3,pascal-wehrlein,0,15,0,0
959,2017,3,antonio-giovinazzi,0,16,0,0
959,2017,3,jolyon-palmer,0,17,0,0
959,2017,3,stoffel-vandoorne,0,18,0,0
959,2017,3,fernando-alonso,0,19,0,0
959,2017,3,marcus-ericsson,0,20,0,0
960,2017,4,sebastian-vettel,86.0,1,0,0
960,2017,4,lewis-hamilton,73.0,2,0,0
960,2017,4,valtteri-bottas,63.0,3,0,0
960,2017,4,kimi-raikkonen,49.0,4,0,0
960,2017,4,max-verstappen,35.0,5,0,0
960,2017,4,daniel-ricciardo,22.0,6,0,0
960,2017,4,sergio-perez,22.0,7,0,0
960,2017,4,felipe-massa,18.0,8,0,0
960,2017,4,carlos-sainz-jr,11.0,9,0,0
960,2017,4,esteban-ocon,9.0,10,0,0
960,2017,4,nico-hulkenberg,6.0,11,0,0
960,2017,4,romain-grosjean,4.0,12,0,0
960,2017,4,kevin-magnussen,4.0,13,0,0
960,2017,4,daniil-kvyat,2.0,14,0,0
960,2017,4,pascal-wehrlein,0,15,0,0
960,2017,4,lance-stroll,0,16,0,0
960,2017,4,antonio-giovinazzi,0,17,0,0
960,2017,4,jolyon-palmer,0,18,0,0
960,2017,4,stoffel-vandoorne,0,19,0,0
960,2017,4,fernando-alonso,0,20,0,0
960,2017,4,marcus-ericsson,0,21,0,0
961,2017,5,sebastian-vettel,104.0,1,0,0
961,2017,5,lewis-hamilton,98.0,2,0,0
961,2017,5,valtteri-bottas,63.0,3,0,0
961,2017,5,kimi-raikkonen,49.0,4,0,0
961,2017,5,daniel-ricciardo,37.0,5,0,0
961,2017,5,max-verstappen,35.0,6,0,0
961,2017,5,sergio-perez,34.0,7,0,0
961,2017,5,esteban-ocon,19.0,8,0,0
961,2017,5,felipe-massa,18.0,9,0,0
961,2017,5,carlos-sainz-jr,17.0,10,0,0
961,2017,5,nico-hulkenberg,14.0,11,0,0
961,2017,5,romain-grosjean,5.0,12,0,0
961,2017,5,pascal-wehrlein,4.0,13,0,0
961,2017,5,kevin-magnussen,4.0,14,0,0
961,2017,5,daniil-kvyat,4.0,15,0,0
961,2017,5,marcus-ericsson,0,16,0,0
961,2017,5,lance-stroll,0,17,0,0
961,2017,5,fernando-alonso,0,18,0,0
961,2017,5,antonio-giovinazzi,0,19,0,0
961,2017,5,jolyon-palmer,0,20,0,0
961,2017,5,stoffel-vandoorne,0,21,0,0
962,2017,6,sebastian-vettel,129.0,1,0,0
962,2017,6,lewis-hamilton,104.0,2,0,0
962,2017,6,valtteri-bottas,75.0,3,0,0
962,2017,6,kimi-raikkonen,67.0,4,0,0
962,2017,6,daniel-ricciardo,52.0,5,0,0
962,2017,6,max-verstappen,45.0,6,0,0
962,2017,6,sergio-perez,34.0,7,0,0
962,2017,6,carlos-sainz-jr,25.0,8,0,0
962,2017,6,felipe-massa,20.0,9,0,0
962,2017,6,esteban-ocon,19.0,10,0,0
962,2017,6,nico-hulkenberg,14.0,11,0,0
962,2017,6,romain-grosjean,9.0,12,0,0
962,2017,6,kevin-magnussen,5.0,13,0,0
962,2017,6,pascal-wehrlein,4.0,14,0,0
962,2017,6,daniil-kvyat,4.0,15,0,0
962,2017,6,jolyon-palmer,0,16,0,0
962,2017,6,marcus-ericsson,0,17,0,0
962,2017,6,lance-stroll,0,18,0,0
962,2017,6,fernando-alonso,0,19,0,0
962,2017,6,antonio-giovinazzi,0,20,0,0
962,2017,6,stoffel-vandoorne,0,21,0,0
963,2017,7,sebastian-vettel,141.0,1,0,0
963,2017,7,lewis-hamilton,129.0,2,0,0
963,2017,7,valtteri-bottas,93.0,3,0,0
963,2017,7,kimi-raikkonen,73.0,4,0,0
963,2017,7,daniel-ricciardo,67.0,5,0,0
963,2017,7,max-verstappen,45.0,6,0,0
963,2017,7,sergio-perez,44.0,7,0,0
963,2017,7,esteban-ocon,27.0,8,0,0
963,2017,7,carlos-sainz-jr,25.0,9,0,0
963,2017,7,felipe-massa,20.0,10,0,0
963,2017,7,nico-hulkenberg,18.0,11,0,0
963,2017,7,romain-grosjean,10.0,12,0,0
963,2017,7,kevin-magnussen,5.0,13,0,0
963,2017,7,pascal-wehrlein,4.0,14,0,0
963,2017,7,daniil-kvyat,4.0,15,0,0
963,2017,7,lance-stroll,2.0,16,0,0
963,2017,7,jolyon-palmer,0,17,0,0
963,2017,7,marcus-ericsson,0,18,0,0
963,2017,7,fernando-alonso,0,19,0,0
963,2017,7,antonio-giovinazzi,0,20,0,0
963,2017,7,stoffel-vandoorne,0,21,0,0
964,2017,8,sebastian-vettel,153.0,1,0,0
964,2017,8,lewis-hamilton,139.0,2,0,0
964,2017,8,valtteri-bottas,111.0,3,0,0
964,2017,8,daniel-ricciardo,92.0,4,0,0
964,2017,8,kimi-raikkonen,73.0,5,0,0
964,2017,8,max-verstappen,45.0,6,0,0
964,2017,8,sergio-perez,44.0,7,0,0
964,2017,8,esteban-ocon,35.0,8,0,0
964,2017,8,carlos-sainz-jr,29.0,9,0,0
964,2017,8,felipe-massa,20.0,10,0,0
964,2017,8,nico-hulkenberg,18.0,11,0,0
964,2017,8,lance-stroll,17.0,12,0,0
964,2017,8,kevin-magnussen,11.0,13,0,0
964,2017,8,romain-grosjean,10.0,14,0,0
964,2017,8,pascal-wehrlein,5.0,15,0,0
964,2017,8,daniil-kvyat,4.0,16,0,0
964,2017,8,fernando-alonso,2.0,17,0,0
964,2017,8,jolyon-palmer,0,18,0,0
964,2017,8,marcus-ericsson,0,19,0,0
964,2017,8,stoffel-vandoorne,0,20,0,0
964,2017,8,antonio-giovinazzi,0,21,0,0
965,2017,9,sebastian-vettel,171.0,1,0,0
965,2017,9,lewis-hamilton,151.0,2,0,0
965,2017,9,valtteri-bottas,136.0,3,0,0
965,2017,9,daniel-ricciardo,107.0,4,0,0
965,2017,9,kimi-raikkonen,83.0,5,0,0
965,2017,9,sergio-perez,50.0,6,0,0
965,2017,9,max-verstappen,45.0,7,0,0
965,2017,9,esteban-ocon,39.0,8,0,0
965,2017,9,carlos-sainz-jr,29.0,9,0,0
965,2017,9,felipe-massa,22.0,10,0,0
965,2017,9,lance-stroll,18.0,11,0,0
965,2017,9,nico-hulkenberg,18.0,12,0,0
965,2017,9,romain-grosjean,18.0,13,0,0
965,2017,9,kevin-magnussen,11.0,14,0,0
965,2017,9,pascal-wehrlein,5.0,15,0,0
965,2017,9,daniil-kvyat,4.0,16,0,0
965,2017,9,fernando-alonso,2.0,17,0,0
965,2017,9,jolyon-palmer,0,18,0,0
965,2017,9,marcus-ericsson,0,19,0,0
965,2017,9,stoffel-vandoorne,0,20,0,0
965,2017,9,antonio-giovinazzi,0,21,0,0
966,2017,10,sebastian-vettel,177.0,1,0,0
966,2017,10,lewis-hamilton,176.0,2,0,0
966,2017,10,valtteri-bottas,154.0,3,0,0
966,2017,10,daniel-ricciardo,117.0,4,0,0
966,2017,10,kimi-raikkonen,98.0,5,0,0
966,2017,10,max-verstappen,57.0,6,0,0
966,2017,10,sergio-perez,52.0,7,0,0
966,2017,10,esteban-ocon,43.0,8,0,0
966,2017,10,carlos-sainz-jr,29.0,9,0,0
966,2017,10,nico-hulkenberg,26.0,10,0,0
966,2017,10,felipe-massa,23.0,11,0,0
966,2017,10,lance-stroll,18.0,12,0,0
966,2017,10,romain-grosjean,18.0,13,0,0
966,2017,10,kevin-magnussen,11.0,14,0,0
966,2017,10,pascal-wehrlein,5.0,15,0,0
966,2017,10,daniil-kvyat,4.0,16,0,0
966,2017,10,fernando-alonso,2.0,17,0,0
966,2017,10,jolyon-palmer,0,18,0,0
966,2017,10,marcus-ericsson,0,19,0,0
966,2017,10,stoffel-vandoorne,0,20,0,0
966,2017,10,antonio-giovinazzi,0,21,0,0
967,2017,11,sebastian-vettel,202.0,1,0,0
967,2017,11,lewis-hamilton,188.0,2,0,0
967,2017,11,valtteri-bottas,169.0,3,0,0
967,2017,11,daniel-ricciardo,117.0,4,0,0
967,2017,11,kimi-raikkonen,116.0,5,0,0
967,2017,11,max-verstappen,67.0,6,0,0
967,2017,11,sergio-perez,56.0,7,0,0
967,2017,11,esteban-ocon,45.0,8,0,0
967,2017,11,carlos-sainz-jr,35.0,9,0,0
967,2017,11,nico-hulkenberg,26.0,10,0,0
967,2017,11,felipe-massa,23.0,11,0,0
967,2017,11,lance-stroll,18.0,12,0,0
967,2017,11,romain-grosjean,18.0,13,0,0
967,2017,11,kevin-magnussen,11.0,14,0,0
967,2017,11,fernando-alonso,10.0,15,0,0
967,2017,11,pascal-wehrlein,5.0,16,0,0
967,2017,11,daniil-kvyat,4.0,17,0,0
967,2017,11,stoffel-vandoorne,1.0,18,0,0
967,2017,11,jolyon-palmer,0,19,0,0
967,2017,11,marcus-ericsson,0,20,0,0
967,2017,11,antonio-giovinazzi,0,21,0,0
968,2017,12,sebastian-vettel,220.0,1,0,0
968,2017,12,lewis-hamilton,213.0,2,0,0
968,2017,12,valtteri-bottas,179.0,3,0,0
968,2017,12,daniel-ricciardo,132.0,4,0,0
968,2017,12,kimi-raikkonen,128.0,5,0,0
968,2017,12,max-verstappen,67.0,6,0,0
968,2017,12,sergio-perez,56.0,7,0,0
968,2017,12,esteban-ocon,47.0,8,0,0
968,2017,12,carlos-sainz-jr,36.0,9,0,0
968,2017,12,nico-hulkenberg,34.0,10,0,0
968,2017,12,felipe-massa,27.0,11,0,0
968,2017,12,romain-grosjean,24.0,12,0,0
968,2017,12,lance-stroll,18.0,13,0,0
968,2017,12,kevin-magnussen,11.0,14,0,0
968,2017,12,fernando-alonso,10.0,15,0,0
968,2017,12,pascal-wehrlein,5.0,16,0,0
968,2017,12,daniil-kvyat,4.0,17,0,0
968,2017,12,stoffel-vandoorne,1.0,18,0,0
968,2017,12,jolyon-palmer,0,19,0,0
968,2017,12,marcus-ericsson,0,20,0,0
968,2017,12,antonio-giovinazzi,0,21,0,0
969,2017,13,lewis-hamilton,238.0,1,0,0
969,2017,13,sebastian-vettel,235.0,2,0,0
969,2017,13,valtteri-bottas,197.0,3,0,0
969,2017,13,daniel-ricciardo,144.0,4,0,0
969,2017,13,kimi-raikkonen,138.0,5,0,0
969,2017,13,max-verstappen,68.0,6,0,0
969,2017,13,sergio-perez,58.0,7,0,0
969,2017,13,esteban-ocon,55.0,8,0,0
969,2017,13,carlos-sainz-jr,36.0,9,0,0
969,2017,13,nico-hulkenberg,34.0,10,0,0
969,2017,13,felipe-massa,31.0,11,0,0
969,2017,13,lance-stroll,24.0,12,0,0
969,2017,13,romain-grosjean,24.0,13,0,0
969,2017,13,kevin-magnussen,11.0,14,0,0
969,2017,13,fernando-alonso,10.0,15,0,0
969,2017,13,pascal-wehrlein,5.0,16,0,0
969,2017,13,daniil-kvyat,4.0,17,0,0
969,2017,13,stoffel-vandoorne,1.0,18,0,0
969,2017,13,jolyon-palmer,0,19,0,0
969,2017,13,marcus-ericsson,0,20,0,0
969,2017,13,antonio-giovinazzi,0,21,0,0
970,2017,14,lewis-hamilton,263.0,1,0,0
970,2017,14,sebastian-vettel,235.0,2,0,0
970,2017,14,valtteri-bottas,212.0,3,0,0
970,2017,14,daniel-ricciardo,162.0,4,0,0
970,2017,14,kimi-raikkonen,138.0,5,0,0
970,2017,14,max-verstappen,68.0,6,0,0
970,2017,14,sergio-perez,68.0,7,0,0
970,2017,14,esteban-ocon,56.0,8,0,0
970,2017,14,carlos-sainz-jr,48.0,9,0,0
970,2017,14,nico-hulkenberg,34.0,10,0,0
970,2017,14,felipe-massa,31.0,11,0,0
970,2017,14,lance-stroll,28.0,12,0,0
970,2017,14,romain-grosjean,26.0,13,0,0
970,2017,14,kevin-magnussen,11.0,14,0,0
970,2017,14,fernando-alonso,10.0,15,0,0
970,2017,14,jolyon-palmer,8.0,16,0,0
970,2017,14,stoffel-vandoorne,7.0,17,0,0
970,2017,14,pascal-wehrlein,5.0,18,0,0
970,2017,14,daniil-kvyat,4.0,19,0,0
970,2017,14,marcus-ericsson,0,20,0,0
970,2017,14,antonio-giovinazzi,0,21,0,0
971,2017,15,lewis-hamilton,281.0,1,0,0
971,2017,15,sebastian-vettel,247.0,2,0,0
971,2017,15,valtteri-bottas,222.0,3,0,0
971,2017,15,daniel-ricciardo,177.0,4,0,0
971,2017,15,kimi-raikkonen,138.0,5,0,0
971,2017,15,max-verstappen,93.0,6,0,0
971,2017,15,sergio-perez,76.0,7,0,0
971,2017,15,esteban-ocon,57.0,8,0,0
971,2017,15,carlos-sainz-jr,48.0,9,0,0
971,2017,15,nico-hulkenberg,34.0,10,0,0
971,2017,15,felipe-massa,33.0,11,0,0
971,2017,15,lance-stroll,32.0,12,0,0
971,2017,15,romain-grosjean,26.0,13,0,0
971,2017,15,stoffel-vandoorne,13.0,14,0,0
971,2017,15,kevin-magnussen,11.0,15,0,0
971,2017,15,fernando-alonso,10.0,16,0,0
971,2017,15,jolyon-palmer,8.0,17,0,0
971,2017,15,pascal-wehrlein,5.0,18,0,0
971,2017,15,daniil-kvyat,4.0,19,0,0
971,2017,15,marcus-ericsson,0,20,0,0
971,2017,15,antonio-giovinazzi,0,21,0,0
971,2017,15,pierre-gasly,0,22,0,0
972,2017,16,lewis-hamilton,306.0,1,0,0
972,2017,16,sebastian-vettel,247.0,2,0,0
972,2017,16,valtteri-bottas,234.0,3,0,0
972,2017,16,daniel-ricciardo,192.0,4,0,0
972,2017,16,kimi-raikkonen,148.0,5,0,0
972,2017,16,max-verstappen,111.0,6,0,0
972,2017,16,sergio-perez,82.0,7,0,0
972,2017,16,esteban-ocon,65.0,8,0,0
972,2017,16,carlos-sainz-jr,48.0,9,0,0
972,2017,16,nico-hulkenberg,34.0,10,0,0
972,2017,16,felipe-massa,34.0,11,0,0
972,2017,16,lance-stroll,32.0,12,0,0
972,2017,16,romain-grosjean,28.0,13,0,0
972,2017,16,kevin-magnussen,15.0,14,0,0
972,2017,16,stoffel-vandoorne,13.0,15,0,0
972,2017,16,fernando-alonso,10.0,16,0,0
972,2017,16,jolyon-palmer,8.0,17,0,0
972,2017,16,pascal-wehrlein,5.0,18,0,0
972,2017,16,daniil-kvyat,4.0,19,0,0
972,2017,16,marcus-ericsson,0,20,0,0
972,2017,16,antonio-giovinazzi,0,21,0,0
972,2017,16,pierre-gasly,0,22,0,0
973,2017,17,lewis-hamilton,331.0,1,0,0
973,2017,17,sebastian-vettel,265.0,2,0,0
973,2017,17,valtteri-bottas,244.0,3,0,0
973,2017,17,daniel-ricciardo,192.0,4,0,0
973,2017,17,kimi-raikkonen,163.0,5,0,0
973,2017,17,max-verstappen,123.0,6,0,0
973,2017,17,sergio-perez,86.0,7,0,0
973,2017,17,esteban-ocon,73.0,8,0,0
973,2017,17,carlos-sainz-jr,54.0,9,0,0
973,2017,17,felipe-massa,36.0,10,0,0
973,2017,17,nico-hulkenberg,34.0,11,0,0
973,2017,17,lance-stroll,32.0,12,0,0
973,2017,17,romain-grosjean,28.0,13,0,0
973,2017,17,kevin-magnussen,15.0,14,0,0
973,2017,17,stoffel-vandoorne,13.0,15,0,0
973,2017,17,fernando-alonso,10.0,16,0,0
973,2017,17,jolyon-palmer,8.0,17,0,0
973,2017,17,pascal-wehrlein,5.0,18,0,0
973,2017,17,daniil-kvyat,5.0,19,0,0
973,2017,17,marcus-ericsson,0,20,0,0
973,2017,17,antonio-giovinazzi,0,21,0,0
973,2017,17,pierre-gasly,0,22,0,0
973,2017,17,brendon-hartley,0,23,0,0
974,2017,18,lewis-hamilton,333.0,1,1,0
974,2017,18,sebastian-vettel,277.0,2,0,0
974,2017,18,valtteri-bottas,262.0,3,0,0
974,2017,18,daniel-ricciardo,192.0,4,0,0
974,2017,18,kimi-raikkonen,178.0,5,0,0
974,2017,18,max-verstappen,148.0,6,0,0
974,2017,18,sergio-perez,92.0,7,0,0
974,2017,18,esteban-ocon,83.0,8,0,0
974,2017,18,carlos-sainz-jr,54.0,9,0,0
974,2017,18,lance-stroll,40.0,10,0,0
974,2017,18,felipe-massa,36.0,11,0,0
974,2017,18,nico-hulkenberg,34.0,12,0,0
974,2017,18,romain-grosjean,28.0,13,0,0
974,2017,18,kevin-magnussen,19.0,14,0,0
974,2017,18,stoffel-vandoorne,13.0,15,0,0
974,2017,18,fernando-alonso,11.0,16,0,0
974,2017,18,jolyon-palmer,8.0,17,0,0
974,2017,18,pascal-wehrlein,5.0,18,0,0
974,2017,18,daniil-kvyat,5.0,19,0,0
974,2017,18,marcus-ericsson,0,20,0,0
974,2017,18,antonio-giovinazzi,0,21,0,0
974,2017,18,pierre-gasly,0,22,0,0
974,2017,18,brendon-hartley,0,23,0,0
975,2017,19,lewis-hamilton,345.0,1,1,0
975,2017,19,sebastian-vettel,302.0,2,0,0
975,2017,19,valtteri-bottas,280.0,3,0,0
975,2017,19,daniel-ricciardo,200.0,4,0,0
975,2017,19,kimi-raikkonen,193.0,5,0,0
975,2017,19,max-verstappen,158.0,6,0,0
975,2017,19,sergio-perez,94.0,7,0,0
975,2017,19,esteban-ocon,83.0,8,0,0
975,2017,19,carlos-sainz-jr,54.0,9,0,0
975,2017,19,felipe-massa,42.0,10,0,0
975,2017,19,lance-stroll,40.0,11,0,0
975,2017,19,nico-hulkenberg,35.0,12,0,0
975,2017,19,romain-grosjean,28.0,13,0,0
975,2017,19,kevin-magnussen,19.0,14,0,0
975,2017,19,fernando-alonso,15.0,15,0,0
975,2017,19,stoffel-vandoorne,13.0,16,0,0
975,2017,19,jolyon-palmer,8.0,17,0,0
975,2017,19,pascal-wehrlein,5.0,18,0,0
975,2017,19,daniil-kvyat,5.0,19,0,0
975,2017,19,marcus-ericsson,0,20,0,0
975,2017,19,pierre-gasly,0,21,0,0
975,2017,19,antonio-giovinazzi,0,22,0,0
975,2017,19,brendon-hartley,0,23,0,0
976,2017,20,lewis-hamilton,363.0,1,1,1
976,2017,20,sebastian-vettel,317.0,2,0,1
976,2017,20,valtteri-bottas,305.0,3,0,1
976,2017,20,kimi-raikkonen,205.0,4,0,1
976,2017,20,daniel-ricciardo,200.0,5,0,1
976,2017,20,max-verstappen,168.0,6,0,1
976,2017,20,sergio-perez,100.0,7,0,1
976,2017,20,esteban-ocon,87.0,8,0,1
976,2017,20,carlos-sainz-jr,54.0,9,0,1
976,2017,20,nico-hulkenberg,43.0,10,0,1
976,2017,20,felipe-massa,43.0,11,0,1
976,2017,20,lance-stroll,40.0,12,0,1
976,2017,20,romain-grosjean,28.0,13,0,1
976,2017,20,kevin-magnussen,19.0,14,0,1
976,2017,20,fernando-alonso,17.0,15,0,1
976,2017,20,stoffel-vandoorne,13.0,16,0,1
976,2017,20,jolyon-palmer,8.0,17,0,1
976,2017,20,pascal-wehrlein,5.0,18,0,1
976,2017,20,daniil-kvyat,5.0,19,0,1
976,2017,20,marcus-ericsson,0,20,0,1
976,2017,20,pierre-gasly,0,21,0,1
976,2017,20,antonio-giovinazzi,0,22,0,1
976,2017,20,brendon-hartley,0,23,0,1
977,2018,1,sebastian-vettel,25.0,1,0,0
977,2018,1,lewis-hamilton,18.0,2,0,0
977,2018,1,kimi-raikkonen,15.0,3,0,0
977,2018,1,daniel-ricciardo,12.0,4,0,0
977,2018,1,fernando-alonso,10.0,5,0,0
977,2018,1,max-verstappen,8.0,6,0,0
977,2018,1,nico-hulkenberg,6.0,7,0,0
977,2018,1,valtteri-bottas,4.0,8,0,0
977,2018,1,stoffel-vandoorne,2.0,9,0,0
977,2018,1,carlos-sainz-jr,1.0,10,0,0
977,2018,1,sergio-perez,0,11,0,0
977,2018,1,esteban-ocon,0,12,0,0
977,2018,1,charles-leclerc,0,13,0,0
977,2018,1,lance-stroll,0,14,0,0
977,2018,1,brendon-hartley,0,15,0,0
978,2018,2,sebastian-vettel,50.0,1,0,0
978,2018,2,lewis-hamilton,33.0,2,0,0
978,2018,2,valtteri-bottas,22.0,3,0,0
978,2018,2,fernando-alonso,16.0,4,0,0
978,2018,2,kimi-raikkonen,15.0,5,0,0
978,2018,2,nico-hulkenberg,14.0,6,0,0
978,2018,2,daniel-ricciardo,12.0,7,0,0
978,2018,2,pierre-gasly,12.0,7,0,0
978,2018,2,kevin-magnussen,10.0,9,0,0
978,2018,2,max-verstappen,8.0,10,0,0
978,2018,2,stoffel-vandoorne,6.0,11,0,0
978,2018,2,marcus-ericsson,2.0,12,0,0
978,2018,2,carlos-sainz-jr,1.0,13,0,0
978,2018,2,esteban-ocon,1.0,14,0,0
978,2018,2,sergio-perez,0,15,0,0
978,2018,2,charles-leclerc,0,16,0,0
978,2018,2,romain-grosjean,0,17,0,0
978,2018,2,lance-stroll,0,18,0,0
978,2018,2,brendon-hartley,0,19,0,0
978,2018,2,sergey-sirotkin,0,20,0,0
979,2018,3,sebastian-vettel,54.0,1,0,0
979,2018,3,lewis-hamilton,45.0,2,0,0
979,2018,3,valtteri-bottas,40.0,3,0,0
979,2018,3,daniel-ricciardo,37.0,4,0,0
979,2018,3,kimi-raikkonen,30.0,5,0,0
979,2018,3,fernando-alonso,22.0,6,0,0
979,2018,3,nico-hulkenberg,22.0,7,0,0
979,2018,3,max-verstappen,18.0,8,0,0
979,2018,3,pierre-gasly,12.0,9,0,0
979,2018,3,kevin-magnussen,11.0,10,0,0
979,2018,3,stoffel-vandoorne,6.0,11,0,0
979,2018,3,carlos-sainz-jr,3.0,12,0,0
979,2018,3,marcus-ericsson,2.0,13,0,0
979,2018,3,esteban-ocon,1.0,14,0,0
979,2018,3,sergio-perez,0,15,0,0
979,2018,3,charles-leclerc,0,16,0,0
979,2018,3,romain-grosjean,0,17,0,0
979,2018,3,lance-stroll,0,18,0,0
979,2018,3,sergey-sirotkin,0,19,0,0
979,2018,3,brendon-hartley,0,20,0,0
980,2018,4,lewis-hamilton,70.0,1,0,0
980,2018,4,sebastian-vettel,66.0,2,0,0
980,2018,4,kimi-raikkonen,48.0,3,0,0
980,2018,4,valtteri-bottas,40.0,4,0,0
980,2018,4,daniel-ricciardo,37.0,5,0,0
980,2018,4,fernando-alonso,28.0,6,0,0
980,2018,4,nico-hulkenberg,22.0,7,0,0
980,2018,4,max-verstappen,18.0,8,0,0
980,2018,4,sergio-perez,15.0,9,0,0
980,2018,4,carlos-sainz-jr,13.0,10,0,0
980,2018,4,pierre-gasly,12.0,11,0,0
980,2018,4,kevin-magnussen,11.0,12,0,0
980,2018,4,charles-leclerc,8.0,13,0,0
980,2018,4,stoffel-vandoorne,8.0,14,0,0
980,2018,4,lance-stroll,4.0,15,0,0
980,2018,4,marcus-ericsson,2.0,16,0,0
980,2018,4,esteban-ocon,1.0,17,0,0
980,2018,4,brendon-hartley,1.0,18,0,0
980,2018,4,romain-grosjean,0,19,0,0
980,2018,4,sergey-sirotkin,0,20,0,0
981,2018,5,lewis-hamilton,95.0,1,0,0
981,2018,5,sebastian-vettel,78.0,2,0,0
981,2018,5,valtteri-bottas,58.0,3,0,0
981,2018,5,kimi-raikkonen,48.0,4,0,0
981,2018,5,daniel-ricciardo,47.0,5,0,0
981,2018,5,max-verstappen,33.0,6,0,0
981,2018,5,fernando-alonso,32.0,7,0,0
981,2018,5,nico-hulkenberg,22.0,8,0,0
981,2018,5,kevin-magnussen,19.0,9,0,0
981,2018,5,carlos-sainz-jr,19.0,10,0,0
981,2018,5,sergio-perez,17.0,11,0,0
981,2018,5,pierre-gasly,12.0,12,0,0
981,2018,5,charles-leclerc,9.0,13,0,0
981,2018,5,stoffel-vandoorne,8.0,14,0,0
981,2018,5,lance-stroll,4.0,15,0,0
981,2018,5,marcus-ericsson,2.0,16,0,0
981,2018,5,esteban-ocon,1.0,17,0,0
981,2018,5,brendon-hartley,1.0,18,0,0
981,2018,5,romain-grosjean,0,19,0,0
981,2018,5,sergey-sirotkin,0,20,0,0
982,2018,6,lewis-hamilton,110.0,1,0,0
982,2018,6,sebastian-vettel,96.0,2,0,0
982,2018,6,daniel-ricciardo,72.0,3,0,0
982,2018,6,valtteri-bottas,68.0,4,0,0
982,2018,6,kimi-raikkonen,60.0,5,0,0
982,2018,6,max-verstappen,35.0,6,0,0
982,2018,6,fernando-alonso,32.0,7,0,0
982,2018,6,nico-hulkenberg,26.0,8,0,0
982,2018,6,carlos-sainz-jr,20.0,9,0,0
982,2018,6,kevin-magnussen,19.0,10,0,0
982,2018,6,pierre-gasly,18.0,11,0,0
982,2018,6,sergio-perez,17.0,12,0,0
982,2018,6,esteban-ocon,9.0,13,0,0
982,2018,6,charles-leclerc,9.0,14,0,0
982,2018,6,stoffel-vandoorne,8.0,15,0,0
982,2018,6,lance-stroll,4.0,16,0,0
982,2018,6,marcus-ericsson,2.0,17,0,0
982,2018,6,brendon-hartley,1.0,18,0,0
982,2018,6,romain-grosjean,0,19,0,0
982,2018,6,sergey-sirotkin,0,20,0,0
983,2018,7,sebastian-vettel,121.0,1,0,0
983,2018,7,lewis-hamilton,120.0,2,0,0
983,2018,7,valtteri-bottas,86.0,3,0,0
983,2018,7,daniel-ricciardo,84.0,4,0,0
983,2018,7,kimi-raikkonen,68.0,5,0,0
983,2018,7,max-verstappen,50.0,6,0,0
983,2018,7,fernando-alonso,32.0,7,0,0
983,2018,7,nico-hulkenberg,32.0,8,0,0
983,2018,7,carlos-sainz-jr,24.0,9,0,0
983,2018,7,kevin-magnussen,19.0,10,0,0
983,2018,7,pierre-gasly,18.0,11,0,0
983,2018,7,sergio-perez,17.0,12,0,0
983,2018,7,esteban-ocon,11.0,13,0,0
983,2018,7,charles-leclerc,10.0,14,0,0
983,2018,7,stoffel-vandoorne,8.0,15,0,0
983,2018,7,lance-stroll,4.0,16,0,0
983,2018,7,marcus-ericsson,2.0,17,0,0
983,2018,7,brendon-hartley,1.0,18,0,0
983,2018,7,romain-grosjean,0,19,0,0
983,2018,7,sergey-sirotkin,0,20,0,0
984,2018,8,lewis-hamilton,145.0,1,0,0
984,2018,8,sebastian-vettel,131.0,2,0,0
984,2018,8,daniel-ricciardo,96.0,3,0,0
984,2018,8,valtteri-bottas,92.0,4,0,0
984,2018,8,kimi-raikkonen,83.0,5,0,0
984,2018,8,max-verstappen,68.0,6,0,0
984,2018,8,nico-hulkenberg,34.0,7,0,0
984,2018,8,fernando-alonso,32.0,8,0,0
984,2018,8,carlos-sainz-jr,28.0,9,0,0
984,2018,8,kevin-magnussen,27.0,10,0,0
984,2018,8,pierre-gasly,18.0,11,0,0
984,2018,8,sergio-perez,17.0,12,0,0
984,2018,8,esteban-ocon,11.0,13,0,0
984,2018,8,charles-leclerc,11.0,14,0,0
984,2018,8,stoffel-vandoorne,8.0,15,0,0
984,2018,8,lance-stroll,4.0,16,0,0
984,2018,8,marcus-ericsson,2.0,17,0,0
984,2018,8,brendon-hartley,1.0,18,0,0
984,2018,8,romain-grosjean,0,19,0,0
984,2018,8,sergey-sirotkin,0,20,0,0
985,2018,9,sebastian-vettel,146.0,1,0,0
985,2018,9,lewis-hamilton,145.0,2,0,0
985,2018,9,kimi-raikkonen,101.0,3,0,0
985,2018,9,daniel-ricciardo,96.0,4,0,0
985,2018,9,max-verstappen,93.0,5,0,0
985,2018,9,valtteri-bottas,92.0,6,0,0
985,2018,9,kevin-magnussen,37.0,7,0,0
985,2018,9,fernando-alonso,36.0,8,0,0
985,2018,9,nico-hulkenberg,34.0,9,0,0
985,2018,9,carlos-sainz-jr,28.0,10,0,0
985,2018,9,sergio-perez,23.0,11,0,0
985,2018,9,esteban-ocon,19.0,12,0,0
985,2018,9,pierre-gasly,18.0,13,0,0
985,2018,9,charles-leclerc,13.0,14,0,0
985,2018,9,romain-grosjean,12.0,15,0,0
985,2018,9,stoffel-vandoorne,8.0,16,0,0
985,2018,9,lance-stroll,4.0,17,0,0
985,2018,9,marcus-ericsson,3.0,18,0,0
985,2018,9,brendon-hartley,1.0,19,0,0
985,2018,9,sergey-sirotkin,0,20,0,0
986,2018,10,sebastian-vettel,171.0,1,0,0
986,2018,10,lewis-hamilton,163.0,2,0,0
986,2018,10,kimi-raikkonen,116.0,3,0,0
986,2018,10,daniel-ricciardo,106.0,4,0,0
986,2018,10,valtteri-bottas,104.0,5,0,0
986,2018,10,max-verstappen,93.0,6,0,0
986,2018,10,nico-hulkenberg,42.0,7,0,0
986,2018,10,fernando-alonso,40.0,8,0,0
986,2018,10,kevin-magnussen,39.0,9,0,0
986,2018,10,carlos-sainz-jr,28.0,10,0,0
986,2018,10,esteban-ocon,25.0,11,0,0
986,2018,10,sergio-perez,24.0,12,0,0
986,2018,10,pierre-gasly,18.0,13,0,0
986,2018,10,charles-leclerc,13.0,14,0,0
986,2018,10,romain-grosjean,12.0,15,0,0
986,2018,10,stoffel-vandoorne,8.0,16,0,0
986,2018,10,lance-stroll,4.0,17,0,0
986,2018,10,marcus-ericsson,3.0,18,0,0
986,2018,10,brendon-hartley,1.0,19,0,0
986,2018,10,sergey-sirotkin,0,20,0,0
987,2018,11,lewis-hamilton,188.0,1,0,0
987,2018,11,sebastian-vettel,171.0,2,0,0
987,2018,11,kimi-raikkonen,131.0,3,0,0
987,2018,11,valtteri-bottas,122.0,4,0,0
987,2018,11,daniel-ricciardo,106.0,5,0,0
987,2018,11,max-verstappen,105.0,6,0,0
987,2018,11,nico-hulkenberg,52.0,7,0,0
987,2018,11,fernando-alonso,40.0,8,0,0
987,2018,11,kevin-magnussen,39.0,9,0,0
987,2018,11,sergio-perez,30.0,10,0,0
987,2018,11,esteban-ocon,29.0,11,0,0
987,2018,11,carlos-sainz-jr,28.0,12,0,0
987,2018,11,romain-grosjean,20.0,13,0,0
987,2018,11,pierre-gasly,18.0,14,0,0
987,2018,11,charles-leclerc,13.0,15,0,0
987,2018,11,stoffel-vandoorne,8.0,16,0,0
987,2018,11,marcus-ericsson,5.0,17,0,0
987,2018,11,lance-stroll,4.0,18,0,0
987,2018,11,brendon-hartley,2.0,19,0,0
987,2018,11,sergey-sirotkin,0,20,0,0
988,2018,12,lewis-hamilton,213.0,1,0,0
988,2018,12,sebastian-vettel,189.0,2,0,0
988,2018,12,kimi-raikkonen,146.0,3,0,0
988,2018,12,valtteri-bottas,132.0,4,0,0
988,2018,12,daniel-ricciardo,118.0,5,0,0
988,2018,12,max-verstappen,105.0,6,0,0
988,2018,12,nico-hulkenberg,52.0,7,0,0
988,2018,12,kevin-magnussen,45.0,8,0,0
988,2018,12,fernando-alonso,44.0,9,0,0
988,2018,12,sergio-perez,30.0,10,0,0
988,2018,12,carlos-sainz-jr,30.0,11,0,0
988,2018,12,esteban-ocon,29.0,12,0,0
988,2018,12,pierre-gasly,26.0,13,0,0
988,2018,12,romain-grosjean,21.0,14,0,0
988,2018,12,charles-leclerc,13.0,15,0,0
988,2018,12,stoffel-vandoorne,8.0,16,0,0
988,2018,12,marcus-ericsson,5.0,17,0,0
988,2018,12,lance-stroll,4.0,18,0,0
988,2018,12,brendon-hartley,2.0,19,0,0
988,2018,12,sergey-sirotkin,0,20,0,0
989,2018,13,lewis-hamilton,231.0,1,0,0
989,2018,13,sebastian-vettel,214.0,2,0,0
989,2018,13,kimi-raikkonen,146.0,3,0,0
989,2018,13,valtteri-bottas,144.0,4,0,0
989,2018,13,max-verstappen,120.0,5,0,0
989,2018,13,daniel-ricciardo,118.0,6,0,0
989,2018,13,nico-hulkenberg,52.0,7,0,0
989,2018,13,kevin-magnussen,49.0,8,0,0
989,2018,13,fernando-alonso,44.0,9,0,0
989,2018,13,sergio-perez,40.0,10,0,0
989,2018,13,esteban-ocon,37.0,11,0,0
989,2018,13,carlos-sainz-jr,30.0,12,0,0
989,2018,13,pierre-gasly,28.0,13,0,0
989,2018,13,romain-grosjean,27.0,14,0,0
989,2018,13,charles-leclerc,13.0,15,0,0
989,2018,13,stoffel-vandoorne,8.0,16,0,0
989,2018,13,marcus-ericsson,6.0,17,0,0
989,2018,13,lance-stroll,4.0,18,0,0
989,2018,13,brendon-hartley,2.0,19,0,0
989,2018,13,sergey-sirotkin,0,20,0,0
990,2018,14,lewis-hamilton,256.0,1,0,0
990,2018,14,sebastian-vettel,226.0,2,0,0
990,2018,14,kimi-raikkonen,164.0,3,0,0
990,2018,14,valtteri-bottas,159.0,4,0,0
990,2018,14,max-verstappen,130.0,5,0,0
990,2018,14,daniel-ricciardo,118.0,6,0,0
990,2018,14,nico-hulkenberg,52.0,7,0,0
990,2018,14,kevin-magnussen,49.0,8,0,0
990,2018,14,sergio-perez,46.0,9,0,0
990,2018,14,esteban-ocon,45.0,10,0,0
990,2018,14,fernando-alonso,44.0,11,0,0
990,2018,14,carlos-sainz-jr,34.0,12,0,0
990,2018,14,pierre-gasly,28.0,13,0,0
990,2018,14,romain-grosjean,27.0,14,0,0
990,2018,14,charles-leclerc,13.0,15,0,0
990,2018,14,stoffel-vandoorne,8.0,16,0,0
990,2018,14,lance-stroll,6.0,17,0,0
990,2018,14,marcus-ericsson,6.0,18,0,0
990,2018,14,brendon-hartley,2.0,19,0,0
990,2018,14,sergey-sirotkin,1.0,20,0,0
991,2018,15,lewis-hamilton,281.0,1,0,0
991,2018,15,sebastian-vettel,241.0,2,0,0
991,2018,15,kimi-raikkonen,174.0,3,0,0
991,2018,15,valtteri-bottas,171.0,4,0,0
991,2018,15,max-verstappen,148.0,5,0,0
991,2018,15,daniel-ricciardo,126.0,6,0,0
991,2018,15,nico-hulkenberg,53.0,7,0,0
991,2018,15,fernando-alonso,50.0,8,0,0
991,2018,15,kevin-magnussen,49.0,9,0,0
991,2018,15,sergio-perez,46.0,10,0,0
991,2018,15,esteban-ocon,45.0,11,0,0
991,2018,15,carlos-sainz-jr,38.0,12,0,0
991,2018,15,pierre-gasly,28.0,13,0,0
991,2018,15,romain-grosjean,27.0,14,0,0
991,2018,15,charles-leclerc,15.0,15,0,0
991,2018,15,stoffel-vandoorne,8.0,16,0,0
991,2018,15,lance-stroll,6.0,17,0,0
991,2018,15,marcus-ericsson,6.0,18,0,0
991,2018,15,brendon-hartley,2.0,19,0,0
991,2018,15,sergey-sirotkin,1.0,20,0,0
992,2018,16,lewis-hamilton,306.0,1,0,0
992,2018,16,sebastian-vettel,256.0,2,0,0
992,2018,16,valtteri-bottas,189.0,3,0,0
992,2018,16,kimi-raikkonen,186.0,4,0,0
992,2018,16,max-verstappen,158.0,5,0,0
992,2018,16,daniel-ricciardo,134.0,6,0,0
992,2018,16,kevin-magnussen,53.0,7,0,0
992,2018,16,nico-hulkenberg,53.0,8,0,0
992,2018,16,fernando-alonso,50.0,9,0,0
992,2018,16,sergio-perez,47.0,10,0,0
992,2018,16,esteban-ocon,47.0,11,0,0
992,2018,16,carlos-sainz-jr,38.0,12,0,0
992,2018,16,pierre-gasly,28.0,13,0,0
992,2018,16,romain-grosjean,27.0,14,0,0
992,2018,16,charles-leclerc,21.0,15,0,0
992,2018,16,stoffel-vandoorne,8.0,16,0,0
992,2018,16,lance-stroll,6.0,17,0,0
992,2018,16,marcus-ericsson,6.0,18,0,0
992,2018,16,brendon-hartley,2.0,19,0,0
992,2018,16,sergey-sirotkin,1.0,20,0,0
993,2018,17,lewis-hamilton,331.0,1,0,0
993,2018,17,sebastian-vettel,264.0,2,0,0
993,2018,17,valtteri-bottas,207.0,3,0,0
993,2018,17,kimi-raikkonen,196.0,4,0,0
993,2018,17,max-verstappen,173.0,5,0,0
993,2018,17,daniel-ricciardo,146.0,6,0,0
993,2018,17,sergio-perez,53.0,7,0,0
993,2018,17,kevin-magnussen,53.0,8,0,0
993,2018,17,nico-hulkenberg,53.0,9,0,0
993,2018,17,fernando-alonso,50.0,10,0,0
993,2018,17,esteban-ocon,49.0,11,0,0
993,2018,17,carlos-sainz-jr,39.0,12,0,0
993,2018,17,romain-grosjean,31.0,13,0,0
993,2018,17,pierre-gasly,28.0,14,0,0
993,2018,17,charles-leclerc,21.0,15,0,0
993,2018,17,stoffel-vandoorne,8.0,16,0,0
993,2018,17,lance-stroll,6.0,17,0,0
993,2018,17,marcus-ericsson,6.0,18,0,0
993,2018,17,brendon-hartley,2.0,19,0,0
993,2018,17,sergey-sirotkin,1.0,20,0,0
994,2018,18,lewis-hamilton,346.0,1,0,0
994,2018,18,sebastian-vettel,276.0,2,0,0
994,2018,18,kimi-raikkonen,221.0,3,0,0
994,2018,18,valtteri-bottas,217.0,4,0,0
994,2018,18,max-verstappen,191.0,5,0,0
994,2018,18,daniel-ricciardo,146.0,6,0,0
994,2018,18,nico-hulkenberg,61.0,7,0,0
994,2018,18,sergio-perez,57.0,8,0,0
994,2018,18,kevin-magnussen,53.0,9,0,0
994,2018,18,fernando-alonso,50.0,10,0,0
994,2018,18,esteban-ocon,49.0,11,0,0
994,2018,18,carlos-sainz-jr,45.0,12,0,0
994,2018,18,romain-grosjean,31.0,13,0,0
994,2018,18,pierre-gasly,28.0,14,0,0
994,2018,18,charles-leclerc,21.0,15,0,0
994,2018,18,stoffel-vandoorne,8.0,16,0,0
994,2018,18,marcus-ericsson,7.0,17,0,0
994,2018,18,lance-stroll,6.0,18,0,0
994,2018,18,brendon-hartley,4.0,19,0,0
994,2018,18,sergey-sirotkin,1.0,20,0,0
995,2018,19,lewis-hamilton,358.0,1,1,0
995,2018,19,sebastian-vettel,294.0,2,0,0
995,2018,19,kimi-raikkonen,236.0,3,0,0
995,2018,19,valtteri-bottas,227.0,4,0,0
995,2018,19,max-verstappen,216.0,5,0,0
995,2018,19,daniel-ricciardo,146.0,6,0,0
995,2018,19,nico-hulkenberg,69.0,7,0,0
995,2018,19,sergio-perez,57.0,8,0,0
995,2018,19,kevin-magnussen,53.0,9,0,0
995,2018,19,fernando-alonso,50.0,10,0,0
995,2018,19,esteban-ocon,49.0,11,0,0
995,2018,19,carlos-sainz-jr,45.0,12,0,0
995,2018,19,romain-grosjean,31.0,13,0,0
995,2018,19,pierre-gasly,29.0,14,0,0
995,2018,19,charles-leclerc,27.0,15,0,0
995,2018,19,stoffel-vandoorne,12.0,16,0,0
995,2018,19,marcus-ericsson,9.0,17,0,0
995,2018,19,lance-stroll,6.0,18,0,0
995,2018,19,brendon-hartley,4.0,19,0,0
995,2018,19,sergey-sirotkin,1.0,20,0,0
996,2018,20,lewis-hamilton,383.0,1,1,0
996,2018,20,sebastian-vettel,302.0,2,0,0
996,2018,20,kimi-raikkonen,251.0,3,0,0
996,2018,20,valtteri-bottas,237.0,4,0,0
996,2018,20,max-verstappen,234.0,5,0,0
996,2018,20,daniel-ricciardo,158.0,6,0,0
996,2018,20,nico-hulkenberg,69.0,7,0,0
996,2018,20,sergio-perez,58.0,8,0,0
996,2018,20,kevin-magnussen,55.0,9,0,0
996,2018,20,fernando-alonso,50.0,10,0,0
996,2018,20,esteban-ocon,49.0,11,0,0
996,2018,20,carlos-sainz-jr,45.0,12,0,0
996,2018,20,romain-grosjean,35.0,13,0,0
996,2018,20,charles-leclerc,33.0,14,0,0
996,2018,20,pierre-gasly,29.0,15,0,0
996,2018,20,stoffel-vandoorne,12.0,16,0,0
996,2018,20,marcus-ericsson,9.0,17,0,0
996,2018,20,lance-stroll,6.0,18,0,0
996,2018,20,brendon-hartley,4.0,19,0,0
996,2018,20,sergey-sirotkin,1.0,20,0,0
997,2018,21,lewis-hamilton,408.0,1,1,1
997,2018,21,sebastian-vettel,320.0,2,0,1
997,2018,21,kimi-raikkonen,251.0,3,0,1
997,2018,21,max-verstappen,249.0,4,0,1
997,2018,21,valtteri-bottas,247.0,5,0,1
997,2018,21,daniel-ricciardo,170.0,6,0,1
997,2018,21,nico-hulkenberg,69.0,7,0,1
997,2018,21,sergio-perez,62.0,8,0,1
997,2018,21,kevin-magnussen,56.0,9,0,1
997,2018,21,carlos-sainz-jr,53.0,10,0,1
997,2018,21,fernando-alonso,50.0,11,0,1
997,2018,21,esteban-ocon,49.0,12,0,1
997,2018,21,charles-leclerc,39.0,13,0,1
997,2018,21,romain-grosjean,37.0,14,0,1
997,2018,21,pierre-gasly,29.0,15,0,1
997,2018,21,stoffel-vandoorne,12.0,16,0,1
997,2018,21,marcus-ericsson,9.0,17,0,1
997,2018,21,lance-stroll,6.0,18,0,1
997,2018,21,brendon-hartley,4.0,19,0,1
997,2018,21,sergey-sirotkin,1.0,20,0,1
998,2019,1,valtteri-bottas,26.0,1,0,0
998,2019,1,lewis-hamilton,18.0,2,0,0
998,2019,1,max-verstappen,15.0,3,0,0
998,2019,1,sebastian-vettel,12.0,4,0,0
998,2019,1,charles-leclerc,10.0,5,0,0
998,2019,1,kevin-magnussen,8.0,6,0,0
998,2019,1,nico-hulkenberg,6.0,7,0,0
998,2019,1,kimi-raikkonen,4.0,8,0,0
998,2019,1,lance-stroll,2.0,9,0,0
998,2019,1,daniil-kvyat,1.0,10,0,0
998,2019,1,pierre-gasly,0,11,0,0
998,2019,1,lando-norris,0,12,0,0
998,2019,1,sergio-perez,0,13,0,0
998,2019,1,alexander-albon,0,14,0,0
998,2019,1,antonio-giovinazzi,0,15,0,0
998,2019,1,george-russell,0,16,0,0
998,2019,1,robert-kubica,0,17,0,0
999,2019,2,valtteri-bottas,44.0,1,0,0
999,2019,2,lewis-hamilton,43.0,2,0,0
999,2019,2,max-verstappen,27.0,3,0,0
999,2019,2,charles-leclerc,26.0,4,0,0
999,2019,2,sebastian-vettel,22.0,5,0,0
999,2019,2,kimi-raikkonen,10.0,6,0,0
999,2019,2,lando-norris,8.0,7,0,0
999,2019,2,kevin-magnussen,8.0,8,0,0
999,2019,2,nico-hulkenberg,6.0,9,0,0
999,2019,2,pierre-gasly,4.0,10,0,0
999,2019,2,alexander-albon,2.0,11,0,0
999,2019,2,lance-stroll,2.0,11,0,0
999,2019,2,daniil-kvyat,1.0,13,0,0
999,2019,2,sergio-perez,1.0,14,0,0
999,2019,2,antonio-giovinazzi,0,15,0,0
999,2019,2,george-russell,0,16,0,0
999,2019,2,robert-kubica,0,17,0,0
999,2019,2,daniel-ricciardo,0,18,0,0
999,2019,2,carlos-sainz-jr,0,19,0,0
1000,2019,3,lewis-hamilton,68.0,1,0,0
1000,2019,3,valtteri-bottas,62.0,2,0,0
1000,2019,3,max-verstappen,39.0,3,0,0
1000,2019,3,sebastian-vettel,37.0,4,0,0
1000,2019,3,charles-leclerc,36.0,5,0,0
1000,2019,3,pierre-gasly,13.0,6,0,0
1000,2019,3,kimi-raikkonen,12.0,7,0,0
1000,2019,3,lando-norris,8.0,8,0,0
1000,2019,3,kevin-magnussen,8.0,9,0,0
1000,2019,3,nico-hulkenberg,6.0,10,0,0
1000,2019,3,daniel-ricciardo,6.0,11,0,0
1000,2019,3,sergio-perez,5.0,12,0,0
1000,2019,3,alexander-albon,3.0,13,0,0
1000,2019,3,lance-stroll,2.0,14,0,0
1000,2019,3,daniil-kvyat,1.0,15,0,0
1000,2019,3,antonio-giovinazzi,0,16,0,0
1000,2019,3,romain-grosjean,0,17,0,0
1000,2019,3,carlos-sainz-jr,0,18,0,0
1000,2019,3,george-russell,0,19,0,0
1000,2019,3,robert-kubica,0,20,0,0
1001,2019,4,valtteri-bottas,87.0,1,0,0
1001,2019,4,lewis-hamilton,86.0,2,0,0
1001,2019,4,sebastian-vettel,52.0,3,0,0
1001,2019,4,max-verstappen,51.0,4,0,0
1001,2019,4,charles-leclerc,47.0,5,0,0
1001,2019,4,sergio-perez,13.0,6,0,0
1001,2019,4,pierre-gasly,13.0,7,0,0
1001,2019,4,kimi-raikkonen,13.0,8,0,0
1001,2019,4,lando-norris,12.0,9,0,0
1001,2019,4,kevin-magnussen,8.0,10,0,0
1001,2019,4,nico-hulkenberg,6.0,11,0,0
1001,2019,4,carlos-sainz-jr,6.0,12,0,0
1001,2019,4,daniel-ricciardo,6.0,13,0,0
1001,2019,4,lance-stroll,4.0,14,0,0
1001,2019,4,alexander-albon,3.0,15,0,0
1001,2019,4,daniil-kvyat,1.0,16,0,0
1001,2019,4,antonio-giovinazzi,0,17,0,0
1001,2019,4,romain-grosjean,0,18,0,0
1001,2019,4,george-russell,0,19,0,0
1001,2019,4,robert-kubica,0,20,0,0
1002,2019,5,lewis-hamilton,112.0,1,0,0
1002,2019,5,valtteri-bottas,105.0,2,0,0
1002,2019,5,max-verstappen,66.0,3,0,0
1002,2019,5,sebastian-vettel,64.0,4,0,0
1002,2019,5,charles-leclerc,57.0,5,0,0
1002,2019,5,pierre-gasly,21.0,6,0,0
1002,2019,5,kevin-magnussen,14.0,7,0,0
1002,2019,5,sergio-perez,13.0,8,0,0
1002,2019,5,kimi-raikkonen,13.0,9,0,0
1002,2019,5,lando-norris,12.0,10,0,0
1002,2019,5,carlos-sainz-jr,10.0,11,0,0
1002,2019,5,daniel-ricciardo,6.0,12,0,0
1002,2019,5,nico-hulkenberg,6.0,13,0,0
1002,2019,5,lance-stroll,4.0,14,0,0
1002,2019,5,alexander-albon,3.0,15,0,0
1002,2019,5,daniil-kvyat,3.0,16,0,0
1002,2019,5,romain-grosjean,1.0,17,0,0
1002,2019,5,antonio-giovinazzi,0,18,0,0
1002,2019,5,george-russell,0,19,0,0
1002,2019,5,robert-kubica,0,20,0,0
1003,2019,6,lewis-hamilton,137.0,1,0,0
1003,2019,6,valtteri-bottas,120.0,2,0,0
1003,2019,6,sebastian-vettel,82.0,3,0,0
1003,2019,6,max-verstappen,78.0,4,0,0
1003,2019,6,charles-leclerc,57.0,5,0,0
1003,2019,6,pierre-gasly,32.0,6,0,0
1003,2019,6,carlos-sainz-jr,18.0,7,0,0
1003,2019,6,kevin-magnussen,14.0,8,0,0
1003,2019,6,sergio-perez,13.0,9,0,0
1003,2019,6,kimi-raikkonen,13.0,10,0,0
1003,2019,6,lando-norris,12.0,11,0,0
1003,2019,6,daniil-kvyat,9.0,12,0,0
1003,2019,6,daniel-ricciardo,8.0,13,0,0
1003,2019,6,alexander-albon,7.0,14,0,0
1003,2019,6,nico-hulkenberg,6.0,15,0,0
1003,2019,6,lance-stroll,4.0,16,0,0
1003,2019,6,romain-grosjean,2.0,17,0,0
1003,2019,6,antonio-giovinazzi,0,18,0,0
1003,2019,6,george-russell,0,19,0,0
1003,2019,6,robert-kubica,0,20,0,0
1004,2019,7,lewis-hamilton,162.0,1,0,0
1004,2019,7,valtteri-bottas,133.0,2,0,0
1004,2019,7,sebastian-vettel,100.0,3,0,0
1004,2019,7,max-verstappen,88.0,4,0,0
1004,2019,7,charles-leclerc,72.0,5,0,0
1004,2019,7,pierre-gasly,36.0,6,0,0
1004,2019,7,carlos-sainz-jr,18.0,7,0,0
1004,2019,7,daniel-ricciardo,16.0,8,0,0
1004,2019,7,kevin-magnussen,14.0,9,0,0
1004,2019,7,sergio-perez,13.0,10,0,0
1004,2019,7,kimi-raikkonen,13.0,11,0,0
1004,2019,7,lando-norris,12.0,12,0,0
1004,2019,7,nico-hulkenberg,12.0,13,0,0
1004,2019,7,daniil-kvyat,10.0,14,0,0
1004,2019,7,alexander-albon,7.0,15,0,0
1004,2019,7,lance-stroll,6.0,16,0,0
1004,2019,7,romain-grosjean,2.0,17,0,0
1004,2019,7,antonio-giovinazzi,0,18,0,0
1004,2019,7,george-russell,0,19,0,0
1004,2019,7,robert-kubica,0,20,0,0
1005,2019,8,lewis-hamilton,187.0,1,0,0
1005,2019,8,valtteri-bottas,151.0,2,0,0
1005,2019,8,sebastian-vettel,111.0,3,0,0
1005,2019,8,max-verstappen,100.0,4,0,0
1005,2019,8,charles-leclerc,87.0,5,0,0
1005,2019,8,pierre-gasly,37.0,6,0,0
1005,2019,8,carlos-sainz-jr,26.0,7,0,0
1005,2019,8,kimi-raikkonen,19.0,8,0,0
1005,2019,8,daniel-ricciardo,16.0,9,0,0
1005,2019,8,nico-hulkenberg,16.0,10,0,0
1005,2019,8,kevin-magnussen,14.0,11,0,0
1005,2019,8,lando-norris,14.0,12,0,0
1005,2019,8,sergio-perez,13.0,13,0,0
1005,2019,8,daniil-kvyat,10.0,14,0,0
1005,2019,8,alexander-albon,7.0,15,0,0
1005,2019,8,lance-stroll,6.0,16,0,0
1005,2019,8,romain-grosjean,2.0,17,0,0
1005,2019,8,antonio-giovinazzi,0,18,0,0
1005,2019,8,george-russell,0,19,0,0
1005,2019,8,robert-kubica,0,20,0,0
1006,2019,9,lewis-hamilton,197.0,1,0,0
1006,2019,9,valtteri-bottas,166.0,2,0,0
1006,2019,9,max-verstappen,126.0,3,0,0
1006,2019,9,sebastian-vettel,123.0,4,0,0
1006,2019,9,charles-leclerc,105.0,5,0,0
1006,2019,9,pierre-gasly,43.0,6,0,0
1006,2019,9,carlos-sainz-jr,30.0,7,0,0
1006,2019,9,lando-norris,22.0,8,0,0
1006,2019,9,kimi-raikkonen,21.0,9,0,0
1006,2019,9,daniel-ricciardo,16.0,10,0,0
1006,2019,9,nico-hulkenberg,16.0,11,0,0
1006,2019,9,kevin-magnussen,14.0,12,0,0
1006,2019,9,sergio-perez,13.0,13,0,0
1006,2019,9,daniil-kvyat,10.0,14,0,0
1006,2019,9,alexander-albon,7.0,15,0,0
1006,2019,9,lance-stroll,6.0,16,0,0
1006,2019,9,romain-grosjean,2.0,17,0,0
1006,2019,9,antonio-giovinazzi,1.0,18,0,0
1006,2019,9,george-russell,0,19,0,0
1006,2019,9,robert-kubica,0,20,0,0
1007,2019,10,lewis-hamilton,223.0,1,0,0
1007,2019,10,valtteri-bottas,184.0,2,0,0
1007,2019,10,max-verstappen,136.0,3,0,0
1007,2019,10,sebastian-vettel,123.0,4,0,0
1007,2019,10,charles-leclerc,120.0,5,0,0
1007,2019,10,pierre-gasly,55.0,6,0,0
1007,2019,10,carlos-sainz-jr,38.0,7,0,0
1007,2019,10,kimi-raikkonen,25.0,8,0,0
1007,2019,10,lando-norris,22.0,9,0,0
1007,2019,10,daniel-ricciardo,22.0,10,0,0
1007,2019,10,nico-hulkenberg,17.0,11,0,0
1007,2019,10,kevin-magnussen,14.0,12,0,0
1007,2019,10,sergio-perez,13.0,13,0,0
1007,2019,10,daniil-kvyat,12.0,14,0,0
1007,2019,10,alexander-albon,7.0,15,0,0
1007,2019,10,lance-stroll,6.0,16,0,0
1007,2019,10,romain-grosjean,2.0,17,0,0
1007,2019,10,antonio-giovinazzi,1.0,18,0,0
1007,2019,10,george-russell,0,19,0,0
1007,2019,10,robert-kubica,0,20,0,0
1008,2019,11,lewis-hamilton,225.0,1,0,0
1008,2019,11,valtteri-bottas,184.0,2,0,0
1008,2019,11,max-verstappen,162.0,3,0,0
1008,2019,11,sebastian-vettel,141.0,4,0,0
1008,2019,11,charles-leclerc,120.0,5,0,0
1008,2019,11,pierre-gasly,55.0,6,0,0
1008,2019,11,carlos-sainz-jr,48.0,7,0,0
1008,2019,11,daniil-kvyat,27.0,8,0,0
1008,2019,11,kimi-raikkonen,25.0,9,0,0
1008,2019,11,lando-norris,22.0,10,0,0
1008,2019,11,daniel-ricciardo,22.0,11,0,0
1008,2019,11,lance-stroll,18.0,12,0,0
1008,2019,11,kevin-magnussen,18.0,13,0,0
1008,2019,11,nico-hulkenberg,17.0,14,0,0
1008,2019,11,alexander-albon,15.0,15,0,0
1008,2019,11,sergio-perez,13.0,16,0,0
1008,2019,11,romain-grosjean,8.0,17,0,0
1008,2019,11,antonio-giovinazzi,1.0,18,0,0
1008,2019,11,robert-kubica,1.0,19,0,0
1008,2019,11,george-russell,0,20,0,0
1009,2019,12,lewis-hamilton,250.0,1,0,0
1009,2019,12,valtteri-bottas,188.0,2,0,0
1009,2019,12,max-verstappen,181.0,3,0,0
1009,2019,12,sebastian-vettel,156.0,4,0,0
1009,2019,12,charles-leclerc,132.0,5,0,0
1009,2019,12,pierre-gasly,63.0,6,0,0
1009,2019,12,carlos-sainz-jr,58.0,7,0,0
1009,2019,12,kimi-raikkonen,31.0,8,0,0
1009,2019,12,daniil-kvyat,27.0,9,0,0
1009,2019,12,lando-norris,24.0,10,0,0
1009,2019,12,daniel-ricciardo,22.0,11,0,0
1009,2019,12,lance-stroll,18.0,12,0,0
1009,2019,12,kevin-magnussen,18.0,13,0,0
1009,2019,12,nico-hulkenberg,17.0,14,0,0
1009,2019,12,alexander-albon,16.0,15,0,0
1009,2019,12,sergio-perez,13.0,16,0,0
1009,2019,12,romain-grosjean,8.0,17,0,0
1009,2019,12,antonio-giovinazzi,1.0,18,0,0
1009,2019,12,robert-kubica,1.0,19,0,0
1009,2019,12,george-russell,0,20,0,0
1010,2019,13,lewis-hamilton,268.0,1,0,0
1010,2019,13,valtteri-bottas,203.0,2,0,0
1010,2019,13,max-verstappen,181.0,3,0,0
1010,2019,13,sebastian-vettel,169.0,4,0,0
1010,2019,13,charles-leclerc,157.0,5,0,0
1010,2019,13,pierre-gasly,65.0,6,0,0
1010,2019,13,carlos-sainz-jr,58.0,7,0,0
1010,2019,13,daniil-kvyat,33.0,8,0,0
1010,2019,13,kimi-raikkonen,31.0,9,0,0
1010,2019,13,alexander-albon,26.0,10,0,0
1010,2019,13,lando-norris,24.0,11,0,0
1010,2019,13,daniel-ricciardo,22.0,12,0,0
1010,2019,13,sergio-perez,21.0,13,0,0
1010,2019,13,nico-hulkenberg,21.0,14,0,0
1010,2019,13,lance-stroll,19.0,15,0,0
1010,2019,13,kevin-magnussen,18.0,16,0,0
1010,2019,13,romain-grosjean,8.0,17,0,0
1010,2019,13,antonio-giovinazzi,1.0,18,0,0
1010,2019,13,robert-kubica,1.0,19,0,0
1010,2019,13,george-russell,0,20,0,0
1011,2019,14,lewis-hamilton,284.0,1,0,0
1011,2019,14,valtteri-bottas,221.0,2,0,0
1011,2019,14,max-verstappen,185.0,3,0,0
1011,2019,14,charles-leclerc,182.0,4,0,0
1011,2019,14,sebastian-vettel,169.0,5,0,0
1011,2019,14,pierre-gasly,65.0,6,0,0
1011,2019,14,carlos-sainz-jr,58.0,7,0,0
1011,2019,14,daniel-ricciardo,34.0,8,0,0
1011,2019,14,alexander-albon,34.0,9,0,0
1011,2019,14,daniil-kvyat,33.0,10,0,0
1011,2019,14,nico-hulkenberg,31.0,11,0,0
1011,2019,14,kimi-raikkonen,31.0,12,0,0
1011,2019,14,sergio-perez,27.0,13,0,0
1011,2019,14,lando-norris,25.0,14,0,0
1011,2019,14,lance-stroll,19.0,15,0,0
1011,2019,14,kevin-magnussen,18.0,16,0,0
1011,2019,14,romain-grosjean,8.0,17,0,0
1011,2019,14,antonio-giovinazzi,3.0,18,0,0
1011,2019,14,robert-kubica,1.0,19,0,0
1011,2019,14,george-russell,0,20,0,0
1012,2019,15,lewis-hamilton,296.0,1,0,0
1012,2019,15,valtteri-bottas,231.0,2,0,0
1012,2019,15,charles-leclerc,200.0,3,0,0
1012,2019,15,max-verstappen,200.0,4,0,0
1012,2019,15,sebastian-vettel,194.0,5,0,0
1012,2019,15,pierre-gasly,69.0,6,0,0
1012,2019,15,carlos-sainz-jr,58.0,7,0,0
1012,2019,15,alexander-albon,42.0,8,0,0
1012,2019,15,daniel-ricciardo,34.0,9,0,0
1012,2019,15,daniil-kvyat,33.0,10,0,0
1012,2019,15,nico-hulkenberg,33.0,11,0,0
1012,2019,15,lando-norris,31.0,12,0,0
1012,2019,15,kimi-raikkonen,31.0,13,0,0
1012,2019,15,sergio-perez,27.0,14,0,0
1012,2019,15,lance-stroll,19.0,15,0,0
1012,2019,15,kevin-magnussen,18.0,16,0,0
1012,2019,15,romain-grosjean,8.0,17,0,0
1012,2019,15,antonio-giovinazzi,4.0,18,0,0
1012,2019,15,robert-kubica,1.0,19,0,0
1012,2019,15,george-russell,0,20,0,0
1013,2019,16,lewis-hamilton,322.0,1,0,0
1013,2019,16,valtteri-bottas,249.0,2,0,0
1013,2019,16,charles-leclerc,215.0,3,0,0
1013,2019,16,max-verstappen,212.0,4,0,0
1013,2019,16,sebastian-vettel,194.0,5,0,0
1013,2019,16,pierre-gasly,69.0,6,0,0
1013,2019,16,carlos-sainz-jr,66.0,7,0,0
1013,2019,16,alexander-albon,52.0,8,0,0
1013,2019,16,lando-norris,35.0,9,0,0
1013,2019,16,daniel-ricciardo,34.0,10,0,0
1013,2019,16,nico-hulkenberg,34.0,11,0,0
1013,2019,16,daniil-kvyat,33.0,12,0,0
1013,2019,16,sergio-perez,33.0,13,0,0
1013,2019,16,kimi-raikkonen,31.0,14,0,0
1013,2019,16,kevin-magnussen,20.0,15,0,0
1013,2019,16,lance-stroll,19.0,16,0,0
1013,2019,16,romain-grosjean,8.0,17,0,0
1013,2019,16,antonio-giovinazzi,4.0,18,0,0
1013,2019,16,robert-kubica,1.0,19,0,0
1013,2019,16,george-russell,0,20,0,0
1014,2019,17,lewis-hamilton,338.0,1,0,0
1014,2019,17,valtteri-bottas,274.0,2,0,0
1014,2019,17,charles-leclerc,223.0,3,0,0
1014,2019,17,max-verstappen,212.0,4,0,0
1014,2019,17,sebastian-vettel,212.0,5,0,0
1014,2019,17,carlos-sainz-jr,76.0,6,0,0
1014,2019,17,pierre-gasly,75.0,7,0,0
1014,2019,17,alexander-albon,64.0,8,0,0
1014,2019,17,sergio-perez,37.0,9,0,0
1014,2019,17,lando-norris,35.0,10,0,0
1014,2019,17,daniil-kvyat,34.0,11,0,0
1014,2019,17,daniel-ricciardo,34.0,12,0,0
1014,2019,17,nico-hulkenberg,34.0,13,0,0
1014,2019,17,kimi-raikkonen,31.0,14,0,0
1014,2019,17,lance-stroll,21.0,15,0,0
1014,2019,17,kevin-magnussen,20.0,16,0,0
1014,2019,17,romain-grosjean,8.0,17,0,0
1014,2019,17,antonio-giovinazzi,4.0,18,0,0
1014,2019,17,robert-kubica,1.0,19,0,0
1014,2019,17,george-russell,0,20,0,0
1015,2019,18,lewis-hamilton,363.0,1,0,0
1015,2019,18,valtteri-bottas,289.0,2,0,0
1015,2019,18,charles-leclerc,236.0,3,0,0
1015,2019,18,sebastian-vettel,230.0,4,0,0
1015,2019,18,max-verstappen,220.0,5,0,0
1015,2019,18,pierre-gasly,77.0,6,0,0
1015,2019,18,carlos-sainz-jr,76.0,7,0,0
1015,2019,18,alexander-albon,74.0,8,0,0
1015,2019,18,sergio-perez,43.0,9,0,0
1015,2019,18,daniel-ricciardo,38.0,10,0,0
1015,2019,18,nico-hulkenberg,35.0,11,0,0
1015,2019,18,lando-norris,35.0,12,0,0
1015,2019,18,daniil-kvyat,34.0,13,0,0
1015,2019,18,kimi-raikkonen,31.0,14,0,0
1015,2019,18,lance-stroll,21.0,15,0,0
1015,2019,18,kevin-magnussen,20.0,16,0,0
1015,2019,18,romain-grosjean,8.0,17,0,0
1015,2019,18,antonio-giovinazzi,4.0,18,0,0
1015,2019,18,robert-kubica,1.0,19,0,0
1015,2019,18,george-russell,0,20,0,0
1016,2019,19,lewis-hamilton,381.0,1,1,0
1016,2019,19,valtteri-bottas,314.0,2,0,0
1016,2019,19,charles-leclerc,249.0,3,0,0
1016,2019,19,max-verstappen,235.0,4,0,0
1016,2019,19,sebastian-vettel,230.0,5,0,0
1016,2019,19,alexander-albon,84.0,6,0,0
1016,2019,19,carlos-sainz-jr,80.0,7,0,0
1016,2019,19,pierre-gasly,77.0,8,0,0
1016,2019,19,daniel-ricciardo,46.0,9,0,0
1016,2019,19,sergio-perez,44.0,10,0,0
1016,2019,19,lando-norris,41.0,11,0,0
1016,2019,19,nico-hulkenberg,37.0,12,0,0
1016,2019,19,daniil-kvyat,34.0,13,0,0
1016,2019,19,kimi-raikkonen,31.0,14,0,0
1016,2019,19,lance-stroll,21.0,15,0,0
1016,2019,19,kevin-magnussen,20.0,16,0,0
1016,2019,19,romain-grosjean,8.0,17,0,0
1016,2019,19,antonio-giovinazzi,4.0,18,0,0
1016,2019,19,robert-kubica,1.0,19,0,0
1016,2019,19,george-russell,0,20,0,0
1017,2019,20,lewis-hamilton,387.0,1,1,0
1017,2019,20,valtteri-bottas,314.0,2,0,0
1017,2019,20,max-verstappen,260.0,3,0,0
1017,2019,20,charles-leclerc,249.0,4,0,0
1017,2019,20,sebastian-vettel,230.0,5,0,0
1017,2019,20,pierre-gasly,95.0,6,0,0
1017,2019,20,carlos-sainz-jr,95.0,7,0,0
1017,2019,20,alexander-albon,84.0,8,0,0
1017,2019,20,daniel-ricciardo,54.0,9,0,0
1017,2019,20,sergio-perez,46.0,10,0,0
1017,2019,20,lando-norris,45.0,11,0,0
1017,2019,20,kimi-raikkonen,43.0,12,0,0
1017,2019,20,nico-hulkenberg,37.0,13,0,0
1017,2019,20,daniil-kvyat,35.0,14,0,0
1017,2019,20,lance-stroll,21.0,15,0,0
1017,2019,20,kevin-magnussen,20.0,16,0,0
1017,2019,20,antonio-giovinazzi,14.0,17,0,0
1017,2019,20,romain-grosjean,8.0,18,0,0
1017,2019,20,robert-kubica,1.0,19,0,0
1017,2019,20,george-russell,0,20,0,0
1018,2019,21,lewis-hamilton,413.0,1,1,1
1018,2019,21,valtteri-bottas,326.0,2,0,1
1018,2019,21,max-verstappen,278.0,3,0,1
1018,2019,21,charles-leclerc,264.0,4,0,1
1018,2019,21,sebastian-vettel,240.0,5,0,1
1018,2019,21,carlos-sainz-jr,96.0,6,0,1
1018,2019,21,pierre-gasly,95.0,7,0,1
1018,2019,21,alexander-albon,92.0,8,0,1
1018,2019,21,daniel-ricciardo,54.0,9,0,1
1018,2019,21,sergio-perez,52.0,10,0,1
1018,2019,21,lando-norris,49.0,11,0,1
1018,2019,21,kimi-raikkonen,43.0,12,0,1
1018,2019,21,daniil-kvyat,37.0,13,0,1
1018,2019,21,nico-hulkenberg,37.0,14,0,1
1018,2019,21,lance-stroll,21.0,15,0,1
1018,2019,21,kevin-magnussen,20.0,16,0,1
1018,2019,21,antonio-giovinazzi,14.0,17,0,1
1018,2019,21,romain-grosjean,8.0,18,0,1
1018,2019,21,robert-kubica,1.0,19,0,1
1018,2019,21,george-russell,0,20,0,1
1019,2020,1,valtteri-bottas,25.0,1,0,0
1019,2020,1,charles-leclerc,18.0,2,0,0
1019,2020,1,lando-norris,16.0,3,0,0
1019,2020,1,lewis-hamilton,12.0,4,0,0
1019,2020,1,carlos-sainz-jr,10.0,5,0,0
1019,2020,1,sergio-perez,8.0,6,0,0
1019,2020,1,pierre-gasly,6.0,7,0,0
1019,2020,1,esteban-ocon,4.0,8,0,0
1019,2020,1,antonio-giovinazzi,2.0,9,0,0
1019,2020,1,sebastian-vettel,1.0,10,0,0
1019,2020,1,nicholas-latifi,0,11,0,0
1019,2020,1,daniil-kvyat,0,12,0,0
1019,2020,1,alexander-albon,0,13,0,0
1020,2020,2,valtteri-bottas,43.0,1,0,0
1020,2020,2,lewis-hamilton,37.0,2,0,0
1020,2020,2,lando-norris,26.0,3,0,0
1020,2020,2,charles-leclerc,18.0,4,0,0
1020,2020,2,sergio-perez,16.0,5,0,0
1020,2020,2,max-verstappen,15.0,6,0,0
1020,2020,2,carlos-sainz-jr,13.0,7,0,0
1020,2020,2,alexander-albon,12.0,8,0,0
1020,2020,2,pierre-gasly,6.0,9,0,0
1020,2020,2,lance-stroll,6.0,10,0,0
1020,2020,2,daniel-ricciardo,4.0,11,0,0
1020,2020,2,esteban-ocon,4.0,11,0,0
1020,2020,2,antonio-giovinazzi,2.0,13,0,0
1020,2020,2,daniil-kvyat,1.0,14,0,0
1020,2020,2,sebastian-vettel,1.0,15,0,0
1020,2020,2,nicholas-latifi,0,16,0,0
1020,2020,2,kimi-raikkonen,0,17,0,0
1020,2020,2,kevin-magnussen,0,18,0,0
1020,2020,2,romain-grosjean,0,19,0,0
1020,2020,2,george-russell,0,20,0,0
1021,2020,3,lewis-hamilton,63.0,1,0,0
1021,2020,3,valtteri-bottas,58.0,2,0,0
1021,2020,3,max-verstappen,33.0,3,0,0
1021,2020,3,lando-norris,26.0,4,0,0
1021,2020,3,alexander-albon,22.0,5,0,0
1021,2020,3,sergio-perez,22.0,6,0,0
1021,2020,3,charles-leclerc,18.0,7,0,0
1021,2020,3,lance-stroll,18.0,8,0,0
1021,2020,3,carlos-sainz-jr,15.0,9,0,0
1021,2020,3,sebastian-vettel,9.0,10,0,0
1021,2020,3,daniel-ricciardo,8.0,11,0,0
1021,2020,3,pierre-gasly,6.0,12,0,0
1021,2020,3,esteban-ocon,4.0,13,0,0
1021,2020,3,antonio-giovinazzi,2.0,14,0,0
1021,2020,3,daniil-kvyat,1.0,15,0,0
1021,2020,3,kevin-magnussen,1.0,16,0,0
1021,2020,3,kimi-raikkonen,0,17,0,0
1021,2020,3,nicholas-latifi,0,18,0,0
1021,2020,3,romain-grosjean,0,19,0,0
1021,2020,3,george-russell,0,20,0,0
1022,2020,4,lewis-hamilton,88.0,1,0,0
1022,2020,4,valtteri-bottas,58.0,2,0,0
1022,2020,4,max-verstappen,52.0,3,0,0
1022,2020,4,lando-norris,36.0,4,0,0
1022,2020,4,charles-leclerc,33.0,5,0,0
1022,2020,4,alexander-albon,26.0,6,0,0
1022,2020,4,sergio-perez,22.0,7,0,0
1022,2020,4,lance-stroll,20.0,8,0,0
1022,2020,4,daniel-ricciardo,20.0,9,0,0
1022,2020,4,carlos-sainz-jr,15.0,10,0,0
1022,2020,4,esteban-ocon,12.0,11,0,0
1022,2020,4,pierre-gasly,12.0,12,0,0
1022,2020,4,sebastian-vettel,10.0,13,0,0
1022,2020,4,antonio-giovinazzi,2.0,14,0,0
1022,2020,4,daniil-kvyat,1.0,15,0,0
1022,2020,4,kevin-magnussen,1.0,16,0,0
1022,2020,4,nicholas-latifi,0,17,0,0
1022,2020,4,kimi-raikkonen,0,18,0,0
1022,2020,4,george-russell,0,19,0,0
1022,2020,4,romain-grosjean,0,20,0,0
1023,2020,5,lewis-hamilton,107.0,1,0,0
1023,2020,5,max-verstappen,77.0,2,0,0
1023,2020,5,valtteri-bottas,73.0,3,0,0
1023,2020,5,charles-leclerc,45.0,4,0,0
1023,2020,5,lando-norris,38.0,5,0,0
1023,2020,5,alexander-albon,36.0,6,0,0
1023,2020,5,lance-stroll,28.0,7,0,0
1023,2020,5,sergio-perez,22.0,8,0,0
1023,2020,5,daniel-ricciardo,20.0,9,0,0
1023,2020,5,esteban-ocon,16.0,10,0,0
1023,2020,5,carlos-sainz-jr,15.0,11,0,0
1023,2020,5,pierre-gasly,12.0,12,0,0
1023,2020,5,sebastian-vettel,10.0,13,0,0
1023,2020,5,nico-hulkenberg,6.0,14,0,0
1023,2020,5,antonio-giovinazzi,2.0,15,0,0
1023,2020,5,daniil-kvyat,2.0,16,0,0
1023,2020,5,kevin-magnussen,1.0,17,0,0
1023,2020,5,kimi-raikkonen,0,18,0,0
1023,2020,5,nicholas-latifi,0,19,0,0
1023,2020,5,george-russell,0,20,0,0
1023,2020,5,romain-grosjean,0,21,0,0
1024,2020,6,lewis-hamilton,132.0,1,0,0
1024,2020,6,max-verstappen,95.0,2,0,0
1024,2020,6,valtteri-bottas,89.0,3,0,0
1024,2020,6,charles-leclerc,45.0,4,0,0
1024,2020,6,lance-stroll,40.0,5,0,0
1024,2020,6,alexander-albon,40.0,6,0,0
1024,2020,6,lando-norris,39.0,7,0,0
1024,2020,6,sergio-perez,32.0,8,0,0
1024,2020,6,carlos-sainz-jr,23.0,9,0,0
1024,2020,6,daniel-ricciardo,20.0,10,0,0
1024,2020,6,sebastian-vettel,16.0,11,0,0
1024,2020,6,esteban-ocon,16.0,12,0,0
1024,2020,6,pierre-gasly,14.0,13,0,0
1024,2020,6,nico-hulkenberg,6.0,14,0,0
1024,2020,6,antonio-giovinazzi,2.0,15,0,0
1024,2020,6,daniil-kvyat,2.0,16,0,0
1024,2020,6,kevin-magnussen,1.0,17,0,0
1024,2020,6,kimi-raikkonen,0,18,0,0
1024,2020,6,nicholas-latifi,0,19,0,0
1024,2020,6,george-russell,0,20,0,0
1024,2020,6,romain-grosjean,0,21,0,0
1025,2020,7,lewis-hamilton,157.0,1,0,0
1025,2020,7,max-verstappen,110.0,2,0,0
1025,2020,7,valtteri-bottas,107.0,3,0,0
1025,2020,7,alexander-albon,48.0,4,0,0
1025,2020,7,charles-leclerc,45.0,5,0,0
1025,2020,7,lando-norris,45.0,6,0,0
1025,2020,7,lance-stroll,42.0,7,0,0
1025,2020,7,daniel-ricciardo,33.0,8,0,0
1025,2020,7,sergio-perez,33.0,9,0,0
1025,2020,7,esteban-ocon,26.0,10,0,0
1025,2020,7,carlos-sainz-jr,23.0,11,0,0
1025,2020,7,pierre-gasly,18.0,12,0,0
1025,2020,7,sebastian-vettel,16.0,13,0,0
1025,2020,7,nico-hulkenberg,6.0,14,0,0
1025,2020,7,antonio-giovinazzi,2.0,15,0,0
1025,2020,7,daniil-kvyat,2.0,16,0,0
1025,2020,7,kevin-magnussen,1.0,17,0,0
1025,2020,7,kimi-raikkonen,0,18,0,0
1025,2020,7,nicholas-latifi,0,19,0,0
1025,2020,7,george-russell,0,20,0,0
1025,2020,7,romain-grosjean,0,21,0,0
1026,2020,8,lewis-hamilton,164.0,1,0,0
1026,2020,8,valtteri-bottas,117.0,2,0,0
1026,2020,8,max-verstappen,110.0,3,0,0
1026,2020,8,lance-stroll,57.0,4,0,0
1026,2020,8,lando-norris,57.0,5,0,0
1026,2020,8,alexander-albon,48.0,6,0,0
1026,2020,8,charles-leclerc,45.0,7,0,0
1026,2020,8,pierre-gasly,43.0,8,0,0
1026,2020,8,carlos-sainz-jr,41.0,9,0,0
1026,2020,8,daniel-ricciardo,41.0,10,0,0
1026,2020,8,sergio-perez,34.0,11,0,0
1026,2020,8,esteban-ocon,30.0,12,0,0
1026,2020,8,sebastian-vettel,16.0,13,0,0
1026,2020,8,nico-hulkenberg,6.0,14,0,0
1026,2020,8,daniil-kvyat,4.0,15,0,0
1026,2020,8,antonio-giovinazzi,2.0,16,0,0
1026,2020,8,kevin-magnussen,1.0,17,0,0
1026,2020,8,nicholas-latifi,0,18,0,0
1026,2020,8,kimi-raikkonen,0,19,0,0
1026,2020,8,romain-grosjean,0,20,0,0
1026,2020,8,george-russell,0,21,0,0
1027,2020,9,lewis-hamilton,190.0,1,0,0
1027,2020,9,valtteri-bottas,135.0,2,0,0
1027,2020,9,max-verstappen,110.0,3,0,0
1027,2020,9,lando-norris,65.0,4,0,0
1027,2020,9,alexander-albon,63.0,5,0,0
1027,2020,9,lance-stroll,57.0,6,0,0
1027,2020,9,daniel-ricciardo,53.0,7,0,0
1027,2020,9,charles-leclerc,49.0,8,0,0
1027,2020,9,sergio-perez,44.0,9,0,0
1027,2020,9,pierre-gasly,43.0,10,0,0
1027,2020,9,carlos-sainz-jr,41.0,11,0,0
1027,2020,9,esteban-ocon,30.0,12,0,0
1027,2020,9,sebastian-vettel,17.0,13,0,0
1027,2020,9,daniil-kvyat,10.0,14,0,0
1027,2020,9,nico-hulkenberg,6.0,15,0,0
1027,2020,9,kimi-raikkonen,2.0,16,0,0
1027,2020,9,antonio-giovinazzi,2.0,17,0,0
1027,2020,9,kevin-magnussen,1.0,18,0,0
1027,2020,9,nicholas-latifi,0,19,0,0
1027,2020,9,george-russell,0,20,0,0
1027,2020,9,romain-grosjean,0,21,0,0
1028,2020,10,lewis-hamilton,205.0,1,0,0
1028,2020,10,valtteri-bottas,161.0,2,0,0
1028,2020,10,max-verstappen,128.0,3,0,0
1028,2020,10,lando-norris,65.0,4,0,0
1028,2020,10,alexander-albon,64.0,5,0,0
1028,2020,10,daniel-ricciardo,63.0,6,0,0
1028,2020,10,charles-leclerc,57.0,7,0,0
1028,2020,10,lance-stroll,57.0,8,0,0
1028,2020,10,sergio-perez,56.0,9,0,0
1028,2020,10,pierre-gasly,45.0,10,0,0
1028,2020,10,carlos-sainz-jr,41.0,11,0,0
1028,2020,10,esteban-ocon,36.0,12,0,0
1028,2020,10,sebastian-vettel,17.0,13,0,0
1028,2020,10,daniil-kvyat,14.0,14,0,0
1028,2020,10,nico-hulkenberg,6.0,15,0,0
1028,2020,10,kimi-raikkonen,2.0,16,0,0
1028,2020,10,antonio-giovinazzi,2.0,17,0,0
1028,2020,10,kevin-magnussen,1.0,18,0,0
1028,2020,10,nicholas-latifi,0,19,0,0
1028,2020,10,george-russell,0,20,0,0
1028,2020,10,romain-grosjean,0,21,0,0
1029,2020,11,lewis-hamilton,230.0,1,0,0
1029,2020,11,valtteri-bottas,161.0,2,0,0
1029,2020,11,max-verstappen,147.0,3,0,0
1029,2020,11,daniel-ricciardo,78.0,4,0,0
1029,2020,11,sergio-perez,68.0,5,0,0
1029,2020,11,lando-norris,65.0,6,0,0
1029,2020,11,alexander-albon,64.0,7,0,0
1029,2020,11,charles-leclerc,63.0,8,0,0
1029,2020,11,lance-stroll,57.0,9,0,0
1029,2020,11,pierre-gasly,53.0,10,0,0
1029,2020,11,carlos-sainz-jr,51.0,11,0,0
1029,2020,11,esteban-ocon,36.0,12,0,0
1029,2020,11,sebastian-vettel,17.0,13,0,0
1029,2020,11,daniil-kvyat,14.0,14,0,0
1029,2020,11,nico-hulkenberg,10.0,15,0,0
1029,2020,11,antonio-giovinazzi,3.0,16,0,0
1029,2020,11,kimi-raikkonen,2.0,17,0,0
1029,2020,11,romain-grosjean,2.0,18,0,0
1029,2020,11,kevin-magnussen,1.0,19,0,0
1029,2020,11,nicholas-latifi,0,20,0,0
1029,2020,11,george-russell,0,21,0,0
1030,2020,12,lewis-hamilton,256.0,1,0,0
1030,2020,12,valtteri-bottas,179.0,2,0,0
1030,2020,12,max-verstappen,162.0,3,0,0
1030,2020,12,daniel-ricciardo,80.0,4,0,0
1030,2020,12,charles-leclerc,75.0,5,0,0
1030,2020,12,sergio-perez,74.0,6,0,0
1030,2020,12,lando-norris,65.0,7,0,0
1030,2020,12,alexander-albon,64.0,8,0,0
1030,2020,12,pierre-gasly,63.0,9,0,0
1030,2020,12,carlos-sainz-jr,59.0,10,0,0
1030,2020,12,lance-stroll,57.0,11,0,0
1030,2020,12,esteban-ocon,40.0,12,0,0
1030,2020,12,sebastian-vettel,18.0,13,0,0
1030,2020,12,daniil-kvyat,14.0,14,0,0
1030,2020,12,nico-hulkenberg,10.0,15,0,0
1030,2020,12,antonio-giovinazzi,3.0,16,0,0
1030,2020,12,kimi-raikkonen,2.0,17,0,0
1030,2020,12,romain-grosjean,2.0,18,0,0
1030,2020,12,kevin-magnussen,1.0,19,0,0
1030,2020,12,nicholas-latifi,0,20,0,0
1030,2020,12,george-russell,0,21,0,0
1031,2020,13,lewis-hamilton,282.0,1,0,0
1031,2020,13,valtteri-bottas,197.0,2,0,0
1031,2020,13,max-verstappen,162.0,3,0,0
1031,2020,13,daniel-ricciardo,95.0,4,0,0
1031,2020,13,charles-leclerc,85.0,5,0,0
1031,2020,13,sergio-perez,82.0,6,0,0
1031,2020,13,lando-norris,69.0,7,0,0
1031,2020,13,carlos-sainz-jr,65.0,8,0,0
1031,2020,13,alexander-albon,64.0,9,0,0
1031,2020,13,pierre-gasly,63.0,10,0,0
1031,2020,13,lance-stroll,57.0,11,0,0
1031,2020,13,esteban-ocon,40.0,12,0,0
1031,2020,13,daniil-kvyat,26.0,13,0,0
1031,2020,13,sebastian-vettel,18.0,14,0,0
1031,2020,13,nico-hulkenberg,10.0,15,0,0
1031,2020,13,kimi-raikkonen,4.0,16,0,0
1031,2020,13,antonio-giovinazzi,4.0,17,0,0
1031,2020,13,romain-grosjean,2.0,18,0,0
1031,2020,13,kevin-magnussen,1.0,19,0,0
1031,2020,13,nicholas-latifi,0,20,0,0
1031,2020,13,george-russell,0,21,0,0
1032,2020,14,lewis-hamilton,307.0,1,1,0
1032,2020,14,valtteri-bottas,197.0,2,0,0
1032,2020,14,max-verstappen,170.0,3,0,0
1032,2020,14,sergio-perez,100.0,4,0,0
1032,2020,14,charles-leclerc,97.0,5,0,0
1032,2020,14,daniel-ricciardo,96.0,6,0,0
1032,2020,14,carlos-sainz-jr,75.0,7,0,0
1032,2020,14,lando-norris,74.0,8,0,0
1032,2020,14,alexander-albon,70.0,9,0,0
1032,2020,14,pierre-gasly,63.0,10,0,0
1032,2020,14,lance-stroll,59.0,11,0,0
1032,2020,14,esteban-ocon,40.0,12,0,0
1032,2020,14,sebastian-vettel,33.0,13,0,0
1032,2020,14,daniil-kvyat,26.0,14,0,0
1032,2020,14,nico-hulkenberg,10.0,15,0,0
1032,2020,14,kimi-raikkonen,4.0,16,0,0
1032,2020,14,antonio-giovinazzi,4.0,17,0,0
1032,2020,14,romain-grosjean,2.0,18,0,0
1032,2020,14,kevin-magnussen,1.0,19,0,0
1032,2020,14,nicholas-latifi,0,20,0,0
1032,2020,14,george-russell,0,21,0,0
1033,2020,15,lewis-hamilton,332.0,1,1,0
1033,2020,15,valtteri-bottas,201.0,2,0,0
1033,2020,15,max-verstappen,189.0,3,0,0
1033,2020,15,daniel-ricciardo,102.0,4,0,0
1033,2020,15,sergio-perez,100.0,5,0,0
1033,2020,15,charles-leclerc,98.0,6,0,0
1033,2020,15,lando-norris,86.0,7,0,0
1033,2020,15,carlos-sainz-jr,85.0,8,0,0
1033,2020,15,alexander-albon,85.0,9,0,0
1033,2020,15,pierre-gasly,71.0,10,0,0
1033,2020,15,lance-stroll,59.0,11,0,0
1033,2020,15,esteban-ocon,42.0,12,0,0
1033,2020,15,sebastian-vettel,33.0,13,0,0
1033,2020,15,daniil-kvyat,26.0,14,0,0
1033,2020,15,nico-hulkenberg,10.0,15,0,0
1033,2020,15,kimi-raikkonen,4.0,16,0,0
1033,2020,15,antonio-giovinazzi,4.0,17,0,0
1033,2020,15,romain-grosjean,2.0,18,0,0
1033,2020,15,kevin-magnussen,1.0,19,0,0
1033,2020,15,nicholas-latifi,0,20,0,0
1033,2020,15,george-russell,0,21,0,0
1034,2020,16,lewis-hamilton,332.0,1,1,0
1034,2020,16,valtteri-bottas,205.0,2,0,0
1034,2020,16,max-verstappen,189.0,3,0,0
1034,2020,16,sergio-perez,125.0,4,0,0
1034,2020,16,daniel-ricciardo,112.0,5,0,0
1034,2020,16,charles-leclerc,98.0,6,0,0
1034,2020,16,carlos-sainz-jr,97.0,7,0,0
1034,2020,16,alexander-albon,93.0,8,0,0
1034,2020,16,lando-norris,87.0,9,0,0
1034,2020,16,lance-stroll,74.0,10,0,0
1034,2020,16,pierre-gasly,71.0,11,0,0
1034,2020,16,esteban-ocon,60.0,12,0,0
1034,2020,16,sebastian-vettel,33.0,13,0,0
1034,2020,16,daniil-kvyat,32.0,14,0,0
1034,2020,16,nico-hulkenberg,10.0,15,0,0
1034,2020,16,kimi-raikkonen,4.0,16,0,0
1034,2020,16,antonio-giovinazzi,4.0,17,0,0
1034,2020,16,george-russell,3.0,18,0,0
1034,2020,16,romain-grosjean,2.0,19,0,0
1034,2020,16,kevin-magnussen,1.0,20,0,0
1034,2020,16,nicholas-latifi,0,21,0,0
1034,2020,16,jack-aitken,0,22,0,0
1034,2020,16,pietro-fittipaldi,0,23,0,0
1035,2020,17,lewis-hamilton,347.0,1,1,1
1035,2020,17,valtteri-bottas,223.0,2,0,1
1035,2020,17,max-verstappen,214.0,3,0,1
1035,2020,17,sergio-perez,125.0,4,0,1
1035,2020,17,daniel-ricciardo,119.0,5,0,1
1035,2020,17,carlos-sainz-jr,105.0,6,0,1
1035,2020,17,alexander-albon,105.0,7,0,1
1035,2020,17,charles-leclerc,98.0,8,0,1
1035,2020,17,lando-norris,97.0,9,0,1
1035,2020,17,pierre-gasly,75.0,10,0,1
1035,2020,17,lance-stroll,75.0,11,0,1
1035,2020,17,esteban-ocon,62.0,12,0,1
1035,2020,17,sebastian-vettel,33.0,13,0,1
1035,2020,17,daniil-kvyat,32.0,14,0,1
1035,2020,17,nico-hulkenberg,10.0,15,0,1
1035,2020,17,kimi-raikkonen,4.0,16,0,1
1035,2020,17,antonio-giovinazzi,4.0,17,0,1
1035,2020,17,george-russell,3.0,18,0,1
1035,2020,17,romain-grosjean,2.0,19,0,1
1035,2020,17,kevin-magnussen,1.0,20,0,1
1035,2020,17,nicholas-latifi,0,21,0,1
1035,2020,17,jack-aitken,0,22,0,1
1035,2020,17,pietro-fittipaldi,0,23,0,1
1036,2021,1,lewis-hamilton,25.0,1,0,0
1036,2021,1,max-verstappen,18.0,2,0,0
1036,2021,1,valtteri-bottas,16.0,3,0,0
1036,2021,1,lando-norris,12.0,4,0,0
1036,2021,1,sergio-perez,10.0,5,0,0
1036,2021,1,charles-leclerc,8.0,6,0,0
1036,2021,1,daniel-ricciardo,6.0,7,0,0
1036,2021,1,carlos-sainz-jr,4.0,8,0,0
1036,2021,1,yuki-tsunoda,2.0,9,0,0
1036,2021,1,lance-stroll,1.0,10,0,0
1036,2021,1,kimi-raikkonen,0,11,0,0
1036,2021,1,antonio-giovinazzi,0,12,0,0
1036,2021,1,esteban-ocon,0,13,0,0
1036,2021,1,george-russell,0,14,0,0
1036,2021,1,sebastian-vettel,0,15,0,0
1036,2021,1,mick-schumacher,0,16,0,0
1036,2021,1,pierre-gasly,0,17,0,0
1036,2021,1,nicholas-latifi,0,18,0,0
1037,2021,2,lewis-hamilton,44.0,1,0,0
1037,2021,2,max-verstappen,43.0,2,0,0
1037,2021,2,lando-norris,27.0,3,0,0
1037,2021,2,charles-leclerc,20.0,4,0,0
1037,2021,2,valtteri-bottas,16.0,5,0,0
1037,2021,2,carlos-sainz-jr,14.0,6,0,0
1037,2021,2,daniel-ricciardo,14.0,7,0,0
1037,2021,2,sergio-perez,10.0,8,0,0
1037,2021,2,pierre-gasly,6.0,9,0,0
1037,2021,2,lance-stroll,5.0,10,0,0
1037,2021,2,yuki-tsunoda,2.0,11,0,0
1037,2021,2,esteban-ocon,2.0,12,0,0
1037,2021,2,fernando-alonso,1.0,13,0,0
1037,2021,2,kimi-raikkonen,0,14,0,0
1037,2021,2,antonio-giovinazzi,0,15,0,0
1037,2021,2,george-russell,0,16,0,0
1037,2021,2,sebastian-vettel,0,17,0,0
1037,2021,2,mick-schumacher,0,18,0,0
1037,2021,2,nikita-mazepin,0,19,0,0
1037,2021,2,nicholas-latifi,0,20,0,0
1038,2021,3,lewis-hamilton,69.0,1,0,0
1038,2021,3,max-verstappen,61.0,2,0,0
1038,2021,3,lando-norris,37.0,3,0,0
1038,2021,3,valtteri-bottas,32.0,4,0,0
1038,2021,3,charles-leclerc,28.0,5,0,0
1038,2021,3,sergio-perez,22.0,6,0,0
1038,2021,3,daniel-ricciardo,16.0,7,0,0
1038,2021,3,carlos-sainz-jr,14.0,8,0,0
1038,2021,3,esteban-ocon,8.0,9,0,0
1038,2021,3,pierre-gasly,7.0,10,0,0
1038,2021,3,lance-stroll,5.0,11,0,0
1038,2021,3,fernando-alonso,5.0,12,0,0
1038,2021,3,yuki-tsunoda,2.0,13,0,0
1038,2021,3,kimi-raikkonen,0,14,0,0
1038,2021,3,antonio-giovinazzi,0,15,0,0
1038,2021,3,sebastian-vettel,0,16,0,0
1038,2021,3,george-russell,0,17,0,0
1038,2021,3,mick-schumacher,0,18,0,0
1038,2021,3,nikita-mazepin,0,19,0,0
1038,2021,3,nicholas-latifi,0,20,0,0
1039,2021,4,lewis-hamilton,94.0,1,0,0
1039,2021,4,max-verstappen,80.0,2,0,0
1039,2021,4,valtteri-bottas,47.0,3,0,0
1039,2021,4,lando-norris,41.0,4,0,0
1039,2021,4,charles-leclerc,40.0,5,0,0
1039,2021,4,sergio-perez,32.0,6,0,0
1039,2021,4,daniel-ricciardo,24.0,7,0,0
1039,2021,4,carlos-sainz-jr,20.0,8,0,0
1039,2021,4,esteban-ocon,10.0,9,0,0
1039,2021,4,pierre-gasly,8.0,10,0,0
1039,2021,4,lance-stroll,5.0,11,0,0
1039,2021,4,fernando-alonso,5.0,12,0,0
1039,2021,4,yuki-tsunoda,2.0,13,0,0
1039,2021,4,kimi-raikkonen,0,14,0,0
1039,2021,4,antonio-giovinazzi,0,15,0,0
1039,2021,4,sebastian-vettel,0,16,0,0
1039,2021,4,george-russell,0,17,0,0
1039,2021,4,mick-schumacher,0,18,0,0
1039,2021,4,nicholas-latifi,0,19,0,0
1039,2021,4,nikita-mazepin,0,20,0,0
1040,2021,5,max-verstappen,105.0,1,0,0
1040,2021,5,lewis-hamilton,101.0,2,0,0
1040,2021,5,lando-norris,56.0,3,0,0
1040,2021,5,valtteri-bottas,47.0,4,0,0
1040,2021,5,sergio-perez,44.0,5,0,0
1040,2021,5,charles-leclerc,40.0,6,0,0
1040,2021,5,carlos-sainz-jr,38.0,7,0,0
1040,2021,5,daniel-ricciardo,24.0,8,0,0
1040,2021,5,pierre-gasly,16.0,9,0,0
1040,2021,5,esteban-ocon,12.0,10,0,0
1040,2021,5,sebastian-vettel,10.0,11,0,0
1040,2021,5,lance-stroll,9.0,12,0,0
1040,2021,5,fernando-alonso,5.0,13,0,0
1040,2021,5,yuki-tsunoda,2.0,14,0,0
1040,2021,5,antonio-giovinazzi,1.0,15,0,0
1040,2021,5,kimi-raikkonen,0,16,0,0
1040,2021,5,george-russell,0,17,0,0
1040,2021,5,nicholas-latifi,0,18,0,0
1040,2021,5,mick-schumacher,0,19,0,0
1040,2021,5,nikita-mazepin,0,20,0,0
1041,2021,6,max-verstappen,105.0,1,0,0
1041,2021,6,lewis-hamilton,101.0,2,0,0
1041,2021,6,sergio-perez,69.0,3,0,0
1041,2021,6,lando-norris,66.0,4,0,0
1041,2021,6,charles-leclerc,52.0,5,0,0
1041,2021,6,valtteri-bottas,47.0,6,0,0
1041,2021,6,carlos-sainz-jr,42.0,7,0,0
1041,2021,6,pierre-gasly,31.0,8,0,0
1041,2021,6,sebastian-vettel,28.0,9,0,0
1041,2021,6,daniel-ricciardo,26.0,10,0,0
1041,2021,6,fernando-alonso,13.0,11,0,0
1041,2021,6,esteban-ocon,12.0,12,0,0
1041,2021,6,lance-stroll,9.0,13,0,0
1041,2021,6,yuki-tsunoda,8.0,14,0,0
1041,2021,6,kimi-raikkonen,1.0,15,0,0
1041,2021,6,antonio-giovinazzi,1.0,16,0,0
1041,2021,6,mick-schumacher,0,17,0,0
1041,2021,6,george-russell,0,18,0,0
1041,2021,6,nikita-mazepin,0,19,0,0
1041,2021,6,nicholas-latifi,0,20,0,0
1042,2021,7,max-verstappen,131.0,1,0,0
1042,2021,7,lewis-hamilton,119.0,2,0,0
1042,2021,7,sergio-perez,84.0,3,0,0
1042,2021,7,lando-norris,76.0,4,0,0
1042,2021,7,valtteri-bottas,59.0,5,0,0
1042,2021,7,charles-leclerc,52.0,6,0,0
1042,2021,7,carlos-sainz-jr,42.0,7,0,0
1042,2021,7,pierre-gasly,37.0,8,0,0
1042,2021,7,daniel-ricciardo,34.0,9,0,0
1042,2021,7,sebastian-vettel,30.0,10,0,0
1042,2021,7,fernando-alonso,17.0,11,0,0
1042,2021,7,esteban-ocon,12.0,12,0,0
1042,2021,7,lance-stroll,10.0,13,0,0
1042,2021,7,yuki-tsunoda,8.0,14,0,0
1042,2021,7,kimi-raikkonen,1.0,15,0,0
1042,2021,7,antonio-giovinazzi,1.0,16,0,0
1042,2021,7,george-russell,0,17,0,0
1042,2021,7,mick-schumacher,0,18,0,0
1042,2021,7,nikita-mazepin,0,19,0,0
1042,2021,7,nicholas-latifi,0,20,0,0
1043,2021,8,max-verstappen,156.0,1,0,0
1043,2021,8,lewis-hamilton,138.0,2,0,0
1043,2021,8,sergio-perez,96.0,3,0,0
1043,2021,8,lando-norris,86.0,4,0,0
1043,2021,8,valtteri-bottas,74.0,5,0,0
1043,2021,8,charles-leclerc,58.0,6,0,0
1043,2021,8,carlos-sainz-jr,50.0,7,0,0
1043,2021,8,pierre-gasly,37.0,8,0,0
1043,2021,8,daniel-ricciardo,34.0,9,0,0
1043,2021,8,sebastian-vettel,30.0,10,0,0
1043,2021,8,fernando-alonso,19.0,11,0,0
1043,2021,8,lance-stroll,14.0,12,0,0
1043,2021,8,esteban-ocon,12.0,13,0,0
1043,2021,8,yuki-tsunoda,9.0,14,0,0
1043,2021,8,kimi-raikkonen,1.0,15,0,0
1043,2021,8,antonio-giovinazzi,1.0,16,0,0
1043,2021,8,george-russell,0,17,0,0
1043,2021,8,mick-schumacher,0,18,0,0
1043,2021,8,nikita-mazepin,0,19,0,0
1043,2021,8,nicholas-latifi,0,20,0,0
1044,2021,9,max-verstappen,182.0,1,0,0
1044,2021,9,lewis-hamilton,150.0,2,0,0
1044,2021,9,sergio-perez,104.0,3,0,0
1044,2021,9,lando-norris,101.0,4,0,0
1044,2021,9,valtteri-bottas,92.0,5,0,0
1044,2021,9,charles-leclerc,62.0,6,0,0
1044,2021,9,carlos-sainz-jr,60.0,7,0,0
1044,2021,9,daniel-ricciardo,40.0,8,0,0
1044,2021,9,pierre-gasly,39.0,9,0,0
1044,2021,9,sebastian-vettel,30.0,10,0,0
1044,2021,9,fernando-alonso,20.0,11,0,0
1044,2021,9,lance-stroll,14.0,12,0,0
1044,2021,9,esteban-ocon,12.0,13,0,0
1044,2021,9,yuki-tsunoda,9.0,14,0,0
1044,2021,9,kimi-raikkonen,1.0,15,0,0
1044,2021,9,antonio-giovinazzi,1.0,16,0,0
1044,2021,9,george-russell,0,17,0,0
1044,2021,9,mick-schumacher,0,18,0,0
1044,2021,9,nikita-mazepin,0,19,0,0
1044,2021,9,nicholas-latifi,0,20,0,0
1045,2021,10,max-verstappen,185.0,1,0,0
1045,2021,10,lewis-hamilton,177.0,2,0,0
1045,2021,10,lando-norris,113.0,3,0,0
1045,2021,10,valtteri-bottas,108.0,4,0,0
1045,2021,10,sergio-perez,104.0,5,0,0
1045,2021,10,charles-leclerc,80.0,6,0,0
1045,2021,10,carlos-sainz-jr,68.0,7,0,0
1045,2021,10,daniel-ricciardo,50.0,8,0,0
1045,2021,10,pierre-gasly,39.0,9,0,0
1045,2021,10,sebastian-vettel,30.0,10,0,0
1045,2021,10,fernando-alonso,26.0,11,0,0
1045,2021,10,lance-stroll,18.0,12,0,0
1045,2021,10,esteban-ocon,14.0,13,0,0
1045,2021,10,yuki-tsunoda,10.0,14,0,0
1045,2021,10,kimi-raikkonen,1.0,15,0,0
1045,2021,10,antonio-giovinazzi,1.0,16,0,0
1045,2021,10,george-russell,0,17,0,0
1045,2021,10,mick-schumacher,0,18,0,0
1045,2021,10,nikita-mazepin,0,19,0,0
1045,2021,10,nicholas-latifi,0,20,0,0
1046,2021,11,lewis-hamilton,195.0,1,0,0
1046,2021,11,max-verstappen,187.0,2,0,0
1046,2021,11,lando-norris,113.0,3,0,0
1046,2021,11,valtteri-bottas,108.0,4,0,0
1046,2021,11,sergio-perez,104.0,5,0,0
1046,2021,11,carlos-sainz-jr,83.0,6,0,0
1046,2021,11,charles-leclerc,80.0,7,0,0
1046,2021,11,pierre-gasly,50.0,8,0,0
1046,2021,11,daniel-ricciardo,50.0,9,0,0
1046,2021,11,esteban-ocon,39.0,10,0,0
1046,2021,11,fernando-alonso,38.0,11,0,0
1046,2021,11,sebastian-vettel,30.0,12,0,0
1046,2021,11,yuki-tsunoda,18.0,13,0,0
1046,2021,11,lance-stroll,18.0,14,0,0
1046,2021,11,nicholas-latifi,6.0,15,0,0
1046,2021,11,george-russell,4.0,16,0,0
1046,2021,11,kimi-raikkonen,2.0,17,0,0
1046,2021,11,antonio-giovinazzi,1.0,18,0,0
1046,2021,11,mick-schumacher,0,19,0,0
1046,2021,11,nikita-mazepin,0,20,0,0
1047,2021,12,lewis-hamilton,202.5,1,0,0
1047,2021,12,max-verstappen,199.5,2,0,0
1047,2021,12,lando-norris,113.0,3,0,0
1047,2021,12,valtteri-bottas,108.0,4,0,0
1047,2021,12,sergio-perez,104.0,5,0,0
1047,2021,12,carlos-sainz-jr,83.5,6,0,0
1047,2021,12,charles-leclerc,82.0,7,0,0
1047,2021,12,daniel-ricciardo,56.0,8,0,0
1047,2021,12,pierre-gasly,54.0,9,0,0
1047,2021,12,esteban-ocon,42.0,10,0,0
1047,2021,12,fernando-alonso,38.0,11,0,0
1047,2021,12,sebastian-vettel,35.0,12,0,0
1047,2021,12,yuki-tsunoda,18.0,13,0,0
1047,2021,12,lance-stroll,18.0,14,0,0
1047,2021,12,george-russell,13.0,15,0,0
1047,2021,12,nicholas-latifi,7.0,16,0,0
1047,2021,12,kimi-raikkonen,2.0,17,0,0
1047,2021,12,antonio-giovinazzi,1.0,18,0,0
1047,2021,12,mick-schumacher,0,19,0,0
1047,2021,12,nikita-mazepin,0,20,0,0
1048,2021,13,max-verstappen,224.5,1,0,0
1048,2021,13,lewis-hamilton,221.5,2,0,0
1048,2021,13,valtteri-bottas,123.0,3,0,0
1048,2021,13,lando-norris,114.0,4,0,0
1048,2021,13,sergio-perez,108.0,5,0,0
1048,2021,13,charles-leclerc,92.0,6,0,0
1048,2021,13,carlos-sainz-jr,89.5,7,0,0
1048,2021,13,pierre-gasly,66.0,8,0,0
1048,2021,13,daniel-ricciardo,56.0,9,0,0
1048,2021,13,fernando-alonso,46.0,10,0,0
1048,2021,13,esteban-ocon,44.0,11,0,0
1048,2021,13,sebastian-vettel,35.0,12,0,0
1048,2021,13,yuki-tsunoda,18.0,13,0,0
1048,2021,13,lance-stroll,18.0,14,0,0
1048,2021,13,george-russell,13.0,15,0,0
1048,2021,13,nicholas-latifi,7.0,16,0,0
1048,2021,13,kimi-raikkonen,2.0,17,0,0
1048,2021,13,antonio-giovinazzi,1.0,18,0,0
1048,2021,13,mick-schumacher,0,19,0,0
1048,2021,13,nikita-mazepin,0,20,0,0
1048,2021,13,robert-kubica,0,21,0,0
1049,2021,14,max-verstappen,226.5,1,0,0
1049,2021,14,lewis-hamilton,221.5,2,0,0
1049,2021,14,valtteri-bottas,141.0,3,0,0
1049,2021,14,lando-norris,132.0,4,0,0
1049,2021,14,sergio-perez,118.0,5,0,0
1049,2021,14,charles-leclerc,104.0,6,0,0
1049,2021,14,carlos-sainz-jr,97.5,7,0,0
1049,2021,14,daniel-ricciardo,83.0,8,0,0
1049,2021,14,pierre-gasly,66.0,9,0,0
1049,2021,14,fernando-alonso,50.0,10,0,0
1049,2021,14,esteban-ocon,45.0,11,0,0
1049,2021,14,sebastian-vettel,35.0,12,0,0
1049,2021,14,lance-stroll,24.0,13,0,0
1049,2021,14,yuki-tsunoda,18.0,14,0,0
1049,2021,14,george-russell,15.0,15,0,0
1049,2021,14,nicholas-latifi,7.0,16,0,0
1049,2021,14,kimi-raikkonen,2.0,17,0,0
1049,2021,14,antonio-giovinazzi,1.0,18,0,0
1049,2021,14,mick-schumacher,0,19,0,0
1049,2021,14,robert-kubica,0,20,0,0
1049,2021,14,nikita-mazepin,0,21,0,0
1050,2021,15,lewis-hamilton,246.5,1,0,0
1050,2021,15,max-verstappen,244.5,2,0,0
1050,2021,15,valtteri-bottas,151.0,3,0,0
1050,2021,15,lando-norris,139.0,4,0,0
1050,2021,15,sergio-perez,120.0,5,0,0
1050,2021,15,carlos-sainz-jr,112.5,6,0,0
1050,2021,15,charles-leclerc,104.0,7,0,0
1050,2021,15,daniel-ricciardo,95.0,8,0,0
1050,2021,15,pierre-gasly,66.0,9,0,0
1050,2021,15,fernando-alonso,58.0,10,0,0
1050,2021,15,esteban-ocon,45.0,11,0,0
1050,2021,15,sebastian-vettel,35.0,12,0,0
1050,2021,15,lance-stroll,24.0,13,0,0
1050,2021,15,yuki-tsunoda,18.0,14,0,0
1050,2021,15,george-russell,16.0,15,0,0
1050,2021,15,nicholas-latifi,7.0,16,0,0
1050,2021,15,kimi-raikkonen,6.0,17,0,0
1050,2021,15,antonio-giovinazzi,1.0,18,0,0
1050,2021,15,mick-schumacher,0,19,0,0
1050,2021,15,robert-kubica,0,20,0,0
1050,2021,15,nikita-mazepin,0,21,0,0
1051,2021,16,max-verstappen,262.5,1,0,0
1051,2021,16,lewis-hamilton,256.5,2,0,0
1051,2021,16,valtteri-bottas,177.0,3,0,0
1051,2021,16,lando-norris,145.0,4,0,0
1051,2021,16,sergio-perez,135.0,5,0,0
1051,2021,16,carlos-sainz-jr,116.5,6,0,0
1051,2021,16,charles-leclerc,116.0,7,0,0
1051,2021,16,daniel-ricciardo,95.0,8,0,0
1051,2021,16,pierre-gasly,74.0,9,0,0
1051,2021,16,fernando-alonso,58.0,10,0,0
1051,2021,16,esteban-ocon,46.0,11,0,0
1051,2021,16,sebastian-vettel,35.0,12,0,0
1051,2021,16,lance-stroll,26.0,13,0,0
1051,2021,16,yuki-tsunoda,18.0,14,0,0
1051,2021,16,george-russell,16.0,15,0,0
1051,2021,16,nicholas-latifi,7.0,16,0,0
1051,2021,16,kimi-raikkonen,6.0,17,0,0
1051,2021,16,antonio-giovinazzi,1.0,18,0,0
1051,2021,16,mick-schumacher,0,19,0,0
1051,2021,16,robert-kubica,0,20,0,0
1051,2021,16,nikita-mazepin,0,21,0,0
1052,2021,17,max-verstappen,287.5,1,0,0
1052,2021,17,lewis-hamilton,275.5,2,0,0
1052,2021,17,valtteri-bottas,185.0,3,0,0
1052,2021,17,sergio-perez,150.0,4,0,0
1052,2021,17,lando-norris,149.0,5,0,0
1052,2021,17,charles-leclerc,128.0,6,0,0
1052,2021,17,carlos-sainz-jr,122.5,7,0,0
1052,2021,17,daniel-ricciardo,105.0,8,0,0
1052,2021,17,pierre-gasly,74.0,9,0,0
1052,2021,17,fernando-alonso,58.0,10,0,0
1052,2021,17,esteban-ocon,46.0,11,0,0
1052,2021,17,sebastian-vettel,36.0,12,0,0
1052,2021,17,lance-stroll,26.0,13,0,0
1052,2021,17,yuki-tsunoda,20.0,14,0,0
1052,2021,17,george-russell,16.0,15,0,0
1052,2021,17,nicholas-latifi,7.0,16,0,0
1052,2021,17,kimi-raikkonen,6.0,17,0,0
1052,2021,17,antonio-giovinazzi,1.0,18,0,0
1052,2021,17,mick-schumacher,0,19,0,0
1052,2021,17,robert-kubica,0,20,0,0
1052,2021,17,nikita-mazepin,0,21,0,0
1053,2021,18,max-verstappen,312.5,1,0,0
1053,2021,18,lewis-hamilton,293.5,2,0,0
1053,2021,18,valtteri-bottas,185.0,3,0,0
1053,2021,18,sergio-perez,165.0,4,0,0
1053,2021,18,lando-norris,150.0,5,0,0
1053,2021,18,charles-leclerc,138.0,6,0,0
1053,2021,18,carlos-sainz-jr,130.5,7,0,0
1053,2021,18,daniel-ricciardo,105.0,8,0,0
1053,2021,18,pierre-gasly,86.0,9,0,0
1053,2021,18,fernando-alonso,60.0,10,0,0
1053,2021,18,esteban-ocon,46.0,11,0,0
1053,2021,18,sebastian-vettel,42.0,12,0,0
1053,2021,18,lance-stroll,26.0,13,0,0
1053,2021,18,yuki-tsunoda,20.0,14,0,0
1053,2021,18,george-russell,16.0,15,0,0
1053,2021,18,kimi-raikkonen,10.0,16,0,0
1053,2021,18,nicholas-latifi,7.0,17,0,0
1053,2021,18,antonio-giovinazzi,1.0,18,0,0
1053,2021,18,mick-schumacher,0,19,0,0
1053,2021,18,robert-kubica,0,20,0,0
1053,2021,18,nikita-mazepin,0,21,0,0
1054,2021,19,max-verstappen,332.5,1,0,0
1054,2021,19,lewis-hamilton,318.5,2,0,0
1054,2021,19,valtteri-bottas,203.0,3,0,0
1054,2021,19,sergio-perez,178.0,4,0,0
1054,2021,19,lando-norris,151.0,5,0,0
1054,2021,19,charles-leclerc,148.0,6,0,0
1054,2021,19,carlos-sainz-jr,139.5,7,0,0
1054,2021,19,daniel-ricciardo,105.0,8,0,0
1054,2021,19,pierre-gasly,92.0,9,0,0
1054,2021,19,fernando-alonso,62.0,10,0,0
1054,2021,19,esteban-ocon,50.0,11,0,0
1054,2021,19,sebastian-vettel,42.0,12,0,0
1054,2021,19,lance-stroll,26.0,13,0,0
1054,2021,19,yuki-tsunoda,20.0,14,0,0
1054,2021,19,george-russell,16.0,15,0,0
1054,2021,19,kimi-raikkonen,10.0,16,0,0
1054,2021,19,nicholas-latifi,7.0,17,0,0
1054,2021,19,antonio-giovinazzi,1.0,18,0,0
1054,2021,19,mick-schumacher,0,19,0,0
1054,2021,19,robert-kubica,0,20,0,0
1054,2021,19,nikita-mazepin,0,21,0,0
1055,2021,20,max-verstappen,351.5,1,0,0
1055,2021,20,lewis-hamilton,343.5,2,0,0
1055,2021,20,valtteri-bottas,203.0,3,0,0
1055,2021,20,sergio-perez,190.0,4,0,0
1055,2021,20,lando-norris,153.0,5,0,0
1055,2021,20,charles-leclerc,152.0,6,0,0
1055,2021,20,carlos-sainz-jr,145.5,7,0,0
1055,2021,20,daniel-ricciardo,105.0,8,0,0
1055,2021,20,pierre-gasly,92.0,9,0,0
1055,2021,20,fernando-alonso,77.0,10,0,0
1055,2021,20,esteban-ocon,60.0,11,0,0
1055,2021,20,sebastian-vettel,43.0,12,0,0
1055,2021,20,lance-stroll,34.0,13,0,0
1055,2021,20,yuki-tsunoda,20.0,14,0,0
1055,2021,20,george-russell,16.0,15,0,0
1055,2021,20,kimi-raikkonen,10.0,16,0,0
1055,2021,20,nicholas-latifi,7.0,17,0,0
1055,2021,20,antonio-giovinazzi,1.0,18,0,0
1055,2021,20,mick-schumacher,0,19,0,0
1055,2021,20,robert-kubica,0,20,0,0
1055,2021,20,nikita-mazepin,0,21,0,0
1056,2021,21,max-verstappen,369.5,1,0,0
1056,2021,21,lewis-hamilton,369.5,2,0,0
1056,2021,21,valtteri-bottas,218.0,3,0,0
1056,2021,21,sergio-perez,190.0,4,0,0
1056,2021,21,charles-leclerc,158.0,5,0,0
1056,2021,21,lando-norris,154.0,6,0,0
1056,2021,21,carlos-sainz-jr,149.5,7,0,0
1056,2021,21,daniel-ricciardo,115.0,8,0,0
1056,2021,21,pierre-gasly,100.0,9,0,0
1056,2021,21,fernando-alonso,77.0,10,0,0
1056,2021,21,esteban-ocon,72.0,11,0,0
1056,2021,21,sebastian-vettel,43.0,12,0,0
1056,2021,21,lance-stroll,34.0,13,0,0
1056,2021,21,yuki-tsunoda,20.0,14,0,0
1056,2021,21,george-russell,16.0,15,0,0
1056,2021,21,kimi-raikkonen,10.0,16,0,0
1056,2021,21,nicholas-latifi,7.0,17,0,0
1056,2021,21,antonio-giovinazzi,3.0,18,0,0
1056,2021,21,mick-schumacher,0,19,0,0
1056,2021,21,robert-kubica,0,20,0,0
1056,2021,21,nikita-mazepin,0,21,0,0
1057,2021,22,max-verstappen,395.5,1,1,1
1057,2021,22,lewis-hamilton,387.5,2,0,1
1057,2021,22,valtteri-bottas,226.0,3,0,1
1057,2021,22,sergio-perez,190.0,4,0,1
1057,2021,22,carlos-sainz-jr,164.5,5,0,1
1057,2021,22,lando-norris,160.0,6,0,1
1057,2021,22,charles-leclerc,159.0,7,0,1
1057,2021,22,daniel-ricciardo,115.0,8,0,1
1057,2021,22,pierre-gasly,110.0,9,0,1
1057,2021,22,fernando-alonso,81.0,10,0,1
1057,2021,22,esteban-ocon,74.0,11,0,1
1057,2021,22,sebastian-vettel,43.0,12,0,1
1057,2021,22,lance-stroll,34.0,13,0,1
1057,2021,22,yuki-tsunoda,32.0,14,0,1
1057,2021,22,george-russell,16.0,15,0,1
1057,2021,22,kimi-raikkonen,10.0,16,0,1
1057,2021,22,nicholas-latifi,7.0,17,0,1
1057,2021,22,antonio-giovinazzi,3.0,18,0,1
1057,2021,22,mick-schumacher,0,19,0,1
1057,2021,22,robert-kubica,0,20,0,1
1057,2021,22,nikita-mazepin,0,21,0,1
1058,2022,1,charles-leclerc,26.0,1,0,0
1058,2022,1,carlos-sainz-jr,18.0,2,0,0
1058,2022,1,lewis-hamilton,15.0,3,0,0
1058,2022,1,george-russell,12.0,4,0,0
1058,2022,1,kevin-magnussen,10.0,5,0,0
1058,2022,1,valtteri-bottas,8.0,6,0,0
1058,2022,1,esteban-ocon,6.0,7,0,0
1058,2022,1,yuki-tsunoda,4.0,8,0,0
1058,2022,1,fernando-alonso,2.0,9,0,0
1058,2022,1,guanyu-zhou,1.0,10,0,0
1058,2022,1,mick-schumacher,0,11,0,0
1058,2022,1,lance-stroll,0,12,0,0
1058,2022,1,alexander-albon,0,13,0,0
1058,2022,1,daniel-ricciardo,0,14,0,0
1058,2022,1,lando-norris,0,15,0,0
1058,2022,1,nicholas-latifi,0,16,0,0
1058,2022,1,nico-hulkenberg,0,17,0,0
1058,2022,1,sergio-perez,0,18,0,0
1058,2022,1,max-verstappen,0,19,0,0
1059,2022,2,charles-leclerc,45.0,1,0,0
1059,2022,2,carlos-sainz-jr,33.0,2,0,0
1059,2022,2,max-verstappen,25.0,3,0,0
1059,2022,2,george-russell,22.0,4,0,0
1059,2022,2,lewis-hamilton,16.0,5,0,0
1059,2022,2,esteban-ocon,14.0,6,0,0
1059,2022,2,sergio-perez,12.0,7,0,0
1059,2022,2,kevin-magnussen,12.0,8,0,0
1059,2022,2,valtteri-bottas,8.0,9,0,0
1059,2022,2,lando-norris,6.0,10,0,0
1059,2022,2,yuki-tsunoda,4.0,11,0,0
1059,2022,2,pierre-gasly,4.0,12,0,0
1059,2022,2,fernando-alonso,2.0,13,0,0
1059,2022,2,guanyu-zhou,1.0,14,0,0
1059,2022,2,mick-schumacher,0,15,0,0
1059,2022,2,lance-stroll,0,16,0,0
1059,2022,2,nico-hulkenberg,0,17,0,0
1059,2022,2,alexander-albon,0,18,0,0
1059,2022,2,daniel-ricciardo,0,19,0,0
1059,2022,2,nicholas-latifi,0,20,0,0
1060,2022,3,charles-leclerc,71.0,1,0,0
1060,2022,3,george-russell,37.0,2,0,0
1060,2022,3,carlos-sainz-jr,33.0,3,0,0
1060,2022,3,sergio-perez,30.0,4,0,0
1060,2022,3,lewis-hamilton,28.0,5,0,0
1060,2022,3,max-verstappen,25.0,6,0,0
1060,2022,3,esteban-ocon,20.0,7,0,0
1060,2022,3,lando-norris,16.0,8,0,0
1060,2022,3,kevin-magnussen,12.0,9,0,0
1060,2022,3,valtteri-bottas,12.0,10,0,0
1060,2022,3,daniel-ricciardo,8.0,11,0,0
1060,2022,3,pierre-gasly,6.0,12,0,0
1060,2022,3,yuki-tsunoda,4.0,13,0,0
1060,2022,3,fernando-alonso,2.0,14,0,0
1060,2022,3,guanyu-zhou,1.0,15,0,0
1060,2022,3,alexander-albon,1.0,16,0,0
1060,2022,3,mick-schumacher,0,17,0,0
1060,2022,3,lance-stroll,0,18,0,0
1060,2022,3,nico-hulkenberg,0,19,0,0
1060,2022,3,nicholas-latifi,0,20,0,0
1061,2022,4,charles-leclerc,86.0,1,0,0
1061,2022,4,max-verstappen,59.0,2,0,0
1061,2022,4,sergio-perez,54.0,3,0,0
1061,2022,4,george-russell,49.0,4,0,0
1061,2022,4,carlos-sainz-jr,38.0,5,0,0
1061,2022,4,lando-norris,35.0,6,0,0
1061,2022,4,lewis-hamilton,28.0,7,0,0
1061,2022,4,valtteri-bottas,24.0,8,0,0
1061,2022,4,esteban-ocon,20.0,9,0,0
1061,2022,4,kevin-magnussen,15.0,10,0,0
1061,2022,4,daniel-ricciardo,11.0,11,0,0
1061,2022,4,yuki-tsunoda,10.0,12,0,0
1061,2022,4,pierre-gasly,6.0,13,0,0
1061,2022,4,sebastian-vettel,4.0,14,0,0
1061,2022,4,fernando-alonso,2.0,15,0,0
1061,2022,4,guanyu-zhou,1.0,16,0,0
1061,2022,4,alexander-albon,1.0,17,0,0
1061,2022,4,lance-stroll,1.0,18,0,0
1061,2022,4,mick-schumacher,0,19,0,0
1061,2022,4,nico-hulkenberg,0,20,0,0
1061,2022,4,nicholas-latifi,0,21,0,0
1062,2022,5,charles-leclerc,104.0,1,0,0
1062,2022,5,max-verstappen,85.0,2,0,0
1062,2022,5,sergio-perez,66.0,3,0,0
1062,2022,5,george-russell,59.0,4,0,0
1062,2022,5,carlos-sainz-jr,53.0,5,0,0
1062,2022,5,lewis-hamilton,36.0,6,0,0
1062,2022,5,lando-norris,35.0,7,0,0
1062,2022,5,valtteri-bottas,30.0,8,0,0
1062,2022,5,esteban-ocon,24.0,9,0,0
1062,2022,5,kevin-magnussen,15.0,10,0,0
1062,2022,5,daniel-ricciardo,11.0,11,0,0
1062,2022,5,yuki-tsunoda,10.0,12,0,0
1062,2022,5,pierre-gasly,6.0,13,0,0
1062,2022,5,sebastian-vettel,4.0,14,0,0
1062,2022,5,alexander-albon,3.0,15,0,0
1062,2022,5,fernando-alonso,2.0,16,0,0
1062,2022,5,lance-stroll,2.0,17,0,0
1062,2022,5,guanyu-zhou,1.0,18,0,0
1062,2022,5,mick-schumacher,0,19,0,0
1062,2022,5,nico-hulkenberg,0,20,0,0
1062,2022,5,nicholas-latifi,0,21,0,0
1063,2022,6,max-verstappen,110.0,1,0,0
1063,2022,6,charles-leclerc,104.0,2,0,0
1063,2022,6,sergio-perez,85.0,3,0,0
1063,2022,6,george-russell,74.0,4,0,0
1063,2022,6,carlos-sainz-jr,65.0,5,0,0
1063,2022,6,lewis-hamilton,46.0,6,0,0
1063,2022,6,lando-norris,39.0,7,0,0
1063,2022,6,valtteri-bottas,38.0,8,0,0
1063,2022,6,esteban-ocon,30.0,9,0,0
1063,2022,6,kevin-magnussen,15.0,10,0,0
1063,2022,6,yuki-tsunoda,11.0,11,0,0
1063,2022,6,daniel-ricciardo,11.0,12,0,0
1063,2022,6,pierre-gasly,6.0,13,0,0
1063,2022,6,sebastian-vettel,4.0,14,0,0
1063,2022,6,fernando-alonso,4.0,15,0,0
1063,2022,6,alexander-albon,3.0,16,0,0
1063,2022,6,lance-stroll,2.0,17,0,0
1063,2022,6,guanyu-zhou,1.0,18,0,0
1063,2022,6,mick-schumacher,0,19,0,0
1063,2022,6,nico-hulkenberg,0,20,0,0
1063,2022,6,nicholas-latifi,0,21,0,0
1064,2022,7,max-verstappen,125.0,1,0,0
1064,2022,7,charles-leclerc,116.0,2,0,0
1064,2022,7,sergio-perez,110.0,3,0,0
1064,2022,7,george-russell,84.0,4,0,0
1064,2022,7,carlos-sainz-jr,83.0,5,0,0
1064,2022,7,lewis-hamilton,50.0,6,0,0
1064,2022,7,lando-norris,48.0,7,0,0
1064,2022,7,valtteri-bottas,40.0,8,0,0
1064,2022,7,esteban-ocon,30.0,9,0,0
1064,2022,7,kevin-magnussen,15.0,10,0,0
1064,2022,7,daniel-ricciardo,11.0,11,0,0
1064,2022,7,yuki-tsunoda,11.0,12,0,0
1064,2022,7,fernando-alonso,10.0,13,0,0
1064,2022,7,pierre-gasly,6.0,14,0,0
1064,2022,7,sebastian-vettel,5.0,15,0,0
1064,2022,7,alexander-albon,3.0,16,0,0
1064,2022,7,lance-stroll,2.0,17,0,0
1064,2022,7,guanyu-zhou,1.0,18,0,0
1064,2022,7,mick-schumacher,0,19,0,0
1064,2022,7,nico-hulkenberg,0,20,0,0
1064,2022,7,nicholas-latifi,0,21,0,0
1065,2022,8,max-verstappen,150.0,1,0,0
1065,2022,8,sergio-perez,129.0,2,0,0
1065,2022,8,charles-leclerc,116.0,3,0,0
1065,2022,8,george-russell,99.0,4,0,0
1065,2022,8,carlos-sainz-jr,83.0,5,0,0
1065,2022,8,lewis-hamilton,62.0,6,0,0
1065,2022,8,lando-norris,50.0,7,0,0
1065,2022,8,valtteri-bottas,40.0,8,0,0
1065,2022,8,esteban-ocon,31.0,9,0,0
1065,2022,8,pierre-gasly,16.0,10,0,0
1065,2022,8,fernando-alonso,16.0,11,0,0
1065,2022,8,kevin-magnussen,15.0,12,0,0
1065,2022,8,daniel-ricciardo,15.0,13,0,0
1065,2022,8,sebastian-vettel,13.0,14,0,0
1065,2022,8,yuki-tsunoda,11.0,15,0,0
1065,2022,8,alexander-albon,3.0,16,0,0
1065,2022,8,lance-stroll,2.0,17,0,0
1065,2022,8,guanyu-zhou,1.0,18,0,0
1065,2022,8,mick-schumacher,0,19,0,0
1065,2022,8,nico-hulkenberg,0,20,0,0
1065,2022,8,nicholas-latifi,0,21,0,0
1066,2022,9,max-verstappen,175.0,1,0,0
1066,2022,9,sergio-perez,129.0,2,0,0
1066,2022,9,charles-leclerc,126.0,3,0,0
1066,2022,9,george-russell,111.0,4,0,0
1066,2022,9,carlos-sainz-jr,102.0,5,0,0
1066,2022,9,lewis-hamilton,77.0,6,0,0
1066,2022,9,lando-norris,50.0,7,0,0
1066,2022,9,valtteri-bottas,46.0,8,0,0
1066,2022,9,esteban-ocon,39.0,9,0,0
1066,2022,9,fernando-alonso,18.0,10,0,0
1066,2022,9,pierre-gasly,16.0,11,0,0
1066,2022,9,kevin-magnussen,15.0,12,0,0
1066,2022,9,daniel-ricciardo,15.0,13,0,0
1066,2022,9,sebastian-vettel,13.0,14,0,0
1066,2022,9,yuki-tsunoda,11.0,15,0,0
1066,2022,9,guanyu-zhou,5.0,16,0,0
1066,2022,9,alexander-albon,3.0,17,0,0
1066,2022,9,lance-stroll,3.0,18,0,0
1066,2022,9,mick-schumacher,0,19,0,0
1066,2022,9,nico-hulkenberg,0,20,0,0
1066,2022,9,nicholas-latifi,0,21,0,0
1067,2022,10,max-verstappen,181.0,1,0,0
1067,2022,10,sergio-perez,147.0,2,0,0
1067,2022,10,charles-leclerc,138.0,3,0,0
1067,2022,10,carlos-sainz-jr,127.0,4,0,0
1067,2022,10,george-russell,111.0,5,0,0
1067,2022,10,lewis-hamilton,93.0,6,0,0
1067,2022,10,lando-norris,58.0,7,0,0
1067,2022,10,valtteri-bottas,46.0,8,0,0
1067,2022,10,esteban-ocon,39.0,9,0,0
1067,2022,10,fernando-alonso,28.0,10,0,0
1067,2022,10,pierre-gasly,16.0,11,0,0
1067,2022,10,kevin-magnussen,16.0,12,0,0
1067,2022,10,sebastian-vettel,15.0,13,0,0
1067,2022,10,daniel-ricciardo,15.0,14,0,0
1067,2022,10,yuki-tsunoda,11.0,15,0,0
1067,2022,10,guanyu-zhou,5.0,16,0,0
1067,2022,10,mick-schumacher,4.0,17,0,0
1067,2022,10,alexander-albon,3.0,18,0,0
1067,2022,10,lance-stroll,3.0,19,0,0
1067,2022,10,nicholas-latifi,0,20,0,0
1067,2022,10,nico-hulkenberg,0,21,0,0
1068,2022,11,max-verstappen,208.0,1,0,0
1068,2022,11,charles-leclerc,170.0,2,0,0
1068,2022,11,sergio-perez,151.0,3,0,0
1068,2022,11,carlos-sainz-jr,133.0,4,0,0
1068,2022,11,george-russell,128.0,5,0,0
1068,2022,11,lewis-hamilton,109.0,6,0,0
1068,2022,11,lando-norris,64.0,7,0,0
1068,2022,11,esteban-ocon,52.0,8,0,0
1068,2022,11,valtteri-bottas,46.0,9,0,0
1068,2022,11,fernando-alonso,29.0,10,0,0
1068,2022,11,kevin-magnussen,22.0,11,0,0
1068,2022,11,daniel-ricciardo,17.0,12,0,0
1068,2022,11,pierre-gasly,16.0,13,0,0
1068,2022,11,sebastian-vettel,15.0,14,0,0
1068,2022,11,mick-schumacher,12.0,15,0,0
1068,2022,11,yuki-tsunoda,11.0,16,0,0
1068,2022,11,guanyu-zhou,5.0,17,0,0
1068,2022,11,alexander-albon,3.0,18,0,0
1068,2022,11,lance-stroll,3.0,19,0,0
1068,2022,11,nicholas-latifi,0,20,0,0
1068,2022,11,nico-hulkenberg,0,21,0,0
1069,2022,12,max-verstappen,233.0,1,0,0
1069,2022,12,charles-leclerc,170.0,2,0,0
1069,2022,12,sergio-perez,163.0,3,0,0
1069,2022,12,carlos-sainz-jr,144.0,4,0,0
1069,2022,12,george-russell,143.0,5,0,0
1069,2022,12,lewis-hamilton,127.0,6,0,0
1069,2022,12,lando-norris,70.0,7,0,0
1069,2022,12,esteban-ocon,56.0,8,0,0
1069,2022,12,valtteri-bottas,46.0,9,0,0
1069,2022,12,fernando-alonso,37.0,10,0,0
1069,2022,12,kevin-magnussen,22.0,11,0,0
1069,2022,12,daniel-ricciardo,19.0,12,0,0
1069,2022,12,pierre-gasly,16.0,13,0,0
1069,2022,12,sebastian-vettel,15.0,14,0,0
1069,2022,12,mick-schumacher,12.0,15,0,0
1069,2022,12,yuki-tsunoda,11.0,16,0,0
1069,2022,12,guanyu-zhou,5.0,17,0,0
1069,2022,12,lance-stroll,4.0,18,0,0
1069,2022,12,alexander-albon,3.0,19,0,0
1069,2022,12,nicholas-latifi,0,20,0,0
1069,2022,12,nico-hulkenberg,0,21,0,0
1070,2022,13,max-verstappen,258.0,1,0,0
1070,2022,13,charles-leclerc,178.0,2,0,0
1070,2022,13,sergio-perez,173.0,3,0,0
1070,2022,13,george-russell,158.0,4,0,0
1070,2022,13,carlos-sainz-jr,156.0,5,0,0
1070,2022,13,lewis-hamilton,146.0,6,0,0
1070,2022,13,lando-norris,76.0,7,0,0
1070,2022,13,esteban-ocon,58.0,8,0,0
1070,2022,13,valtteri-bottas,46.0,9,0,0
1070,2022,13,fernando-alonso,41.0,10,0,0
1070,2022,13,kevin-magnussen,22.0,11,0,0
1070,2022,13,daniel-ricciardo,19.0,12,0,0
1070,2022,13,pierre-gasly,16.0,13,0,0
1070,2022,13,sebastian-vettel,16.0,14,0,0
1070,2022,13,mick-schumacher,12.0,15,0,0
1070,2022,13,yuki-tsunoda,11.0,16,0,0
1070,2022,13,guanyu-zhou,5.0,17,0,0
1070,2022,13,lance-stroll,4.0,18,0,0
1070,2022,13,alexander-albon,3.0,19,0,0
1070,2022,13,nicholas-latifi,0,20,0,0
1070,2022,13,nico-hulkenberg,0,21,0,0
1071,2022,14,max-verstappen,284.0,1,0,0
1071,2022,14,sergio-perez,191.0,2,0,0
1071,2022,14,charles-leclerc,186.0,3,0,0
1071,2022,14,carlos-sainz-jr,171.0,4,0,0
1071,2022,14,george-russell,170.0,5,0,0
1071,2022,14,lewis-hamilton,146.0,6,0,0
1071,2022,14,lando-norris,76.0,7,0,0
1071,2022,14,esteban-ocon,64.0,8,0,0
1071,2022,14,fernando-alonso,51.0,9,0,0
1071,2022,14,valtteri-bottas,46.0,10,0,0
1071,2022,14,kevin-magnussen,22.0,11,0,0
1071,2022,14,sebastian-vettel,20.0,12,0,0
1071,2022,14,daniel-ricciardo,19.0,13,0,0
1071,2022,14,pierre-gasly,18.0,14,0,0
1071,2022,14,mick-schumacher,12.0,15,0,0
1071,2022,14,yuki-tsunoda,11.0,16,0,0
1071,2022,14,guanyu-zhou,5.0,17,0,0
1071,2022,14,alexander-albon,4.0,18,0,0
1071,2022,14,lance-stroll,4.0,19,0,0
1071,2022,14,nicholas-latifi,0,20,0,0
1071,2022,14,nico-hulkenberg,0,21,0,0
1072,2022,15,max-verstappen,310.0,1,0,0
1072,2022,15,charles-leclerc,201.0,2,0,0
1072,2022,15,sergio-perez,201.0,3,0,0
1072,2022,15,george-russell,188.0,4,0,0
1072,2022,15,carlos-sainz-jr,175.0,5,0,0
1072,2022,15,lewis-hamilton,158.0,6,0,0
1072,2022,15,lando-norris,82.0,7,0,0
1072,2022,15,esteban-ocon,66.0,8,0,0
1072,2022,15,fernando-alonso,59.0,9,0,0
1072,2022,15,valtteri-bottas,46.0,10,0,0
1072,2022,15,kevin-magnussen,22.0,11,0,0
1072,2022,15,sebastian-vettel,20.0,12,0,0
1072,2022,15,daniel-ricciardo,19.0,13,0,0
1072,2022,15,pierre-gasly,18.0,14,0,0
1072,2022,15,mick-schumacher,12.0,15,0,0
1072,2022,15,yuki-tsunoda,11.0,16,0,0
1072,2022,15,guanyu-zhou,5.0,17,0,0
1072,2022,15,lance-stroll,5.0,18,0,0
1072,2022,15,alexander-albon,4.0,19,0,0
1072,2022,15,nicholas-latifi,0,20,0,0
1072,2022,15,nico-hulkenberg,0,21,0,0
1073,2022,16,max-verstappen,335.0,1,0,0
1073,2022,16,charles-leclerc,219.0,2,0,0
1073,2022,16,sergio-perez,210.0,3,0,0
1073,2022,16,george-russell,203.0,4,0,0
1073,2022,16,carlos-sainz-jr,187.0,5,0,0
1073,2022,16,lewis-hamilton,168.0,6,0,0
1073,2022,16,lando-norris,88.0,7,0,0
1073,2022,16,esteban-ocon,66.0,8,0,0
1073,2022,16,fernando-alonso,59.0,9,0,0
1073,2022,16,valtteri-bottas,46.0,10,0,0
1073,2022,16,pierre-gasly,22.0,11,0,0
1073,2022,16,kevin-magnussen,22.0,12,0,0
1073,2022,16,sebastian-vettel,20.0,13,0,0
1073,2022,16,daniel-ricciardo,19.0,14,0,0
1073,2022,16,mick-schumacher,12.0,15,0,0
1073,2022,16,yuki-tsunoda,11.0,16,0,0
1073,2022,16,guanyu-zhou,6.0,17,0,0
1073,2022,16,lance-stroll,5.0,18,0,0
1073,2022,16,alexander-albon,4.0,19,0,0
1073,2022,16,nyck-de-vries,2.0,20,0,0
1073,2022,16,nicholas-latifi,0,21,0,0
1073,2022,16,nico-hulkenberg,0,22,0,0
1074,2022,17,max-verstappen,341.0,1,0,0
1074,2022,17,charles-leclerc,237.0,2,0,0
1074,2022,17,sergio-perez,235.0,3,0,0
1074,2022,17,george-russell,203.0,4,0,0
1074,2022,17,carlos-sainz-jr,202.0,5,0,0
1074,2022,17,lewis-hamilton,170.0,6,0,0
1074,2022,17,lando-norris,100.0,7,0,0
1074,2022,17,esteban-ocon,66.0,8,0,0
1074,2022,17,fernando-alonso,59.0,9,0,0
1074,2022,17,valtteri-bottas,46.0,10,0,0
1074,2022,17,daniel-ricciardo,29.0,11,0,0
1074,2022,17,sebastian-vettel,24.0,12,0,0
1074,2022,17,pierre-gasly,23.0,13,0,0
1074,2022,17,kevin-magnussen,22.0,14,0,0
1074,2022,17,lance-stroll,13.0,15,0,0
1074,2022,17,mick-schumacher,12.0,16,0,0
1074,2022,17,yuki-tsunoda,11.0,17,0,0
1074,2022,17,guanyu-zhou,6.0,18,0,0
1074,2022,17,alexander-albon,4.0,19,0,0
1074,2022,17,nyck-de-vries,2.0,20,0,0
1074,2022,17,nicholas-latifi,0,21,0,0
1074,2022,17,nico-hulkenberg,0,22,0,0
1075,2022,18,max-verstappen,366.0,1,1,0
1075,2022,18,sergio-perez,253.0,2,0,0
1075,2022,18,charles-leclerc,252.0,3,0,0
1075,2022,18,george-russell,207.0,4,0,0
1075,2022,18,carlos-sainz-jr,202.0,5,0,0
1075,2022,18,lewis-hamilton,180.0,6,0,0
1075,2022,18,lando-norris,101.0,7,0,0
1075,2022,18,esteban-ocon,78.0,8,0,0
1075,2022,18,fernando-alonso,65.0,9,0,0
1075,2022,18,valtteri-bottas,46.0,10,0,0
1075,2022,18,sebastian-vettel,32.0,11,0,0
1075,2022,18,daniel-ricciardo,29.0,12,0,0
1075,2022,18,pierre-gasly,23.0,13,0,0
1075,2022,18,kevin-magnussen,22.0,14,0,0
1075,2022,18,lance-stroll,13.0,15,0,0
1075,2022,18,mick-schumacher,12.0,16,0,0
1075,2022,18,yuki-tsunoda,11.0,17,0,0
1075,2022,18,guanyu-zhou,6.0,18,0,0
1075,2022,18,alexander-albon,4.0,19,0,0
1075,2022,18,nicholas-latifi,2.0,20,0,0
1075,2022,18,nyck-de-vries,2.0,21,0,0
1075,2022,18,nico-hulkenberg,0,22,0,0
1076,2022,19,max-verstappen,391.0,1,1,0
1076,2022,19,charles-leclerc,267.0,2,0,0
1076,2022,19,sergio-perez,265.0,3,0,0
1076,2022,19,george-russell,218.0,4,0,0
1076,2022,19,carlos-sainz-jr,202.0,5,0,0
1076,2022,19,lewis-hamilton,198.0,6,0,0
1076,2022,19,lando-norris,109.0,7,0,0
1076,2022,19,esteban-ocon,78.0,8,0,0
1076,2022,19,fernando-alonso,71.0,9,0,0
1076,2022,19,valtteri-bottas,46.0,10,0,0
1076,2022,19,sebastian-vettel,36.0,11,0,0
1076,2022,19,daniel-ricciardo,29.0,12,0,0
1076,2022,19,kevin-magnussen,24.0,13,0,0
1076,2022,19,pierre-gasly,23.0,14,0,0
1076,2022,19,lance-stroll,13.0,15,0,0
1076,2022,19,mick-schumacher,12.0,16,0,0
1076,2022,19,yuki-tsunoda,12.0,17,0,0
1076,2022,19,guanyu-zhou,6.0,18,0,0
1076,2022,19,alexander-albon,4.0,19,0,0
1076,2022,19,nicholas-latifi,2.0,20,0,0
1076,2022,19,nyck-de-vries,2.0,21,0,0
1076,2022,19,nico-hulkenberg,0,22,0,0
1077,2022,20,max-verstappen,416.0,1,1,0
1077,2022,20,sergio-perez,280.0,2,0,0
1077,2022,20,charles-leclerc,275.0,3,0,0
1077,2022,20,george-russell,231.0,4,0,0
1077,2022,20,lewis-hamilton,216.0,5,0,0
1077,2022,20,carlos-sainz-jr,212.0,6,0,0
1077,2022,20,lando-norris,111.0,7,0,0
1077,2022,20,esteban-ocon,82.0,8,0,0
1077,2022,20,fernando-alonso,71.0,9,0,0
1077,2022,20,valtteri-bottas,47.0,10,0,0
1077,2022,20,sebastian-vettel,36.0,11,0,0
1077,2022,20,daniel-ricciardo,35.0,12,0,0
1077,2022,20,kevin-magnussen,24.0,13,0,0
1077,2022,20,pierre-gasly,23.0,14,0,0
1077,2022,20,lance-stroll,13.0,15,0,0
1077,2022,20,mick-schumacher,12.0,16,0,0
1077,2022,20,yuki-tsunoda,12.0,17,0,0
1077,2022,20,guanyu-zhou,6.0,18,0,0
1077,2022,20,alexander-albon,4.0,19,0,0
1077,2022,20,nicholas-latifi,2.0,20,0,0
1077,2022,20,nyck-de-vries,2.0,21,0,0
1077,2022,20,nico-hulkenberg,0,22,0,0
1078,2022,21,max-verstappen,429.0,1,1,0
1078,2022,21,charles-leclerc,290.0,2,0,0
1078,2022,21,sergio-perez,290.0,3,0,0
1078,2022,21,george-russell,265.0,4,0,0
1078,2022,21,lewis-hamilton,240.0,5,0,0
1078,2022,21,carlos-sainz-jr,234.0,6,0,0
1078,2022,21,lando-norris,113.0,7,0,0
1078,2022,21,esteban-ocon,86.0,8,0,0
1078,2022,21,fernando-alonso,81.0,9,0,0
1078,2022,21,valtteri-bottas,49.0,10,0,0
1078,2022,21,sebastian-vettel,36.0,11,0,0
1078,2022,21,daniel-ricciardo,35.0,12,0,0
1078,2022,21,kevin-magnussen,25.0,13,0,0
1078,2022,21,pierre-gasly,23.0,14,0,0
1078,2022,21,lance-stroll,14.0,15,0,0
1078,2022,21,mick-schumacher,12.0,16,0,0
1078,2022,21,yuki-tsunoda,12.0,17,0,0
1078,2022,21,guanyu-zhou,6.0,18,0,0
1078,2022,21,alexander-albon,4.0,19,0,0
1078,2022,21,nicholas-latifi,2.0,20,0,0
1078,2022,21,nyck-de-vries,2.0,21,0,0
1078,2022,21,nico-hulkenberg,0,22,0,0
1079,2022,22,max-verstappen,454.0,1,1,1
1079,2022,22,charles-leclerc,308.0,2,0,1
1079,2022,22,sergio-perez,305.0,3,0,1
1079,2022,22,george-russell,275.0,4,0,1
1079,2022,22,carlos-sainz-jr,246.0,5,0,1
1079,2022,22,lewis-hamilton,240.0,6,0,1
1079,2022,22,lando-norris,122.0,7,0,1
1079,2022,22,esteban-ocon,92.0,8,0,1
1079,2022,22,fernando-alonso,81.0,9,0,1
1079,2022,22,valtteri-bottas,49.0,10,0,1
1079,2022,22,daniel-ricciardo,37.0,11,0,1
1079,2022,22,sebastian-vettel,37.0,12,0,1
1079,2022,22,kevin-magnussen,25.0,13,0,1
1079,2022,22,pierre-gasly,23.0,14,0,1
1079,2022,22,lance-stroll,18.0,15,0,1
1079,2022,22,mick-schumacher,12.0,16,0,1
1079,2022,22,yuki-tsunoda,12.0,17,0,1
1079,2022,22,guanyu-zhou,6.0,18,0,1
1079,2022,22,alexander-albon,4.0,19,0,1
1079,2022,22,nicholas-latifi,2.0,20,0,1
1079,2022,22,nyck-de-vries,2.0,21,0,1
1079,2022,22,nico-hulkenberg,0,22,0,1
1080,2023,1,max-verstappen,25.0,1,0,0
1080,2023,1,sergio-perez,18.0,2,0,0
1080,2023,1,fernando-alonso,15.0,3,0,0
1080,2023,1,carlos-sainz-jr,12.0,4,0,0
1080,2023,1,lewis-hamilton,10.0,5,0,0
1080,2023,1,lance-stroll,8.0,6,0,0
1080,2023,1,george-russell,6.0,7,0,0
1080,2023,1,valtteri-bottas,4.0,8,0,0
1080,2023,1,pierre-gasly,2.0,9,0,0
1080,2023,1,alexander-albon,1.0,10,0,0
1080,2023,1,yuki-tsunoda,0,11,0,0
1080,2023,1,logan-sargeant,0,12,0,0
1080,2023,1,kevin-magnussen,0,13,0,0
1080,2023,1,nyck-de-vries,0,14,0,0
1080,2023,1,nico-hulkenberg,0,15,0,0
1080,2023,1,guanyu-zhou,0,16,0,0
1080,2023,1,lando-norris,0,17,0,0
1081,2023,2,max-verstappen,44.0,1,0,0
1081,2023,2,sergio-perez,43.0,2,0,0
1081,2023,2,fernando-alonso,30.0,3,0,0
1081,2023,2,carlos-sainz-jr,20.0,4,0,0
1081,2023,2,lewis-hamilton,20.0,5,0,0
1081,2023,2,george-russell,18.0,6,0,0
1081,2023,2,lance-stroll,8.0,7,0,0
1081,2023,2,charles-leclerc,6.0,8,0,0
1081,2023,2,valtteri-bottas,4.0,9,0,0
1081,2023,2,esteban-ocon,4.0,10,0,0
1081,2023,2,pierre-gasly,4.0,11,0,0
1081,2023,2,kevin-magnussen,1.0,12,0,0
1081,2023,2,alexander-albon,1.0,13,0,0
1081,2023,2,yuki-tsunoda,0,14,0,0
1081,2023,2,nico-hulkenberg,0,15,0,0
1081,2023,2,logan-sargeant,0,16,0,0
1081,2023,2,guanyu-zhou,0,17,0,0
1081,2023,2,nyck-de-vries,0,18,0,0
1081,2023,2,oscar-piastri,0,19,0,0
1081,2023,2,lando-norris,0,20,0,0
1082,2023,3,max-verstappen,69.0,1,0,0
1082,2023,3,sergio-perez,54.0,2,0,0
1082,2023,3,fernando-alonso,45.0,3,0,0
1082,2023,3,lewis-hamilton,38.0,4,0,0
1082,2023,3,carlos-sainz-jr,20.0,5,0,0
1082,2023,3,lance-stroll,20.0,6,0,0
1082,2023,3,george-russell,18.0,7,0,0
1082,2023,3,lando-norris,8.0,8,0,0
1082,2023,3,nico-hulkenberg,6.0,9,0,0
1082,2023,3,charles-leclerc,6.0,10,0,0
1082,2023,3,valtteri-bottas,4.0,11,0,0
1082,2023,3,esteban-ocon,4.0,12,0,0
1082,2023,3,oscar-piastri,4.0,13,0,0
1082,2023,3,pierre-gasly,4.0,14,0,0
1082,2023,3,guanyu-zhou,2.0,15,0,0
1082,2023,3,yuki-tsunoda,1.0,16,0,0
1082,2023,3,kevin-magnussen,1.0,17,0,0
1082,2023,3,alexander-albon,1.0,18,0,0
1082,2023,3,logan-sargeant,0,19,0,0
1082,2023,3,nyck-de-vries,0,20,0,0
1083,2023,4,max-verstappen,93.0,1,0,0
1083,2023,4,sergio-perez,87.0,2,0,0
1083,2023,4,fernando-alonso,60.0,3,0,0
1083,2023,4,lewis-hamilton,48.0,4,0,0
1083,2023,4,carlos-sainz-jr,34.0,5,0,0
1083,2023,4,charles-leclerc,28.0,6,0,0
1083,2023,4,george-russell,28.0,7,0,0
1083,2023,4,lance-stroll,27.0,8,0,0
1083,2023,4,lando-norris,10.0,9,0,0
1083,2023,4,nico-hulkenberg,6.0,10,0,0
1083,2023,4,oscar-piastri,4.0,11,0,0
1083,2023,4,valtteri-bottas,4.0,12,0,0
1083,2023,4,esteban-ocon,4.0,13,0,0
1083,2023,4,pierre-gasly,4.0,14,0,0
1083,2023,4,guanyu-zhou,2.0,15,0,0
1083,2023,4,yuki-tsunoda,2.0,16,0,0
1083,2023,4,alexander-albon,1.0,17,0,0
1083,2023,4,kevin-magnussen,1.0,18,0,0
1083,2023,4,logan-sargeant,0,19,0,0
1083,2023,4,nyck-de-vries,0,20,0,0
1084,2023,5,max-verstappen,119.0,1,0,0
1084,2023,5,sergio-perez,105.0,2,0,0
1084,2023,5,fernando-alonso,75.0,3,0,0
1084,2023,5,lewis-hamilton,56.0,4,0,0
1084,2023,5,carlos-sainz-jr,44.0,5,0,0
1084,2023,5,george-russell,40.0,6,0,0
1084,2023,5,charles-leclerc,34.0,7,0,0
1084,2023,5,lance-stroll,27.0,8,0,0
1084,2023,5,lando-norris,10.0,9,0,0
1084,2023,5,pierre-gasly,8.0,10,0,0
1084,2023,5,nico-hulkenberg,6.0,11,0,0
1084,2023,5,esteban-ocon,6.0,12,0,0
1084,2023,5,valtteri-bottas,4.0,13,0,0
1084,2023,5,oscar-piastri,4.0,14,0,0
1084,2023,5,guanyu-zhou,2.0,15,0,0
1084,2023,5,yuki-tsunoda,2.0,16,0,0
1084,2023,5,kevin-magnussen,2.0,17,0,0
1084,2023,5,alexander-albon,1.0,18,0,0
1084,2023,5,logan-sargeant,0,19,0,0
1084,2023,5,nyck-de-vries,0,20,0,0
1085,2023,6,max-verstappen,144.0,1,0,0
1085,2023,6,sergio-perez,105.0,2,0,0
1085,2023,6,fernando-alonso,93.0,3,0,0
1085,2023,6,lewis-hamilton,69.0,4,0,0
1085,2023,6,george-russell,50.0,5,0,0
1085,2023,6,carlos-sainz-jr,48.0,6,0,0
1085,2023,6,charles-leclerc,42.0,7,0,0
1085,2023,6,lance-stroll,27.0,8,0,0
1085,2023,6,esteban-ocon,21.0,9,0,0
1085,2023,6,pierre-gasly,14.0,10,0,0
1085,2023,6,lando-norris,12.0,11,0,0
1085,2023,6,nico-hulkenberg,6.0,12,0,0
1085,2023,6,oscar-piastri,5.0,13,0,0
1085,2023,6,valtteri-bottas,4.0,14,0,0
1085,2023,6,guanyu-zhou,2.0,15,0,0
1085,2023,6,yuki-tsunoda,2.0,16,0,0
1085,2023,6,kevin-magnussen,2.0,17,0,0
1085,2023,6,alexander-albon,1.0,18,0,0
1085,2023,6,nyck-de-vries,0,19,0,0
1085,2023,6,logan-sargeant,0,20,0,0
1086,2023,7,max-verstappen,170.0,1,0,0
1086,2023,7,sergio-perez,117.0,2,0,0
1086,2023,7,fernando-alonso,99.0,3,0,0
1086,2023,7,lewis-hamilton,87.0,4,0,0
1086,2023,7,george-russell,65.0,5,0,0
1086,2023,7,carlos-sainz-jr,58.0,6,0,0
1086,2023,7,charles-leclerc,42.0,7,0,0
1086,2023,7,lance-stroll,35.0,8,0,0
1086,2023,7,esteban-ocon,25.0,9,0,0
1086,2023,7,pierre-gasly,15.0,10,0,0
1086,2023,7,lando-norris,12.0,11,0,0
1086,2023,7,nico-hulkenberg,6.0,12,0,0
1086,2023,7,oscar-piastri,5.0,13,0,0
1086,2023,7,valtteri-bottas,4.0,14,0,0
1086,2023,7,guanyu-zhou,4.0,15,0,0
1086,2023,7,yuki-tsunoda,2.0,16,0,0
1086,2023,7,kevin-magnussen,2.0,17,0,0
1086,2023,7,alexander-albon,1.0,18,0,0
1086,2023,7,nyck-de-vries,0,19,0,0
1086,2023,7,logan-sargeant,0,20,0,0
1087,2023,8,max-verstappen,195.0,1,0,0
1087,2023,8,sergio-perez,126.0,2,0,0
1087,2023,8,fernando-alonso,117.0,3,0,0
1087,2023,8,lewis-hamilton,102.0,4,0,0
1087,2023,8,carlos-sainz-jr,68.0,5,0,0
1087,2023,8,george-russell,65.0,6,0,0
1087,2023,8,charles-leclerc,54.0,7,0,0
1087,2023,8,lance-stroll,37.0,8,0,0
1087,2023,8,esteban-ocon,29.0,9,0,0
1087,2023,8,pierre-gasly,15.0,10,0,0
1087,2023,8,lando-norris,12.0,11,0,0
1087,2023,8,alexander-albon,7.0,12,0,0
1087,2023,8,nico-hulkenberg,6.0,13,0,0
1087,2023,8,oscar-piastri,5.0,14,0,0
1087,2023,8,valtteri-bottas,5.0,15,0,0
1087,2023,8,guanyu-zhou,4.0,16,0,0
1087,2023,8,yuki-tsunoda,2.0,17,0,0
1087,2023,8,kevin-magnussen,2.0,18,0,0
1087,2023,8,nyck-de-vries,0,19,0,0
1087,2023,8,logan-sargeant,0,20,0,0
1088,2023,9,max-verstappen,229.0,1,0,0
1088,2023,9,sergio-perez,148.0,2,0,0
1088,2023,9,fernando-alonso,131.0,3,0,0
1088,2023,9,lewis-hamilton,106.0,4,0,0
1088,2023,9,carlos-sainz-jr,82.0,5,0,0
1088,2023,9,charles-leclerc,72.0,6,0,0
1088,2023,9,george-russell,72.0,7,0,0
1088,2023,9,lance-stroll,44.0,8,0,0
1088,2023,9,esteban-ocon,31.0,9,0,0
1088,2023,9,lando-norris,24.0,10,0,0
1088,2023,9,pierre-gasly,16.0,11,0,0
1088,2023,9,nico-hulkenberg,9.0,12,0,0
1088,2023,9,alexander-albon,7.0,13,0,0
1088,2023,9,oscar-piastri,5.0,14,0,0
1088,2023,9,valtteri-bottas,5.0,15,0,0
1088,2023,9,guanyu-zhou,4.0,16,0,0
1088,2023,9,yuki-tsunoda,2.0,17,0,0
1088,2023,9,kevin-magnussen,2.0,18,0,0
1088,2023,9,logan-sargeant,0,19,0,0
1088,2023,9,nyck-de-vries,0,20,0,0
1089,2023,10,max-verstappen,255.0,1,0,0
1089,2023,10,sergio-perez,156.0,2,0,0
1089,2023,10,fernando-alonso,137.0,3,0,0
1089,2023,10,lewis-hamilton,121.0,4,0,0
1089,2023,10,carlos-sainz-jr,83.0,5,0,0
1089,2023,10,george-russell,82.0,6,0,0
1089,2023,10,charles-leclerc,74.0,7,0,0
1089,2023,10,lance-stroll,44.0,8,0,0
1089,2023,10,lando-norris,42.0,9,0,0
1089,2023,10,esteban-ocon,31.0,10,0,0
1089,2023,10,oscar-piastri,17.0,11,0,0
1089,2023,10,pierre-gasly,16.0,12,0,0
1089,2023,10,alexander-albon,11.0,13,0,0
1089,2023,10,nico-hulkenberg,9.0,14,0,0
1089,2023,10,valtteri-bottas,5.0,15,0,0
1089,2023,10,guanyu-zhou,4.0,16,0,0
1089,2023,10,yuki-tsunoda,2.0,17,0,0
1089,2023,10,kevin-magnussen,2.0,18,0,0
1089,2023,10,logan-sargeant,0,19,0,0
1089,2023,10,nyck-de-vries,0,20,0,0
1090,2023,11,max-verstappen,281.0,1,0,0
1090,2023,11,sergio-perez,171.0,2,0,0
1090,2023,11,fernando-alonso,139.0,3,0,0
1090,2023,11,lewis-hamilton,133.0,4,0,0
1090,2023,11,george-russell,90.0,5,0,0
1090,2023,11,carlos-sainz-jr,87.0,6,0,0
1090,2023,11,charles-leclerc,80.0,7,0,0
1090,2023,11,lando-norris,60.0,8,0,0
1090,2023,11,lance-stroll,45.0,9,0,0
1090,2023,11,esteban-ocon,31.0,10,0,0
1090,2023,11,oscar-piastri,27.0,11,0,0
1090,2023,11,pierre-gasly,16.0,12,0,0
1090,2023,11,alexander-albon,11.0,13,0,0
1090,2023,11,nico-hulkenberg,9.0,14,0,0
1090,2023,11,valtteri-bottas,5.0,15,0,0
1090,2023,11,guanyu-zhou,4.0,16,0,0
1090,2023,11,yuki-tsunoda,2.0,17,0,0
1090,2023,11,kevin-magnussen,2.0,18,0,0
1090,2023,11,logan-sargeant,0,19,0,0
1090,2023,11,nyck-de-vries,0,20,0,0
1090,2023,11,daniel-ricciardo,0,21,0,0
1091,2023,12,max-verstappen,314.0,1,0,0
1091,2023,12,sergio-perez,189.0,2,0,0
1091,2023,12,fernando-alonso,149.0,3,0,0
1091,2023,12,lewis-hamilton,148.0,4,0,0
1091,2023,12,charles-leclerc,99.0,5,0,0
1091,2023,12,george-russell,99.0,6,0,0
1091,2023,12,carlos-sainz-jr,92.0,7,0,0
1091,2023,12,lando-norris,69.0,8,0,0
1091,2023,12,lance-stroll,47.0,9,0,0
1091,2023,12,esteban-ocon,35.0,10,0,0
1091,2023,12,oscar-piastri,34.0,11,0,0
1091,2023,12,pierre-gasly,22.0,12,0,0
1091,2023,12,alexander-albon,11.0,13,0,0
1091,2023,12,nico-hulkenberg,9.0,14,0,0
1091,2023,12,valtteri-bottas,5.0,15,0,0
1091,2023,12,guanyu-zhou,4.0,16,0,0
1091,2023,12,yuki-tsunoda,3.0,17,0,0
1091,2023,12,kevin-magnussen,2.0,18,0,0
1091,2023,12,logan-sargeant,0,19,0,0
1091,2023,12,nyck-de-vries,0,20,0,0
1091,2023,12,daniel-ricciardo,0,21,0,0
1092,2023,13,max-verstappen,339.0,1,0,0
1092,2023,13,sergio-perez,201.0,2,0,0
1092,2023,13,fernando-alonso,168.0,3,0,0
1092,2023,13,lewis-hamilton,156.0,4,0,0
1092,2023,13,carlos-sainz-jr,102.0,5,0,0
1092,2023,13,charles-leclerc,99.0,6,0,0
1092,2023,13,george-russell,99.0,7,0,0
1092,2023,13,lando-norris,75.0,8,0,0
1092,2023,13,lance-stroll,47.0,9,0,0
1092,2023,13,pierre-gasly,37.0,10,0,0
1092,2023,13,esteban-ocon,36.0,11,0,0
1092,2023,13,oscar-piastri,36.0,12,0,0
1092,2023,13,alexander-albon,15.0,13,0,0
1092,2023,13,nico-hulkenberg,9.0,14,0,0
1092,2023,13,valtteri-bottas,5.0,15,0,0
1092,2023,13,guanyu-zhou,4.0,16,0,0
1092,2023,13,yuki-tsunoda,3.0,17,0,0
1092,2023,13,kevin-magnussen,2.0,18,0,0
1092,2023,13,logan-sargeant,0,19,0,0
1092,2023,13,nyck-de-vries,0,20,0,0
1092,2023,13,daniel-ricciardo,0,21,0,0
1092,2023,13,liam-lawson,0,22,0,0
1093,2023,14,max-verstappen,364.0,1,0,0
1093,2023,14,sergio-perez,219.0,2,0,0
1093,2023,14,fernando-alonso,170.0,3,0,0
1093,2023,14,lewis-hamilton,164.0,4,0,0
1093,2023,14,carlos-sainz-jr,117.0,5,0,0
1093,2023,14,charles-leclerc,111.0,6,0,0
1093,2023,14,george-russell,109.0,7,0,0
1093,2023,14,lando-norris,79.0,8,0,0
1093,2023,14,lance-stroll,47.0,9,0,0
1093,2023,14,pierre-gasly,37.0,10,0,0
1093,2023,14,esteban-ocon,36.0,11,0,0
1093,2023,14,oscar-piastri,36.0,12,0,0
1093,2023,14,alexander-albon,21.0,13,0,0
1093,2023,14,nico-hulkenberg,9.0,14,0,0
1093,2023,14,valtteri-bottas,6.0,15,0,0
1093,2023,14,guanyu-zhou,4.0,16,0,0
1093,2023,14,yuki-tsunoda,3.0,17,0,0
1093,2023,14,kevin-magnussen,2.0,18,0,0
1093,2023,14,logan-sargeant,0,19,0,0
1093,2023,14,liam-lawson,0,20,0,0
1093,2023,14,nyck-de-vries,0,21,0,0
1093,2023,14,daniel-ricciardo,0,22,0,0
1094,2023,15,max-verstappen,374.0,1,0,0
1094,2023,15,sergio-perez,223.0,2,0,0
1094,2023,15,lewis-hamilton,180.0,3,0,0
1094,2023,15,fernando-alonso,170.0,4,0,0
1094,2023,15,carlos-sainz-jr,142.0,5,0,0
1094,2023,15,charles-leclerc,123.0,6,0,0
1094,2023,15,george-russell,109.0,7,0,0
1094,2023,15,lando-norris,97.0,8,0,0
1094,2023,15,lance-stroll,47.0,9,0,0
1094,2023,15,pierre-gasly,45.0,10,0,0
1094,2023,15,oscar-piastri,42.0,11,0,0
1094,2023,15,esteban-ocon,36.0,12,0,0
1094,2023,15,alexander-albon,21.0,13,0,0
1094,2023,15,nico-hulkenberg,9.0,14,0,0
1094,2023,15,valtteri-bottas,6.0,15,0,0
1094,2023,15,guanyu-zhou,4.0,16,0,0
1094,2023,15,yuki-tsunoda,3.0,17,0,0
1094,2023,15,kevin-magnussen,3.0,18,0,0
1094,2023,15,liam-lawson,2.0,19,0,0
1094,2023,15,logan-sargeant,0,20,0,0
1094,2023,15,nyck-de-vries,0,21,0,0
1094,2023,15,daniel-ricciardo,0,22,0,0
1095,2023,16,max-verstappen,400.0,1,0,0
1095,2023,16,sergio-perez,223.0,2,0,0
1095,2023,16,lewis-hamilton,190.0,3,0,0
1095,2023,16,fernando-alonso,174.0,4,0,0
1095,2023,16,carlos-sainz-jr,150.0,5,0,0
1095,2023,16,charles-leclerc,135.0,6,0,0
1095,2023,16,lando-norris,115.0,7,0,0
1095,2023,16,george-russell,115.0,8,0,0
1095,2023,16,oscar-piastri,57.0,9,0,0
1095,2023,16,lance-stroll,47.0,10,0,0
1095,2023,16,pierre-gasly,46.0,11,0,0
1095,2023,16,esteban-ocon,38.0,12,0,0
1095,2023,16,alexander-albon,21.0,13,0,0
1095,2023,16,nico-hulkenberg,9.0,14,0,0
1095,2023,16,valtteri-bottas,6.0,15,0,0
1095,2023,16,guanyu-zhou,4.0,16,0,0
1095,2023,16,yuki-tsunoda,3.0,17,0,0
1095,2023,16,kevin-magnussen,3.0,18,0,0
1095,2023,16,liam-lawson,2.0,19,0,0
1095,2023,16,logan-sargeant,0,20,0,0
1095,2023,16,nyck-de-vries,0,21,0,0
1095,2023,16,daniel-ricciardo,0,22,0,0
1096,2023,17,max-verstappen,433.0,1,1,0
1096,2023,17,sergio-perez,224.0,2,0,0
1096,2023,17,lewis-hamilton,194.0,3,0,0
1096,2023,17,fernando-alonso,183.0,4,0,0
1096,2023,17,carlos-sainz-jr,153.0,5,0,0
1096,2023,17,charles-leclerc,145.0,6,0,0
1096,2023,17,lando-norris,136.0,7,0,0
1096,2023,17,george-russell,132.0,8,0,0
1096,2023,17,oscar-piastri,83.0,9,0,0
1096,2023,17,lance-stroll,47.0,10,0,0
1096,2023,17,pierre-gasly,46.0,11,0,0
1096,2023,17,esteban-ocon,44.0,12,0,0
1096,2023,17,alexander-albon,23.0,13,0,0
1096,2023,17,valtteri-bottas,10.0,14,0,0
1096,2023,17,nico-hulkenberg,9.0,15,0,0
1096,2023,17,guanyu-zhou,6.0,16,0,0
1096,2023,17,yuki-tsunoda,3.0,17,0,0
1096,2023,17,kevin-magnussen,3.0,18,0,0
1096,2023,17,liam-lawson,2.0,19,0,0
1096,2023,17,logan-sargeant,0,20,0,0
1096,2023,17,nyck-de-vries,0,21,0,0
1096,2023,17,daniel-ricciardo,0,22,0,0
1097,2023,18,max-verstappen,466.0,1,1,0
1097,2023,18,sergio-perez,240.0,2,0,0
1097,2023,18,lewis-hamilton,201.0,3,0,0
1097,2023,18,fernando-alonso,183.0,4,0,0
1097,2023,18,carlos-sainz-jr,171.0,5,0,0
1097,2023,18,lando-norris,159.0,6,0,0
1097,2023,18,charles-leclerc,151.0,7,0,0
1097,2023,18,george-russell,143.0,8,0,0
1097,2023,18,oscar-piastri,83.0,9,0,0
1097,2023,18,pierre-gasly,56.0,10,0,0
1097,2023,18,lance-stroll,53.0,11,0,0
1097,2023,18,esteban-ocon,44.0,12,0,0
1097,2023,18,alexander-albon,25.0,13,0,0
1097,2023,18,valtteri-bottas,10.0,14,0,0
1097,2023,18,nico-hulkenberg,9.0,15,0,0
1097,2023,18,yuki-tsunoda,8.0,16,0,0
1097,2023,18,guanyu-zhou,6.0,17,0,0
1097,2023,18,kevin-magnussen,3.0,18,0,0
1097,2023,18,liam-lawson,2.0,19,0,0
1097,2023,18,logan-sargeant,1.0,20,0,0
1097,2023,18,nyck-de-vries,0,21,0,0
1097,2023,18,daniel-ricciardo,0,22,0,0
1098,2023,19,max-verstappen,491.0,1,1,0
1098,2023,19,sergio-perez,240.0,2,0,0
1098,2023,19,lewis-hamilton,220.0,3,0,0
1098,2023,19,carlos-sainz-jr,183.0,4,0,0
1098,2023,19,fernando-alonso,183.0,5,0,0
1098,2023,19,lando-norris,169.0,6,0,0
1098,2023,19,charles-leclerc,166.0,7,0,0
1098,2023,19,george-russell,151.0,8,0,0
1098,2023,19,oscar-piastri,87.0,9,0,0
1098,2023,19,pierre-gasly,56.0,10,0,0
1098,2023,19,lance-stroll,53.0,11,0,0
1098,2023,19,esteban-ocon,45.0,12,0,0
1098,2023,19,alexander-albon,27.0,13,0,0
1098,2023,19,valtteri-bottas,10.0,14,0,0
1098,2023,19,nico-hulkenberg,9.0,15,0,0
1098,2023,19,yuki-tsunoda,8.0,16,0,0
1098,2023,19,daniel-ricciardo,6.0,17,0,0
1098,2023,19,guanyu-zhou,6.0,18,0,0
1098,2023,19,kevin-magnussen,3.0,19,0,0
1098,2023,19,liam-lawson,2.0,20,0,0
1098,2023,19,logan-sargeant,1.0,21,0,0
1098,2023,19,nyck-de-vries,0,22,0,0
1099,2023,20,max-verstappen,524.0,1,1,0
1099,2023,20,sergio-perez,258.0,2,0,0
1099,2023,20,lewis-hamilton,226.0,3,0,0
1099,2023,20,fernando-alonso,198.0,4,0,0
1099,2023,20,lando-norris,195.0,5,0,0
1099,2023,20,carlos-sainz-jr,192.0,6,0,0
1099,2023,20,charles-leclerc,170.0,7,0,0
1099,2023,20,george-russell,156.0,8,0,0
1099,2023,20,oscar-piastri,87.0,9,0,0
1099,2023,20,lance-stroll,63.0,10,0,0
1099,2023,20,pierre-gasly,62.0,11,0,0
1099,2023,20,esteban-ocon,46.0,12,0,0
1099,2023,20,alexander-albon,27.0,13,0,0
1099,2023,20,yuki-tsunoda,13.0,14,0,0
1099,2023,20,valtteri-bottas,10.0,15,0,0
1099,2023,20,nico-hulkenberg,9.0,16,0,0
1099,2023,20,daniel-ricciardo,6.0,17,0,0
1099,2023,20,guanyu-zhou,6.0,18,0,0
1099,2023,20,kevin-magnussen,3.0,19,0,0
1099,2023,20,liam-lawson,2.0,20,0,0
1099,2023,20,logan-sargeant,1.0,21,0,0
1099,2023,20,nyck-de-vries,0,22,0,0
1100,2023,21,max-verstappen,549.0,1,1,0
1100,2023,21,sergio-perez,273.0,2,0,0
1100,2023,21,lewis-hamilton,232.0,3,0,0
1100,2023,21,carlos-sainz-jr,200.0,4,0,0
1100,2023,21,fernando-alonso,200.0,5,0,0
1100,2023,21,lando-norris,195.0,6,0,0
1100,2023,21,charles-leclerc,188.0,7,0,0
1100,2023,21,george-russell,160.0,8,0,0
1100,2023,21,oscar-piastri,89.0,9,0,0
1100,2023,21,lance-stroll,73.0,10,0,0
1100,2023,21,pierre-gasly,62.0,11,0,0
1100,2023,21,esteban-ocon,58.0,12,0,0
1100,2023,21,alexander-albon,27.0,13,0,0
1100,2023,21,yuki-tsunoda,13.0,14,0,0
1100,2023,21,valtteri-bottas,10.0,15,0,0
1100,2023,21,nico-hulkenberg,9.0,16,0,0
1100,2023,21,daniel-ricciardo,6.0,17,0,0
1100,2023,21,guanyu-zhou,6.0,18,0,0
1100,2023,21,kevin-magnussen,3.0,19,0,0
1100,2023,21,liam-lawson,2.0,20,0,0
1100,2023,21,logan-sargeant,1.0,21,0,0
1100,2023,21,nyck-de-vries,0,22,0,0
1101,2023,22,max-verstappen,575.0,1,1,1
1101,2023,22,sergio-perez,285.0,2,0,1
1101,2023,22,lewis-hamilton,234.0,3,0,1
1101,2023,22,fernando-alonso,206.0,4,0,1
1101,2023,22,charles-leclerc,206.0,5,0,1
1101,2023,22,lando-norris,205.0,6,0,1
1101,2023,22,carlos-sainz-jr,200.0,7,0,1
1101,2023,22,george-russell,175.0,8,0,1
1101,2023,22,oscar-piastri,97.0,9,0,1
1101,2023,22,lance-stroll,74.0,10,0,1
1101,2023,22,pierre-gasly,62.0,11,0,1
1101,2023,22,esteban-ocon,58.0,12,0,1
1101,2023,22,alexander-albon,27.0,13,0,1
1101,2023,22,yuki-tsunoda,17.0,14,0,1
1101,2023,22,valtteri-bottas,10.0,15,0,1
1101,2023,22,nico-hulkenberg,9.0,16,0,1
1101,2023,22,daniel-ricciardo,6.0,17,0,1
1101,2023,22,guanyu-zhou,6.0,18,0,1
1101,2023,22,kevin-magnussen,3.0,19,0,1
1101,2023,22,liam-lawson,2.0,20,0,1
1101,2023,22,logan-sargeant,1.0,21,0,1
1101,2023,22,nyck-de-vries,0,22,0,1
1102,2024,1,max-verstappen,26.0,1,0,0
1102,2024,1,sergio-perez,18.0,2,0,0
1102,2024,1,carlos-sainz-jr,15.0,3,0,0
1102,2024,1,charles-leclerc,12.0,4,0,0
1102,2024,1,george-russell,10.0,5,0,0
1102,2024,1,lando-norris,8.0,6,0,0
1102,2024,1,lewis-hamilton,6.0,7,0,0
1102,2024,1,oscar-piastri,4.0,8,0,0
1102,2024,1,fernando-alonso,2.0,9,0,0
1102,2024,1,lance-stroll,1.0,10,0,0
1102,2024,1,guanyu-zhou,0,11,0,0
1102,2024,1,kevin-magnussen,0,12,0,0
1102,2024,1,daniel-ricciardo,0,13,0,0
1102,2024,1,yuki-tsunoda,0,14,0,0
1102,2024,1,alexander-albon,0,15,0,0
1102,2024,1,nico-hulkenberg,0,16,0,0
1102,2024,1,esteban-ocon,0,17,0,0
1102,2024,1,pierre-gasly,0,18,0,0
1102,2024,1,valtteri-bottas,0,19,0,0
1102,2024,1,logan-sargeant,0,20,0,0
1103,2024,2,max-verstappen,51.0,1,0,0
1103,2024,2,sergio-perez,36.0,2,0,0
1103,2024,2,charles-leclerc,28.0,3,0,0
1103,2024,2,george-russell,18.0,4,0,0
1103,2024,2,oscar-piastri,16.0,5,0,0
1103,2024,2,carlos-sainz-jr,15.0,6,0,0
1103,2024,2,fernando-alonso,12.0,7,0,0
1103,2024,2,lando-norris,12.0,8,0,0
1103,2024,2,lewis-hamilton,8.0,9,0,0
1103,2024,2,oliver-bearman,6.0,10,0,0
1103,2024,2,nico-hulkenberg,1.0,11,0,0
1103,2024,2,lance-stroll,1.0,12,0,0
1103,2024,2,alexander-albon,0,13,0,0
1103,2024,2,guanyu-zhou,0,14,0,0
1103,2024,2,kevin-magnussen,0,15,0,0
1103,2024,2,daniel-ricciardo,0,16,0,0
1103,2024,2,esteban-ocon,0,17,0,0
1103,2024,2,yuki-tsunoda,0,18,0,0
1103,2024,2,logan-sargeant,0,19,0,0
1103,2024,2,valtteri-bottas,0,20,0,0
1103,2024,2,pierre-gasly,0,21,0,0
1104,2024,3,max-verstappen,51.0,1,0,0
1104,2024,3,charles-leclerc,47.0,2,0,0
1104,2024,3,sergio-perez,46.0,3,0,0
1104,2024,3,carlos-sainz-jr,40.0,4,0,0
1104,2024,3,oscar-piastri,28.0,5,0,0
1104,2024,3,lando-norris,27.0,6,0,0
1104,2024,3,george-russell,18.0,7,0,0
1104,2024,3,fernando-alonso,16.0,8,0,0
1104,2024,3,lance-stroll,9.0,9,0,0
1104,2024,3,lewis-hamilton,8.0,10,0,0
1104,2024,3,yuki-tsunoda,6.0,11,0,0
1104,2024,3,oliver-bearman,6.0,12,0,0
1104,2024,3,nico-hulkenberg,3.0,13,0,0
1104,2024,3,kevin-magnussen,1.0,14,0,0
1104,2024,3,alexander-albon,0,15,0,0
1104,2024,3,guanyu-zhou,0,16,0,0
1104,2024,3,daniel-ricciardo,0,17,0,0
1104,2024,3,esteban-ocon,0,18,0,0
1104,2024,3,pierre-gasly,0,19,0,0
1104,2024,3,valtteri-bottas,0,20,0,0
1104,2024,3,logan-sargeant,0,21,0,0
1105,2024,4,max-verstappen,77.0,1,0,0
1105,2024,4,sergio-perez,64.0,2,0,0
1105,2024,4,charles-leclerc,59.0,3,0,0
1105,2024,4,carlos-sainz-jr,55.0,4,0,0
1105,2024,4,lando-norris,37.0,5,0,0
1105,2024,4,oscar-piastri,32.0,6,0,0
1105,2024,4,george-russell,24.0,7,0,0
1105,2024,4,fernando-alonso,24.0,8,0,0
1105,2024,4,lewis-hamilton,10.0,9,0,0
1105,2024,4,lance-stroll,9.0,10,0,0
1105,2024,4,yuki-tsunoda,7.0,11,0,0
1105,2024,4,oliver-bearman,6.0,12,0,0
1105,2024,4,nico-hulkenberg,3.0,13,0,0
1105,2024,4,kevin-magnussen,1.0,14,0,0
1105,2024,4,alexander-albon,0,15,0,0
1105,2024,4,guanyu-zhou,0,16,0,0
1105,2024,4,daniel-ricciardo,0,17,0,0
1105,2024,4,esteban-ocon,0,18,0,0
1105,2024,4,pierre-gasly,0,19,0,0
1105,2024,4,valtteri-bottas,0,20,0,0
1105,2024,4,logan-sargeant,0,21,0,0
1106,2024,5,max-verstappen,110.0,1,0,0
1106,2024,5,sergio-perez,85.0,2,0,0
1106,2024,5,charles-leclerc,76.0,3,0,0
1106,2024,5,carlos-sainz-jr,69.0,4,0,0
1106,2024,5,lando-norris,58.0,5,0,0
1106,2024,5,oscar-piastri,38.0,6,0,0
1106,2024,5,george-russell,33.0,7,0,0
1106,2024,5,fernando-alonso,31.0,8,0,0
1106,2024,5,lewis-hamilton,19.0,9,0,0
1106,2024,5,lance-stroll,9.0,10,0,0
1106,2024,5,yuki-tsunoda,7.0,11,0,0
1106,2024,5,oliver-bearman,6.0,12,0,0
1106,2024,5,nico-hulkenberg,4.0,13,0,0
1106,2024,5,kevin-magnussen,1.0,14,0,0
1106,2024,5,alexander-albon,0,15,0,0
1106,2024,5,esteban-ocon,0,16,0,0
1106,2024,5,guanyu-zhou,0,17,0,0
1106,2024,5,daniel-ricciardo,0,18,0,0
1106,2024,5,pierre-gasly,0,19,0,0
1106,2024,5,valtteri-bottas,0,20,0,0
1106,2024,5,logan-sargeant,0,21,0,0
1107,2024,6,max-verstappen,136.0,1,0,0
1107,2024,6,sergio-perez,103.0,2,0,0
1107,2024,6,charles-leclerc,98.0,3,0,0
1107,2024,6,lando-norris,83.0,4,0,0
1107,2024,6,carlos-sainz-jr,83.0,5,0,0
1107,2024,6,oscar-piastri,41.0,6,0,0
1107,2024,6,george-russell,37.0,7,0,0
1107,2024,6,fernando-alonso,33.0,8,0,0
1107,2024,6,lewis-hamilton,27.0,9,0,0
1107,2024,6,yuki-tsunoda,14.0,10,0,0
1107,2024,6,lance-stroll,9.0,11,0,0
1107,2024,6,oliver-bearman,6.0,12,0,0
1107,2024,6,nico-hulkenberg,6.0,13,0,0
1107,2024,6,daniel-ricciardo,5.0,14,0,0
1107,2024,6,esteban-ocon,1.0,15,0,0
1107,2024,6,kevin-magnussen,1.0,16,0,0
1107,2024,6,alexander-albon,0,17,0,0
1107,2024,6,guanyu-zhou,0,18,0,0
1107,2024,6,pierre-gasly,0,19,0,0
1107,2024,6,valtteri-bottas,0,20,0,0
1107,2024,6,logan-sargeant,0,21,0,0
1108,2024,7,max-verstappen,161.0,1,0,0
1108,2024,7,charles-leclerc,113.0,2,0,0
1108,2024,7,sergio-perez,107.0,3,0,0
1108,2024,7,lando-norris,101.0,4,0,0
1108,2024,7,carlos-sainz-jr,93.0,5,0,0
1108,2024,7,oscar-piastri,53.0,6,0,0
1108,2024,7,george-russell,44.0,7,0,0
1108,2024,7,lewis-hamilton,35.0,8,0,0
1108,2024,7,fernando-alonso,33.0,9,0,0
1108,2024,7,yuki-tsunoda,15.0,10,0,0
1108,2024,7,lance-stroll,11.0,11,0,0
1108,2024,7,oliver-bearman,6.0,12,0,0
1108,2024,7,nico-hulkenberg,6.0,13,0,0
1108,2024,7,daniel-ricciardo,5.0,14,0,0
1108,2024,7,esteban-ocon,1.0,15,0,0
1108,2024,7,kevin-magnussen,1.0,16,0,0
1108,2024,7,alexander-albon,0,17,0,0
1108,2024,7,guanyu-zhou,0,18,0,0
1108,2024,7,pierre-gasly,0,19,0,0
1108,2024,7,valtteri-bottas,0,20,0,0
1108,2024,7,logan-sargeant,0,21,0,0
1109,2024,8,max-verstappen,169.0,1,0,0
1109,2024,8,charles-leclerc,138.0,2,0,0
1109,2024,8,lando-norris,113.0,3,0,0
1109,2024,8,carlos-sainz-jr,108.0,4,0,0
1109,2024,8,sergio-perez,107.0,5,0,0
1109,2024,8,oscar-piastri,71.0,6,0,0
1109,2024,8,george-russell,54.0,7,0,0
1109,2024,8,lewis-hamilton,42.0,8,0,0
1109,2024,8,fernando-alonso,33.0,9,0,0
1109,2024,8,yuki-tsunoda,19.0,10,0,0
1109,2024,8,lance-stroll,11.0,11,0,0
1109,2024,8,oliver-bearman,6.0,12,0,0
1109,2024,8,nico-hulkenberg,6.0,13,0,0
1109,2024,8,daniel-ricciardo,5.0,14,0,0
1109,2024,8,alexander-albon,2.0,15,0,0
1109,2024,8,esteban-ocon,1.0,16,0,0
1109,2024,8,kevin-magnussen,1.0,17,0,0
1109,2024,8,pierre-gasly,1.0,18,0,0
1109,2024,8,guanyu-zhou,0,19,0,0
1109,2024,8,valtteri-bottas,0,20,0,0
1109,2024,8,logan-sargeant,0,21,0,0
1110,2024,9,max-verstappen,194.0,1,0,0
1110,2024,9,charles-leclerc,138.0,2,0,0
1110,2024,9,lando-norris,131.0,3,0,0
1110,2024,9,carlos-sainz-jr,108.0,4,0,0
1110,2024,9,sergio-perez,107.0,5,0,0
1110,2024,9,oscar-piastri,81.0,6,0,0
1110,2024,9,george-russell,69.0,7,0,0
1110,2024,9,lewis-hamilton,55.0,8,0,0
1110,2024,9,fernando-alonso,41.0,9,0,0
1110,2024,9,yuki-tsunoda,19.0,10,0,0
1110,2024,9,lance-stroll,17.0,11,0,0
1110,2024,9,daniel-ricciardo,9.0,12,0,0
1110,2024,9,oliver-bearman,6.0,13,0,0
1110,2024,9,nico-hulkenberg,6.0,14,0,0
1110,2024,9,pierre-gasly,3.0,15,0,0
1110,2024,9,alexander-albon,2.0,16,0,0
1110,2024,9,esteban-ocon,2.0,17,0,0
1110,2024,9,kevin-magnussen,1.0,18,0,0
1110,2024,9,guanyu-zhou,0,19,0,0
1110,2024,9,valtteri-bottas,0,20,0,0
1110,2024,9,logan-sargeant,0,21,0,0
1111,2024,10,max-verstappen,219.0,1,0,0
1111,2024,10,lando-norris,150.0,2,0,0
1111,2024,10,charles-leclerc,148.0,3,0,0
1111,2024,10,carlos-sainz-jr,116.0,4,0,0
1111,2024,10,sergio-perez,111.0,5,0,0
1111,2024,10,oscar-piastri,87.0,6,0,0
1111,2024,10,george-russell,81.0,7,0,0
1111,2024,10,lewis-hamilton,70.0,8,0,0
1111,2024,10,fernando-alonso,41.0,9,0,0
1111,2024,10,yuki-tsunoda,19.0,10,0,0
1111,2024,10,lance-stroll,17.0,11,0,0
1111,2024,10,daniel-ricciardo,9.0,12,0,0
1111,2024,10,oliver-bearman,6.0,13,0,0
1111,2024,10,nico-hulkenberg,6.0,14,0,0
1111,2024,10,pierre-gasly,5.0,15,0,0
1111,2024,10,esteban-ocon,3.0,16,0,0
1111,2024,10,alexander-albon,2.0,17,0,0
1111,2024,10,kevin-magnussen,1.0,18,0,0
1111,2024,10,guanyu-zhou,0,19,0,0
1111,2024,10,valtteri-bottas,0,20,0,0
1111,2024,10,logan-sargeant,0,21,0,0
1112,2024,11,max-verstappen,237.0,1,0,0
1112,2024,11,lando-norris,156.0,2,0,0
1112,2024,11,charles-leclerc,150.0,3,0,0
1112,2024,11,carlos-sainz-jr,135.0,4,0,0
1112,2024,11,sergio-perez,118.0,5,0,0
1112,2024,11,oscar-piastri,112.0,6,0,0
1112,2024,11,george-russell,111.0,7,0,0
1112,2024,11,lewis-hamilton,85.0,8,0,0
1112,2024,11,fernando-alonso,41.0,9,0,0
1112,2024,11,yuki-tsunoda,19.0,10,0,0
1112,2024,11,lance-stroll,17.0,11,0,0
1112,2024,11,nico-hulkenberg,14.0,12,0,0
1112,2024,11,daniel-ricciardo,11.0,13,0,0
1112,2024,11,oliver-bearman,6.0,14,0,0
1112,2024,11,pierre-gasly,6.0,15,0,0
1112,2024,11,kevin-magnussen,5.0,16,0,0
1112,2024,11,esteban-ocon,3.0,17,0,0
1112,2024,11,alexander-albon,2.0,18,0,0
1112,2024,11,guanyu-zhou,0,19,0,0
1112,2024,11,valtteri-bottas,0,20,0,0
1112,2024,11,logan-sargeant,0,21,0,0
1113,2024,12,max-verstappen,255.0,1,0,0
1113,2024,12,lando-norris,171.0,2,0,0
1113,2024,12,charles-leclerc,150.0,3,0,0
1113,2024,12,carlos-sainz-jr,146.0,4,0,0
1113,2024,12,oscar-piastri,124.0,5,0,0
1113,2024,12,sergio-perez,118.0,6,0,0
1113,2024,12,george-russell,111.0,7,0,0
1113,2024,12,lewis-hamilton,110.0,8,0,0
1113,2024,12,fernando-alonso,45.0,9,0,0
1113,2024,12,lance-stroll,23.0,10,0,0
1113,2024,12,nico-hulkenberg,22.0,11,0,0
1113,2024,12,yuki-tsunoda,20.0,12,0,0
1113,2024,12,daniel-ricciardo,11.0,13,0,0
1113,2024,12,oliver-bearman,6.0,14,0,0
1113,2024,12,pierre-gasly,6.0,15,0,0
1113,2024,12,kevin-magnussen,5.0,16,0,0
1113,2024,12,alexander-albon,4.0,17,0,0
1113,2024,12,esteban-ocon,3.0,18,0,0
1113,2024,12,guanyu-zhou,0,19,0,0
1113,2024,12,logan-sargeant,0,20,0,0
1113,2024,12,valtteri-bottas,0,21,0,0
1114,2024,13,max-verstappen,265.0,1,0,0
1114,2024,13,lando-norris,189.0,2,0,0
1114,2024,13,charles-leclerc,162.0,3,0,0
1114,2024,13,carlos-sainz-jr,154.0,4,0,0
1114,2024,13,oscar-piastri,149.0,5,0,0
1114,2024,13,lewis-hamilton,125.0,6,0,0
1114,2024,13,sergio-perez,124.0,7,0,0
1114,2024,13,george-russell,116.0,8,0,0
1114,2024,13,fernando-alonso,45.0,9,0,0
1114,2024,13,lance-stroll,24.0,10,0,0
1114,2024,13,nico-hulkenberg,22.0,11,0,0
1114,2024,13,yuki-tsunoda,22.0,12,0,0
1114,2024,13,daniel-ricciardo,11.0,13,0,0
1114,2024,13,oliver-bearman,6.0,14,0,0
1114,2024,13,pierre-gasly,6.0,15,0,0
1114,2024,13,kevin-magnussen,5.0,16,0,0
1114,2024,13,alexander-albon,4.0,17,0,0
1114,2024,13,esteban-ocon,3.0,18,0,0
1114,2024,13,guanyu-zhou,0,19,0,0
1114,2024,13,logan-sargeant,0,20,0,0
1114,2024,13,valtteri-bottas,0,21,0,0
1115,2024,14,max-verstappen,277.0,1,0,0
1115,2024,14,lando-norris,199.0,2,0,0
1115,2024,14,charles-leclerc,177.0,3,0,0
1115,2024,14,oscar-piastri,167.0,4,0,0
1115,2024,14,carlos-sainz-jr,162.0,5,0,0
1115,2024,14,lewis-hamilton,150.0,6,0,0
1115,2024,14,sergio-perez,131.0,7,0,0
1115,2024,14,george-russell,116.0,8,0,0
1115,2024,14,fernando-alonso,49.0,9,0,0
1115,2024,14,lance-stroll,24.0,10,0,0
1115,2024,14,nico-hulkenberg,22.0,11,0,0
1115,2024,14,yuki-tsunoda,22.0,12,0,0
1115,2024,14,daniel-ricciardo,12.0,13,0,0
1115,2024,14,oliver-bearman,6.0,14,0,0
1115,2024,14,pierre-gasly,6.0,15,0,0
1115,2024,14,kevin-magnussen,5.0,16,0,0
1115,2024,14,esteban-ocon,5.0,17,0,0
1115,2024,14,alexander-albon,4.0,18,0,0
1115,2024,14,guanyu-zhou,0,19,0,0
1115,2024,14,logan-sargeant,0,20,0,0
1115,2024,14,valtteri-bottas,0,21,0,0
1116,2024,15,max-verstappen,295.0,1,0,0
1116,2024,15,lando-norris,225.0,2,0,0
1116,2024,15,charles-leclerc,192.0,3,0,0
1116,2024,15,oscar-piastri,179.0,4,0,0
1116,2024,15,carlos-sainz-jr,172.0,5,0,0
1116,2024,15,lewis-hamilton,154.0,6,0,0
1116,2024,15,sergio-perez,139.0,7,0,0
1116,2024,15,george-russell,122.0,8,0,0
1116,2024,15,fernando-alonso,50.0,9,0,0
1116,2024,15,lance-stroll,24.0,10,0,0
1116,2024,15,nico-hulkenberg,22.0,11,0,0
1116,2024,15,yuki-tsunoda,22.0,12,0,0
1116,2024,15,daniel-ricciardo,12.0,13,0,0
1116,2024,15,pierre-gasly,8.0,14,0,0
1116,2024,15,oliver-bearman,6.0,15,0,0
1116,2024,15,kevin-magnussen,5.0,16,0,0
1116,2024,15,esteban-ocon,5.0,17,0,0
1116,2024,15,alexander-albon,4.0,18,0,0
1116,2024,15,guanyu-zhou,0,19,0,0
1116,2024,15,logan-sargeant,0,20,0,0
1116,2024,15,valtteri-bottas,0,21,0,0
1117,2024,16,max-verstappen,303.0,1,0,0
1117,2024,16,lando-norris,241.0,2,0,0
1117,2024,16,charles-leclerc,217.0,3,0,0
1117,2024,16,oscar-piastri,197.0,4,0,0
1117,2024,16,carlos-sainz-jr,184.0,5,0,0
1117,2024,16,lewis-hamilton,164.0,6,0,0
1117,2024,16,sergio-perez,143.0,7,0,0
1117,2024,16,george-russell,128.0,8,0,0
1117,2024,16,fernando-alonso,50.0,9,0,0
1117,2024,16,lance-stroll,24.0,10,0,0
1117,2024,16,nico-hulkenberg,22.0,11,0,0
1117,2024,16,yuki-tsunoda,22.0,12,0,0
1117,2024,16,daniel-ricciardo,12.0,13,0,0
1117,2024,16,pierre-gasly,8.0,14,0,0
1117,2024,16,oliver-bearman,6.0,15,0,0
1117,2024,16,kevin-magnussen,6.0,16,0,0
1117,2024,16,alexander-albon,6.0,17,0,0
1117,2024,16,esteban-ocon,5.0,18,0,0
1117,2024,16,guanyu-zhou,0,19,0,0
1117,2024,16,logan-sargeant,0,20,0,0
1117,2024,16,franco-colapinto,0,21,0,0
1117,2024,16,valtteri-bottas,0,22,0,0
1118,2024,17,max-verstappen,313.0,1,0,0
1118,2024,17,lando-norris,254.0,2,0,0
1118,2024,17,charles-leclerc,235.0,3,0,0
1118,2024,17,oscar-piastri,222.0,4,0,0
1118,2024,17,carlos-sainz-jr,184.0,5,0,0
1118,2024,17,lewis-hamilton,166.0,6,0,0
1118,2024,17,george-russell,143.0,7,0,0
1118,2024,17,sergio-perez,143.0,8,0,0
1118,2024,17,fernando-alonso,58.0,9,0,0
1118,2024,17,lance-stroll,24.0,10,0,0
1118,2024,17,nico-hulkenberg,22.0,11,0,0
1118,2024,17,yuki-tsunoda,22.0,12,0,0
1118,2024,17,alexander-albon,12.0,13,0,0
1118,2024,17,daniel-ricciardo,12.0,14,0,0
1118,2024,17,pierre-gasly,8.0,15,0,0
1118,2024,17,oliver-bearman,7.0,16,0,0
1118,2024,17,kevin-magnussen,6.0,17,0,0
1118,2024,17,esteban-ocon,5.0,18,0,0
1118,2024,17,franco-colapinto,4.0,19,0,0
1118,2024,17,guanyu-zhou,0,20,0,0
1118,2024,17,logan-sargeant,0,21,0,0
1118,2024,17,valtteri-bottas,0,22,0,0
1119,2024,18,max-verstappen,331.0,1,0,0
1119,2024,18,lando-norris,279.0,2,0,0
1119,2024,18,charles-leclerc,245.0,3,0,0
1119,2024,18,oscar-piastri,237.0,4,0,0
1119,2024,18,carlos-sainz-jr,190.0,5,0,0
1119,2024,18,lewis-hamilton,174.0,6,0,0
1119,2024,18,george-russell,155.0,7,0,0
1119,2024,18,sergio-perez,144.0,8,0,0
1119,2024,18,fernando-alonso,62.0,9,0,0
1119,2024,18,nico-hulkenberg,24.0,10,0,0
1119,2024,18,lance-stroll,24.0,11,0,0
1119,2024,18,yuki-tsunoda,22.0,12,0,0
1119,2024,18,alexander-albon,12.0,13,0,0
1119,2024,18,daniel-ricciardo,12.0,14,0,0
1119,2024,18,pierre-gasly,8.0,15,0,0
1119,2024,18,oliver-bearman,7.0,16,0,0
1119,2024,18,kevin-magnussen,6.0,17,0,0
1119,2024,18,esteban-ocon,5.0,18,0,0
1119,2024,18,franco-colapinto,4.0,19,0,0
1119,2024,18,guanyu-zhou,0,20,0,0
1119,2024,18,logan-sargeant,0,21,0,0
1119,2024,18,valtteri-bottas,0,22,0,0
1120,2024,19,max-verstappen,354.0,1,0,0
1120,2024,19,lando-norris,297.0,2,0,0
1120,2024,19,charles-leclerc,275.0,3,0,0
1120,2024,19,oscar-piastri,247.0,4,0,0
1120,2024,19,carlos-sainz-jr,215.0,5,0,0
1120,2024,19,lewis-hamilton,177.0,6,0,0
1120,2024,19,george-russell,167.0,7,0,0
1120,2024,19,sergio-perez,150.0,8,0,0
1120,2024,19,fernando-alonso,62.0,9,0,0
1120,2024,19,nico-hulkenberg,29.0,10,0,0
1120,2024,19,lance-stroll,24.0,11,0,0
1120,2024,19,yuki-tsunoda,22.0,12,0,0
1120,2024,19,alexander-albon,12.0,13,0,0
1120,2024,19,daniel-ricciardo,12.0,14,0,0
1120,2024,19,kevin-magnussen,8.0,15,0,0
1120,2024,19,pierre-gasly,8.0,16,0,0
1120,2024,19,oliver-bearman,7.0,17,0,0
1120,2024,19,franco-colapinto,5.0,18,0,0
1120,2024,19,esteban-ocon,5.0,19,0,0
1120,2024,19,liam-lawson,2.0,20,0,0
1120,2024,19,guanyu-zhou,0,21,0,0
1120,2024,19,logan-sargeant,0,22,0,0
1120,2024,19,valtteri-bottas,0,23,0,0
1121,2024,20,max-verstappen,362.0,1,0,0
1121,2024,20,lando-norris,315.0,2,0,0
1121,2024,20,charles-leclerc,291.0,3,0,0
1121,2024,20,oscar-piastri,251.0,4,0,0
1121,2024,20,carlos-sainz-jr,240.0,5,0,0
1121,2024,20,lewis-hamilton,189.0,6,0,0
1121,2024,20,george-russell,177.0,7,0,0
1121,2024,20,sergio-perez,150.0,8,0,0
1121,2024,20,fernando-alonso,62.0,9,0,0
1121,2024,20,nico-hulkenberg,31.0,10,0,0
1121,2024,20,lance-stroll,24.0,11,0,0
1121,2024,20,yuki-tsunoda,22.0,12,0,0
1121,2024,20,kevin-magnussen,14.0,13,0,0
1121,2024,20,alexander-albon,12.0,14,0,0
1121,2024,20,daniel-ricciardo,12.0,15,0,0
1121,2024,20,pierre-gasly,9.0,16,0,0
1121,2024,20,oliver-bearman,7.0,17,0,0
1121,2024,20,franco-colapinto,5.0,18,0,0
1121,2024,20,esteban-ocon,5.0,19,0,0
1121,2024,20,liam-lawson,2.0,20,0,0
1121,2024,20,guanyu-zhou,0,21,0,0
1121,2024,20,logan-sargeant,0,22,0,0
1121,2024,20,valtteri-bottas,0,23,0,0
1122,2024,21,max-verstappen,393.0,1,0,0
1122,2024,21,lando-norris,331.0,2,0,0
1122,2024,21,charles-leclerc,307.0,3,0,0
1122,2024,21,oscar-piastri,262.0,4,0,0
1122,2024,21,carlos-sainz-jr,244.0,5,0,0
1122,2024,21,george-russell,192.0,6,0,0
1122,2024,21,lewis-hamilton,190.0,7,0,0
1122,2024,21,sergio-perez,151.0,8,0,0
1122,2024,21,fernando-alonso,62.0,9,0,0
1122,2024,21,nico-hulkenberg,31.0,10,0,0
1122,2024,21,yuki-tsunoda,28.0,11,0,0
1122,2024,21,pierre-gasly,26.0,12,0,0
1122,2024,21,lance-stroll,24.0,13,0,0
1122,2024,21,esteban-ocon,23.0,14,0,0
1122,2024,21,kevin-magnussen,14.0,15,0,0
1122,2024,21,alexander-albon,12.0,16,0,0
1122,2024,21,daniel-ricciardo,12.0,17,0,0
1122,2024,21,oliver-bearman,7.0,18,0,0
1122,2024,21,franco-colapinto,5.0,19,0,0
1122,2024,21,liam-lawson,4.0,20,0,0
1122,2024,21,guanyu-zhou,0,21,0,0
1122,2024,21,logan-sargeant,0,22,0,0
1122,2024,21,valtteri-bottas,0,23,0,0
1123,2024,22,max-verstappen,403.0,1,1,0
1123,2024,22,lando-norris,340.0,2,0,0
1123,2024,22,charles-leclerc,319.0,3,0,0
1123,2024,22,oscar-piastri,268.0,4,0,0
1123,2024,22,carlos-sainz-jr,259.0,5,0,0
1123,2024,22,george-russell,217.0,6,0,0
1123,2024,22,lewis-hamilton,208.0,7,0,0
1123,2024,22,sergio-perez,152.0,8,0,0
1123,2024,22,fernando-alonso,62.0,9,0,0
1123,2024,22,nico-hulkenberg,35.0,10,0,0
1123,2024,22,yuki-tsunoda,30.0,11,0,0
1123,2024,22,pierre-gasly,26.0,12,0,0
1123,2024,22,lance-stroll,24.0,13,0,0
1123,2024,22,esteban-ocon,23.0,14,0,0
1123,2024,22,kevin-magnussen,14.0,15,0,0
1123,2024,22,alexander-albon,12.0,16,0,0
1123,2024,22,daniel-ricciardo,12.0,17,0,0
1123,2024,22,oliver-bearman,7.0,18,0,0
1123,2024,22,franco-colapinto,5.0,19,0,0
1123,2024,22,liam-lawson,4.0,20,0,0
1123,2024,22,guanyu-zhou,0,21,0,0
1123,2024,22,logan-sargeant,0,22,0,0
1123,2024,22,valtteri-bottas,0,23,0,0
1124,2024,23,max-verstappen,429.0,1,1,0
1124,2024,23,lando-norris,349.0,2,0,0
1124,2024,23,charles-leclerc,341.0,3,0,0
1124,2024,23,oscar-piastri,291.0,4,0,0
1124,2024,23,carlos-sainz-jr,272.0,5,0,0
1124,2024,23,george-russell,235.0,6,0,0
1124,2024,23,lewis-hamilton,211.0,7,0,0
1124,2024,23,sergio-perez,152.0,8,0,0
1124,2024,23,fernando-alonso,68.0,9,0,0
1124,2024,23,nico-hulkenberg,37.0,10,0,0
1124,2024,23,pierre-gasly,36.0,11,0,0
1124,2024,23,yuki-tsunoda,30.0,12,0,0
1124,2024,23,lance-stroll,24.0,13,0,0
1124,2024,23,esteban-ocon,23.0,14,0,0
1124,2024,23,kevin-magnussen,16.0,15,0,0
1124,2024,23,alexander-albon,12.0,16,0,0
1124,2024,23,daniel-ricciardo,12.0,17,0,0
1124,2024,23,oliver-bearman,7.0,18,0,0
1124,2024,23,franco-colapinto,5.0,19,0,0
1124,2024,23,guanyu-zhou,4.0,20,0,0
1124,2024,23,liam-lawson,4.0,21,0,0
1124,2024,23,valtteri-bottas,0,22,0,0
1124,2024,23,logan-sargeant,0,23,0,0
1125,2024,24,max-verstappen,437.0,1,1,1
1125,2024,24,lando-norris,374.0,2,0,1
1125,2024,24,charles-leclerc,356.0,3,0,1
1125,2024,24,oscar-piastri,292.0,4,0,1
1125,2024,24,carlos-sainz-jr,290.0,5,0,1
1125,2024,24,george-russell,245.0,6,0,1
1125,2024,24,lewis-hamilton,223.0,7,0,1
1125,2024,24,sergio-perez,152.0,8,0,1
1125,2024,24,fernando-alonso,70.0,9,0,1
1125,2024,24,pierre-gasly,42.0,10,0,1
1125,2024,24,nico-hulkenberg,41.0,11,0,1
1125,2024,24,yuki-tsunoda,30.0,12,0,1
1125,2024,24,lance-stroll,24.0,13,0,1
1125,2024,24,esteban-ocon,23.0,14,0,1
1125,2024,24,kevin-magnussen,16.0,15,0,1
1125,2024,24,alexander-albon,12.0,16,0,1
1125,2024,24,daniel-ricciardo,12.0,17,0,1
1125,2024,24,oliver-bearman,7.0,18,0,1
1125,2024,24,franco-colapinto,5.0,19,0,1
1125,2024,24,guanyu-zhou,4.0,20,0,1
1125,2024,24,liam-lawson,4.0,21,0,1
1125,2024,24,valtteri-bottas,0,22,0,1
1125,2024,24,logan-sargeant,0,23,0,1
1125,2024,24,jack-doohan,0,24,0,1
1126,2025,1,lando-norris,25.0,1,0,0
1126,2025,1,max-verstappen,18.0,2,0,0
1126,2025,1,george-russell,15.0,3,0,0
1126,2025,1,kimi-antonelli,12.0,4,0,0
1126,2025,1,alexander-albon,10.0,5,0,0
1126,2025,1,lance-stroll,8.0,6,0,0
1126,2025,1,nico-hulkenberg,6.0,7,0,0
1126,2025,1,charles-leclerc,4.0,8,0,0
1126,2025,1,oscar-piastri,2.0,9,0,0
1126,2025,1,lewis-hamilton,1.0,10,0,0
1126,2025,1,pierre-gasly,0,11,0,0
1126,2025,1,yuki-tsunoda,0,12,0,0
1126,2025,1,esteban-ocon,0,13,0,0
1126,2025,1,oliver-bearman,0,14,0,0
1127,2025,2,lando-norris,44.0,1,0,0
1127,2025,2,max-verstappen,36.0,2,0,0
1127,2025,2,george-russell,35.0,3,0,0
1127,2025,2,oscar-piastri,34.0,4,0,0
1127,2025,2,kimi-antonelli,22.0,5,0,0
1127,2025,2,alexander-albon,16.0,6,0,0
1127,2025,2,esteban-ocon,10.0,7,0,0
1127,2025,2,lance-stroll,10.0,8,0,0
1127,2025,2,lewis-hamilton,9.0,9,0,0
1127,2025,2,charles-leclerc,8.0,10,0,0
1127,2025,2,nico-hulkenberg,6.0,11,0,0
1127,2025,2,oliver-bearman,4.0,12,0,0
1127,2025,2,yuki-tsunoda,3.0,13,0,0
1127,2025,2,carlos-sainz-jr,1.0,14,0,0
1127,2025,2,isack-hadjar,0,15,0,0
1127,2025,2,pierre-gasly,0,16,0,0
1127,2025,2,liam-lawson,0,17,0,0
1127,2025,2,jack-doohan,0,18,0,0
1127,2025,2,gabriel-bortoleto,0,19,0,0
1128,2025,3,lando-norris,62.0,1,0,0
1128,2025,3,max-verstappen,61.0,2,0,0
1128,2025,3,oscar-piastri,49.0,3,0,0
1128,2025,3,george-russell,45.0,4,0,0
1128,2025,3,kimi-antonelli,30.0,5,0,0
1128,2025,3,charles-leclerc,20.0,6,0,0
1128,2025,3,alexander-albon,18.0,7,0,0
1128,2025,3,lewis-hamilton,15.0,8,0,0
1128,2025,3,esteban-ocon,10.0,9,0,0
1128,2025,3,lance-stroll,10.0,10,0,0
1128,2025,3,nico-hulkenberg,6.0,11,0,0
1128,2025,3,oliver-bearman,5.0,12,0,0
1128,2025,3,isack-hadjar,4.0,13,0,0
1128,2025,3,yuki-tsunoda,3.0,14,0,0
1128,2025,3,carlos-sainz-jr,1.0,15,0,0
1128,2025,3,pierre-gasly,0,16,0,0
1128,2025,3,fernando-alonso,0,17,0,0
1128,2025,3,liam-lawson,0,18,0,0
1128,2025,3,jack-doohan,0,19,0,0
1128,2025,3,gabriel-bortoleto,0,20,0,0
1129,2025,4,lando-norris,77.0,1,0,0
1129,2025,4,oscar-piastri,74.0,2,0,0
1129,2025,4,max-verstappen,69.0,3,0,0
1129,2025,4,george-russell,63.0,4,0,0
1129,2025,4,charles-leclerc,32.0,5,0,0
1129,2025,4,kimi-antonelli,30.0,6,0,0
1129,2025,4,lewis-hamilton,25.0,7,0,0
1129,2025,4,alexander-albon,18.0,8,0,0
1129,2025,4,esteban-ocon,14.0,9,0,0
1129,2025,4,lance-stroll,10.0,10,0,0
1129,2025,4,pierre-gasly,6.0,11,0,0
1129,2025,4,nico-hulkenberg,6.0,12,0,0
1129,2025,4,oliver-bearman,6.0,13,0,0
1129,2025,4,yuki-tsunoda,5.0,14,0,0
1129,2025,4,isack-hadjar,4.0,15,0,0
1129,2025,4,carlos-sainz-jr,1.0,16,0,0
1129,2025,4,fernando-alonso,0,17,0,0
1129,2025,4,liam-lawson,0,18,0,0
1129,2025,4,jack-doohan,0,19,0,0
1129,2025,4,gabriel-bortoleto,0,20,0,0
1130,2025,5,oscar-piastri,99.0,1,0,0
1130,2025,5,lando-norris,89.0,2,0,0
1130,2025,5,max-verstappen,87.0,3,0,0
1130,2025,5,george-russell,73.0,4,0,0
1130,2025,5,charles-leclerc,47.0,5,0,0
1130,2025,5,kimi-antonelli,38.0,6,0,0
1130,2025,5,lewis-hamilton,31.0,7,0,0
1130,2025,5,alexander-albon,20.0,8,0,0
1130,2025,5,esteban-ocon,14.0,9,0,0
1130,2025,5,lance-stroll,10.0,10,0,0
1130,2025,5,pierre-gasly,6.0,11,0,0
1130,2025,5,nico-hulkenberg,6.0,12,0,0
1130,2025,5,oliver-bearman,6.0,13,0,0
1130,2025,5,isack-hadjar,5.0,14,0,0
1130,2025,5,carlos-sainz-jr,5.0,15,0,0
1130,2025,5,yuki-tsunoda,5.0,16,0,0
1130,2025,5,fernando-alonso,0,17,0,0
1130,2025,5,liam-lawson,0,18,0,0
1130,2025,5,jack-doohan,0,19,0,0
1130,2025,5,gabriel-bortoleto,0,20,0,0
1131,2025,6,oscar-piastri,131.0,1,0,0
1131,2025,6,lando-norris,115.0,2,0,0
1131,2025,6,max-verstappen,99.0,3,0,0
1131,2025,6,george-russell,93.0,4,0,0
1131,2025,6,charles-leclerc,53.0,5,0,0
1131,2025,6,kimi-antonelli,48.0,6,0,0
1131,2025,6,lewis-hamilton,41.0,7,0,0
1131,2025,6,alexander-albon,30.0,8,0,0
1131,2025,6,esteban-ocon,14.0,9,0,0
1131,2025,6,lance-stroll,14.0,10,0,0
1131,2025,6,yuki-tsunoda,9.0,11,0,0
1131,2025,6,pierre-gasly,7.0,12,0,0
1131,2025,6,carlos-sainz-jr,7.0,13,0,0
1131,2025,6,nico-hulkenberg,6.0,14,0,0
1131,2025,6,oliver-bearman,6.0,15,0,0
1131,2025,6,isack-hadjar,5.0,16,0,0
1131,2025,6,fernando-alonso,0,17,0,0
1131,2025,6,liam-lawson,0,18,0,0
1131,2025,6,jack-doohan,0,19,0,0
1131,2025,6,gabriel-bortoleto,0,20,0,0
1132,2025,7,oscar-piastri,146.0,1,0,0
1132,2025,7,lando-norris,133.0,2,0,0
1132,2025,7,max-verstappen,124.0,3,0,0
1132,2025,7,george-russell,99.0,4,0,0
1132,2025,7,charles-leclerc,61.0,5,0,0
1132,2025,7,lewis-hamilton,53.0,6,0,0
1132,2025,7,kimi-antonelli,48.0,7,0,0
1132,2025,7,alexander-albon,40.0,8,0,0
1132,2025,7,esteban-ocon,14.0,9,0,0
1132,2025,7,lance-stroll,14.0,10,0,0
1132,2025,7,carlos-sainz-jr,11.0,11,0,0
1132,2025,7,yuki-tsunoda,10.0,12,0,0
1132,2025,7,pierre-gasly,7.0,13,0,0
1132,2025,7,isack-hadjar,7.0,14,0,0
1132,2025,7,nico-hulkenberg,6.0,15,0,0
1132,2025,7,oliver-bearman,6.0,16,0,0
1132,2025,7,fernando-alonso,0,17,0,0
1132,2025,7,liam-lawson,0,18,0,0
1132,2025,7,jack-doohan,0,19,0,0
1132,2025,7,gabriel-bortoleto,0,20,0,0
1132,2025,7,franco-colapinto,0,21,0,0
1133,2025,8,oscar-piastri,161.0,1,0,0
1133,2025,8,lando-norris,158.0,2,0,0
1133,2025,8,max-verstappen,136.0,3,0,0
1133,2025,8,george-russell,99.0,4,0,0
1133,2025,8,charles-leclerc,79.0,5,0,0
1133,2025,8,lewis-hamilton,63.0,6,0,0
1133,2025,8,kimi-antonelli,48.0,7,0,0
1133,2025,8,alexander-albon,42.0,8,0,0
1133,2025,8,esteban-ocon,20.0,9,0,0
1133,2025,8,isack-hadjar,15.0,10,0,0
1133,2025,8,lance-stroll,14.0,11,0,0
1133,2025,8,carlos-sainz-jr,12.0,12,0,0
1133,2025,8,yuki-tsunoda,10.0,13,0,0
1133,2025,8,pierre-gasly,7.0,14,0,0
1133,2025,8,nico-hulkenberg,6.0,15,0,0
1133,2025,8,oliver-bearman,6.0,16,0,0
1133,2025,8,liam-lawson,4.0,17,0,0
1133,2025,8,fernando-alonso,0,18,0,0
1133,2025,8,jack-doohan,0,19,0,0
1133,2025,8,franco-colapinto,0,20,0,0
1133,2025,8,gabriel-bortoleto,0,21,0,0
1134,2025,9,oscar-piastri,186.0,1,0,0
1134,2025,9,lando-norris,176.0,2,0,0
1134,2025,9,max-verstappen,137.0,3,0,0
1134,2025,9,george-russell,111.0,4,0,0
1134,2025,9,charles-leclerc,94.0,5,0,0
1134,2025,9,lewis-hamilton,71.0,6,0,0
1134,2025,9,kimi-antonelli,48.0,7,0,0
1134,2025,9,alexander-albon,42.0,8,0,0
1134,2025,9,isack-hadjar,21.0,9,0,0
1134,2025,9,esteban-ocon,20.0,10,0,0
1134,2025,9,nico-hulkenberg,16.0,11,0,0
1134,2025,9,lance-stroll,14.0,12,0,0
1134,2025,9,carlos-sainz-jr,12.0,13,0,0
1134,2025,9,pierre-gasly,11.0,14,0,0
1134,2025,9,yuki-tsunoda,10.0,15,0,0
1134,2025,9,oliver-bearman,6.0,16,0,0
1134,2025,9,liam-lawson,4.0,17,0,0
1134,2025,9,fernando-alonso,2.0,18,0,0
1134,2025,9,gabriel-bortoleto,0,19,0,0
1134,2025,9,jack-doohan,0,20,0,0
1134,2025,9,franco-colapinto,0,21,0,0
1135,2025,10,oscar-piastri,198.0,1,0,0
1135,2025,10,lando-norris,176.0,2,0,0
1135,2025,10,max-verstappen,155.0,3,0,0
1135,2025,10,george-russell,136.0,4,0,0
1135,2025,10,charles-leclerc,104.0,5,0,0
1135,2025,10,lewis-hamilton,79.0,6,0,0
1135,2025,10,kimi-antonelli,63.0,7,0,0
1135,2025,10,alexander-albon,42.0,8,0,0
1135,2025,10,esteban-ocon,22.0,9,0,0
1135,2025,10,isack-hadjar,21.0,10,0,0
1135,2025,10,nico-hulkenberg,20.0,11,0,0
1135,2025,10,lance-stroll,14.0,12,0,0
1135,2025,10,carlos-sainz-jr,13.0,13,0,0
1135,2025,10,pierre-gasly,11.0,14,0,0
1135,2025,10,yuki-tsunoda,10.0,15,0,0
1135,2025,10,fernando-alonso,8.0,16,0,0
1135,2025,10,oliver-bearman,6.0,17,0,0
1135,2025,10,liam-lawson,4.0,18,0,0
1135,2025,10,gabriel-bortoleto,0,19,0,0
1135,2025,10,franco-colapinto,0,20,0,0
1135,2025,10,jack-doohan,0,21,0,0
1136,2025,11,oscar-piastri,216.0,1,0,0
1136,2025,11,lando-norris,201.0,2,0,0
1136,2025,11,max-verstappen,155.0,3,0,0
1136,2025,11,george-russell,146.0,4,0,0
1136,2025,11,charles-leclerc,119.0,5,0,0
1136,2025,11,lewis-hamilton,91.0,6,0,0
1136,2025,11,kimi-antonelli,63.0,7,0,0
1136,2025,11,alexander-albon,42.0,8,0,0
1136,2025,11,esteban-ocon,23.0,9,0,0
1136,2025,11,nico-hulkenberg,22.0,10,0,0
1136,2025,11,isack-hadjar,21.0,11,0,0
1136,2025,11,lance-stroll,14.0,12,0,0
1136,2025,11,fernando-alonso,14.0,13,0,0
1136,2025,11,carlos-sainz-jr,13.0,14,0,0
1136,2025,11,liam-lawson,12.0,15,0,0
1136,2025,11,pierre-gasly,11.0,16,0,0
1136,2025,11,yuki-tsunoda,10.0,17,0,0
1136,2025,11,oliver-bearman,6.0,18,0,0
1136,2025,11,gabriel-bortoleto,4.0,19,0,0
1136,2025,11,franco-colapinto,0,20,0,0
1136,2025,11,jack-doohan,0,21,0,0
1137,2025,12,oscar-piastri,234.0,1,0,0
1137,2025,12,lando-norris,226.0,2,0,0
1137,2025,12,max-verstappen,165.0,3,0,0
1137,2025,12,george-russell,147.0,4,0,0
1137,2025,12,charles-leclerc,119.0,5,0,0
1137,2025,12,lewis-hamilton,103.0,6,0,0
1137,2025,12,kimi-antonelli,63.0,7,0,0
1137,2025,12,alexander-albon,46.0,8,0,0
1137,2025,12,nico-hulkenberg,37.0,9,0,0
1137,2025,12,esteban-ocon,23.0,10,0,0
1137,2025,12,isack-hadjar,21.0,11,0,0
1137,2025,12,lance-stroll,20.0,12,0,0
1137,2025,12,pierre-gasly,19.0,13,0,0
1137,2025,12,fernando-alonso,16.0,14,0,0
1137,2025,12,carlos-sainz-jr,13.0,15,0,0
1137,2025,12,liam-lawson,12.0,16,0,0
1137,2025,12,yuki-tsunoda,10.0,17,0,0
1137,2025,12,oliver-bearman,6.0,18,0,0
1137,2025,12,gabriel-bortoleto,4.0,19,0,0
1137,2025,12,franco-colapinto,0,20,0,0
1137,2025,12,jack-doohan,0,21,0,0
1138,2025,13,oscar-piastri,266.0,1,0,0
1138,2025,13,lando-norris,250.0,2,0,0
1138,2025,13,max-verstappen,185.0,3,0,0
1138,2025,13,george-russell,157.0,4,0,0
1138,2025,13,charles-leclerc,139.0,5,0,0
1138,2025,13,lewis-hamilton,109.0,6,0,0
1138,2025,13,kimi-antonelli,63.0,7,0,0
1138,2025,13,alexander-albon,54.0,8,0,0
1138,2025,13,nico-hulkenberg,37.0,9,0,0
1138,2025,13,esteban-ocon,27.0,10,0,0
1138,2025,13,isack-hadjar,22.0,11,0,0
1138,2025,13,pierre-gasly,20.0,12,0,0
1138,2025,13,lance-stroll,20.0,13,0,0
1138,2025,13,liam-lawson,16.0,14,0,0
1138,2025,13,fernando-alonso,16.0,15,0,0
1138,2025,13,carlos-sainz-jr,16.0,16,0,0
1138,2025,13,yuki-tsunoda,10.0,17,0,0
1138,2025,13,oliver-bearman,8.0,18,0,0
1138,2025,13,gabriel-bortoleto,6.0,19,0,0
1138,2025,13,franco-colapinto,0,20,0,0
1138,2025,13,jack-doohan,0,21,0,0
1139,2025,14,oscar-piastri,284.0,1,0,0
1139,2025,14,lando-norris,275.0,2,0,0
1139,2025,14,max-verstappen,187.0,3,0,0
1139,2025,14,george-russell,172.0,4,0,0
1139,2025,14,charles-leclerc,151.0,5,0,0
1139,2025,14,lewis-hamilton,109.0,6,0,0
1139,2025,14,kimi-antonelli,64.0,7,0,0
1139,2025,14,alexander-albon,54.0,8,0,0
1139,2025,14,nico-hulkenberg,37.0,9,0,0
1139,2025,14,esteban-ocon,27.0,10,0,0
1139,2025,14,fernando-alonso,26.0,11,0,0
1139,2025,14,lance-stroll,26.0,12,0,0
1139,2025,14,isack-hadjar,22.0,13,0,0
1139,2025,14,pierre-gasly,20.0,14,0,0
1139,2025,14,liam-lawson,20.0,15,0,0
1139,2025,14,carlos-sainz-jr,16.0,16,0,0
1139,2025,14,gabriel-bortoleto,14.0,17,0,0
1139,2025,14,yuki-tsunoda,10.0,18,0,0
1139,2025,14,oliver-bearman,8.0,19,0,0
1139,2025,14,franco-colapinto,0,20,0,0
1139,2025,14,jack-doohan,0,21,0,0
1140,2025,15,oscar-piastri,309.0,1,0,0
1140,2025,15,lando-norris,275.0,2,0,0
1140,2025,15,max-verstappen,205.0,3,0,0
1140,2025,15,george-russell,184.0,4,0,0
1140,2025,15,charles-leclerc,151.0,5,0,0
1140,2025,15,lewis-hamilton,109.0,6,0,0
1140,2025,15,kimi-antonelli,64.0,7,0,0
1140,2025,15,alexander-albon,64.0,8,0,0
1140,2025,15,nico-hulkenberg,37.0,9,0,0
1140,2025,15,isack-hadjar,37.0,10,0,0
1140,2025,15,lance-stroll,32.0,11,0,0
1140,2025,15,fernando-alonso,30.0,12,0,0
1140,2025,15,esteban-ocon,28.0,13,0,0
1140,2025,15,pierre-gasly,20.0,14,0,0
1140,2025,15,liam-lawson,20.0,15,0,0
1140,2025,15,oliver-bearman,16.0,16,0,0
1140,2025,15,carlos-sainz-jr,16.0,17,0,0
1140,2025,15,gabriel-bortoleto,14.0,18,0,0
1140,2025,15,yuki-tsunoda,12.0,19,0,0
1140,2025,15,franco-colapinto,0,20,0,0
1140,2025,15,jack-doohan,0,21,0,0
1141,2025,16,oscar-piastri,324.0,1,0,0
1141,2025,16,lando-norris,293.0,2,0,0
1141,2025,16,max-verstappen,230.0,3,0,0
1141,2025,16,george-russell,194.0,4,0,0
1141,2025,16,charles-leclerc,163.0,5,0,0
1141,2025,16,lewis-hamilton,117.0,6,0,0
1141,2025,16,alexander-albon,70.0,7,0,0
1141,2025,16,kimi-antonelli,66.0,8,0,0
1141,2025,16,isack-hadjar,38.0,9,0,0
1141,2025,16,nico-hulkenberg,37.0,10,0,0
1141,2025,16,lance-stroll,32.0,11,0,0
1141,2025,16,fernando-alonso,30.0,12,0,0
1141,2025,16,esteban-ocon,28.0,13,0,0
1141,2025,16,pierre-gasly,20.0,14,0,0
1141,2025,16,liam-lawson,20.0,15,0,0
1141,2025,16,gabriel-bortoleto,18.0,16,0,0
1141,2025,16,oliver-bearman,16.0,17,0,0
1141,2025,16,carlos-sainz-jr,16.0,18,0,0
1141,2025,16,yuki-tsunoda,12.0,19,0,0
1141,2025,16,franco-colapinto,0,20,0,0
1141,2025,16,jack-doohan,0,21,0,0
1142,2025,17,oscar-piastri,324.0,1,0,0
1142,2025,17,lando-norris,299.0,2,0,0
1142,2025,17,max-verstappen,255.0,3,0,0
1142,2025,17,george-russell,212.0,4,0,0
1142,2025,17,charles-leclerc,165.0,5,0,0
1142,2025,17,lewis-hamilton,121.0,6,0,0
1142,2025,17,kimi-antonelli,78.0,7,0,0
1142,2025,17,alexander-albon,70.0,8,0,0
1142,2025,17,isack-hadjar,39.0,9,0,0
1142,2025,17,nico-hulkenberg,37.0,10,0,0
1142,2025,17,lance-stroll,32.0,11,0,0
1142,2025,17,carlos-sainz-jr,31.0,12,0,0
1142,2025,17,liam-lawson,30.0,13,0,0
1142,2025,17,fernando-alonso,30.0,14,0,0
1142,2025,17,esteban-ocon,28.0,15,0,0
1142,2025,17,pierre-gasly,20.0,16,0,0
1142,2025,17,yuki-tsunoda,20.0,17,0,0
1142,2025,17,gabriel-bortoleto,18.0,18,0,0
1142,2025,17,oliver-bearman,16.0,19,0,0
1142,2025,17,franco-colapinto,0,20,0,0
1142,2025,17,jack-doohan,0,21,0,0
1143,2025,18,oscar-piastri,336.0,1,0,0
1143,2025,18,lando-norris,314.0,2,0,0
1143,2025,18,max-verstappen,273.0,3,0,0
1143,2025,18,george-russell,237.0,4,0,0
1143,2025,18,charles-leclerc,173.0,5,0,0
1143,2025,18,lewis-hamilton,125.0,6,0,0
1143,2025,18,kimi-antonelli,88.0,7,0,0
1143,2025,18,alexander-albon,70.0,8,0,0
1143,2025,18,isack-hadjar,39.0,9,0,0
1143,2025,18,nico-hulkenberg,37.0,10,0,0
1143,2025,18,fernando-alonso,36.0,11,0,0
1143,2025,18,carlos-sainz-jr,32.0,12,0,0
1143,2025,18,lance-stroll,32.0,13,0,0
1143,2025,18,liam-lawson,30.0,14,0,0
1143,2025,18,esteban-ocon,28.0,15,0,0
1143,2025,18,pierre-gasly,20.0,16,0,0
1143,2025,18,yuki-tsunoda,20.0,17,0,0
1143,2025,18,gabriel-bortoleto,18.0,18,0,0
1143,2025,18,oliver-bearman,18.0,19,0,0
1143,2025,18,franco-colapinto,0,20,0,0
1143,2025,18,jack-doohan,0,21,0,0
1144,2025,19,oscar-piastri,346.0,1,0,0
1144,2025,19,lando-norris,332.0,2,0,0
1144,2025,19,max-verstappen,306.0,3,0,0
1144,2025,19,george-russell,252.0,4,0,0
1144,2025,19,charles-leclerc,192.0,5,0,0
1144,2025,19,lewis-hamilton,142.0,6,0,0
1144,2025,19,kimi-antonelli,89.0,7,0,0
1144,2025,19,alexander-albon,73.0,8,0,0
1144,2025,19,nico-hulkenberg,41.0,9,0,0
1144,2025,19,isack-hadjar,39.0,10,0,0
1144,2025,19,carlos-sainz-jr,38.0,11,0,0
1144,2025,19,fernando-alonso,37.0,12,0,0
1144,2025,19,lance-stroll,32.0,13,0,0
1144,2025,19,liam-lawson,30.0,14,0,0
1144,2025,19,esteban-ocon,28.0,15,0,0
1144,2025,19,yuki-tsunoda,28.0,16,0,0
1144,2025,19,pierre-gasly,20.0,17,0,0
1144,2025,19,oliver-bearman,20.0,18,0,0
1144,2025,19,gabriel-bortoleto,18.0,19,0,0
1144,2025,19,franco-colapinto,0,20,0,0
1144,2025,19,jack-doohan,0,21,0,0
1145,2025,20,lando-norris,357.0,1,0,0
1145,2025,20,oscar-piastri,356.0,2,0,0
1145,2025,20,max-verstappen,321.0,3,0,0
1145,2025,20,george-russell,258.0,4,0,0
1145,2025,20,charles-leclerc,210.0,5,0,0
1145,2025,20,lewis-hamilton,146.0,6,0,0
1145,2025,20,kimi-antonelli,97.0,7,0,0
1145,2025,20,alexander-albon,73.0,8,0,0
1145,2025,20,nico-hulkenberg,41.0,9,0,0
1145,2025,20,isack-hadjar,39.0,10,0,0
1145,2025,20,carlos-sainz-jr,38.0,11,0,0
1145,2025,20,fernando-alonso,37.0,12,0,0
1145,2025,20,oliver-bearman,32.0,13,0,0
1145,2025,20,lance-stroll,32.0,14,0,0
1145,2025,20,liam-lawson,30.0,15,0,0
1145,2025,20,esteban-ocon,30.0,16,0,0
1145,2025,20,yuki-tsunoda,28.0,17,0,0
1145,2025,20,pierre-gasly,20.0,18,0,0
1145,2025,20,gabriel-bortoleto,19.0,19,0,0
1145,2025,20,franco-colapinto,0,20,0,0
1145,2025,20,jack-doohan,0,21,0,0
1146,2025,21,lando-norris,390.0,1,0,0
1146,2025,21,oscar-piastri,366.0,2,0,0
1146,2025,21,max-verstappen,341.0,3,0,0
1146,2025,21,george-russell,276.0,4,0,0
1146,2025,21,charles-leclerc,214.0,5,0,0
1146,2025,21,lewis-hamilton,148.0,6,0,0
1146,2025,21,kimi-antonelli,122.0,7,0,0
1146,2025,21,alexander-albon,73.0,8,0,0
1146,2025,21,nico-hulkenberg,43.0,9,0,0
1146,2025,21,isack-hadjar,43.0,10,0,0
1146,2025,21,oliver-bearman,40.0,11,0,0
1146,2025,21,fernando-alonso,40.0,12,0,0
1146,2025,21,carlos-sainz-jr,38.0,13,0,0
1146,2025,21,liam-lawson,36.0,14,0,0
1146,2025,21,lance-stroll,32.0,15,0,0
1146,2025,21,esteban-ocon,30.0,16,0,0
1146,2025,21,yuki-tsunoda,28.0,17,0,0
1146,2025,21,pierre-gasly,22.0,18,0,0
1146,2025,21,gabriel-bortoleto,19.0,19,0,0
1146,2025,21,franco-colapinto,0,20,0,0
1146,2025,21,jack-doohan,0,21,0,0
1147,2025,22,lando-norris,390.0,1,0,0
1147,2025,22,oscar-piastri,366.0,2,0,0
1147,2025,22,max-verstappen,366.0,3,0,0
1147,2025,22,george-russell,294.0,4,0,0
1147,2025,22,charles-leclerc,226.0,5,0,0
1147,2025,22,lewis-hamilton,152.0,6,0,0
1147,2025,22,kimi-antonelli,137.0,7,0,0
1147,2025,22,alexander-albon,73.0,8,0,0
1147,2025,22,isack-hadjar,51.0,9,0,0
1147,2025,22,nico-hulkenberg,49.0,10,0,0
1147,2025,22,carlos-sainz-jr,48.0,11,0,0
1147,2025,22,oliver-bearman,41.0,12,0,0
1147,2025,22,fernando-alonso,40.0,13,0,0
1147,2025,22,liam-lawson,36.0,14,0,0
1147,2025,22,esteban-ocon,32.0,15,0,0
1147,2025,22,lance-stroll,32.0,16,0,0
1147,2025,22,yuki-tsunoda,28.0,17,0,0
1147,2025,22,pierre-gasly,22.0,18,0,0
1147,2025,22,gabriel-bortoleto,19.0,19,0,0
1147,2025,22,franco-colapinto,0,20,0,0
1147,2025,22,jack-doohan,0,21,0,0
1148,2025,23,lando-norris,408.0,1,0,0
1148,2025,23,max-verstappen,396.0,2,0,0
1148,2025,23,oscar-piastri,392.0,3,0,0
1148,2025,23,george-russell,309.0,4,0,0
1148,2025,23,charles-leclerc,230.0,5,0,0
1148,2025,23,lewis-hamilton,152.0,6,0,0
1148,2025,23,kimi-antonelli,150.0,7,0,0
1148,2025,23,alexander-albon,73.0,8,0,0
1148,2025,23,carlos-sainz-jr,64.0,9,0,0
1148,2025,23,isack-hadjar,51.0,10,0,0
1148,2025,23,nico-hulkenberg,49.0,11,0,0
1148,2025,23,fernando-alonso,48.0,12,0,0
1148,2025,23,oliver-bearman,41.0,13,0,0
1148,2025,23,liam-lawson,38.0,14,0,0
1148,2025,23,yuki-tsunoda,33.0,15,0,0
1148,2025,23,esteban-ocon,32.0,16,0,0
1148,2025,23,lance-stroll,32.0,17,0,0
1148,2025,23,pierre-gasly,22.0,18,0,0
1148,2025,23,gabriel-bortoleto,19.0,19,0,0
1148,2025,23,franco-colapinto,0,20,0,0
1148,2025,23,jack-doohan,0,21,0,0
1149,2025,24,lando-norris,423.0,1,1,1
1149,2025,24,max-verstappen,421.0,2,0,1
1149,2025,24,oscar-piastri,410.0,3,0,1
1149,2025,24,george-russell,319.0,4,0,1
1149,2025,24,charles-leclerc,242.0,5,0,1
1149,2025,24,lewis-hamilton,156.0,6,0,1
1149,2025,24,kimi-antonelli,150.0,7,0,1
1149,2025,24,alexander-albon,73.0,8,0,1
1149,2025,24,carlos-sainz-jr,64.0,9,0,1
1149,2025,24,fernando-alonso,56.0,10,0,1
1149,2025,24,nico-hulkenberg,51.0,11,0,1
1149,2025,24,isack-hadjar,51.0,12,0,1
1149,2025,24,oliver-bearman,41.0,13,0,1
1149,2025,24,liam-lawson,38.0,14,0,1
1149,2025,24,esteban-ocon,38.0,15,0,1
1149,2025,24,lance-stroll,33.0,16,0,1
1149,2025,24,yuki-tsunoda,33.0,17,0,1
1149,2025,24,pierre-gasly,22.0,18,0,1
1149,2025,24,gabriel-bortoleto,19.0,19,0,1
1149,2025,24,franco-colapinto,0,20,0,1
1149,2025,24,jack-doohan,0,21,0,1
1150,2026,1,george-russell,25.0,1,0,0
1150,2026,1,kimi-antonelli,18.0,2,0,0
1150,2026,1,charles-leclerc,15.0,3,0,0
1150,2026,1,lewis-hamilton,12.0,4,0,0
1150,2026,1,lando-norris,10.0,5,0,0
1150,2026,1,max-verstappen,8.0,6,0,0
1150,2026,1,oliver-bearman,6.0,7,0,0
1150,2026,1,arvid-lindblad,4.0,8,0,0
1150,2026,1,gabriel-bortoleto,2.0,9,0,0
1150,2026,1,pierre-gasly,1.0,10,0,0
1150,2026,1,esteban-ocon,0,11,0,0
1150,2026,1,alexander-albon,0,12,0,0
1150,2026,1,liam-lawson,0,13,0,0
1150,2026,1,franco-colapinto,0,14,0,0
1150,2026,1,carlos-sainz-jr,0,15,0,0
1150,2026,1,sergio-perez,0,16,0,0
1150,2026,1,isack-hadjar,0,17,0,0
1150,2026,1,oscar-piastri,0,18,0,0
1150,2026,1,nico-hulkenberg,0,19,0,0
1150,2026,1,fernando-alonso,0,20,0,0
1150,2026,1,valtteri-bottas,0,21,0,0
1151,2026,2,george-russell,51.0,1,0,0
1151,2026,2,kimi-antonelli,47.0,2,0,0
1151,2026,2,charles-leclerc,34.0,3,0,0
1151,2026,2,lewis-hamilton,33.0,4,0,0
1151,2026,2,oliver-bearman,17.0,5,0,0
1151,2026,2,lando-norris,15.0,6,0,0
1151,2026,2,pierre-gasly,9.0,7,0,0
1151,2026,2,max-verstappen,8.0,8,0,0
1151,2026,2,liam-lawson,8.0,9,0,0
1151,2026,2,arvid-lindblad,4.0,10,0,0
1151,2026,2,isack-hadjar,4.0,11,0,0
1151,2026,2,oscar-piastri,3.0,12,0,0
1151,2026,2,carlos-sainz-jr,2.0,13,0,0
1151,2026,2,gabriel-bortoleto,2.0,14,0,0
1151,2026,2,franco-colapinto,1.0,15,0,0
1151,2026,2,esteban-ocon,0,16,0,0
1151,2026,2,nico-hulkenberg,0,17,0,0
1151,2026,2,alexander-albon,0,18,0,0
1151,2026,2,valtteri-bottas,0,19,0,0
1151,2026,2,sergio-perez,0,20,0,0
1151,2026,2,fernando-alonso,0,21,0,0
1151,2026,2,lance-stroll,0,22,0,0
1152,2026,3,kimi-antonelli,72.0,1,0,0
1152,2026,3,george-russell,63.0,2,0,0
1152,2026,3,charles-leclerc,49.0,3,0,0
1152,2026,3,lewis-hamilton,41.0,4,0,0
1152,2026,3,lando-norris,25.0,5,0,0
1152,2026,3,oscar-piastri,21.0,6,0,0
1152,2026,3,oliver-bearman,17.0,7,0,0
1152,2026,3,pierre-gasly,15.0,8,0,0
1152,2026,3,max-verstappen,12.0,9,0,0
1152,2026,3,liam-lawson,10.0,10,0,0
1152,2026,3,arvid-lindblad,4.0,11,0,0
1152,2026,3,isack-hadjar,4.0,12,0,0
1152,2026,3,gabriel-bortoleto,2.0,13,0,0
1152,2026,3,carlos-sainz-jr,2.0,14,0,0
1152,2026,3,esteban-ocon,1.0,15,0,0
1152,2026,3,franco-colapinto,1.0,16,0,0
1152,2026,3,nico-hulkenberg,0,17,0,0
1152,2026,3,alexander-albon,0,18,0,0
1152,2026,3,valtteri-bottas,0,19,0,0
1152,2026,3,sergio-perez,0,20,0,0
1152,2026,3,fernando-alonso,0,21,0,0
1152,2026,3,lance-stroll,0,22,0,0
1153,2026,4,kimi-antonelli,100.0,1,0,0
1153,2026,4,george-russell,80.0,2,0,0
1153,2026,4,charles-leclerc,59.0,3,0,0
1153,2026,4,lando-norris,51.0,4,0,0
1153,2026,4,lewis-hamilton,51.0,5,0,0
1153,2026,4,oscar-piastri,43.0,6,0,0
1153,2026,4,max-verstappen,26.0,7,0,0
1153,2026,4,oliver-bearman,17.0,8,0,0
1153,2026,4,pierre-gasly,16.0,9,0,0
1153,2026,4,liam-lawson,10.0,10,0,0
1153,2026,4,franco-colapinto,7.0,11,0,0
1153,2026,4,arvid-lindblad,4.0,12,0,0
1153,2026,4,isack-hadjar,4.0,13,0,0
1153,2026,4,carlos-sainz-jr,4.0,14,0,0
1153,2026,4,gabriel-bortoleto,2.0,15,0,0
1153,2026,4,esteban-ocon,1.0,16,0,0
1153,2026,4,alexander-albon,1.0,17,0,0
1153,2026,4,nico-hulkenberg,0,18,0,0
1153,2026,4,valtteri-bottas,0,19,0,0
1153,2026,4,sergio-perez,0,20,0,0
1153,2026,4,fernando-alonso,0,21,0,0
1153,2026,4,lance-stroll,0,22,0,0
1154,2026,5,kimi-antonelli,131.0,1,0,0
1154,2026,5,george-russell,88.0,2,0,0
1154,2026,5,charles-leclerc,75.0,3,0,0
1154,2026,5,lewis-hamilton,72.0,4,0,0
1154,2026,5,lando-norris,58.0,5,0,0
1154,2026,5,oscar-piastri,48.0,6,0,0
1154,2026,5,max-verstappen,43.0,7,0,0
1154,2026,5,pierre-gasly,20.0,8,0,0
1154,2026,5,oliver-bearman,18.0,9,0,0
1154,2026,5,liam-lawson,16.0,10,0,0
1154,2026,5,franco-colapinto,15.0,11,0,0
1154,2026,5,isack-hadjar,14.0,12,0,0
1154,2026,5,carlos-sainz-jr,6.0,13,0,0
1154,2026,5,arvid-lindblad,5.0,14,0,0
1154,2026,5,gabriel-bortoleto,2.0,15,0,0
1154,2026,5,esteban-ocon,1.0,16,0,0
1154,2026,5,alexander-albon,1.0,17,0,0
1154,2026,5,nico-hulkenberg,0,18,0,0
1154,2026,5,valtteri-bottas,0,19,0,0
1154,2026,5,sergio-perez,0,20,0,0
1154,2026,5,lance-stroll,0,21,0,0
1154,2026,5,fernando-alonso,0,22,0,0
1155,2026,6,kimi-antonelli,156.0,1,0,0
1155,2026,6,lewis-hamilton,90.0,2,0,0
1155,2026,6,george-russell,88.0,3,0,0
1155,2026,6,charles-leclerc,75.0,4,0,0
1155,2026,6,oscar-piastri,60.0,5,0,0
1155,2026,6,lando-norris,58.0,6,0,0
1155,2026,6,max-verstappen,43.0,7,0,0
1155,2026,6,isack-hadjar,29.0,8,0,0
1155,2026,6,liam-lawson,26.0,9,0,0
1155,2026,6,pierre-gasly,26.0,10,0,0
1155,2026,6,oliver-bearman,18.0,11,0,0
1155,2026,6,franco-colapinto,15.0,12,0,0
1155,2026,6,arvid-lindblad,13.0,13,0,0
1155,2026,6,carlos-sainz-jr,6.0,14,0,0
1155,2026,6,alexander-albon,5.0,15,0,0
1155,2026,6,esteban-ocon,3.0,16,0,0
1155,2026,6,gabriel-bortoleto,2.0,17,0,0
1155,2026,6,fernando-alonso,1.0,18,0,0
1155,2026,6,nico-hulkenberg,0,19,0,0
1155,2026,6,valtteri-bottas,0,20,0,0
1155,2026,6,sergio-perez,0,21,0,0
1155,2026,6,lance-stroll,0,22,0,0
1156,2026,7,kimi-antonelli,156.0,1,0,0
1156,2026,7,lewis-hamilton,115.0,2,0,0
1156,2026,7,george-russell,106.0,3,0,0
1156,2026,7,charles-leclerc,75.0,4,0,0
1156,2026,7,lando-norris,73.0,5,0,0
1156,2026,7,oscar-piastri,70.0,6,0,0
1156,2026,7,max-verstappen,55.0,7,0,0
1156,2026,7,isack-hadjar,37.0,8,0,0
1156,2026,7,pierre-gasly,32.0,9,0,0
1156,2026,7,liam-lawson,30.0,10,0,0
1156,2026,7,oliver-bearman,18.0,11,0,0
1156,2026,7,franco-colapinto,16.0,12,0,0
1156,2026,7,arvid-lindblad,15.0,13,0,0
1156,2026,7,carlos-sainz-jr,6.0,14,0,0
1156,2026,7,alexander-albon,5.0,15,0,0
1156,2026,7,esteban-ocon,3.0,16,0,0
1156,2026,7,gabriel-bortoleto,2.0,17,0,0
1156,2026,7,fernando-alonso,1.0,18,0,0
1156,2026,7,nico-hulkenberg,0,19,0,0
1156,2026,7,valtteri-bottas,0,20,0,0
1156,2026,7,sergio-perez,0,21,0,0
1156,2026,7,lance-stroll,0,22,0,0
1157,2026,8,kimi-antonelli,171.0,1,0,0
1157,2026,8,george-russell,131.0,2,0,0
1157,2026,8,lewis-hamilton,125.0,3,0,0
1157,2026,8,oscar-piastri,82.0,4,0,0
1157,2026,8,lando-norris,79.0,5,0,0
1157,2026,8,charles-leclerc,79.0,6,0,0
1157,2026,8,max-verstappen,73.0,7,0,0
1157,2026,8,isack-hadjar,45.0,8,0,0
1157,2026,8,liam-lawson,32.0,9,0,0
1157,2026,8,pierre-gasly,32.0,10,0,0
1157,2026,8,oliver-bearman,18.0,11,0,0
1157,2026,8,franco-colapinto,16.0,12,0,0
1157,2026,8,arvid-lindblad,16.0,13,0,0
1157,2026,8,carlos-sainz-jr,6.0,14,0,0
1157,2026,8,alexander-albon,5.0,15,0,0
1157,2026,8,esteban-ocon,3.0,16,0,0
1157,2026,8,gabriel-bortoleto,2.0,17,0,0
1157,2026,8,fernando-alonso,1.0,18,0,0
1157,2026,8,nico-hulkenberg,0,19,0,0
1157,2026,8,valtteri-bottas,0,20,0,0
1157,2026,8,sergio-perez,0,21,0,0
1157,2026,8,lance-stroll,0,22,0,0
1158,2026,9,kimi-antonelli,179.0,1,0,0
1158,2026,9,george-russell,154.0,2,0,0
1158,2026,9,lewis-hamilton,147.0,3,0,0
1158,2026,9,charles-leclerc,108.0,4,0,0
1158,2026,9,lando-norris,97.0,5,0,0
1158,2026,9,oscar-piastri,84.0,6,0,0
1158,2026,9,max-verstappen,76.0,7,0,0
1158,2026,9,isack-hadjar,55.0,8,0,0
1158,2026,9,liam-lawson,41.0,9,0,0
1158,2026,9,pierre-gasly,33.0,10,0,0
1158,2026,9,arvid-lindblad,22.0,11,0,0
1158,2026,9,oliver-bearman,18.0,12,0,0
1158,2026,9,franco-colapinto,18.0,13,0,0
1158,2026,9,gabriel-bortoleto,6.0,14,0,0
1158,2026,9,carlos-sainz-jr,6.0,15,0,0
1158,2026,9,alexander-albon,5.0,16,0,0
1158,2026,9,esteban-ocon,3.0,17,0,0
1158,2026,9,fernando-alonso,1.0,18,0,0
1158,2026,9,nico-hulkenberg,0,19,0,0
1158,2026,9,valtteri-bottas,0,20,0,0
1158,2026,9,sergio-perez,0,21,0,0
1158,2026,9,lance-stroll,0,22,0,0
1159,2026,10,kimi-antonelli,204.0,1,0,0
1159,2026,10,lewis-hamilton,159.0,2,0,0
1159,2026,10,george-russell,154.0,3,0,0
1159,2026,10,charles-leclerc,126.0,4,0,0
1159,2026,10,lando-norris,103.0,5,0,0
1159,2026,10,oscar-piastri,94.0,6,0,0
1159,2026,10,max-verstappen,91.0,7,0,0
1159,2026,10,isack-hadjar,63.0,8,0,0
1159,2026,10,liam-lawson,41.0,9,0,0
1159,2026,10,pierre-gasly,33.0,10,0,0
1159,2026,10,arvid-lindblad,24.0,11,0,0
1159,2026,10,franco-colapinto,19.0,12,0,0
1159,2026,10,oliver-bearman,18.0,13,0,0
1159,2026,10,gabriel-bortoleto,10.0,14,0,0
1159,2026,10,carlos-sainz-jr,6.0,15,0,0
1159,2026,10,alexander-albon,5.0,16,0,0
1159,2026,10,esteban-ocon,3.0,17,0,0
1159,2026,10,fernando-alonso,1.0,18,0,0
1159,2026,10,nico-hulkenberg,0,19,0,0
1159,2026,10,valtteri-bottas,0,20,0,0
1159,2026,10,sergio-perez,0,21,0,0
1159,2026,10,lance-stroll,0,22,0,0
1160,2026,11,kimi-antonelli,219.0,1,0,0
1160,2026,11,lewis-hamilton,169.0,2,0,0
1160,2026,11,george-russell,160.0,3,0,0
1160,2026,11,charles-leclerc,138.0,4,0,0
1160,2026,11,lando-norris,128.0,5,0,0
1160,2026,11,max-verstappen,109.0,6,0,0
1160,2026,11,oscar-piastri,94.0,7,0,0
1160,2026,11,isack-hadjar,71.0,8,0,0
1160,2026,11,liam-lawson,45.0,9,0,0
1160,2026,11,pierre-gasly,33.0,10,0,0
1160,2026,11,arvid-lindblad,25.0,11,0,0
1160,2026,11,franco-colapinto,19.0,12,0,0
1160,2026,11,oliver-bearman,18.0,13,0,0
1160,2026,11,gabriel-bortoleto,10.0,14,0,0
1160,2026,11,carlos-sainz-jr,6.0,15,0,0
1160,2026,11,alexander-albon,5.0,16,0,0
1160,2026,11,esteban-ocon,3.0,17,0,0
1160,2026,11,nico-hulkenberg,2.0,18,0,0
1160,2026,11,fernando-alonso,1.0,19,0,0
1160,2026,11,lance-stroll,0,20,0,0
1160,2026,11,valtteri-bottas,0,21,0,0
1160,2026,11,sergio-perez,0,22,0,0
1161,2026,12,kimi-antonelli,242.0,1,0,0
1161,2026,12,george-russell,183.0,2,0,0
1161,2026,12,lewis-hamilton,183.0,3,0,0
1161,2026,12,lando-norris,159.0,4,0,0
1161,2026,12,charles-leclerc,155.0,5,0,0
1161,2026,12,max-verstappen,112.0,6,0,0
1161,2026,12,oscar-piastri,106.0,7,0,0
1161,2026,12,isack-hadjar,71.0,8,0,0
1161,2026,12,liam-lawson,51.0,9,0,0
1161,2026,12,pierre-gasly,35.0,10,0,0
1161,2026,12,arvid-lindblad,25.0,11,0,0
1161,2026,12,franco-colapinto,19.0,12,0,0
1161,2026,12,oliver-bearman,18.0,13,0,0
1161,2026,12,gabriel-bortoleto,10.0,14,0,0
1161,2026,12,nico-hulkenberg,6.0,15,0,0
1161,2026,12,carlos-sainz-jr,6.0,16,0,0
1161,2026,12,alexander-albon,5.0,17,0,0
1161,2026,12,esteban-ocon,3.0,18,0,0
1161,2026,12,fernando-alonso,3.0,19,0,0
1161,2026,12,yuki-tsunoda,0,20,0,0
1161,2026,12,lance-stroll,0,21,0,0
1161,2026,12,valtteri-bottas,0,22,0,0
1161,2026,12,sergio-perez,0,23,0,0
1162,2026,13,kimi-antonelli,267.0,1,0,1
1162,2026,13,george-russell,201.0,2,0,1
1162,2026,13,lewis-hamilton,191.0,3,0,1
1162,2026,13,lando-norris,171.0,4,0,1
1162,2026,13,charles-leclerc,155.0,5,0,1
1162,2026,13,max-verstappen,127.0,6,0,1
1162,2026,13,oscar-piastri,116.0,7,0,1
1162,2026,13,isack-hadjar,71.0,8,0,1
1162,2026,13,liam-lawson,51.0,9,0,1
1162,2026,13,pierre-gasly,41.0,10,0,1
1162,2026,13,arvid-lindblad,29.0,11,0,1
1162,2026,13,franco-colapinto,21.0,12,0,1
1162,2026,13,oliver-bearman,18.0,13,0,1
1162,2026,13,gabriel-bortoleto,10.0,14,0,1
1162,2026,13,nico-hulkenberg,6.0,15,0,1
1162,2026,13,carlos-sainz-jr,6.0,16,0,1
1162,2026,13,alexander-albon,5.0,17,0,1
1162,2026,13,esteban-ocon,3.0,18,0,1
1162,2026,13,fernando-alonso,3.0,19,0,1
1162,2026,13,yuki-tsunoda,1.0,20,0,1
1162,2026,13,lance-stroll,0,21,0,1
1162,2026,13,valtteri-bottas,0,22,0,1
1162,2026,13,sergio-perez,0,23,0,1
