RaceKey,Year,DriverId,ConstructorId,FLRank,LapNumber,LapTimeMs,LapTime
898,2014,nico-rosberg,mercedes,1,19,92478.0,1:32.478
898,2014,valtteri-bottas,williams,2,56,92568.0,1:32.568
898,2014,fernando-alonso,ferrari,3,56,92616.0,1:32.616
898,2014,daniil-kvyat,toro-rosso,4,38,92634.0,1:32.634
898,2014,kevin-magnussen,mclaren,5,39,92917.0,1:32.917
898,2014,daniel-ricciardo,red-bull,6,49,93066.0,1:33.066
898,2014,jenson-button,mclaren,7,57,93186.0,1:33.186
898,2014,nico-hulkenberg,force-india,8,56,93210.0,1:33.210
898,2014,sergio-perez,force-india,9,34,93366.0,1:33.366
898,2014,kimi-raikkonen,ferrari,10,56,93691.0,1:33.691
898,2014,jean-eric-vergne,toro-rosso,11,35,93864.0,1:33.864
898,2014,esteban-gutierrez,sauber,12,33,94202.0,1:34.202
898,2014,adrian-sutil,sauber,13,41,94564.0,1:34.564
898,2014,romain-grosjean,lotus-f1,14,30,94766.0,1:34.766
898,2014,jules-bianchi,marussia,15,41,95281.0,1:35.281
898,2014,max-chilton,marussia,16,55,95635.0,1:35.635
898,2014,marcus-ericsson,caterham,17,26,97064.0,1:37.064
898,2014,pastor-maldonado,lotus-f1,18,17,97332.0,1:37.332
898,2014,lewis-hamilton,mercedes,19,2,100287.0,1:40.287
898,2014,sebastian-vettel,red-bull,20,2,109947.0,1:49.947
899,2014,lewis-hamilton,mercedes,1,53,103066.0,1:43.066
899,2014,nico-rosberg,mercedes,2,55,103960.0,1:43.960
899,2014,fernando-alonso,ferrari,3,47,104165.0,1:44.165
899,2014,sebastian-vettel,red-bull,4,51,104289.0,1:44.289
899,2014,daniel-ricciardo,red-bull,5,48,104675.0,1:44.675
899,2014,felipe-massa,williams,6,44,104897.0,1:44.897
899,2014,kimi-raikkonen,ferrari,7,36,105129.0,1:45.129
899,2014,kevin-magnussen,mclaren,8,44,105373.0,1:45.373
899,2014,valtteri-bottas,williams,9,31,105475.0,1:45.475
899,2014,nico-hulkenberg,force-india,10,38,105982.0,1:45.982
899,2014,jenson-button,mclaren,11,47,106039.0,1:46.039
899,2014,romain-grosjean,lotus-f1,12,42,106224.0,1:46.224
899,2014,daniil-kvyat,toro-rosso,13,36,106695.0,1:46.695
899,2014,marcus-ericsson,caterham,14,40,107500.0,1:47.500
899,2014,kamui-kobayashi,caterham,15,53,107753.0,1:47.753
899,2014,esteban-gutierrez,sauber,16,27,107782.0,1:47.782
899,2014,adrian-sutil,sauber,17,27,108040.0,1:48.040
899,2014,max-chilton,marussia,18,49,108249.0,1:48.249
899,2014,jean-eric-vergne,toro-rosso,19,4,108527.0,1:48.527
899,2014,pastor-maldonado,lotus-f1,20,6,110929.0,1:50.929
899,2014,jules-bianchi,marussia,21,4,111473.0,1:51.473
900,2014,nico-rosberg,mercedes,1,49,97020.0,1:37.020
900,2014,lewis-hamilton,mercedes,2,49,97108.0,1:37.108
900,2014,nico-hulkenberg,force-india,3,37,98785.0,1:38.785
900,2014,daniel-ricciardo,red-bull,4,38,99269.0,1:39.269
900,2014,felipe-massa,williams,5,40,99272.0,1:39.272
900,2014,sebastian-vettel,red-bull,6,18,99312.0,1:39.312
900,2014,sergio-perez,force-india,7,36,99320.0,1:39.320
900,2014,kimi-raikkonen,ferrari,8,35,99438.0,1:39.438
900,2014,romain-grosjean,lotus-f1,9,39,99443.0,1:39.443
900,2014,jenson-button,mclaren,10,37,99565.0,1:39.565
900,2014,pastor-maldonado,lotus-f1,11,52,99666.0,1:39.666
900,2014,fernando-alonso,ferrari,12,53,99732.0,1:39.732
900,2014,valtteri-bottas,williams,13,50,99762.0,1:39.762
900,2014,kevin-magnussen,mclaren,14,40,100108.0,1:40.108
900,2014,daniil-kvyat,toro-rosso,15,12,100160.0,1:40.160
900,2014,esteban-gutierrez,sauber,16,32,100698.0,1:40.698
900,2014,marcus-ericsson,caterham,17,28,101134.0,1:41.134
900,2014,kamui-kobayashi,caterham,18,17,101246.0,1:41.246
900,2014,jean-eric-vergne,toro-rosso,19,16,101650.0,1:41.650
900,2014,adrian-sutil,sauber,20,9,101791.0,1:41.791
900,2014,max-chilton,marussia,21,48,101825.0,1:41.825
900,2014,jules-bianchi,marussia,22,44,102175.0,1:42.175
901,2014,nico-rosberg,mercedes,1,39,100402.0,1:40.402
901,2014,lewis-hamilton,mercedes,2,42,101196.0,1:41.196
901,2014,daniel-ricciardo,red-bull,3,39,101473.0,1:41.473
901,2014,fernando-alonso,ferrari,4,48,102081.0,1:42.081
901,2014,sebastian-vettel,red-bull,5,37,102169.0,1:42.169
901,2014,sergio-perez,force-india,6,32,102228.0,1:42.228
901,2014,esteban-gutierrez,sauber,7,42,102257.0,1:42.257
901,2014,kimi-raikkonen,ferrari,8,34,102300.0,1:42.300
901,2014,felipe-massa,williams,9,34,102379.0,1:42.379
901,2014,nico-hulkenberg,force-india,10,33,102624.0,1:42.624
901,2014,valtteri-bottas,williams,11,52,102660.0,1:42.660
901,2014,kevin-magnussen,mclaren,12,33,102701.0,1:42.701
901,2014,max-chilton,marussia,13,50,102875.0,1:42.875
901,2014,jean-eric-vergne,toro-rosso,14,34,102896.0,1:42.896
901,2014,pastor-maldonado,lotus-f1,15,34,103067.0,1:43.067
901,2014,kamui-kobayashi,caterham,16,48,103323.0,1:43.323
901,2014,daniil-kvyat,toro-rosso,17,33,103337.0,1:43.337
901,2014,jenson-button,mclaren,18,30,103375.0,1:43.375
901,2014,marcus-ericsson,caterham,19,30,103620.0,1:43.620
901,2014,romain-grosjean,lotus-f1,20,4,104366.0,1:44.366
901,2014,jules-bianchi,marussia,21,36,104825.0,1:44.825
901,2014,adrian-sutil,sauber,22,2,118376.0,1:58.376
902,2014,sebastian-vettel,red-bull,1,55,88918.0,1:28.918
902,2014,nico-rosberg,mercedes,2,51,89236.0,1:29.236
902,2014,lewis-hamilton,mercedes,3,54,89483.0,1:29.483
902,2014,fernando-alonso,ferrari,4,55,89898.0,1:29.898
902,2014,daniel-ricciardo,red-bull,5,65,90012.0,1:30.012
902,2014,daniil-kvyat,toro-rosso,6,59,90269.0,1:30.269
902,2014,kevin-magnussen,mclaren,7,43,90318.0,1:30.318
902,2014,valtteri-bottas,williams,8,47,90424.0,1:30.424
902,2014,felipe-massa,williams,9,55,90468.0,1:30.468
902,2014,jenson-button,mclaren,10,43,90563.0,1:30.563
902,2014,kimi-raikkonen,ferrari,11,53,90580.0,1:30.580
902,2014,esteban-gutierrez,sauber,12,55,90666.0,1:30.666
902,2014,sergio-perez,force-india,13,39,90756.0,1:30.756
902,2014,romain-grosjean,lotus-f1,14,47,91068.0,1:31.068
902,2014,pastor-maldonado,lotus-f1,15,39,91235.0,1:31.235
902,2014,nico-hulkenberg,force-india,16,42,91411.0,1:31.411
902,2014,adrian-sutil,sauber,17,38,91473.0,1:31.473
902,2014,max-chilton,marussia,18,44,91767.0,1:31.767
902,2014,jean-eric-vergne,toro-rosso,19,18,91781.0,1:31.781
902,2014,jules-bianchi,marussia,20,46,91784.0,1:31.784
902,2014,kamui-kobayashi,caterham,21,25,93064.0,1:33.064
902,2014,marcus-ericsson,caterham,22,54,93350.0,1:33.350
903,2014,kimi-raikkonen,ferrari,1,75,78479.0,1:18.479
903,2014,daniel-ricciardo,red-bull,2,70,79252.0,1:19.252
903,2014,lewis-hamilton,mercedes,3,34,79361.0,1:19.361
903,2014,nico-rosberg,mercedes,4,33,79425.0,1:19.425
903,2014,fernando-alonso,ferrari,5,54,79727.0,1:19.727
903,2014,felipe-massa,williams,6,48,80314.0,1:20.314
903,2014,max-chilton,marussia,7,69,80579.0,1:20.579
903,2014,kevin-magnussen,mclaren,8,75,80657.0,1:20.657
903,2014,nico-hulkenberg,force-india,9,38,80767.0,1:20.767
903,2014,marcus-ericsson,caterham,10,53,80911.0,1:20.911
903,2014,romain-grosjean,lotus-f1,11,53,80979.0,1:20.979
903,2014,jenson-button,mclaren,12,42,81047.0,1:21.047
903,2014,jean-eric-vergne,toro-rosso,13,35,81083.0,1:21.083
903,2014,valtteri-bottas,williams,14,50,81105.0,1:21.105
903,2014,esteban-gutierrez,sauber,15,41,81146.0,1:21.146
903,2014,jules-bianchi,marussia,16,42,81254.0,1:21.254
903,2014,adrian-sutil,sauber,17,23,81761.0,1:21.761
903,2014,daniil-kvyat,toro-rosso,18,8,82011.0,1:22.011
903,2014,kamui-kobayashi,caterham,19,16,82425.0,1:22.425
903,2014,sebastian-vettel,red-bull,20,3,119505.0,1:59.505
904,2014,felipe-massa,williams,1,58,78504.0,1:18.504
904,2014,kimi-raikkonen,ferrari,2,68,78529.0,1:18.529
904,2014,fernando-alonso,ferrari,3,64,78614.0,1:18.614
904,2014,daniel-ricciardo,red-bull,4,68,78640.0,1:18.640
904,2014,jenson-button,mclaren,5,64,78759.0,1:18.759
904,2014,kevin-magnussen,mclaren,6,56,78819.0,1:18.819
904,2014,nico-rosberg,mercedes,7,33,78881.0,1:18.881
904,2014,nico-hulkenberg,force-india,8,64,78936.0,1:18.936
904,2014,lewis-hamilton,mercedes,9,24,78942.0,1:18.942
904,2014,sebastian-vettel,red-bull,10,48,79171.0,1:19.171
904,2014,valtteri-bottas,williams,11,52,79321.0,1:19.321
904,2014,jean-eric-vergne,toro-rosso,12,56,79399.0,1:19.399
904,2014,sergio-perez,force-india,13,63,79491.0,1:19.491
904,2014,romain-grosjean,lotus-f1,14,54,79650.0,1:19.650
904,2014,daniil-kvyat,toro-rosso,15,43,79978.0,1:19.978
904,2014,esteban-gutierrez,sauber,16,51,80112.0,1:20.112
904,2014,adrian-sutil,sauber,17,66,80226.0,1:20.226
904,2014,pastor-maldonado,lotus-f1,18,21,81514.0,1:21.514
904,2014,kamui-kobayashi,caterham,19,20,83130.0,1:23.130
904,2014,marcus-ericsson,caterham,20,7,111041.0,1:51.041
905,2014,sergio-perez,force-india,1,59,72142.0,1:12.142
905,2014,lewis-hamilton,mercedes,2,41,72217.0,1:12.217
905,2014,valtteri-bottas,williams,3,63,72581.0,1:12.581
905,2014,felipe-massa,williams,4,63,72586.0,1:12.586
905,2014,fernando-alonso,ferrari,5,58,72595.0,1:12.595
905,2014,nico-rosberg,mercedes,6,50,72598.0,1:12.598
905,2014,kevin-magnussen,mclaren,7,53,72746.0,1:12.746
905,2014,jenson-button,mclaren,8,60,72858.0,1:12.858
905,2014,kimi-raikkonen,ferrari,9,55,72884.0,1:12.884
905,2014,daniel-ricciardo,red-bull,10,55,73060.0,1:13.060
905,2014,nico-hulkenberg,force-india,11,60,73156.0,1:13.156
905,2014,pastor-maldonado,lotus-f1,12,64,73187.0,1:13.187
905,2014,jean-eric-vergne,toro-rosso,13,55,73317.0,1:13.317
905,2014,adrian-sutil,sauber,14,59,73709.0,1:13.709
905,2014,romain-grosjean,lotus-f1,15,42,73953.0,1:13.953
905,2014,esteban-gutierrez,sauber,16,53,74036.0,1:14.036
905,2014,sebastian-vettel,red-bull,17,30,74254.0,1:14.254
905,2014,daniil-kvyat,toro-rosso,18,23,74332.0,1:14.332
905,2014,jules-bianchi,marussia,19,65,74476.0,1:14.476
905,2014,marcus-ericsson,caterham,20,33,74672.0,1:14.672
905,2014,max-chilton,marussia,21,40,74847.0,1:14.847
905,2014,kamui-kobayashi,caterham,22,40,75274.0,1:15.274
906,2014,lewis-hamilton,mercedes,1,26,97176.0,1:37.176
906,2014,sebastian-vettel,red-bull,2,52,97481.0,1:37.481
906,2014,nico-rosberg,mercedes,3,26,98091.0,1:38.091
906,2014,valtteri-bottas,williams,4,34,98264.0,1:38.264
906,2014,jenson-button,mclaren,5,52,98284.0,1:38.284
906,2014,daniil-kvyat,toro-rosso,6,45,98407.0,1:38.407
906,2014,daniel-ricciardo,red-bull,7,34,98459.0,1:38.459
906,2014,fernando-alonso,ferrari,8,52,98587.0,1:38.587
906,2014,nico-hulkenberg,force-india,9,52,98625.0,1:38.625
906,2014,kevin-magnussen,mclaren,10,32,98677.0,1:38.677
906,2014,sergio-perez,force-india,11,41,98716.0,1:38.716
906,2014,romain-grosjean,lotus-f1,12,48,98919.0,1:38.919
906,2014,jean-eric-vergne,toro-rosso,13,44,99261.0,1:39.261
906,2014,jules-bianchi,marussia,14,51,99961.0,1:39.961
906,2014,adrian-sutil,sauber,15,34,100041.0,1:40.041
906,2014,pastor-maldonado,lotus-f1,16,48,100314.0,1:40.314
906,2014,max-chilton,marussia,17,50,100399.0,1:40.399
906,2014,kamui-kobayashi,caterham,18,31,101462.0,1:41.462
906,2014,esteban-gutierrez,sauber,19,7,102566.0,1:42.566
906,2014,marcus-ericsson,caterham,20,7,104319.0,1:44.319
907,2014,lewis-hamilton,mercedes,1,53,79908.0,1:19.908
907,2014,kevin-magnussen,mclaren,2,56,80224.0,1:20.224
907,2014,fernando-alonso,ferrari,3,57,80548.0,1:20.548
907,2014,sergio-perez,force-india,4,54,80752.0,1:20.752
907,2014,daniel-ricciardo,red-bull,5,53,80846.0,1:20.846
907,2014,nico-rosberg,mercedes,6,67,81298.0,1:21.298
907,2014,kimi-raikkonen,ferrari,7,55,81338.0,1:21.338
907,2014,jenson-button,mclaren,8,64,81346.0,1:21.346
907,2014,valtteri-bottas,williams,9,45,81494.0,1:21.494
907,2014,sebastian-vettel,red-bull,10,39,81545.0,1:21.545
907,2014,jean-eric-vergne,toro-rosso,11,58,81876.0,1:21.876
907,2014,esteban-gutierrez,sauber,12,61,82008.0,1:22.008
907,2014,nico-hulkenberg,force-india,13,44,82098.0,1:22.098
907,2014,daniil-kvyat,toro-rosso,14,34,82179.0,1:22.179
907,2014,pastor-maldonado,lotus-f1,15,41,82305.0,1:22.305
907,2014,jules-bianchi,marussia,16,57,82522.0,1:22.522
907,2014,adrian-sutil,sauber,17,41,82529.0,1:22.529
907,2014,kamui-kobayashi,caterham,18,50,82866.0,1:22.866
907,2014,max-chilton,marussia,19,50,83035.0,1:23.035
907,2014,marcus-ericsson,caterham,20,49,83230.0,1:23.230
907,2014,romain-grosjean,lotus-f1,21,26,84137.0,1:24.137
908,2014,nico-rosberg,mercedes,1,64,85724.0,1:25.724
908,2014,daniel-ricciardo,red-bull,2,58,86608.0,1:26.608
908,2014,valtteri-bottas,williams,3,63,86850.0,1:26.850
908,2014,lewis-hamilton,mercedes,4,36,87380.0,1:27.380
908,2014,fernando-alonso,ferrari,5,40,87419.0,1:27.419
908,2014,kimi-raikkonen,ferrari,6,47,87983.0,1:27.983
908,2014,felipe-massa,williams,7,51,88229.0,1:28.229
908,2014,adrian-sutil,sauber,8,41,88704.0,1:28.704
908,2014,sebastian-vettel,red-bull,9,52,88746.0,1:28.746
908,2014,kevin-magnussen,mclaren,10,41,88883.0,1:28.883
908,2014,jean-eric-vergne,toro-rosso,11,31,89120.0,1:29.120
908,2014,pastor-maldonado,lotus-f1,12,45,89128.0,1:29.128
908,2014,jenson-button,mclaren,13,50,89156.0,1:29.156
908,2014,daniil-kvyat,toro-rosso,14,51,89401.0,1:29.401
908,2014,max-chilton,marussia,15,47,89499.0,1:29.499
908,2014,jules-bianchi,marussia,16,49,89883.0,1:29.883
908,2014,sergio-perez,force-india,17,21,90280.0,1:30.280
908,2014,esteban-gutierrez,sauber,18,29,90485.0,1:30.485
908,2014,kamui-kobayashi,caterham,19,21,92888.0,1:32.888
908,2014,nico-hulkenberg,force-india,20,14,101151.0,1:41.151
908,2014,romain-grosjean,lotus-f1,21,7,106312.0,1:46.312
908,2014,marcus-ericsson,caterham,22,6,108459.0,1:48.459
909,2014,nico-rosberg,mercedes,1,36,110511.0,1:50.511
909,2014,adrian-sutil,sauber,2,36,112413.0,1:52.413
909,2014,felipe-massa,williams,3,37,112512.0,1:52.512
909,2014,valtteri-bottas,williams,4,40,112716.0,1:52.716
909,2014,sebastian-vettel,red-bull,5,36,112953.0,1:52.953
909,2014,daniel-ricciardo,red-bull,6,44,112974.0,1:52.974
909,2014,jean-eric-vergne,toro-rosso,7,31,113276.0,1:53.276
909,2014,jenson-button,mclaren,8,38,113483.0,1:53.483
909,2014,nico-hulkenberg,force-india,9,40,113612.0,1:53.612
909,2014,lewis-hamilton,mercedes,10,33,113707.0,1:53.707
909,2014,fernando-alonso,ferrari,11,29,113879.0,1:53.879
909,2014,esteban-gutierrez,sauber,12,32,114000.0,1:54.000
909,2014,kimi-raikkonen,ferrari,13,39,114090.0,1:54.090
909,2014,daniil-kvyat,toro-rosso,14,26,114159.0,1:54.159
909,2014,kevin-magnussen,mclaren,15,28,114203.0,1:54.203
909,2014,sergio-perez,force-india,16,28,114532.0,1:54.532
909,2014,max-chilton,marussia,17,31,115247.0,1:55.247
909,2014,romain-grosjean,lotus-f1,18,21,115649.0,1:55.649
909,2014,marcus-ericsson,caterham,19,26,115900.0,1:55.900
909,2014,jules-bianchi,marussia,20,32,116347.0,1:56.347
910,2014,lewis-hamilton,mercedes,1,29,88004.0,1:28.004
910,2014,nico-rosberg,mercedes,2,51,88206.0,1:28.206
910,2014,felipe-massa,williams,3,46,88342.0,1:28.342
910,2014,daniil-kvyat,toro-rosso,4,51,88486.0,1:28.486
910,2014,valtteri-bottas,williams,5,50,88559.0,1:28.559
910,2014,daniel-ricciardo,red-bull,6,53,88588.0,1:28.588
910,2014,kimi-raikkonen,ferrari,7,43,88942.0,1:28.942
910,2014,sergio-perez,force-india,8,35,89107.0,1:29.107
910,2014,jean-eric-vergne,toro-rosso,9,39,89121.0,1:29.121
910,2014,sebastian-vettel,red-bull,10,34,89141.0,1:29.141
910,2014,jenson-button,mclaren,11,35,89245.0,1:29.245
910,2014,kevin-magnussen,mclaren,12,34,89283.0,1:29.283
910,2014,nico-hulkenberg,force-india,13,35,89366.0,1:29.366
910,2014,adrian-sutil,sauber,14,46,89375.0,1:29.375
910,2014,esteban-gutierrez,sauber,15,40,89449.0,1:29.449
910,2014,fernando-alonso,ferrari,16,23,89680.0,1:29.680
910,2014,pastor-maldonado,lotus-f1,17,32,89856.0,1:29.856
910,2014,romain-grosjean,lotus-f1,18,38,90083.0,1:30.083
910,2014,marcus-ericsson,caterham,19,47,90280.0,1:30.280
910,2014,jules-bianchi,marussia,20,51,90521.0,1:30.521
910,2014,kamui-kobayashi,caterham,21,35,90758.0,1:30.758
910,2014,max-chilton,marussia,22,5,92569.0,1:32.569
911,2014,lewis-hamilton,mercedes,1,39,110417.0,1:50.417
911,2014,kevin-magnussen,mclaren,2,48,111639.0,1:51.639
911,2014,daniil-kvyat,toro-rosso,3,45,111761.0,1:51.761
911,2014,jean-eric-vergne,toro-rosso,4,48,111937.0,1:51.937
911,2014,sergio-perez,force-india,5,46,112007.0,1:52.007
911,2014,fernando-alonso,ferrari,6,27,112115.0,1:52.115
911,2014,valtteri-bottas,williams,7,25,112515.0,1:52.515
911,2014,sebastian-vettel,red-bull,8,27,112519.0,1:52.519
911,2014,daniel-ricciardo,red-bull,9,30,112569.0,1:52.569
911,2014,nico-hulkenberg,force-india,10,27,112762.0,1:52.762
911,2014,kimi-raikkonen,ferrari,11,28,112872.0,1:52.872
911,2014,pastor-maldonado,lotus-f1,12,26,113213.0,1:53.213
911,2014,felipe-massa,williams,13,27,113283.0,1:53.283
911,2014,jules-bianchi,marussia,14,47,113538.0,1:53.538
911,2014,romain-grosjean,lotus-f1,15,25,113543.0,1:53.543
911,2014,jenson-button,mclaren,16,16,113707.0,1:53.707
911,2014,max-chilton,marussia,17,43,113807.0,1:53.807
911,2014,adrian-sutil,sauber,18,10,113948.0,1:53.948
911,2014,marcus-ericsson,caterham,19,14,115416.0,1:55.416
911,2014,esteban-gutierrez,sauber,20,6,115684.0,1:55.684
911,2014,nico-rosberg,mercedes,21,5,116769.0,1:56.769
912,2014,lewis-hamilton,mercedes,1,39,111600.0,1:51.600
912,2014,jenson-button,mclaren,2,33,111721.0,1:51.721
912,2014,sebastian-vettel,red-bull,3,32,111915.0,1:51.915
912,2014,daniel-ricciardo,red-bull,4,38,112231.0,1:52.231
912,2014,kimi-raikkonen,ferrari,5,36,112426.0,1:52.426
912,2014,nico-rosberg,mercedes,6,15,112551.0,1:52.551
912,2014,nico-hulkenberg,force-india,7,28,112814.0,1:52.814
912,2014,felipe-massa,williams,8,39,113450.0,1:53.450
912,2014,kevin-magnussen,mclaren,9,38,113510.0,1:53.510
912,2014,sergio-perez,force-india,10,27,113556.0,1:53.556
912,2014,jean-eric-vergne,toro-rosso,11,35,113562.0,1:53.562
912,2014,daniil-kvyat,toro-rosso,12,25,114021.0,1:54.021
912,2014,valtteri-bottas,williams,13,41,114103.0,1:54.103
912,2014,marcus-ericsson,caterham,14,27,114669.0,1:54.669
912,2014,pastor-maldonado,lotus-f1,15,26,114702.0,1:54.702
912,2014,romain-grosjean,lotus-f1,16,28,115302.0,1:55.302
912,2014,esteban-gutierrez,sauber,17,40,115372.0,1:55.372
912,2014,kamui-kobayashi,caterham,18,29,115641.0,1:55.641
912,2014,adrian-sutil,sauber,19,25,115753.0,1:55.753
912,2014,jules-bianchi,marussia,20,27,115985.0,1:55.985
912,2014,max-chilton,marussia,21,25,116472.0,1:56.472
913,2014,valtteri-bottas,williams,1,53,100896.0,1:40.896
913,2014,nico-rosberg,mercedes,2,52,101360.0,1:41.360
913,2014,lewis-hamilton,mercedes,3,48,101606.0,1:41.606
913,2014,jenson-button,mclaren,4,47,101964.0,1:41.964
913,2014,daniil-kvyat,toro-rosso,5,52,102022.0,1:42.022
913,2014,fernando-alonso,ferrari,6,53,102179.0,1:42.179
913,2014,jean-eric-vergne,toro-rosso,7,53,102550.0,1:42.550
913,2014,sebastian-vettel,red-bull,8,53,102630.0,1:42.630
913,2014,nico-hulkenberg,force-india,9,50,102685.0,1:42.685
913,2014,felipe-massa,williams,10,47,102879.0,1:42.879
913,2014,kimi-raikkonen,ferrari,11,45,102919.0,1:42.919
913,2014,sergio-perez,force-india,12,47,102924.0,1:42.924
913,2014,daniel-ricciardo,red-bull,13,50,103050.0,1:43.050
913,2014,kevin-magnussen,mclaren,14,44,103076.0,1:43.076
913,2014,adrian-sutil,sauber,15,42,103822.0,1:43.822
913,2014,marcus-ericsson,caterham,16,48,103979.0,1:43.979
913,2014,pastor-maldonado,lotus-f1,17,50,104030.0,1:44.030
913,2014,esteban-gutierrez,sauber,18,45,104075.0,1:44.075
913,2014,romain-grosjean,lotus-f1,19,49,104461.0,1:44.461
913,2014,kamui-kobayashi,caterham,20,17,107407.0,1:47.407
913,2014,max-chilton,marussia,21,8,108268.0,1:48.268
914,2014,sebastian-vettel,red-bull,1,50,101379.0,1:41.379
914,2014,fernando-alonso,ferrari,2,47,101474.0,1:41.474
914,2014,daniil-kvyat,toro-rosso,3,53,101689.0,1:41.689
914,2014,lewis-hamilton,mercedes,4,49,101929.0,1:41.929
914,2014,nico-rosberg,mercedes,5,48,101932.0,1:41.932
914,2014,valtteri-bottas,williams,6,55,102505.0,1:42.505
914,2014,daniel-ricciardo,red-bull,7,33,102831.0,1:42.831
914,2014,kimi-raikkonen,ferrari,8,54,102888.0,1:42.888
914,2014,felipe-massa,williams,9,50,102971.0,1:42.971
914,2014,esteban-gutierrez,sauber,10,47,103006.0,1:43.006
914,2014,pastor-maldonado,lotus-f1,11,38,103808.0,1:43.808
914,2014,jean-eric-vergne,toro-rosso,12,17,104180.0,1:44.180
914,2014,jenson-button,mclaren,13,33,104255.0,1:44.255
914,2014,kevin-magnussen,mclaren,14,29,104287.0,1:44.287
914,2014,romain-grosjean,lotus-f1,15,51,104440.0,1:44.440
914,2014,nico-hulkenberg,force-india,16,15,106226.0,1:46.226
915,2014,lewis-hamilton,mercedes,1,62,73555.0,1:13.555
915,2014,nico-rosberg,mercedes,2,62,73619.0,1:13.619
915,2014,nico-hulkenberg,force-india,3,70,73728.0,1:13.728
915,2014,jenson-button,mclaren,4,68,73999.0,1:13.999
915,2014,sebastian-vettel,red-bull,5,68,74018.0,1:14.018
915,2014,romain-grosjean,lotus-f1,6,63,74070.0,1:14.070
915,2014,felipe-massa,williams,7,59,74101.0,1:14.101
915,2014,daniil-kvyat,toro-rosso,8,62,74144.0,1:14.144
915,2014,valtteri-bottas,williams,9,64,74229.0,1:14.229
915,2014,fernando-alonso,ferrari,10,55,74313.0,1:14.313
915,2014,kevin-magnussen,mclaren,11,62,74544.0,1:14.544
915,2014,sergio-perez,force-india,12,70,74550.0,1:14.550
915,2014,jean-eric-vergne,toro-rosso,13,65,74774.0,1:14.774
915,2014,pastor-maldonado,lotus-f1,14,47,74810.0,1:14.810
915,2014,adrian-sutil,sauber,15,42,74834.0,1:14.834
915,2014,esteban-gutierrez,sauber,16,64,74875.0,1:14.875
915,2014,kimi-raikkonen,ferrari,17,37,74963.0,1:14.963
915,2014,daniel-ricciardo,red-bull,18,30,75387.0,1:15.387
916,2014,daniel-ricciardo,red-bull,1,50,104496.0,1:44.496
916,2014,felipe-massa,williams,2,47,104826.0,1:44.826
916,2014,sebastian-vettel,red-bull,3,51,105552.0,1:45.552
916,2014,lewis-hamilton,mercedes,4,49,105599.0,1:45.599
916,2014,jean-eric-vergne,toro-rosso,5,50,105686.0,1:45.686
916,2014,valtteri-bottas,williams,6,54,105727.0,1:45.727
916,2014,nico-hulkenberg,force-india,7,47,105777.0,1:45.777
916,2014,sergio-perez,force-india,8,49,105808.0,1:45.808
916,2014,jenson-button,mclaren,9,47,106739.0,1:46.739
916,2014,kevin-magnussen,mclaren,10,37,106824.0,1:46.824
916,2014,nico-rosberg,mercedes,11,17,106869.0,1:46.869
916,2014,fernando-alonso,ferrari,12,45,107424.0,1:47.424
916,2014,kamui-kobayashi,caterham,13,38,107431.0,1:47.431
916,2014,adrian-sutil,sauber,14,44,107508.0,1:47.508
916,2014,esteban-gutierrez,sauber,15,43,107698.0,1:47.698
916,2014,kimi-raikkonen,ferrari,16,46,107736.0,1:47.736
916,2014,romain-grosjean,lotus-f1,17,35,107897.0,1:47.897
916,2014,will-stevens,caterham,18,47,108398.0,1:48.398
916,2014,daniil-kvyat,toro-rosso,19,10,108748.0,1:48.748
916,2014,pastor-maldonado,lotus-f1,20,9,108933.0,1:48.933
917,2015,lewis-hamilton,mercedes,1,50,90945.0,1:30.945
917,2015,nico-rosberg,mercedes,2,47,91092.0,1:31.092
917,2015,kimi-raikkonen,ferrari,3,36,91426.0,1:31.426
917,2015,sebastian-vettel,ferrari,4,52,91457.0,1:31.457
917,2015,marcus-ericsson,sauber,5,51,91560.0,1:31.560
917,2015,felipe-massa,williams,6,50,91719.0,1:31.719
917,2015,sergio-perez,force-india,7,46,91959.0,1:31.959
917,2015,nico-hulkenberg,force-india,8,48,91970.0,1:31.970
917,2015,felipe-nasr,sauber,9,46,92612.0,1:32.612
917,2015,daniel-ricciardo,red-bull,10,46,92797.0,1:32.797
917,2015,carlos-sainz-jr,toro-rosso,11,49,92872.0,1:32.872
917,2015,jenson-button,mclaren,12,56,93338.0,1:33.338
917,2015,max-verstappen,toro-rosso,13,30,94295.0,1:34.295
918,2015,nico-rosberg,mercedes,1,43,102062.0,1:42.062
918,2015,lewis-hamilton,mercedes,2,45,103125.0,1:43.125
918,2015,sebastian-vettel,ferrari,3,46,103648.0,1:43.648
918,2015,felipe-nasr,sauber,4,45,103902.0,1:43.902
918,2015,felipe-massa,williams,5,40,103990.0,1:43.990
918,2015,valtteri-bottas,williams,6,42,104088.0,1:44.088
918,2015,kimi-raikkonen,ferrari,7,40,104124.0,1:44.124
918,2015,daniil-kvyat,red-bull,8,41,104514.0,1:44.514
918,2015,max-verstappen,toro-rosso,9,42,104579.0,1:44.579
918,2015,romain-grosjean,lotus-f1,10,36,104812.0,1:44.812
918,2015,nico-hulkenberg,force-india,11,46,104822.0,1:44.822
918,2015,pastor-maldonado,lotus-f1,12,38,105070.0,1:45.070
918,2015,daniel-ricciardo,red-bull,13,42,105312.0,1:45.312
918,2015,sergio-perez,force-india,14,37,105345.0,1:45.345
918,2015,carlos-sainz-jr,toro-rosso,15,37,105507.0,1:45.507
918,2015,jenson-button,mclaren,16,38,106056.0,1:46.056
918,2015,fernando-alonso,mclaren,17,17,108460.0,1:48.460
918,2015,marcus-ericsson,sauber,18,3,108760.0,1:48.760
918,2015,roberto-merhi,marussia,19,44,109040.0,1:49.040
919,2015,lewis-hamilton,mercedes,1,31,102208.0,1:42.208
919,2015,nico-rosberg,mercedes,2,39,102565.0,1:42.565
919,2015,carlos-sainz-jr,toro-rosso,3,41,102652.0,1:42.652
919,2015,felipe-massa,williams,4,37,102734.0,1:42.734
919,2015,sebastian-vettel,ferrari,5,15,103018.0,1:43.018
919,2015,kimi-raikkonen,ferrari,6,48,103026.0,1:43.026
919,2015,valtteri-bottas,williams,7,37,103051.0,1:43.051
919,2015,romain-grosjean,lotus-f1,8,34,103134.0,1:43.134
919,2015,daniel-ricciardo,red-bull,9,46,103245.0,1:43.245
919,2015,sergio-perez,force-india,10,44,103512.0,1:43.512
919,2015,pastor-maldonado,lotus-f1,11,37,103686.0,1:43.686
919,2015,felipe-nasr,sauber,12,46,103692.0,1:43.692
919,2015,fernando-alonso,mclaren,13,40,103728.0,1:43.728
919,2015,max-verstappen,toro-rosso,14,46,103880.0,1:43.880
919,2015,marcus-ericsson,sauber,15,32,104204.0,1:44.204
919,2015,jenson-button,mclaren,16,21,104991.0,1:44.991
919,2015,will-stevens,marussia,17,40,105414.0,1:45.414
919,2015,nico-hulkenberg,force-india,18,6,105844.0,1:45.844
919,2015,roberto-merhi,marussia,19,43,105963.0,1:45.963
919,2015,daniil-kvyat,red-bull,20,13,106291.0,1:46.291
920,2015,kimi-raikkonen,ferrari,1,42,96311.0,1:36.311
920,2015,sebastian-vettel,ferrari,2,38,96624.0,1:36.624
920,2015,nico-rosberg,mercedes,3,36,97326.0,1:37.326
920,2015,pastor-maldonado,lotus-f1,4,43,97665.0,1:37.665
920,2015,lewis-hamilton,mercedes,5,38,97857.0,1:37.857
920,2015,valtteri-bottas,williams,6,16,98095.0,1:38.095
920,2015,felipe-nasr,sauber,7,43,98216.0,1:38.216
920,2015,sergio-perez,force-india,8,39,98338.0,1:38.338
920,2015,marcus-ericsson,sauber,9,27,98422.0,1:38.422
920,2015,nico-hulkenberg,force-india,10,40,98653.0,1:38.653
920,2015,daniil-kvyat,red-bull,11,36,98725.0,1:38.725
920,2015,daniel-ricciardo,red-bull,12,53,98948.0,1:38.948
920,2015,fernando-alonso,mclaren,13,38,98992.0,1:38.992
920,2015,felipe-massa,williams,14,12,99094.0,1:39.094
920,2015,romain-grosjean,lotus-f1,15,34,99161.0,1:39.161
920,2015,max-verstappen,toro-rosso,16,32,99607.0,1:39.607
920,2015,carlos-sainz-jr,toro-rosso,17,13,100651.0,1:40.651
920,2015,will-stevens,marussia,18,36,101759.0,1:41.759
920,2015,roberto-merhi,marussia,19,36,102033.0,1:42.033
921,2015,lewis-hamilton,mercedes,1,54,88270.0,1:28.270
921,2015,nico-rosberg,mercedes,2,53,89109.0,1:29.109
921,2015,kimi-raikkonen,ferrari,3,47,89931.0,1:29.931
921,2015,felipe-massa,williams,4,51,90374.0,1:30.374
921,2015,valtteri-bottas,williams,5,44,90711.0,1:30.711
921,2015,sebastian-vettel,ferrari,6,61,90737.0,1:30.737
921,2015,nico-hulkenberg,force-india,7,51,90888.0,1:30.888
921,2015,daniel-ricciardo,red-bull,8,56,91124.0,1:31.124
921,2015,carlos-sainz-jr,toro-rosso,9,62,91156.0,1:31.156
921,2015,jenson-button,mclaren,10,46,91162.0,1:31.162
921,2015,daniil-kvyat,red-bull,11,40,91887.0,1:31.887
921,2015,max-verstappen,toro-rosso,12,46,91896.0,1:31.896
921,2015,felipe-nasr,sauber,13,41,91928.0,1:31.928
921,2015,sergio-perez,force-india,14,38,91932.0,1:31.932
921,2015,romain-grosjean,lotus-f1,15,46,91945.0,1:31.945
921,2015,marcus-ericsson,sauber,16,52,92222.0,1:32.222
921,2015,pastor-maldonado,lotus-f1,17,17,92912.0,1:32.912
921,2015,fernando-alonso,mclaren,18,23,93387.0,1:33.387
921,2015,will-stevens,marussia,19,49,93655.0,1:33.655
921,2015,roberto-merhi,marussia,20,51,94211.0,1:34.211
922,2015,daniel-ricciardo,red-bull,1,74,78063.0,1:18.063
922,2015,nico-rosberg,mercedes,2,76,78599.0,1:18.599
922,2015,lewis-hamilton,mercedes,3,42,78676.0,1:18.676
922,2015,sebastian-vettel,ferrari,4,75,78854.0,1:18.854
922,2015,max-verstappen,toro-rosso,5,49,78873.0,1:18.873
922,2015,valtteri-bottas,williams,6,74,78944.0,1:18.944
922,2015,daniil-kvyat,red-bull,7,75,79130.0,1:19.130
922,2015,marcus-ericsson,sauber,8,75,79285.0,1:19.285
922,2015,jenson-button,mclaren,9,76,79490.0,1:19.490
922,2015,kimi-raikkonen,ferrari,10,74,79651.0,1:19.651
922,2015,sergio-perez,force-india,11,74,79657.0,1:19.657
922,2015,felipe-massa,williams,12,72,79764.0,1:19.764
922,2015,carlos-sainz-jr,toro-rosso,13,48,79816.0,1:19.816
922,2015,nico-hulkenberg,force-india,14,46,79921.0,1:19.921
922,2015,felipe-nasr,sauber,15,76,80017.0,1:20.017
922,2015,fernando-alonso,mclaren,16,36,80459.0,1:20.459
922,2015,romain-grosjean,lotus-f1,17,40,80483.0,1:20.483
922,2015,roberto-merhi,marussia,18,47,81715.0,1:21.715
922,2015,pastor-maldonado,lotus-f1,19,3,82271.0,1:22.271
922,2015,will-stevens,marussia,20,58,82693.0,1:22.693
923,2015,kimi-raikkonen,ferrari,1,42,76987.0,1:16.987
923,2015,sebastian-vettel,ferrari,2,59,77105.0,1:17.105
923,2015,lewis-hamilton,mercedes,3,64,77472.0,1:17.472
923,2015,felipe-massa,williams,4,64,77553.0,1:17.553
923,2015,nico-rosberg,mercedes,5,63,77637.0,1:17.637
923,2015,valtteri-bottas,williams,6,67,77922.0,1:17.922
923,2015,romain-grosjean,lotus-f1,7,51,77969.0,1:17.969
923,2015,daniil-kvyat,red-bull,8,69,78048.0,1:18.048
923,2015,nico-hulkenberg,force-india,9,66,78238.0,1:18.238
923,2015,pastor-maldonado,lotus-f1,10,51,78385.0,1:18.385
923,2015,max-verstappen,toro-rosso,11,50,78616.0,1:18.616
923,2015,carlos-sainz-jr,toro-rosso,12,61,78811.0,1:18.811
923,2015,jenson-button,mclaren,13,49,78856.0,1:18.856
923,2015,sergio-perez,force-india,14,49,78889.0,1:18.889
923,2015,marcus-ericsson,sauber,15,58,78890.0,1:18.890
923,2015,daniel-ricciardo,red-bull,16,67,79060.0,1:19.060
923,2015,felipe-nasr,sauber,17,47,79088.0,1:19.088
923,2015,fernando-alonso,mclaren,18,41,79580.0,1:19.580
923,2015,will-stevens,marussia,19,38,80707.0,1:20.707
923,2015,roberto-merhi,marussia,20,37,80804.0,1:20.804
924,2015,nico-rosberg,mercedes,1,35,71235.0,1:11.235
924,2015,lewis-hamilton,mercedes,2,60,71475.0,1:11.475
924,2015,sebastian-vettel,ferrari,3,44,71499.0,1:11.499
924,2015,felipe-massa,williams,4,58,71613.0,1:11.613
924,2015,daniel-ricciardo,red-bull,5,69,71689.0,1:11.689
924,2015,pastor-maldonado,lotus-f1,6,58,71785.0,1:11.785
924,2015,valtteri-bottas,williams,7,52,72248.0,1:12.248
924,2015,daniil-kvyat,red-bull,8,54,72316.0,1:12.316
924,2015,max-verstappen,toro-rosso,9,64,72349.0,1:12.349
924,2015,sergio-perez,force-india,10,58,72377.0,1:12.377
924,2015,marcus-ericsson,sauber,11,56,72516.0,1:12.516
924,2015,nico-hulkenberg,force-india,12,62,72541.0,1:12.541
924,2015,romain-grosjean,lotus-f1,13,34,72881.0,1:12.881
924,2015,felipe-nasr,sauber,14,57,73050.0,1:13.050
924,2015,carlos-sainz-jr,toro-rosso,15,28,73234.0,1:13.234
924,2015,roberto-merhi,marussia,16,58,74939.0,1:14.939
924,2015,jenson-button,mclaren,17,5,112208.0,1:52.208
925,2015,lewis-hamilton,mercedes,1,29,97093.0,1:37.093
925,2015,nico-rosberg,mercedes,2,24,97403.0,1:37.403
925,2015,felipe-massa,williams,3,26,97466.0,1:37.466
925,2015,kimi-raikkonen,ferrari,4,31,97493.0,1:37.493
925,2015,valtteri-bottas,williams,5,32,97513.0,1:37.513
925,2015,sebastian-vettel,ferrari,6,31,97707.0,1:37.707
925,2015,daniil-kvyat,red-bull,7,28,97910.0,1:37.910
925,2015,marcus-ericsson,sauber,8,31,98131.0,1:38.131
925,2015,nico-hulkenberg,force-india,9,32,98296.0,1:38.296
925,2015,sergio-perez,force-india,10,25,98466.0,1:38.466
925,2015,carlos-sainz-jr,toro-rosso,11,26,98697.0,1:38.697
925,2015,fernando-alonso,mclaren,12,30,98883.0,1:38.883
925,2015,daniel-ricciardo,red-bull,13,14,99940.0,1:39.940
925,2015,will-stevens,marussia,14,28,101919.0,1:41.919
925,2015,roberto-merhi,marussia,15,26,102324.0,1:42.324
925,2015,max-verstappen,toro-rosso,16,3,140776.0,2:20.776
926,2015,daniel-ricciardo,red-bull,1,68,84821.0,1:24.821
926,2015,nico-rosberg,mercedes,2,68,85149.0,1:25.149
926,2015,lewis-hamilton,mercedes,3,68,85727.0,1:25.727
926,2015,daniil-kvyat,red-bull,4,57,86519.0,1:26.519
926,2015,sebastian-vettel,ferrari,5,63,86772.0,1:26.772
926,2015,felipe-massa,williams,6,59,86864.0,1:26.864
926,2015,kimi-raikkonen,ferrari,7,24,86954.0,1:26.954
926,2015,valtteri-bottas,williams,8,51,87058.0,1:27.058
926,2015,pastor-maldonado,lotus-f1,9,62,87130.0,1:27.130
926,2015,fernando-alonso,mclaren,10,67,87311.0,1:27.311
926,2015,max-verstappen,toro-rosso,11,62,87650.0,1:27.650
926,2015,marcus-ericsson,sauber,12,60,88004.0,1:28.004
926,2015,nico-hulkenberg,force-india,13,38,88074.0,1:28.074
926,2015,romain-grosjean,lotus-f1,14,60,88080.0,1:28.080
926,2015,felipe-nasr,sauber,15,51,88268.0,1:28.268
926,2015,sergio-perez,force-india,16,51,88499.0,1:28.499
926,2015,jenson-button,mclaren,17,65,88535.0,1:28.535
926,2015,carlos-sainz-jr,toro-rosso,18,38,88611.0,1:28.611
926,2015,will-stevens,marussia,19,56,89543.0,1:29.543
926,2015,roberto-merhi,marussia,20,59,89868.0,1:29.868
927,2015,nico-rosberg,mercedes,1,34,112416.0,1:52.416
927,2015,lewis-hamilton,mercedes,2,34,112504.0,1:52.504
927,2015,daniil-kvyat,red-bull,3,29,113032.0,1:53.032
927,2015,max-verstappen,toro-rosso,4,36,113276.0,1:53.276
927,2015,fernando-alonso,mclaren,5,34,113692.0,1:53.692
927,2015,felipe-nasr,sauber,6,29,113991.0,1:53.991
927,2015,marcus-ericsson,sauber,7,30,114022.0,1:54.022
927,2015,felipe-massa,williams,8,23,114093.0,1:54.093
927,2015,kimi-raikkonen,ferrari,9,30,114517.0,1:54.517
927,2015,valtteri-bottas,williams,10,23,114646.0,1:54.646
927,2015,carlos-sainz-jr,toro-rosso,11,25,114680.0,1:54.680
927,2015,romain-grosjean,lotus-f1,12,37,114779.0,1:54.779
927,2015,sergio-perez,force-india,13,29,114796.0,1:54.796
927,2015,sebastian-vettel,ferrari,14,29,115316.0,1:55.316
927,2015,jenson-button,mclaren,15,38,115533.0,1:55.533
927,2015,daniel-ricciardo,red-bull,16,2,116263.0,1:56.263
927,2015,will-stevens,marussia,17,33,118150.0,1:58.150
927,2015,roberto-merhi,marussia,18,32,118174.0,1:58.174
928,2015,lewis-hamilton,mercedes,1,48,86672.0,1:26.672
928,2015,nico-rosberg,mercedes,2,43,87067.0,1:27.067
928,2015,sebastian-vettel,ferrari,3,52,87376.0,1:27.376
928,2015,max-verstappen,toro-rosso,4,35,87390.0,1:27.390
928,2015,carlos-sainz-jr,toro-rosso,5,38,87510.0,1:27.510
928,2015,valtteri-bottas,williams,6,49,87525.0,1:27.525
928,2015,kimi-raikkonen,ferrari,7,43,87584.0,1:27.584
928,2015,felipe-massa,williams,8,31,87874.0,1:27.874
928,2015,daniel-ricciardo,red-bull,9,50,88065.0,1:28.065
928,2015,sergio-perez,force-india,10,46,88140.0,1:28.140
928,2015,daniil-kvyat,red-bull,11,39,88231.0,1:28.231
928,2015,marcus-ericsson,sauber,12,22,88516.0,1:28.516
928,2015,felipe-nasr,sauber,13,51,88653.0,1:28.653
928,2015,nico-hulkenberg,force-india,14,36,88913.0,1:28.913
928,2015,fernando-alonso,mclaren,15,42,89285.0,1:29.285
928,2015,jenson-button,mclaren,16,33,89766.0,1:29.766
928,2015,will-stevens,marussia,17,51,91098.0,1:31.098
928,2015,roberto-merhi,marussia,18,29,91311.0,1:31.311
929,2015,daniel-ricciardo,red-bull,1,52,110041.0,1:50.041
929,2015,sebastian-vettel,ferrari,2,53,110069.0,1:50.069
929,2015,pastor-maldonado,lotus-f1,3,57,110175.0,1:50.175
929,2015,max-verstappen,toro-rosso,4,43,110298.0,1:50.298
929,2015,kimi-raikkonen,ferrari,5,48,110341.0,1:50.341
929,2015,carlos-sainz-jr,toro-rosso,6,43,110401.0,1:50.401
929,2015,nico-rosberg,mercedes,7,50,110934.0,1:50.934
929,2015,daniil-kvyat,red-bull,8,36,111109.0,1:51.109
929,2015,jenson-button,mclaren,9,43,111167.0,1:51.167
929,2015,valtteri-bottas,williams,10,49,111342.0,1:51.342
929,2015,marcus-ericsson,sauber,11,30,111594.0,1:51.594
929,2015,sergio-perez,force-india,12,44,111970.0,1:51.970
929,2015,romain-grosjean,lotus-f1,13,28,112353.0,1:52.353
929,2015,lewis-hamilton,mercedes,14,24,112505.0,1:52.505
929,2015,felipe-nasr,sauber,15,36,112566.0,1:52.566
929,2015,fernando-alonso,mclaren,16,27,113325.0,1:53.325
929,2015,felipe-massa,williams,17,19,113666.0,1:53.666
929,2015,nico-hulkenberg,force-india,18,6,113868.0,1:53.868
929,2015,alexander-rossi,marussia,19,43,115312.0,1:55.312
929,2015,will-stevens,marussia,20,45,115890.0,1:55.890
930,2015,lewis-hamilton,mercedes,1,33,96145.0,1:36.145
930,2015,nico-rosberg,mercedes,2,31,97147.0,1:37.147
930,2015,sebastian-vettel,ferrari,3,32,97906.0,1:37.906
930,2015,kimi-raikkonen,ferrari,4,32,98035.0,1:38.035
930,2015,pastor-maldonado,lotus-f1,5,39,98136.0,1:38.136
930,2015,romain-grosjean,lotus-f1,6,35,98167.0,1:38.167
930,2015,max-verstappen,toro-rosso,7,32,98237.0,1:38.237
930,2015,valtteri-bottas,williams,8,41,98241.0,1:38.241
930,2015,nico-hulkenberg,force-india,9,43,98331.0,1:38.331
930,2015,daniil-kvyat,red-bull,10,36,98366.0,1:38.366
930,2015,sergio-perez,force-india,11,50,98591.0,1:38.591
930,2015,felipe-massa,williams,12,51,98595.0,1:38.595
930,2015,carlos-sainz-jr,toro-rosso,13,16,98686.0,1:38.686
930,2015,daniel-ricciardo,red-bull,14,32,98898.0,1:38.898
930,2015,marcus-ericsson,sauber,15,28,99343.0,1:39.343
930,2015,fernando-alonso,mclaren,16,45,99614.0,1:39.614
930,2015,felipe-nasr,sauber,17,39,100088.0,1:40.088
930,2015,jenson-button,mclaren,18,31,100121.0,1:40.121
930,2015,will-stevens,marussia,19,44,101452.0,1:41.452
930,2015,alexander-rossi,marussia,20,35,101467.0,1:41.467
931,2015,sebastian-vettel,ferrari,1,51,100071.0,1:40.071
931,2015,kimi-raikkonen,ferrari,2,48,100294.0,1:40.294
931,2015,lewis-hamilton,mercedes,3,44,100573.0,1:40.573
931,2015,felipe-massa,williams,4,48,100881.0,1:40.881
931,2015,valtteri-bottas,williams,5,45,101134.0,1:41.134
931,2015,daniil-kvyat,red-bull,6,52,101372.0,1:41.372
931,2015,felipe-nasr,sauber,7,52,101507.0,1:41.507
931,2015,pastor-maldonado,lotus-f1,8,51,101520.0,1:41.520
931,2015,sergio-perez,force-india,9,48,101772.0,1:41.772
931,2015,daniel-ricciardo,red-bull,10,43,101888.0,1:41.888
931,2015,carlos-sainz-jr,toro-rosso,11,44,102258.0,1:42.258
931,2015,max-verstappen,toro-rosso,12,29,102639.0,1:42.639
931,2015,jenson-button,mclaren,13,53,103068.0,1:43.068
931,2015,nico-rosberg,mercedes,14,6,103133.0,1:43.133
931,2015,fernando-alonso,mclaren,15,45,103265.0,1:43.265
931,2015,will-stevens,marussia,16,50,104926.0,1:44.926
931,2015,roberto-merhi,marussia,17,50,105049.0,1:45.049
931,2015,romain-grosjean,lotus-f1,18,7,105266.0,1:45.266
932,2015,nico-rosberg,mercedes,1,49,100666.0,1:40.666
932,2015,lewis-hamilton,mercedes,2,48,100738.0,1:40.738
932,2015,sebastian-vettel,ferrari,3,52,101330.0,1:41.330
932,2015,daniel-ricciardo,red-bull,4,53,101980.0,1:41.980
932,2015,carlos-sainz-jr,toro-rosso,5,51,102660.0,1:42.660
932,2015,pastor-maldonado,lotus-f1,6,51,102849.0,1:42.849
932,2015,sergio-perez,force-india,7,54,103010.0,1:43.010
932,2015,jenson-button,mclaren,8,50,103026.0,1:43.026
932,2015,max-verstappen,toro-rosso,9,51,103172.0,1:43.172
932,2015,daniil-kvyat,red-bull,10,41,103728.0,1:43.728
932,2015,fernando-alonso,mclaren,11,55,104323.0,1:44.323
932,2015,felipe-nasr,sauber,12,54,104407.0,1:44.407
932,2015,nico-hulkenberg,force-india,13,24,105095.0,1:45.095
932,2015,kimi-raikkonen,ferrari,14,24,106186.0,1:46.186
932,2015,marcus-ericsson,sauber,15,24,107381.0,1:47.381
932,2015,alexander-rossi,marussia,16,50,108173.0,1:48.173
932,2015,felipe-massa,williams,17,22,108231.0,1:48.231
932,2015,romain-grosjean,lotus-f1,18,8,119612.0,1:59.612
932,2015,valtteri-bottas,williams,19,3,151939.0,2:31.939
933,2015,nico-rosberg,mercedes,1,67,80521.0,1:20.521
933,2015,lewis-hamilton,mercedes,2,67,80723.0,1:20.723
933,2015,daniil-kvyat,red-bull,3,69,81549.0,1:21.549
933,2015,valtteri-bottas,williams,4,68,81585.0,1:21.585
933,2015,daniel-ricciardo,red-bull,5,70,81625.0,1:21.625
933,2015,sebastian-vettel,ferrari,6,48,81847.0,1:21.847
933,2015,felipe-massa,williams,7,71,82009.0,1:22.009
933,2015,carlos-sainz-jr,toro-rosso,8,46,82172.0,1:22.172
933,2015,nico-hulkenberg,force-india,9,69,82391.0,1:22.391
933,2015,max-verstappen,toro-rosso,10,70,82603.0,1:22.603
933,2015,marcus-ericsson,sauber,11,62,82716.0,1:22.716
933,2015,sergio-perez,force-india,12,51,82757.0,1:22.757
933,2015,romain-grosjean,lotus-f1,13,69,82893.0,1:22.893
933,2015,pastor-maldonado,lotus-f1,14,70,82963.0,1:22.963
933,2015,jenson-button,mclaren,15,49,83006.0,1:23.006
933,2015,felipe-nasr,sauber,16,48,83350.0,1:23.350
933,2015,kimi-raikkonen,ferrari,17,20,84054.0,1:24.054
933,2015,alexander-rossi,marussia,18,69,85005.0,1:25.005
933,2015,will-stevens,marussia,19,67,85540.0,1:25.540
934,2015,lewis-hamilton,mercedes,1,51,74832.0,1:14.832
934,2015,nico-rosberg,mercedes,2,57,74957.0,1:14.957
934,2015,sebastian-vettel,ferrari,3,57,75046.0,1:15.046
934,2015,kimi-raikkonen,ferrari,4,48,75416.0,1:15.416
934,2015,romain-grosjean,lotus-f1,5,57,75739.0,1:15.739
934,2015,felipe-massa,williams,6,57,75743.0,1:15.743
934,2015,marcus-ericsson,sauber,7,57,75789.0,1:15.789
934,2015,sergio-perez,force-india,8,53,75970.0,1:15.970
934,2015,max-verstappen,toro-rosso,9,56,75972.0,1:15.972
934,2015,valtteri-bottas,williams,10,61,76039.0,1:16.039
934,2015,daniel-ricciardo,red-bull,11,56,76313.0,1:16.313
934,2015,jenson-button,mclaren,12,53,76321.0,1:16.321
934,2015,pastor-maldonado,lotus-f1,13,63,76354.0,1:16.354
934,2015,daniil-kvyat,red-bull,14,41,76500.0,1:16.500
934,2015,fernando-alonso,mclaren,15,54,76519.0,1:16.519
934,2015,nico-hulkenberg,force-india,16,66,76774.0,1:16.774
934,2015,felipe-nasr,sauber,17,41,76794.0,1:16.794
934,2015,alexander-rossi,marussia,18,43,78617.0,1:18.617
934,2015,will-stevens,marussia,19,42,79098.0,1:19.098
935,2015,lewis-hamilton,mercedes,1,44,104517.0,1:44.517
935,2015,sebastian-vettel,ferrari,2,48,104550.0,1:44.550
935,2015,fernando-alonso,mclaren,3,52,104796.0,1:44.796
935,2015,kimi-raikkonen,ferrari,4,47,104942.0,1:44.942
935,2015,nico-rosberg,mercedes,5,37,105356.0,1:45.356
935,2015,max-verstappen,toro-rosso,6,40,105746.0,1:45.746
935,2015,romain-grosjean,lotus-f1,7,47,105859.0,1:45.859
935,2015,sergio-perez,force-india,8,30,105892.0,1:45.892
935,2015,daniel-ricciardo,red-bull,9,46,106305.0,1:46.305
935,2015,felipe-nasr,sauber,10,46,106424.0,1:46.424
935,2015,valtteri-bottas,williams,11,45,106464.0,1:46.464
935,2015,marcus-ericsson,sauber,12,48,106517.0,1:46.517
935,2015,daniil-kvyat,red-bull,13,27,106882.0,1:46.882
935,2015,felipe-massa,williams,14,33,106984.0,1:46.984
935,2015,carlos-sainz-jr,toro-rosso,15,38,106998.0,1:46.998
935,2015,nico-hulkenberg,force-india,16,29,107064.0,1:47.064
935,2015,jenson-button,mclaren,17,29,107509.0,1:47.509
935,2015,will-stevens,marussia,18,53,109610.0,1:49.610
935,2015,roberto-merhi,marussia,19,26,111213.0,1:51.213
936,2016,daniel-ricciardo,red-bull,1,49,88997.0,1:28.997
936,2016,sebastian-vettel,ferrari,2,23,89951.0,1:29.951
936,2016,nico-rosberg,mercedes,3,21,90557.0,1:30.557
936,2016,lewis-hamilton,mercedes,4,48,90646.0,1:30.646
936,2016,kimi-raikkonen,ferrari,5,21,90701.0,1:30.701
936,2016,max-verstappen,toro-rosso,6,44,91516.0,1:31.516
936,2016,carlos-sainz-jr,toro-rosso,7,23,91671.0,1:31.671
936,2016,jenson-button,mclaren,8,33,91684.0,1:31.684
936,2016,felipe-massa,williams,9,39,92288.0,1:32.288
936,2016,kevin-magnussen,renault,10,45,92452.0,1:32.452
936,2016,fernando-alonso,mclaren,11,14,92553.0,1:32.553
936,2016,pascal-wehrlein,manor,12,34,92673.0,1:32.673
936,2016,felipe-nasr,sauber,13,48,92711.0,1:32.711
936,2016,valtteri-bottas,williams,14,51,92725.0,1:32.725
936,2016,sergio-perez,force-india,15,39,92780.0,1:32.780
936,2016,nico-hulkenberg,force-india,16,49,92833.0,1:32.833
936,2016,romain-grosjean,haas,17,48,92862.0,1:32.862
936,2016,jolyon-palmer,renault,18,14,92955.0,1:32.955
936,2016,esteban-gutierrez,haas,19,4,92998.0,1:32.998
936,2016,rio-haryanto,manor,20,15,93847.0,1:33.847
936,2016,marcus-ericsson,sauber,21,15,93892.0,1:33.892
937,2016,nico-rosberg,mercedes,1,41,94482.0,1:34.482
937,2016,lewis-hamilton,mercedes,2,43,94677.0,1:34.677
937,2016,kimi-raikkonen,ferrari,3,39,95158.0,1:35.158
937,2016,nico-hulkenberg,force-india,4,53,95188.0,1:35.188
937,2016,felipe-nasr,sauber,5,49,95360.0,1:35.360
937,2016,pascal-wehrlein,manor,6,43,95448.0,1:35.448
937,2016,max-verstappen,toro-rosso,7,49,95504.0,1:35.504
937,2016,daniil-kvyat,red-bull,8,36,95678.0,1:35.678
937,2016,daniel-ricciardo,red-bull,9,44,96064.0,1:36.064
937,2016,sergio-perez,force-india,10,39,96067.0,1:36.067
937,2016,romain-grosjean,haas,11,42,96095.0,1:36.095
937,2016,stoffel-vandoorne,mclaren,12,44,96121.0,1:36.121
937,2016,rio-haryanto,manor,13,47,96685.0,1:36.685
937,2016,kevin-magnussen,renault,14,40,96730.0,1:36.730
937,2016,valtteri-bottas,williams,15,37,97077.0,1:37.077
937,2016,felipe-massa,williams,16,31,97560.0,1:37.560
937,2016,marcus-ericsson,sauber,17,32,98003.0,1:38.003
937,2016,carlos-sainz-jr,toro-rosso,18,22,98408.0,1:38.408
937,2016,esteban-gutierrez,haas,19,2,99341.0,1:39.341
937,2016,jenson-button,mclaren,20,3,99427.0,1:39.427
938,2016,nico-hulkenberg,force-india,1,48,99824.0,1:39.824
938,2016,romain-grosjean,haas,2,47,99923.0,1:39.923
938,2016,jenson-button,mclaren,3,46,100298.0,1:40.298
938,2016,esteban-gutierrez,haas,4,45,100368.0,1:40.368
938,2016,max-verstappen,toro-rosso,5,41,100399.0,1:40.399
938,2016,nico-rosberg,mercedes,6,38,100418.0,1:40.418
938,2016,felipe-nasr,sauber,7,42,100582.0,1:40.582
938,2016,kimi-raikkonen,ferrari,8,40,100593.0,1:40.593
938,2016,sebastian-vettel,ferrari,9,37,100610.0,1:40.610
938,2016,lewis-hamilton,mercedes,10,32,100662.0,1:40.662
938,2016,daniel-ricciardo,red-bull,11,55,101015.0,1:41.015
938,2016,carlos-sainz-jr,toro-rosso,12,35,101485.0,1:41.485
938,2016,pascal-wehrlein,manor,13,48,101489.0,1:41.489
938,2016,daniil-kvyat,red-bull,14,38,101546.0,1:41.546
938,2016,valtteri-bottas,williams,15,23,101558.0,1:41.558
938,2016,felipe-massa,williams,16,34,101815.0,1:41.815
938,2016,sergio-perez,force-india,17,30,101846.0,1:41.846
938,2016,rio-haryanto,manor,18,42,102009.0,1:42.009
938,2016,fernando-alonso,mclaren,19,36,102226.0,1:42.226
938,2016,jolyon-palmer,renault,20,26,102232.0,1:42.232
938,2016,kevin-magnussen,renault,21,22,102311.0,1:42.311
938,2016,marcus-ericsson,sauber,22,41,103269.0,1:43.269
939,2016,nico-rosberg,mercedes,1,52,99094.0,1:39.094
939,2016,felipe-massa,williams,2,52,99743.0,1:39.743
939,2016,kimi-raikkonen,ferrari,3,47,100101.0,1:40.101
939,2016,lewis-hamilton,mercedes,4,36,100266.0,1:40.266
939,2016,fernando-alonso,mclaren,5,52,100347.0,1:40.347
939,2016,valtteri-bottas,williams,6,37,101159.0,1:41.159
939,2016,daniel-ricciardo,red-bull,7,46,101179.0,1:41.179
939,2016,jenson-button,mclaren,8,50,101720.0,1:41.720
939,2016,kevin-magnussen,renault,9,50,101832.0,1:41.832
939,2016,sergio-perez,force-india,10,47,101897.0,1:41.897
939,2016,pascal-wehrlein,manor,11,43,101907.0,1:41.907
939,2016,romain-grosjean,haas,12,51,102026.0,1:42.026
939,2016,max-verstappen,toro-rosso,13,32,102029.0,1:42.029
939,2016,marcus-ericsson,sauber,14,45,102050.0,1:42.050
939,2016,carlos-sainz-jr,toro-rosso,15,41,102205.0,1:42.205
939,2016,felipe-nasr,sauber,16,50,102253.0,1:42.253
939,2016,daniil-kvyat,red-bull,17,44,102344.0,1:42.344
939,2016,esteban-gutierrez,haas,18,52,102378.0,1:42.378
939,2016,jolyon-palmer,renault,19,37,102660.0,1:42.660
940,2016,daniil-kvyat,toro-rosso,1,53,86948.0,1:26.948
940,2016,sebastian-vettel,ferrari,2,39,87974.0,1:27.974
940,2016,daniel-ricciardo,red-bull,3,46,88209.0,1:28.209
940,2016,kimi-raikkonen,ferrari,4,38,88538.0,1:28.538
940,2016,kevin-magnussen,renault,5,57,88716.0,1:28.716
940,2016,max-verstappen,red-bull,6,36,88816.0,1:28.816
940,2016,romain-grosjean,haas,7,41,88974.0,1:28.974
940,2016,valtteri-bottas,williams,8,60,89081.0,1:29.081
940,2016,felipe-massa,williams,9,43,89238.0,1:29.238
940,2016,rio-haryanto,manor,10,52,89402.0,1:29.402
940,2016,carlos-sainz-jr,toro-rosso,11,42,89663.0,1:29.663
940,2016,marcus-ericsson,sauber,12,42,89715.0,1:29.715
940,2016,fernando-alonso,mclaren,13,41,89750.0,1:29.750
940,2016,jolyon-palmer,renault,14,35,89779.0,1:29.779
940,2016,sergio-perez,force-india,15,37,89801.0,1:29.801
940,2016,felipe-nasr,sauber,16,38,89905.0,1:29.905
940,2016,esteban-gutierrez,haas,17,34,90139.0,1:30.139
940,2016,jenson-button,mclaren,18,39,90260.0,1:30.260
940,2016,pascal-wehrlein,manor,19,37,91182.0,1:31.182
940,2016,nico-hulkenberg,force-india,20,8,91810.0,1:31.810
941,2016,lewis-hamilton,mercedes,1,71,77939.0,1:17.939
941,2016,sebastian-vettel,ferrari,2,62,78005.0,1:18.005
941,2016,daniel-ricciardo,red-bull,3,67,78294.0,1:18.294
941,2016,sergio-perez,force-india,4,64,78446.0,1:18.446
941,2016,carlos-sainz-jr,toro-rosso,5,70,78519.0,1:18.519
941,2016,nico-rosberg,mercedes,6,74,78763.0,1:18.763
941,2016,esteban-gutierrez,haas,7,69,79131.0,1:19.131
941,2016,fernando-alonso,mclaren,8,72,79170.0,1:19.170
941,2016,felipe-massa,williams,9,69,79213.0,1:19.213
941,2016,valtteri-bottas,williams,10,66,79223.0,1:19.223
941,2016,nico-hulkenberg,force-india,11,74,79232.0,1:19.232
941,2016,jenson-button,mclaren,12,66,79670.0,1:19.670
941,2016,rio-haryanto,manor,13,70,79868.0,1:19.868
941,2016,romain-grosjean,haas,14,65,80219.0,1:20.219
941,2016,pascal-wehrlein,manor,15,60,80372.0,1:20.372
941,2016,marcus-ericsson,sauber,16,51,81342.0,1:21.342
941,2016,felipe-nasr,sauber,17,46,81889.0,1:21.889
941,2016,max-verstappen,red-bull,18,34,86563.0,1:26.563
941,2016,kevin-magnussen,renault,19,27,89802.0,1:29.802
941,2016,daniil-kvyat,toro-rosso,20,14,97895.0,1:37.895
941,2016,kimi-raikkonen,ferrari,21,10,107149.0,1:47.149
941,2016,jolyon-palmer,renault,22,2,118474.0,1:58.474
942,2016,nico-rosberg,mercedes,1,60,75599.0,1:15.599
942,2016,lewis-hamilton,mercedes,2,68,75981.0,1:15.981
942,2016,sebastian-vettel,ferrari,3,70,76297.0,1:16.297
942,2016,max-verstappen,red-bull,4,49,76319.0,1:16.319
942,2016,daniel-ricciardo,red-bull,5,51,76506.0,1:16.506
942,2016,sergio-perez,force-india,6,54,76559.0,1:16.559
942,2016,carlos-sainz-jr,toro-rosso,7,54,76578.0,1:16.578
942,2016,nico-hulkenberg,force-india,8,68,76604.0,1:16.604
942,2016,kimi-raikkonen,ferrari,9,44,76919.0,1:16.919
942,2016,valtteri-bottas,williams,10,68,76938.0,1:16.938
942,2016,daniil-kvyat,toro-rosso,11,50,76942.0,1:16.942
942,2016,romain-grosjean,haas,12,50,77281.0,1:17.281
942,2016,fernando-alonso,mclaren,13,67,77307.0,1:17.307
942,2016,felipe-massa,williams,14,32,77424.0,1:17.424
942,2016,esteban-gutierrez,haas,15,48,77728.0,1:17.728
942,2016,felipe-nasr,sauber,16,66,77883.0,1:17.883
942,2016,marcus-ericsson,sauber,17,63,78100.0,1:18.100
942,2016,kevin-magnussen,renault,18,42,78224.0,1:18.224
942,2016,pascal-wehrlein,manor,19,48,78282.0,1:18.282
942,2016,rio-haryanto,manor,20,57,78658.0,1:18.658
942,2016,jenson-button,mclaren,21,5,79456.0,1:19.456
942,2016,jolyon-palmer,renault,22,6,79879.0,1:19.879
943,2016,nico-rosberg,mercedes,1,48,106485.0,1:46.485
943,2016,lewis-hamilton,mercedes,2,42,106822.0,1:46.822
943,2016,max-verstappen,red-bull,3,50,106973.0,1:46.973
943,2016,sergio-perez,force-india,4,45,106990.0,1:46.990
943,2016,sebastian-vettel,ferrari,5,49,107028.0,1:47.028
943,2016,kimi-raikkonen,ferrari,6,41,107181.0,1:47.181
943,2016,esteban-gutierrez,haas,7,50,107563.0,1:47.563
943,2016,jolyon-palmer,renault,8,48,107583.0,1:47.583
943,2016,valtteri-bottas,williams,9,50,107604.0,1:47.604
943,2016,jenson-button,mclaren,10,50,107622.0,1:47.622
943,2016,felipe-nasr,sauber,11,48,107708.0,1:47.708
943,2016,daniel-ricciardo,red-bull,12,51,107736.0,1:47.736
943,2016,felipe-massa,williams,13,35,107761.0,1:47.761
943,2016,romain-grosjean,haas,14,48,107943.0,1:47.943
943,2016,nico-hulkenberg,force-india,15,37,108012.0,1:48.012
943,2016,carlos-sainz-jr,toro-rosso,16,31,108804.0,1:48.804
943,2016,marcus-ericsson,sauber,17,48,108898.0,1:48.898
943,2016,fernando-alonso,mclaren,18,27,109101.0,1:49.101
943,2016,kevin-magnussen,renault,19,41,109282.0,1:49.282
943,2016,pascal-wehrlein,manor,20,33,110571.0,1:50.571
943,2016,rio-haryanto,manor,21,27,111365.0,1:51.365
943,2016,daniil-kvyat,toro-rosso,22,2,113167.0,1:53.167
944,2016,lewis-hamilton,mercedes,1,67,68411.0,1:08.411
944,2016,nico-rosberg,mercedes,2,66,68491.0,1:08.491
944,2016,daniel-ricciardo,red-bull,3,66,68770.0,1:08.770
944,2016,kimi-raikkonen,ferrari,4,66,68876.0,1:08.876
944,2016,max-verstappen,red-bull,5,69,69618.0,1:09.618
944,2016,esteban-gutierrez,haas,6,55,69694.0,1:09.694
944,2016,felipe-massa,williams,7,59,69899.0,1:09.899
944,2016,romain-grosjean,haas,8,67,69925.0,1:09.925
944,2016,jenson-button,mclaren,9,70,70001.0,1:10.001
944,2016,sergio-perez,force-india,10,66,70120.0,1:10.120
944,2016,carlos-sainz-jr,toro-rosso,11,68,70138.0,1:10.138
944,2016,valtteri-bottas,williams,12,55,70210.0,1:10.210
944,2016,jolyon-palmer,renault,13,53,70228.0,1:10.228
944,2016,nico-hulkenberg,force-india,14,53,70309.0,1:10.309
944,2016,rio-haryanto,manor,15,66,70342.0,1:10.342
944,2016,felipe-nasr,sauber,16,46,70415.0,1:10.415
944,2016,kevin-magnussen,renault,17,56,70450.0,1:10.450
944,2016,marcus-ericsson,sauber,18,58,70704.0,1:10.704
944,2016,pascal-wehrlein,manor,19,67,70859.0,1:10.859
944,2016,fernando-alonso,mclaren,20,44,71020.0,1:11.020
944,2016,sebastian-vettel,ferrari,21,10,71441.0,1:11.441
944,2016,daniil-kvyat,toro-rosso,22,2,78302.0,1:18.302
945,2016,nico-rosberg,mercedes,1,44,95548.0,1:35.548
945,2016,fernando-alonso,mclaren,2,43,95669.0,1:35.669
945,2016,lewis-hamilton,mercedes,3,45,95771.0,1:35.771
945,2016,daniel-ricciardo,red-bull,4,52,96013.0,1:36.013
945,2016,felipe-massa,williams,5,40,96141.0,1:36.141
945,2016,max-verstappen,red-bull,6,41,96407.0,1:36.407
945,2016,sebastian-vettel,ferrari,7,44,96933.0,1:36.933
945,2016,kimi-raikkonen,ferrari,8,39,96994.0,1:36.994
945,2016,valtteri-bottas,williams,9,45,97383.0,1:37.383
945,2016,carlos-sainz-jr,toro-rosso,10,43,97401.0,1:37.401
945,2016,nico-hulkenberg,force-india,11,51,97618.0,1:37.618
945,2016,kevin-magnussen,renault,12,43,97619.0,1:37.619
945,2016,daniil-kvyat,toro-rosso,13,35,97667.0,1:37.667
945,2016,esteban-gutierrez,haas,14,44,97713.0,1:37.713
945,2016,sergio-perez,force-india,15,35,97900.0,1:37.900
945,2016,jenson-button,mclaren,16,36,97907.0,1:37.907
945,2016,felipe-nasr,sauber,17,43,98710.0,1:38.710
945,2016,jolyon-palmer,renault,18,36,99755.0,1:39.755
945,2016,rio-haryanto,manor,19,23,101380.0,1:41.380
945,2016,romain-grosjean,haas,20,14,115507.0,1:55.507
945,2016,marcus-ericsson,sauber,21,9,120286.0,2:00.286
945,2016,pascal-wehrlein,manor,22,4,168804.0,2:48.804
946,2016,kimi-raikkonen,ferrari,1,52,83086.0,1:23.086
946,2016,nico-rosberg,mercedes,2,60,83670.0,1:23.670
946,2016,lewis-hamilton,mercedes,3,69,83849.0,1:23.849
946,2016,sebastian-vettel,ferrari,4,59,84383.0,1:24.383
946,2016,daniel-ricciardo,red-bull,5,60,84608.0,1:24.608
946,2016,daniil-kvyat,toro-rosso,6,48,84669.0,1:24.669
946,2016,max-verstappen,red-bull,7,40,84687.0,1:24.687
946,2016,fernando-alonso,mclaren,8,62,84958.0,1:24.958
946,2016,sergio-perez,force-india,9,65,85021.0,1:25.021
946,2016,carlos-sainz-jr,toro-rosso,10,67,85103.0,1:25.103
946,2016,valtteri-bottas,williams,11,59,85273.0,1:25.273
946,2016,felipe-massa,williams,12,68,85296.0,1:25.296
946,2016,nico-hulkenberg,force-india,13,69,85392.0,1:25.392
946,2016,marcus-ericsson,sauber,14,47,85475.0,1:25.475
946,2016,felipe-nasr,sauber,15,66,85676.0,1:25.676
946,2016,jolyon-palmer,renault,16,41,85743.0,1:25.743
946,2016,esteban-gutierrez,haas,17,39,85955.0,1:25.955
946,2016,romain-grosjean,haas,18,56,85958.0,1:25.958
946,2016,kevin-magnussen,renault,19,39,86230.0,1:26.230
946,2016,pascal-wehrlein,manor,20,47,86524.0,1:26.524
946,2016,jenson-button,mclaren,21,9,86744.0,1:26.744
946,2016,rio-haryanto,manor,22,64,87791.0,1:27.791
947,2016,daniel-ricciardo,red-bull,1,48,78442.0,1:18.442
947,2016,sebastian-vettel,ferrari,2,48,78710.0,1:18.710
947,2016,lewis-hamilton,mercedes,3,52,78746.0,1:18.746
947,2016,max-verstappen,red-bull,4,47,78910.0,1:18.910
947,2016,nico-rosberg,mercedes,5,51,79122.0,1:19.122
947,2016,kimi-raikkonen,ferrari,6,36,79572.0,1:19.572
947,2016,daniil-kvyat,toro-rosso,7,51,79585.0,1:19.585
947,2016,sergio-perez,force-india,8,46,79606.0,1:19.606
947,2016,jenson-button,mclaren,9,48,79781.0,1:19.781
947,2016,esteban-gutierrez,haas,10,56,79883.0,1:19.883
947,2016,carlos-sainz-jr,toro-rosso,11,54,79957.0,1:19.957
947,2016,nico-hulkenberg,force-india,12,46,80056.0,1:20.056
947,2016,fernando-alonso,mclaren,13,50,80132.0,1:20.132
947,2016,romain-grosjean,haas,14,58,80250.0,1:20.250
947,2016,valtteri-bottas,williams,15,36,80442.0,1:20.442
947,2016,pascal-wehrlein,manor,16,49,80710.0,1:20.710
947,2016,jolyon-palmer,renault,17,55,81127.0,1:21.127
947,2016,marcus-ericsson,sauber,18,35,81212.0,1:21.212
947,2016,felipe-nasr,sauber,19,45,81420.0,1:21.420
947,2016,felipe-massa,williams,20,31,81476.0,1:21.476
947,2016,kevin-magnussen,renault,21,42,81649.0,1:21.649
947,2016,rio-haryanto,manor,22,56,81845.0,1:21.845
948,2016,lewis-hamilton,mercedes,1,40,111583.0,1:51.583
948,2016,nico-rosberg,mercedes,2,11,111746.0,1:51.746
948,2016,daniil-kvyat,toro-rosso,3,37,112081.0,1:52.081
948,2016,daniel-ricciardo,red-bull,4,11,112461.0,1:52.461
948,2016,sebastian-vettel,ferrari,5,35,112728.0,1:52.728
948,2016,jolyon-palmer,renault,6,41,113251.0,1:53.251
948,2016,max-verstappen,red-bull,7,32,113281.0,1:53.281
948,2016,sergio-perez,force-india,8,34,113414.0,1:53.414
948,2016,kimi-raikkonen,ferrari,9,27,113498.0,1:53.498
948,2016,nico-hulkenberg,force-india,10,41,113530.0,1:53.530
948,2016,romain-grosjean,haas,11,25,113803.0,1:53.803
948,2016,valtteri-bottas,williams,12,31,114120.0,1:54.120
948,2016,esteban-gutierrez,haas,13,26,114335.0,1:54.335
948,2016,felipe-massa,williams,14,25,114342.0,1:54.342
948,2016,fernando-alonso,mclaren,15,43,114484.0,1:54.484
948,2016,esteban-ocon,manor,16,26,115734.0,1:55.734
948,2016,felipe-nasr,sauber,17,31,116152.0,1:56.152
948,2016,kevin-magnussen,renault,18,4,116588.0,1:56.588
948,2016,marcus-ericsson,sauber,19,2,135255.0,2:15.255
949,2016,fernando-alonso,mclaren,1,51,85340.0,1:25.340
949,2016,daniel-ricciardo,red-bull,2,52,85919.0,1:25.919
949,2016,kimi-raikkonen,ferrari,3,50,86016.0,1:26.016
949,2016,lewis-hamilton,mercedes,4,27,86303.0,1:26.303
949,2016,sebastian-vettel,ferrari,5,48,86310.0,1:26.310
949,2016,jenson-button,mclaren,6,40,86354.0,1:26.354
949,2016,felipe-massa,williams,7,50,86400.0,1:26.400
949,2016,max-verstappen,red-bull,8,50,86405.0,1:26.405
949,2016,nico-rosberg,mercedes,9,26,86599.0,1:26.599
949,2016,valtteri-bottas,williams,10,46,86708.0,1:26.708
949,2016,carlos-sainz-jr,toro-rosso,11,41,86751.0,1:26.751
949,2016,sergio-perez,force-india,12,40,86920.0,1:26.920
949,2016,nico-hulkenberg,force-india,13,40,86954.0,1:26.954
949,2016,esteban-gutierrez,haas,14,42,87106.0,1:27.106
949,2016,romain-grosjean,haas,15,50,87227.0,1:27.227
949,2016,kevin-magnussen,renault,16,52,87618.0,1:27.618
949,2016,daniil-kvyat,toro-rosso,17,35,88037.0,1:28.037
949,2016,esteban-ocon,manor,18,51,88534.0,1:28.534
949,2016,marcus-ericsson,sauber,19,37,88552.0,1:28.552
949,2016,pascal-wehrlein,manor,20,18,88723.0,1:28.723
949,2016,jolyon-palmer,renault,21,4,91361.0,1:31.361
950,2016,daniel-ricciardo,red-bull,1,49,107187.0,1:47.187
950,2016,sebastian-vettel,ferrari,2,45,107345.0,1:47.345
950,2016,lewis-hamilton,mercedes,3,52,107752.0,1:47.752
950,2016,kimi-raikkonen,ferrari,4,51,108204.0,1:48.204
950,2016,max-verstappen,red-bull,5,46,109050.0,1:49.050
950,2016,nico-rosberg,mercedes,6,38,110296.0,1:50.296
950,2016,carlos-sainz-jr,toro-rosso,7,56,110532.0,1:50.532
950,2016,kevin-magnussen,renault,8,44,110858.0,1:50.858
950,2016,daniil-kvyat,toro-rosso,9,39,110944.0,1:50.944
950,2016,marcus-ericsson,sauber,10,27,110963.0,1:50.963
950,2016,esteban-gutierrez,haas,11,39,111075.0,1:51.075
950,2016,fernando-alonso,mclaren,12,49,111249.0,1:51.249
950,2016,valtteri-bottas,williams,13,17,111368.0,1:51.368
950,2016,felipe-massa,williams,14,53,111455.0,1:51.455
950,2016,sergio-perez,force-india,15,34,111517.0,1:51.517
950,2016,jenson-button,mclaren,16,18,111631.0,1:51.631
950,2016,felipe-nasr,sauber,17,41,111683.0,1:51.683
950,2016,esteban-ocon,manor,18,47,111748.0,1:51.748
950,2016,jolyon-palmer,renault,19,36,111777.0,1:51.777
950,2016,pascal-wehrlein,manor,20,40,112021.0,1:52.021
951,2016,nico-rosberg,mercedes,1,44,96424.0,1:36.424
951,2016,max-verstappen,red-bull,2,44,97376.0,1:37.376
951,2016,daniel-ricciardo,red-bull,3,44,97449.0,1:37.449
951,2016,kimi-raikkonen,ferrari,4,47,97466.0,1:37.466
951,2016,nico-hulkenberg,force-india,5,43,97793.0,1:37.793
951,2016,fernando-alonso,mclaren,6,44,98291.0,1:38.291
951,2016,lewis-hamilton,mercedes,7,31,98595.0,1:38.595
951,2016,jenson-button,mclaren,8,51,98740.0,1:38.740
951,2016,valtteri-bottas,williams,9,53,99199.0,1:39.199
951,2016,carlos-sainz-jr,toro-rosso,10,44,99243.0,1:39.243
951,2016,sergio-perez,force-india,11,51,99328.0,1:39.328
951,2016,jolyon-palmer,renault,12,53,99350.0,1:39.350
951,2016,pascal-wehrlein,manor,13,55,99653.0,1:39.653
951,2016,marcus-ericsson,sauber,14,55,99781.0,1:39.781
951,2016,daniil-kvyat,toro-rosso,15,43,99798.0,1:39.798
951,2016,felipe-massa,williams,16,53,99920.0,1:39.920
951,2016,felipe-nasr,sauber,17,43,100490.0,1:40.490
951,2016,esteban-ocon,manor,18,45,101467.0,1:41.467
951,2016,esteban-gutierrez,haas,19,37,101775.0,1:41.775
951,2016,romain-grosjean,haas,20,7,102142.0,1:42.142
951,2016,kevin-magnussen,renault,21,3,103379.0,1:43.379
952,2016,sebastian-vettel,ferrari,1,36,95118.0,1:35.118
952,2016,lewis-hamilton,mercedes,2,36,95152.0,1:35.152
952,2016,daniel-ricciardo,red-bull,3,36,95511.0,1:35.511
952,2016,kimi-raikkonen,ferrari,4,33,95990.0,1:35.990
952,2016,nico-rosberg,mercedes,5,31,96049.0,1:36.049
952,2016,max-verstappen,red-bull,6,43,96386.0,1:36.386
952,2016,sergio-perez,force-india,7,31,96756.0,1:36.756
952,2016,romain-grosjean,haas,8,32,97020.0,1:37.020
952,2016,jenson-button,mclaren,9,39,97177.0,1:37.177
952,2016,nico-hulkenberg,force-india,10,39,97351.0,1:37.351
952,2016,daniil-kvyat,toro-rosso,11,25,97597.0,1:37.597
952,2016,carlos-sainz-jr,toro-rosso,12,41,97723.0,1:37.723
952,2016,esteban-gutierrez,haas,13,30,97775.0,1:37.775
952,2016,felipe-massa,williams,14,35,97785.0,1:37.785
952,2016,valtteri-bottas,williams,15,33,97844.0,1:37.844
952,2016,jolyon-palmer,renault,16,43,97978.0,1:37.978
952,2016,pascal-wehrlein,manor,17,39,98000.0,1:38.000
952,2016,kevin-magnussen,renault,18,27,98036.0,1:38.036
952,2016,fernando-alonso,mclaren,19,29,98208.0,1:38.208
952,2016,esteban-ocon,manor,20,33,98380.0,1:38.380
952,2016,marcus-ericsson,sauber,21,28,98496.0,1:38.496
952,2016,felipe-nasr,sauber,22,28,98544.0,1:38.544
953,2016,sebastian-vettel,ferrari,1,55,99877.0,1:39.877
953,2016,kimi-raikkonen,ferrari,2,26,101841.0,1:41.841
953,2016,nico-rosberg,mercedes,3,34,101897.0,1:41.897
953,2016,lewis-hamilton,mercedes,4,45,102386.0,1:42.386
953,2016,max-verstappen,red-bull,5,28,102424.0,1:42.424
953,2016,kevin-magnussen,renault,6,45,102475.0,1:42.475
953,2016,daniel-ricciardo,red-bull,7,51,102555.0,1:42.555
953,2016,carlos-sainz-jr,toro-rosso,8,33,102832.0,1:42.832
953,2016,felipe-massa,williams,9,33,103414.0,1:43.414
953,2016,fernando-alonso,mclaren,10,36,103502.0,1:43.502
953,2016,esteban-ocon,manor,11,46,103585.0,1:43.585
953,2016,sergio-perez,force-india,12,33,103925.0,1:43.925
953,2016,felipe-nasr,sauber,13,55,104117.0,1:44.117
953,2016,romain-grosjean,haas,14,35,104335.0,1:44.335
953,2016,jenson-button,mclaren,15,37,104468.0,1:44.468
953,2016,jolyon-palmer,renault,16,18,104724.0,1:44.724
953,2016,daniil-kvyat,toro-rosso,17,48,104730.0,1:44.730
953,2016,valtteri-bottas,williams,18,34,104977.0,1:44.977
953,2016,marcus-ericsson,sauber,19,19,105140.0,1:45.140
953,2016,esteban-gutierrez,haas,20,15,105364.0,1:45.364
953,2016,pascal-wehrlein,manor,21,36,105451.0,1:45.451
954,2016,daniel-ricciardo,red-bull,1,53,81134.0,1:21.134
954,2016,sebastian-vettel,ferrari,2,61,82497.0,1:22.497
954,2016,kimi-raikkonen,ferrari,3,47,82512.0,1:22.512
954,2016,lewis-hamilton,mercedes,4,66,82596.0,1:22.596
954,2016,nico-rosberg,mercedes,5,43,82792.0,1:22.792
954,2016,max-verstappen,red-bull,6,66,82887.0,1:22.887
954,2016,kevin-magnussen,renault,7,53,83146.0,1:23.146
954,2016,romain-grosjean,haas,8,53,83278.0,1:23.278
954,2016,nico-hulkenberg,force-india,9,50,83288.0,1:23.288
954,2016,esteban-gutierrez,haas,10,63,83456.0,1:23.456
954,2016,valtteri-bottas,williams,11,65,83540.0,1:23.540
954,2016,felipe-massa,williams,12,64,83576.0,1:23.576
954,2016,sergio-perez,force-india,13,62,83607.0,1:23.607
954,2016,daniil-kvyat,toro-rosso,14,59,83618.0,1:23.618
954,2016,felipe-nasr,sauber,15,58,83657.0,1:23.657
954,2016,fernando-alonso,mclaren,16,69,83668.0,1:23.668
954,2016,jenson-button,mclaren,17,70,83777.0,1:23.777
954,2016,marcus-ericsson,sauber,18,65,84340.0,1:24.340
954,2016,carlos-sainz-jr,toro-rosso,19,52,84467.0,1:24.467
954,2016,jolyon-palmer,renault,20,64,84574.0,1:24.574
954,2016,esteban-ocon,manor,21,43,84964.0,1:24.964
955,2016,max-verstappen,red-bull,1,67,85305.0,1:25.305
955,2016,daniel-ricciardo,red-bull,2,42,85532.0,1:25.532
955,2016,lewis-hamilton,mercedes,3,44,85639.0,1:25.639
955,2016,valtteri-bottas,williams,4,70,86062.0,1:26.062
955,2016,sebastian-vettel,ferrari,5,70,86195.0,1:26.195
955,2016,nico-rosberg,mercedes,6,47,86222.0,1:26.222
955,2016,kevin-magnussen,renault,7,69,86524.0,1:26.524
955,2016,nico-hulkenberg,force-india,8,69,86728.0,1:26.728
955,2016,felipe-massa,williams,9,39,86767.0,1:26.767
955,2016,jenson-button,mclaren,10,38,86983.0,1:26.983
955,2016,sergio-perez,force-india,11,41,87093.0,1:27.093
955,2016,fernando-alonso,mclaren,12,70,87104.0,1:27.104
955,2016,carlos-sainz-jr,toro-rosso,13,38,87153.0,1:27.153
955,2016,daniil-kvyat,toro-rosso,14,42,87476.0,1:27.476
955,2016,felipe-nasr,sauber,15,70,87547.0,1:27.547
955,2016,esteban-ocon,manor,16,47,87796.0,1:27.796
955,2016,esteban-gutierrez,haas,17,43,87805.0,1:27.805
955,2016,pascal-wehrlein,manor,18,69,87919.0,1:27.919
955,2016,kimi-raikkonen,ferrari,19,12,88847.0,1:28.847
955,2016,marcus-ericsson,sauber,20,11,91265.0,1:31.265
955,2016,jolyon-palmer,renault,21,11,94334.0,1:34.334
956,2016,sebastian-vettel,ferrari,1,43,103729.0,1:43.729
956,2016,fernando-alonso,mclaren,2,50,104495.0,1:44.495
956,2016,daniel-ricciardo,red-bull,3,29,104889.0,1:44.889
956,2016,romain-grosjean,haas,4,45,104970.0,1:44.970
956,2016,lewis-hamilton,mercedes,5,37,105137.0,1:45.137
956,2016,kimi-raikkonen,ferrari,6,35,105163.0,1:45.163
956,2016,max-verstappen,red-bull,7,36,105187.0,1:45.187
956,2016,sergio-perez,force-india,8,30,105249.0,1:45.249
956,2016,nico-rosberg,mercedes,9,33,105261.0,1:45.261
956,2016,felipe-massa,williams,10,33,105675.0,1:45.675
956,2016,jolyon-palmer,renault,11,46,105715.0,1:45.715
956,2016,esteban-gutierrez,haas,12,45,105928.0,1:45.928
956,2016,nico-hulkenberg,force-india,13,31,105949.0,1:45.949
956,2016,pascal-wehrlein,manor,14,26,106145.0,1:46.145
956,2016,esteban-ocon,manor,15,46,106189.0,1:46.189
956,2016,marcus-ericsson,sauber,16,40,106216.0,1:46.216
956,2016,felipe-nasr,sauber,17,44,106287.0,1:46.287
956,2016,carlos-sainz-jr,toro-rosso,18,30,106591.0,1:46.591
956,2016,valtteri-bottas,williams,19,4,107837.0,1:47.837
956,2016,kevin-magnussen,renault,20,4,108601.0,1:48.601
956,2016,daniil-kvyat,toro-rosso,21,13,108752.0,1:48.752
956,2016,jenson-button,mclaren,22,4,108753.0,1:48.753
957,2017,kimi-raikkonen,ferrari,1,56,86538.0,1:26.538
957,2017,valtteri-bottas,mercedes,2,56,86593.0,1:26.593
957,2017,sebastian-vettel,ferrari,3,53,86638.0,1:26.638
957,2017,daniil-kvyat,toro-rosso,4,51,86711.0,1:26.711
957,2017,max-verstappen,red-bull,5,43,86964.0,1:26.964
957,2017,lewis-hamilton,mercedes,6,44,87033.0,1:27.033
957,2017,kevin-magnussen,haas,7,46,87568.0,1:27.568
957,2017,carlos-sainz-jr,toro-rosso,8,53,87677.0,1:27.677
957,2017,felipe-massa,williams,9,49,88045.0,1:28.045
957,2017,sergio-perez,force-india,10,56,88336.0,1:28.336
957,2017,esteban-ocon,force-india,11,55,88475.0,1:28.475
957,2017,nico-hulkenberg,renault,12,55,88486.0,1:28.486
957,2017,antonio-giovinazzi,sauber,13,51,89052.0,1:29.052
957,2017,lance-stroll,williams,14,38,89389.0,1:29.389
957,2017,stoffel-vandoorne,mclaren,15,53,89440.0,1:29.440
957,2017,daniel-ricciardo,red-bull,16,21,89447.0,1:29.447
957,2017,fernando-alonso,mclaren,17,48,90077.0,1:30.077
957,2017,romain-grosjean,haas,18,12,90183.0,1:30.183
957,2017,marcus-ericsson,sauber,19,18,92052.0,1:32.052
957,2017,jolyon-palmer,renault,20,6,92195.0,1:32.195
958,2017,lewis-hamilton,mercedes,1,44,95378.0,1:35.378
958,2017,sebastian-vettel,ferrari,2,40,95423.0,1:35.423
958,2017,valtteri-bottas,mercedes,3,41,95849.0,1:35.849
958,2017,kimi-raikkonen,ferrari,4,42,96003.0,1:36.003
958,2017,felipe-massa,williams,5,50,96511.0,1:36.511
958,2017,sergio-perez,force-india,6,55,96531.0,1:36.531
958,2017,max-verstappen,red-bull,7,31,96722.0,1:36.722
958,2017,daniel-ricciardo,red-bull,8,36,96791.0,1:36.791
958,2017,esteban-ocon,force-india,9,55,97036.0,1:37.036
958,2017,carlos-sainz-jr,toro-rosso,10,30,97398.0,1:37.398
958,2017,kevin-magnussen,haas,11,35,97528.0,1:37.528
958,2017,romain-grosjean,haas,12,50,97551.0,1:37.551
958,2017,nico-hulkenberg,renault,13,36,98015.0,1:38.015
958,2017,jolyon-palmer,renault,14,47,98181.0,1:38.181
958,2017,fernando-alonso,mclaren,15,31,99496.0,1:39.496
958,2017,marcus-ericsson,sauber,16,50,99732.0,1:39.732
958,2017,daniil-kvyat,toro-rosso,17,18,100090.0,1:40.090
958,2017,stoffel-vandoorne,mclaren,18,15,101460.0,1:41.460
959,2017,lewis-hamilton,mercedes,1,46,92798.0,1:32.798
959,2017,daniel-ricciardo,red-bull,2,42,93495.0,1:33.495
959,2017,kimi-raikkonen,ferrari,3,55,93720.0,1:33.720
959,2017,sebastian-vettel,ferrari,4,36,93826.0,1:33.826
959,2017,valtteri-bottas,mercedes,5,33,94087.0,1:34.087
959,2017,felipe-massa,williams,6,39,94256.0,1:34.256
959,2017,sergio-perez,force-india,7,39,94609.0,1:34.609
959,2017,romain-grosjean,haas,8,33,94948.0,1:34.948
959,2017,daniil-kvyat,toro-rosso,9,45,94985.0,1:34.985
959,2017,marcus-ericsson,sauber,10,35,95086.0,1:35.086
959,2017,esteban-ocon,force-india,11,39,95179.0,1:35.179
959,2017,nico-hulkenberg,renault,12,40,95372.0,1:35.372
959,2017,jolyon-palmer,renault,13,43,95552.0,1:35.552
959,2017,fernando-alonso,mclaren,14,47,95595.0,1:35.595
959,2017,lance-stroll,williams,15,10,96303.0,1:36.303
959,2017,max-verstappen,red-bull,16,4,96681.0,1:36.681
959,2017,pascal-wehrlein,sauber,17,43,96786.0,1:36.786
959,2017,carlos-sainz-jr,toro-rosso,18,8,98026.0,1:38.026
959,2017,kevin-magnussen,haas,19,6,98718.0,1:38.718
960,2017,kimi-raikkonen,ferrari,1,49,96844.0,1:36.844
960,2017,sebastian-vettel,ferrari,2,49,97312.0,1:37.312
960,2017,valtteri-bottas,mercedes,3,49,97367.0,1:37.367
960,2017,felipe-massa,williams,4,45,98232.0,1:38.232
960,2017,daniil-kvyat,toro-rosso,5,50,98300.0,1:38.300
960,2017,lewis-hamilton,mercedes,6,18,98398.0,1:38.398
960,2017,nico-hulkenberg,renault,7,52,98418.0,1:38.418
960,2017,max-verstappen,red-bull,8,47,98429.0,1:38.429
960,2017,sergio-perez,force-india,9,51,98661.0,1:38.661
960,2017,esteban-ocon,force-india,10,50,98745.0,1:38.745
960,2017,carlos-sainz-jr,toro-rosso,11,51,98858.0,1:38.858
960,2017,lance-stroll,williams,12,50,98870.0,1:38.870
960,2017,kevin-magnussen,haas,13,40,99566.0,1:39.566
960,2017,stoffel-vandoorne,mclaren,14,47,99790.0,1:39.790
960,2017,marcus-ericsson,sauber,15,48,99835.0,1:39.835
960,2017,pascal-wehrlein,sauber,16,37,100922.0,1:40.922
960,2017,daniel-ricciardo,red-bull,17,4,102285.0,1:42.285
961,2017,lewis-hamilton,mercedes,1,64,83593.0,1:23.593
961,2017,sebastian-vettel,ferrari,2,43,83674.0,1:23.674
961,2017,daniel-ricciardo,red-bull,3,40,83686.0,1:23.686
961,2017,fernando-alonso,mclaren,4,64,83894.0,1:23.894
961,2017,valtteri-bottas,mercedes,5,28,84696.0,1:24.696
961,2017,jolyon-palmer,renault,6,44,84843.0,1:24.843
961,2017,sergio-perez,force-india,7,51,85755.0,1:25.755
961,2017,daniil-kvyat,toro-rosso,8,37,85976.0,1:25.976
961,2017,carlos-sainz-jr,toro-rosso,9,61,86186.0,1:26.186
961,2017,marcus-ericsson,sauber,10,60,86213.0,1:26.213
961,2017,esteban-ocon,force-india,11,40,86276.0,1:26.276
961,2017,kevin-magnussen,haas,12,15,86371.0,1:26.371
961,2017,felipe-massa,williams,13,64,86472.0,1:26.472
961,2017,pascal-wehrlein,sauber,14,58,86476.0,1:26.476
961,2017,nico-hulkenberg,renault,15,56,86703.0,1:26.703
961,2017,lance-stroll,williams,16,50,86838.0,1:26.838
961,2017,romain-grosjean,haas,17,50,86871.0,1:26.871
961,2017,stoffel-vandoorne,mclaren,18,14,87554.0,1:27.554
962,2017,sergio-perez,force-india,1,76,74820.0,1:14.820
962,2017,sebastian-vettel,ferrari,2,38,75238.0,1:15.238
962,2017,kimi-raikkonen,ferrari,3,39,75527.0,1:15.527
962,2017,daniel-ricciardo,red-bull,4,51,75756.0,1:15.756
962,2017,lewis-hamilton,mercedes,5,54,75825.0,1:15.825
962,2017,lance-stroll,williams,6,71,76075.0,1:16.075
962,2017,kevin-magnussen,haas,7,44,76313.0,1:16.313
962,2017,max-verstappen,red-bull,8,56,76329.0,1:16.329
962,2017,valtteri-bottas,mercedes,9,22,76439.0,1:16.439
962,2017,esteban-ocon,force-india,10,52,76482.0,1:16.482
962,2017,daniil-kvyat,toro-rosso,11,43,76539.0,1:16.539
962,2017,felipe-massa,williams,12,50,76543.0,1:16.543
962,2017,jolyon-palmer,renault,13,55,76614.0,1:16.614
962,2017,carlos-sainz-jr,toro-rosso,14,39,76649.0,1:16.649
962,2017,stoffel-vandoorne,mclaren,15,45,76665.0,1:16.665
962,2017,marcus-ericsson,sauber,16,39,76829.0,1:16.829
962,2017,jenson-button,mclaren,17,47,76912.0,1:16.912
962,2017,romain-grosjean,haas,18,45,77095.0,1:17.095
962,2017,nico-hulkenberg,renault,19,13,77885.0,1:17.885
962,2017,pascal-wehrlein,sauber,20,25,78034.0,1:18.034
963,2017,lewis-hamilton,mercedes,1,64,74551.0,1:14.551
963,2017,sebastian-vettel,ferrari,2,70,74719.0,1:14.719
963,2017,kimi-raikkonen,ferrari,3,59,75388.0,1:15.388
963,2017,fernando-alonso,mclaren,4,63,75853.0,1:15.853
963,2017,valtteri-bottas,mercedes,5,65,75894.0,1:15.894
963,2017,lance-stroll,williams,6,64,75979.0,1:15.979
963,2017,nico-hulkenberg,renault,7,64,76136.0,1:16.136
963,2017,daniel-ricciardo,red-bull,8,67,76165.0,1:16.165
963,2017,esteban-ocon,force-india,9,68,76247.0,1:16.247
963,2017,kevin-magnussen,haas,10,65,76341.0,1:16.341
963,2017,sergio-perez,force-india,11,62,76367.0,1:16.367
963,2017,jolyon-palmer,renault,12,64,76704.0,1:16.704
963,2017,daniil-kvyat,toro-rosso,13,33,76713.0,1:16.713
963,2017,stoffel-vandoorne,mclaren,14,69,76774.0,1:16.774
963,2017,romain-grosjean,haas,15,58,76949.0,1:16.949
963,2017,marcus-ericsson,sauber,16,50,76995.0,1:16.995
963,2017,pascal-wehrlein,sauber,17,66,77091.0,1:17.091
963,2017,max-verstappen,red-bull,18,9,77187.0,1:17.187
964,2017,sebastian-vettel,ferrari,1,47,103441.0,1:43.441
964,2017,lewis-hamilton,mercedes,2,46,103469.0,1:43.469
964,2017,valtteri-bottas,mercedes,3,51,103925.0,1:43.925
964,2017,daniel-ricciardo,red-bull,4,46,104882.0,1:44.882
964,2017,lance-stroll,williams,5,44,105108.0,1:45.108
964,2017,fernando-alonso,mclaren,6,49,105168.0,1:45.168
964,2017,kimi-raikkonen,ferrari,7,44,105542.0,1:45.542
964,2017,sergio-perez,force-india,8,37,105588.0,1:45.588
964,2017,esteban-ocon,force-india,9,39,105634.0,1:45.634
964,2017,carlos-sainz-jr,toro-rosso,10,46,105866.0,1:45.866
964,2017,kevin-magnussen,haas,11,45,106312.0,1:46.312
964,2017,max-verstappen,red-bull,12,10,106398.0,1:46.398
964,2017,stoffel-vandoorne,mclaren,13,45,106648.0,1:46.648
964,2017,romain-grosjean,haas,14,45,106831.0,1:46.831
964,2017,pascal-wehrlein,sauber,15,46,107120.0,1:47.120
964,2017,marcus-ericsson,sauber,16,45,107186.0,1:47.186
964,2017,felipe-massa,williams,17,10,107340.0,1:47.340
964,2017,daniil-kvyat,toro-rosso,18,9,108394.0,1:48.394
964,2017,nico-hulkenberg,renault,19,9,108536.0,1:48.536
964,2017,jolyon-palmer,renault,20,5,111673.0,1:51.673
965,2017,lewis-hamilton,mercedes,1,69,67411.0,1:07.411
965,2017,daniel-ricciardo,red-bull,2,69,67442.0,1:07.442
965,2017,kimi-raikkonen,ferrari,3,68,67486.0,1:07.486
965,2017,sebastian-vettel,ferrari,4,69,67496.0,1:07.496
965,2017,valtteri-bottas,mercedes,5,51,67847.0,1:07.847
965,2017,daniil-kvyat,toro-rosso,6,57,68061.0,1:08.061
965,2017,felipe-massa,williams,7,49,68419.0,1:08.419
965,2017,stoffel-vandoorne,mclaren,8,67,68422.0,1:08.422
965,2017,sergio-perez,force-india,9,58,68470.0,1:08.470
965,2017,romain-grosjean,haas,10,65,68590.0,1:08.590
965,2017,jolyon-palmer,renault,11,64,68652.0,1:08.652
965,2017,esteban-ocon,force-india,12,68,68659.0,1:08.659
965,2017,lance-stroll,williams,13,67,68777.0,1:08.777
965,2017,nico-hulkenberg,renault,14,64,69043.0,1:09.043
965,2017,carlos-sainz-jr,toro-rosso,15,42,69150.0,1:09.150
965,2017,pascal-wehrlein,sauber,16,60,69241.0,1:09.241
965,2017,marcus-ericsson,sauber,17,56,69284.0,1:09.284
965,2017,kevin-magnussen,haas,18,23,70402.0,1:10.402
966,2017,lewis-hamilton,mercedes,1,48,90621.0,1:30.621
966,2017,max-verstappen,red-bull,2,51,90678.0,1:30.678
966,2017,valtteri-bottas,mercedes,3,46,90905.0,1:30.905
966,2017,kimi-raikkonen,ferrari,4,44,91517.0,1:31.517
966,2017,sebastian-vettel,ferrari,5,38,91872.0,1:31.872
966,2017,daniel-ricciardo,red-bull,6,47,91874.0,1:31.874
966,2017,romain-grosjean,haas,7,45,92290.0,1:32.290
966,2017,nico-hulkenberg,renault,8,43,92577.0,1:32.577
966,2017,kevin-magnussen,haas,9,41,92683.0,1:32.683
966,2017,marcus-ericsson,sauber,10,30,93119.0,1:33.119
966,2017,pascal-wehrlein,sauber,11,34,93342.0,1:33.342
966,2017,lance-stroll,williams,12,44,93400.0,1:33.400
966,2017,stoffel-vandoorne,mclaren,13,43,93464.0,1:33.464
966,2017,sergio-perez,force-india,14,42,93504.0,1:33.504
966,2017,esteban-ocon,force-india,15,39,93521.0,1:33.521
966,2017,felipe-massa,williams,16,39,93562.0,1:33.562
966,2017,daniil-kvyat,toro-rosso,17,29,93594.0,1:33.594
966,2017,fernando-alonso,mclaren,18,22,94263.0,1:34.263
967,2017,fernando-alonso,mclaren,1,69,80182.0,1:20.182
967,2017,kimi-raikkonen,ferrari,2,70,80461.0,1:20.461
967,2017,max-verstappen,red-bull,3,44,80490.0,1:20.490
967,2017,sebastian-vettel,ferrari,4,69,80807.0,1:20.807
967,2017,lewis-hamilton,mercedes,5,66,80818.0,1:20.818
967,2017,valtteri-bottas,mercedes,6,68,81214.0,1:21.214
967,2017,jolyon-palmer,renault,7,68,81589.0,1:21.589
967,2017,nico-hulkenberg,renault,8,61,81611.0,1:21.611
967,2017,daniil-kvyat,toro-rosso,9,42,81631.0,1:21.631
967,2017,marcus-ericsson,sauber,10,66,81752.0,1:21.752
967,2017,carlos-sainz-jr,toro-rosso,11,67,81871.0,1:21.871
967,2017,stoffel-vandoorne,mclaren,12,44,81960.0,1:21.960
967,2017,kevin-magnussen,haas,13,67,82100.0,1:22.100
967,2017,sergio-perez,force-india,14,68,82105.0,1:22.105
967,2017,esteban-ocon,force-india,15,60,82431.0,1:22.431
967,2017,lance-stroll,williams,16,53,82830.0,1:22.830
967,2017,paul-di-resta,williams,17,49,83242.0,1:23.242
967,2017,pascal-wehrlein,sauber,18,50,83573.0,1:23.573
967,2017,romain-grosjean,haas,19,19,84702.0,1:24.702
968,2017,sebastian-vettel,ferrari,1,41,106577.0,1:46.577
968,2017,lewis-hamilton,mercedes,2,35,106603.0,1:46.603
968,2017,daniel-ricciardo,red-bull,3,44,107549.0,1:47.549
968,2017,valtteri-bottas,mercedes,4,37,107721.0,1:47.721
968,2017,kimi-raikkonen,ferrari,5,36,107730.0,1:47.730
968,2017,sergio-perez,force-india,6,27,108300.0,1:48.300
968,2017,nico-hulkenberg,renault,7,39,108922.0,1:48.922
968,2017,romain-grosjean,haas,8,37,109087.0,1:49.087
968,2017,kevin-magnussen,haas,9,36,109126.0,1:49.126
968,2017,jolyon-palmer,renault,10,44,109283.0,1:49.283
968,2017,felipe-massa,williams,11,37,109637.0,1:49.637
968,2017,daniil-kvyat,toro-rosso,12,39,109708.0,1:49.708
968,2017,carlos-sainz-jr,toro-rosso,13,39,109709.0,1:49.709
968,2017,esteban-ocon,force-india,14,37,109721.0,1:49.721
968,2017,stoffel-vandoorne,mclaren,15,44,109907.0,1:49.907
968,2017,lance-stroll,williams,16,41,110543.0,1:50.543
968,2017,marcus-ericsson,sauber,17,25,110775.0,1:50.775
968,2017,max-verstappen,red-bull,18,5,111022.0,1:51.022
968,2017,fernando-alonso,mclaren,19,12,111720.0,1:51.720
969,2017,daniel-ricciardo,red-bull,1,49,83361.0,1:23.361
969,2017,lewis-hamilton,mercedes,2,50,83488.0,1:23.488
969,2017,valtteri-bottas,mercedes,3,53,83722.0,1:23.722
969,2017,sebastian-vettel,ferrari,4,51,83897.0,1:23.897
969,2017,max-verstappen,red-bull,5,48,84351.0,1:24.351
969,2017,sergio-perez,force-india,6,48,84968.0,1:24.968
969,2017,romain-grosjean,haas,7,48,85020.0,1:25.020
969,2017,kimi-raikkonen,ferrari,8,43,85054.0,1:25.054
969,2017,felipe-massa,williams,9,30,85477.0,1:25.477
969,2017,lance-stroll,williams,10,51,85625.0,1:25.625
969,2017,esteban-ocon,force-india,11,53,85652.0,1:25.652
969,2017,jolyon-palmer,renault,12,27,85752.0,1:25.752
969,2017,fernando-alonso,mclaren,13,44,85871.0,1:25.871
969,2017,daniil-kvyat,toro-rosso,14,43,85894.0,1:25.894
969,2017,kevin-magnussen,haas,15,48,86037.0,1:26.037
969,2017,nico-hulkenberg,renault,16,46,86131.0,1:26.131
969,2017,carlos-sainz-jr,toro-rosso,17,46,86210.0,1:26.210
969,2017,pascal-wehrlein,sauber,18,47,86547.0,1:26.547
969,2017,stoffel-vandoorne,mclaren,19,30,86912.0,1:26.912
969,2017,marcus-ericsson,sauber,20,20,87663.0,1:27.663
970,2017,lewis-hamilton,mercedes,1,55,105008.0,1:45.008
970,2017,daniel-ricciardo,red-bull,2,57,105301.0,1:45.301
970,2017,valtteri-bottas,mercedes,3,54,105405.0,1:45.405
970,2017,carlos-sainz-jr,toro-rosso,4,52,106537.0,1:46.537
970,2017,jolyon-palmer,renault,5,52,106722.0,1:46.722
970,2017,stoffel-vandoorne,mclaren,6,57,106722.0,1:46.722
970,2017,sergio-perez,force-india,7,52,106731.0,1:46.731
970,2017,felipe-massa,williams,8,58,107055.0,1:47.055
970,2017,lance-stroll,williams,9,55,107512.0,1:47.512
970,2017,kevin-magnussen,haas,10,44,107585.0,1:47.585
970,2017,romain-grosjean,haas,11,54,107637.0,1:47.637
970,2017,esteban-ocon,force-india,12,52,107677.0,1:47.677
970,2017,nico-hulkenberg,renault,13,37,108011.0,1:48.011
970,2017,pascal-wehrlein,sauber,14,56,109061.0,1:49.061
970,2017,marcus-ericsson,sauber,15,35,112496.0,1:52.496
970,2017,daniil-kvyat,toro-rosso,16,10,130512.0,2:10.512
970,2017,fernando-alonso,mclaren,17,6,133579.0,2:13.579
971,2017,sebastian-vettel,ferrari,1,41,94080.0,1:34.080
971,2017,nico-hulkenberg,renault,2,52,94266.0,1:34.266
971,2017,lewis-hamilton,mercedes,3,48,94452.0,1:34.452
971,2017,max-verstappen,red-bull,4,50,94467.0,1:34.467
971,2017,daniel-ricciardo,red-bull,5,55,94770.0,1:34.770
971,2017,valtteri-bottas,mercedes,6,44,95284.0,1:35.284
971,2017,sergio-perez,force-india,7,32,95591.0,1:35.591
971,2017,romain-grosjean,haas,8,49,95796.0,1:35.796
971,2017,stoffel-vandoorne,mclaren,9,49,95931.0,1:35.931
971,2017,pascal-wehrlein,sauber,10,53,96395.0,1:36.395
971,2017,fernando-alonso,mclaren,11,55,96501.0,1:36.501
971,2017,lance-stroll,williams,12,46,96627.0,1:36.627
971,2017,marcus-ericsson,sauber,13,54,96630.0,1:36.630
971,2017,felipe-massa,williams,14,44,96944.0,1:36.944
971,2017,esteban-ocon,force-india,15,36,97075.0,1:37.075
971,2017,pierre-gasly,toro-rosso,16,45,97170.0,1:37.170
971,2017,jolyon-palmer,renault,17,45,97186.0,1:37.186
971,2017,kevin-magnussen,haas,18,46,97192.0,1:37.192
971,2017,carlos-sainz-jr,toro-rosso,19,27,98123.0,1:38.123
972,2017,valtteri-bottas,mercedes,1,50,93144.0,1:33.144
972,2017,kimi-raikkonen,ferrari,2,50,93175.0,1:33.175
972,2017,daniel-ricciardo,red-bull,3,52,93694.0,1:33.694
972,2017,stoffel-vandoorne,mclaren,4,49,93724.0,1:33.724
972,2017,max-verstappen,red-bull,5,51,93730.0,1:33.730
972,2017,lewis-hamilton,mercedes,6,43,93780.0,1:33.780
972,2017,jolyon-palmer,renault,7,50,94095.0,1:34.095
972,2017,pierre-gasly,toro-rosso,8,45,94533.0,1:34.533
972,2017,lance-stroll,williams,9,37,94548.0,1:34.548
972,2017,sergio-perez,force-india,10,23,94744.0,1:34.744
972,2017,esteban-ocon,force-india,11,50,94843.0,1:34.843
972,2017,fernando-alonso,mclaren,12,45,95111.0,1:35.111
972,2017,kevin-magnussen,haas,13,50,95338.0,1:35.338
972,2017,romain-grosjean,haas,14,50,95347.0,1:35.347
972,2017,nico-hulkenberg,renault,15,28,95883.0,1:35.883
972,2017,felipe-massa,williams,16,50,95943.0,1:35.943
972,2017,pascal-wehrlein,sauber,17,27,96430.0,1:36.430
972,2017,marcus-ericsson,sauber,18,7,98596.0,1:38.596
972,2017,sebastian-vettel,ferrari,19,2,126457.0,2:06.457
973,2017,sebastian-vettel,ferrari,1,51,97766.0,1:37.766
973,2017,valtteri-bottas,mercedes,2,54,97767.0,1:37.767
973,2017,kevin-magnussen,haas,3,51,97893.0,1:37.893
973,2017,max-verstappen,red-bull,4,39,98060.0,1:38.060
973,2017,lewis-hamilton,mercedes,5,48,98776.0,1:38.776
973,2017,kimi-raikkonen,ferrari,6,42,98809.0,1:38.809
973,2017,lance-stroll,williams,7,38,99666.0,1:39.666
973,2017,brendon-hartley,toro-rosso,8,47,99979.0,1:39.979
973,2017,daniel-ricciardo,red-bull,9,14,100102.0,1:40.102
973,2017,felipe-massa,williams,10,36,100131.0,1:40.131
973,2017,stoffel-vandoorne,mclaren,11,27,100349.0,1:40.349
973,2017,carlos-sainz-jr,renault,12,43,100462.0,1:40.462
973,2017,esteban-ocon,force-india,13,53,100499.0,1:40.499
973,2017,sergio-perez,force-india,14,14,100851.0,1:40.851
973,2017,daniil-kvyat,toro-rosso,15,19,100971.0,1:40.971
973,2017,marcus-ericsson,sauber,16,42,101041.0,1:41.041
973,2017,romain-grosjean,haas,17,36,101259.0,1:41.259
973,2017,fernando-alonso,mclaren,18,21,101537.0,1:41.537
973,2017,nico-hulkenberg,renault,19,2,104270.0,1:44.270
973,2017,pascal-wehrlein,sauber,20,2,107073.0,1:47.073
974,2017,sebastian-vettel,ferrari,1,68,78785.0,1:18.785
974,2017,max-verstappen,red-bull,2,65,78892.0,1:18.892
974,2017,valtteri-bottas,mercedes,3,70,79374.0,1:19.374
974,2017,sergio-perez,force-india,4,54,79929.0,1:19.929
974,2017,lewis-hamilton,mercedes,5,69,79945.0,1:19.945
974,2017,kimi-raikkonen,ferrari,6,59,80054.0,1:20.054
974,2017,romain-grosjean,haas,7,64,80345.0,1:20.345
974,2017,pierre-gasly,toro-rosso,8,70,80859.0,1:20.859
974,2017,esteban-ocon,force-india,9,67,80946.0,1:20.946
974,2017,stoffel-vandoorne,mclaren,10,66,80972.0,1:20.972
974,2017,fernando-alonso,mclaren,11,50,81014.0,1:21.014
974,2017,lance-stroll,williams,12,53,81062.0,1:21.062
974,2017,felipe-massa,williams,13,55,81136.0,1:21.136
974,2017,kevin-magnussen,haas,14,68,81214.0,1:21.214
974,2017,carlos-sainz-jr,renault,15,34,81360.0,1:21.360
974,2017,pascal-wehrlein,sauber,16,56,81638.0,1:21.638
974,2017,marcus-ericsson,sauber,17,54,81686.0,1:21.686
974,2017,nico-hulkenberg,renault,18,18,81691.0,1:21.691
974,2017,brendon-hartley,toro-rosso,19,28,82572.0,1:22.572
974,2017,daniel-ricciardo,red-bull,20,4,82789.0,1:22.789
975,2017,max-verstappen,red-bull,1,64,71044.0,1:11.044
975,2017,lewis-hamilton,mercedes,2,63,71845.0,1:11.845
975,2017,lance-stroll,williams,3,69,71862.0,1:11.862
975,2017,daniel-ricciardo,red-bull,4,71,72029.0,1:12.029
975,2017,valtteri-bottas,mercedes,5,58,72466.0,1:12.466
975,2017,kimi-raikkonen,ferrari,6,61,72492.0,1:12.492
975,2017,sebastian-vettel,ferrari,7,63,72539.0,1:12.539
975,2017,sergio-perez,force-india,8,61,73052.0,1:13.052
975,2017,pierre-gasly,toro-rosso,9,61,73323.0,1:13.323
975,2017,fernando-alonso,mclaren,10,57,73451.0,1:13.451
975,2017,felipe-massa,williams,11,60,73452.0,1:13.452
975,2017,romain-grosjean,haas,12,66,73532.0,1:13.532
975,2017,carlos-sainz-jr,renault,13,67,73625.0,1:13.625
975,2017,marcus-ericsson,sauber,14,70,73666.0,1:13.666
975,2017,nico-hulkenberg,renault,15,57,73758.0,1:13.758
975,2017,brendon-hartley,toro-rosso,16,29,74658.0,1:14.658
975,2017,pascal-wehrlein,sauber,17,60,74812.0,1:14.812
976,2017,valtteri-bottas,mercedes,1,52,100650.0,1:40.650
976,2017,sebastian-vettel,ferrari,2,55,100770.0,1:40.770
976,2017,lewis-hamilton,mercedes,3,51,101473.0,1:41.473
976,2017,fernando-alonso,mclaren,4,54,101669.0,1:41.669
976,2017,max-verstappen,red-bull,5,43,102028.0,1:42.028
976,2017,lance-stroll,williams,6,52,102324.0,1:42.324
976,2017,kimi-raikkonen,ferrari,7,53,102338.0,1:42.338
976,2017,nico-hulkenberg,renault,8,53,102376.0,1:42.376
976,2017,romain-grosjean,haas,9,51,102437.0,1:42.437
976,2017,esteban-ocon,force-india,10,47,102609.0,1:42.609
976,2017,sergio-perez,force-india,11,52,102689.0,1:42.689
976,2017,daniel-ricciardo,red-bull,12,13,102757.0,1:42.757
976,2017,felipe-massa,williams,13,45,103026.0,1:43.026
976,2017,carlos-sainz-jr,renault,14,26,103378.0,1:43.378
976,2017,marcus-ericsson,sauber,15,36,103567.0,1:43.567
976,2017,pierre-gasly,toro-rosso,16,33,103844.0,1:43.844
976,2017,pascal-wehrlein,sauber,17,50,103867.0,1:43.867
976,2017,brendon-hartley,toro-rosso,18,52,103897.0,1:43.897
976,2017,kevin-magnussen,haas,19,50,103928.0,1:43.928
976,2017,stoffel-vandoorne,mclaren,20,50,103986.0,1:43.986
977,2018,daniel-ricciardo,red-bull,1,54,85945.0,1:25.945
977,2018,kimi-raikkonen,ferrari,2,57,86373.0,1:26.373
977,2018,lewis-hamilton,mercedes,3,50,86444.0,1:26.444
977,2018,sebastian-vettel,ferrari,4,53,86469.0,1:26.469
977,2018,max-verstappen,red-bull,5,54,86880.0,1:26.880
977,2018,stoffel-vandoorne,mclaren,6,57,86958.0,1:26.958
977,2018,fernando-alonso,mclaren,7,57,86978.0,1:26.978
977,2018,valtteri-bottas,mercedes,8,54,87019.0,1:27.019
977,2018,nico-hulkenberg,renault,9,57,87081.0,1:27.081
977,2018,esteban-ocon,force-india,10,57,87600.0,1:27.600
977,2018,sergio-perez,force-india,11,51,87633.0,1:27.633
977,2018,carlos-sainz-jr,renault,12,51,87944.0,1:27.944
977,2018,brendon-hartley,toro-rosso,13,57,88176.0,1:28.176
977,2018,lance-stroll,williams,14,55,88511.0,1:28.511
977,2018,charles-leclerc,sauber,15,56,88759.0,1:28.759
977,2018,romain-grosjean,haas,16,23,88805.0,1:28.805
977,2018,kevin-magnussen,haas,17,21,89534.0,1:29.534
977,2018,pierre-gasly,toro-rosso,18,13,90649.0,1:30.649
977,2018,marcus-ericsson,sauber,19,4,92210.0,1:32.210
977,2018,sergey-sirotkin,williams,20,3,92573.0,1:32.573
978,2018,valtteri-bottas,mercedes,1,22,93740.0,1:33.740
978,2018,lewis-hamilton,mercedes,2,51,93953.0,1:33.953
978,2018,romain-grosjean,haas,3,47,94053.0,1:34.053
978,2018,fernando-alonso,mclaren,4,47,94168.0,1:34.168
978,2018,kevin-magnussen,haas,5,29,94327.0,1:34.327
978,2018,kimi-raikkonen,ferrari,6,22,94337.0,1:34.337
978,2018,sebastian-vettel,ferrari,7,21,94453.0,1:34.453
978,2018,sergey-sirotkin,williams,8,42,94563.0,1:34.563
978,2018,nico-hulkenberg,renault,9,50,94667.0,1:34.667
978,2018,brendon-hartley,toro-rosso,10,44,94689.0,1:34.689
978,2018,pierre-gasly,toro-rosso,11,46,94863.0,1:34.863
978,2018,esteban-ocon,force-india,12,38,95043.0,1:35.043
978,2018,charles-leclerc,sauber,13,40,95058.0,1:35.058
978,2018,sergio-perez,force-india,14,35,95075.0,1:35.075
978,2018,marcus-ericsson,sauber,15,26,95093.0,1:35.093
978,2018,stoffel-vandoorne,mclaren,16,30,95131.0,1:35.131
978,2018,lance-stroll,williams,17,32,95266.0,1:35.266
978,2018,carlos-sainz-jr,renault,18,35,95535.0,1:35.535
979,2018,daniel-ricciardo,red-bull,1,55,95785.0,1:35.785
979,2018,max-verstappen,red-bull,2,50,96206.0,1:36.206
979,2018,kimi-raikkonen,ferrari,3,48,96456.0,1:36.456
979,2018,lewis-hamilton,mercedes,4,20,96878.0,1:36.878
979,2018,nico-hulkenberg,renault,5,56,96881.0,1:36.881
979,2018,valtteri-bottas,mercedes,6,50,96987.0,1:36.987
979,2018,fernando-alonso,mclaren,7,56,97234.0,1:37.234
979,2018,romain-grosjean,haas,8,51,97410.0,1:37.410
979,2018,sebastian-vettel,ferrari,9,24,97479.0,1:37.479
979,2018,sergio-perez,force-india,10,54,97673.0,1:37.673
979,2018,carlos-sainz-jr,renault,11,54,97754.0,1:37.754
979,2018,esteban-ocon,force-india,12,47,97985.0,1:37.985
979,2018,stoffel-vandoorne,mclaren,13,54,98137.0,1:38.137
979,2018,kevin-magnussen,haas,14,54,98152.0,1:38.152
979,2018,pierre-gasly,toro-rosso,15,54,98367.0,1:38.367
979,2018,marcus-ericsson,sauber,16,52,98386.0,1:38.386
979,2018,lance-stroll,williams,17,54,98500.0,1:38.500
979,2018,sergey-sirotkin,williams,18,47,98624.0,1:38.624
979,2018,charles-leclerc,sauber,19,23,98808.0,1:38.808
979,2018,brendon-hartley,toro-rosso,20,50,99376.0,1:39.376
980,2018,valtteri-bottas,mercedes,1,37,105149.0,1:45.149
980,2018,lewis-hamilton,mercedes,2,35,105412.0,1:45.412
980,2018,daniel-ricciardo,red-bull,3,34,105419.0,1:45.419
980,2018,sebastian-vettel,ferrari,4,38,105530.0,1:45.530
980,2018,max-verstappen,red-bull,5,31,105771.0,1:45.771
980,2018,sergio-perez,force-india,6,51,106206.0,1:46.206
980,2018,kimi-raikkonen,ferrari,7,50,106523.0,1:46.523
980,2018,lance-stroll,williams,8,50,106815.0,1:46.815
980,2018,carlos-sainz-jr,renault,9,50,106856.0,1:46.856
980,2018,romain-grosjean,haas,10,34,106880.0,1:46.880
980,2018,charles-leclerc,sauber,11,31,107403.0,1:47.403
980,2018,fernando-alonso,mclaren,12,32,107449.0,1:47.449
980,2018,stoffel-vandoorne,mclaren,13,50,107666.0,1:47.666
980,2018,marcus-ericsson,sauber,14,51,107925.0,1:47.925
980,2018,pierre-gasly,toro-rosso,15,38,108035.0,1:48.035
980,2018,kevin-magnussen,haas,16,35,108155.0,1:48.155
980,2018,brendon-hartley,toro-rosso,17,51,108288.0,1:48.288
980,2018,nico-hulkenberg,renault,18,10,108867.0,1:48.867
981,2018,daniel-ricciardo,red-bull,1,61,78441.0,1:18.441
981,2018,sebastian-vettel,ferrari,2,61,79128.0,1:19.128
981,2018,lewis-hamilton,mercedes,3,64,79133.0,1:19.133
981,2018,max-verstappen,red-bull,4,62,79422.0,1:19.422
981,2018,valtteri-bottas,mercedes,5,56,79478.0,1:19.478
981,2018,kevin-magnussen,haas,6,64,80246.0,1:20.246
981,2018,fernando-alonso,mclaren,7,64,80727.0,1:20.727
981,2018,sergio-perez,force-india,8,43,81128.0,1:21.128
981,2018,carlos-sainz-jr,renault,9,61,81324.0,1:21.324
981,2018,brendon-hartley,toro-rosso,10,63,81439.0,1:21.439
981,2018,kimi-raikkonen,ferrari,11,23,81531.0,1:21.531
981,2018,lance-stroll,williams,12,60,82095.0,1:22.095
981,2018,esteban-ocon,force-india,13,36,82117.0,1:22.117
981,2018,charles-leclerc,sauber,14,51,82122.0,1:22.122
981,2018,marcus-ericsson,sauber,15,50,82487.0,1:22.487
981,2018,stoffel-vandoorne,mclaren,16,38,82594.0,1:22.594
981,2018,sergey-sirotkin,williams,17,57,82680.0,1:22.680
982,2018,max-verstappen,red-bull,1,60,74260.0,1:14.260
982,2018,romain-grosjean,haas,2,74,74822.0,1:14.822
982,2018,lance-stroll,williams,3,61,74944.0,1:14.944
982,2018,sergey-sirotkin,williams,4,75,75325.0,1:15.325
982,2018,daniel-ricciardo,red-bull,5,13,75562.0,1:15.562
982,2018,nico-hulkenberg,renault,6,57,76061.0,1:16.061
982,2018,sebastian-vettel,ferrari,7,14,76065.0,1:16.065
982,2018,lewis-hamilton,mercedes,8,15,76270.0,1:16.270
982,2018,valtteri-bottas,mercedes,9,21,76312.0,1:16.312
982,2018,kimi-raikkonen,ferrari,10,13,76392.0,1:16.392
982,2018,stoffel-vandoorne,mclaren,11,76,76864.0,1:16.864
982,2018,marcus-ericsson,sauber,12,19,76936.0,1:16.936
982,2018,fernando-alonso,mclaren,13,23,77018.0,1:17.018
982,2018,esteban-ocon,force-india,14,63,77027.0,1:17.027
982,2018,pierre-gasly,toro-rosso,15,68,77099.0,1:17.099
982,2018,brendon-hartley,toro-rosso,16,15,77172.0,1:17.172
982,2018,kevin-magnussen,haas,17,20,77476.0,1:17.476
982,2018,carlos-sainz-jr,renault,18,19,77491.0,1:17.491
982,2018,sergio-perez,force-india,19,24,77546.0,1:17.546
982,2018,charles-leclerc,sauber,20,17,77710.0,1:17.710
983,2018,max-verstappen,red-bull,1,65,73864.0,1:13.864
983,2018,sebastian-vettel,ferrari,2,57,73964.0,1:13.964
983,2018,valtteri-bottas,mercedes,3,51,73992.0,1:13.992
983,2018,kimi-raikkonen,ferrari,4,59,74075.0,1:14.075
983,2018,daniel-ricciardo,red-bull,5,59,74159.0,1:14.159
983,2018,lewis-hamilton,mercedes,6,66,74183.0,1:14.183
983,2018,sergio-perez,force-india,7,64,75100.0,1:15.100
983,2018,kevin-magnussen,haas,8,65,75401.0,1:15.401
983,2018,romain-grosjean,haas,9,56,75470.0,1:15.470
983,2018,charles-leclerc,sauber,10,65,75480.0,1:15.480
983,2018,nico-hulkenberg,renault,11,64,75588.0,1:15.588
983,2018,esteban-ocon,force-india,12,61,75610.0,1:15.610
983,2018,carlos-sainz-jr,renault,13,61,75666.0,1:15.666
983,2018,pierre-gasly,toro-rosso,14,67,75699.0,1:15.699
983,2018,stoffel-vandoorne,mclaren,15,55,75765.0,1:15.765
983,2018,sergey-sirotkin,williams,16,53,75924.0,1:15.924
983,2018,fernando-alonso,mclaren,17,33,76180.0,1:16.180
983,2018,marcus-ericsson,sauber,18,62,76403.0,1:16.403
984,2018,valtteri-bottas,mercedes,1,41,94225.0,1:34.225
984,2018,max-verstappen,red-bull,2,47,94275.0,1:34.275
984,2018,kimi-raikkonen,ferrari,3,48,94398.0,1:34.398
984,2018,sebastian-vettel,ferrari,4,42,94485.0,1:34.485
984,2018,lewis-hamilton,mercedes,5,49,94509.0,1:34.509
984,2018,fernando-alonso,mclaren,6,48,95133.0,1:35.133
984,2018,daniel-ricciardo,red-bull,7,37,95382.0,1:35.382
984,2018,kevin-magnussen,haas,8,50,95425.0,1:35.425
984,2018,carlos-sainz-jr,renault,9,46,95638.0,1:35.638
984,2018,romain-grosjean,haas,10,47,95695.0,1:35.695
984,2018,nico-hulkenberg,renault,11,46,95873.0,1:35.873
984,2018,charles-leclerc,sauber,12,45,95977.0,1:35.977
984,2018,marcus-ericsson,sauber,13,37,96494.0,1:36.494
984,2018,stoffel-vandoorne,mclaren,14,48,96675.0,1:36.675
984,2018,brendon-hartley,toro-rosso,15,40,96839.0,1:36.839
984,2018,sergey-sirotkin,williams,16,35,98300.0,1:38.300
984,2018,sergio-perez,force-india,17,25,98319.0,1:38.319
984,2018,lance-stroll,williams,18,35,98319.0,1:38.319
985,2018,kimi-raikkonen,ferrari,1,71,66957.0,1:06.957
985,2018,sebastian-vettel,ferrari,2,67,67082.0,1:07.082
985,2018,lewis-hamilton,mercedes,3,58,67241.0,1:07.241
985,2018,max-verstappen,red-bull,4,70,67442.0,1:07.442
985,2018,daniel-ricciardo,red-bull,5,46,67591.0,1:07.591
985,2018,marcus-ericsson,sauber,6,67,68216.0,1:08.216
985,2018,kevin-magnussen,haas,7,70,68476.0,1:08.476
985,2018,sergio-perez,force-india,8,66,68504.0,1:08.504
985,2018,fernando-alonso,mclaren,9,69,68661.0,1:08.661
985,2018,carlos-sainz-jr,renault,10,37,68766.0,1:08.766
985,2018,esteban-ocon,force-india,11,64,68850.0,1:08.850
985,2018,stoffel-vandoorne,mclaren,12,63,68894.0,1:08.894
985,2018,sergey-sirotkin,williams,13,64,68971.0,1:08.971
985,2018,charles-leclerc,sauber,14,68,69006.0,1:09.006
985,2018,valtteri-bottas,mercedes,15,12,69044.0,1:09.044
985,2018,romain-grosjean,haas,16,17,69071.0,1:09.071
985,2018,brendon-hartley,toro-rosso,17,42,69171.0,1:09.171
985,2018,lance-stroll,williams,18,68,69203.0,1:09.203
985,2018,pierre-gasly,toro-rosso,19,38,69295.0,1:09.295
985,2018,nico-hulkenberg,renault,20,7,70380.0,1:10.380
986,2018,sebastian-vettel,ferrari,1,47,90696.0,1:30.696
986,2018,kimi-raikkonen,ferrari,2,51,90795.0,1:30.795
986,2018,lewis-hamilton,mercedes,3,52,91245.0,1:31.245
986,2018,valtteri-bottas,mercedes,4,43,91377.0,1:31.377
986,2018,daniel-ricciardo,red-bull,5,46,91589.0,1:31.589
986,2018,max-verstappen,red-bull,6,42,92007.0,1:32.007
986,2018,nico-hulkenberg,renault,7,48,93405.0,1:33.405
986,2018,pierre-gasly,toro-rosso,8,48,93465.0,1:33.465
986,2018,sergio-perez,force-india,9,48,93472.0,1:33.472
986,2018,fernando-alonso,mclaren,10,52,93482.0,1:33.482
986,2018,stoffel-vandoorne,mclaren,11,48,93551.0,1:33.551
986,2018,kevin-magnussen,haas,12,48,93604.0,1:33.604
986,2018,esteban-ocon,force-india,13,48,93606.0,1:33.606
986,2018,marcus-ericsson,sauber,14,26,93675.0,1:33.675
986,2018,lance-stroll,williams,15,48,93869.0,1:33.869
986,2018,romain-grosjean,haas,16,28,94391.0,1:34.391
986,2018,carlos-sainz-jr,renault,17,25,94602.0,1:34.602
986,2018,sergey-sirotkin,williams,18,52,94620.0,1:34.620
986,2018,charles-leclerc,sauber,19,3,95209.0,1:35.209
987,2018,lewis-hamilton,mercedes,1,66,75545.0,1:15.545
987,2018,valtteri-bottas,mercedes,2,65,75721.0,1:15.721
987,2018,max-verstappen,red-bull,3,66,75852.0,1:15.852
987,2018,kimi-raikkonen,ferrari,4,64,75990.0,1:15.990
987,2018,romain-grosjean,haas,5,66,76716.0,1:16.716
987,2018,sebastian-vettel,ferrari,6,39,77290.0,1:17.290
987,2018,carlos-sainz-jr,renault,7,63,77430.0,1:17.430
987,2018,stoffel-vandoorne,mclaren,8,67,77537.0,1:17.537
987,2018,brendon-hartley,toro-rosso,9,66,77681.0,1:17.681
987,2018,kevin-magnussen,haas,10,66,77697.0,1:17.697
987,2018,fernando-alonso,mclaren,11,60,77741.0,1:17.741
987,2018,marcus-ericsson,sauber,12,65,77745.0,1:17.745
987,2018,pierre-gasly,toro-rosso,13,66,77762.0,1:17.762
987,2018,charles-leclerc,sauber,14,64,77852.0,1:17.852
987,2018,sergio-perez,force-india,15,66,77867.0,1:17.867
987,2018,nico-hulkenberg,renault,16,66,77910.0,1:17.910
987,2018,esteban-ocon,force-india,17,64,77941.0,1:17.941
987,2018,daniel-ricciardo,red-bull,18,22,78262.0,1:18.262
987,2018,lance-stroll,williams,19,35,78861.0,1:18.861
987,2018,sergey-sirotkin,williams,20,36,78934.0,1:18.934
988,2018,daniel-ricciardo,red-bull,1,46,80012.0,1:20.012
988,2018,sebastian-vettel,ferrari,2,70,80056.0,1:20.056
988,2018,kimi-raikkonen,ferrari,3,55,80292.0,1:20.292
988,2018,lewis-hamilton,mercedes,4,63,81107.0,1:21.107
988,2018,nico-hulkenberg,renault,5,69,81261.0,1:21.261
988,2018,kevin-magnussen,haas,6,60,81302.0,1:21.302
988,2018,pierre-gasly,toro-rosso,7,64,81685.0,1:21.685
988,2018,valtteri-bottas,mercedes,8,39,81736.0,1:21.736
988,2018,fernando-alonso,mclaren,9,68,82090.0,1:22.090
988,2018,romain-grosjean,haas,10,58,82606.0,1:22.606
988,2018,brendon-hartley,toro-rosso,11,62,82612.0,1:22.612
988,2018,lance-stroll,williams,12,51,82660.0,1:22.660
988,2018,carlos-sainz-jr,renault,13,58,82774.0,1:22.774
988,2018,esteban-ocon,force-india,14,63,82876.0,1:22.876
988,2018,stoffel-vandoorne,mclaren,15,46,83077.0,1:23.077
988,2018,sergio-perez,force-india,16,56,83263.0,1:23.263
988,2018,marcus-ericsson,sauber,17,53,83671.0,1:23.671
988,2018,sergey-sirotkin,williams,18,53,83708.0,1:23.708
988,2018,max-verstappen,red-bull,19,5,83985.0,1:23.985
989,2018,valtteri-bottas,mercedes,1,32,106286.0,1:46.286
989,2018,sebastian-vettel,ferrari,2,25,106644.0,1:46.644
989,2018,lewis-hamilton,mercedes,3,23,106721.0,1:46.721
989,2018,max-verstappen,red-bull,4,36,106946.0,1:46.946
989,2018,kevin-magnussen,haas,5,36,107937.0,1:47.937
989,2018,esteban-ocon,force-india,6,35,108078.0,1:48.078
989,2018,sergio-perez,force-india,7,38,108080.0,1:48.080
989,2018,romain-grosjean,haas,8,35,108283.0,1:48.283
989,2018,pierre-gasly,toro-rosso,9,36,108588.0,1:48.588
989,2018,carlos-sainz-jr,renault,10,32,108670.0,1:48.670
989,2018,marcus-ericsson,sauber,11,35,108694.0,1:48.694
989,2018,brendon-hartley,toro-rosso,12,33,108756.0,1:48.756
989,2018,stoffel-vandoorne,mclaren,13,38,108956.0,1:48.956
989,2018,sergey-sirotkin,williams,14,42,109113.0,1:49.113
989,2018,daniel-ricciardo,red-bull,15,27,109242.0,1:49.242
989,2018,lance-stroll,williams,16,39,109287.0,1:49.287
989,2018,kimi-raikkonen,ferrari,17,6,114320.0,1:54.320
990,2018,lewis-hamilton,mercedes,1,30,82497.0,1:22.497
990,2018,sebastian-vettel,ferrari,2,51,82505.0,1:22.505
990,2018,valtteri-bottas,mercedes,3,39,82907.0,1:22.907
990,2018,kimi-raikkonen,ferrari,4,28,83515.0,1:23.515
990,2018,sergio-perez,force-india,5,43,83529.0,1:23.529
990,2018,max-verstappen,red-bull,6,41,83609.0,1:23.609
990,2018,marcus-ericsson,sauber,7,44,83768.0,1:23.768
990,2018,sergey-sirotkin,williams,8,52,83768.0,1:23.768
990,2018,carlos-sainz-jr,renault,9,52,84056.0,1:24.056
990,2018,nico-hulkenberg,renault,10,47,84059.0,1:24.059
990,2018,esteban-ocon,force-india,11,44,84179.0,1:24.179
990,2018,romain-grosjean,haas,12,48,84243.0,1:24.243
990,2018,charles-leclerc,sauber,13,52,84504.0,1:24.504
990,2018,lance-stroll,williams,14,39,84580.0,1:24.580
990,2018,pierre-gasly,toro-rosso,15,46,84767.0,1:24.767
990,2018,stoffel-vandoorne,mclaren,16,47,84772.0,1:24.772
990,2018,daniel-ricciardo,red-bull,17,18,85229.0,1:25.229
990,2018,kevin-magnussen,haas,18,46,85692.0,1:25.692
990,2018,fernando-alonso,mclaren,19,6,87009.0,1:27.009
991,2018,kevin-magnussen,haas,1,50,101905.0,1:41.905
991,2018,lewis-hamilton,mercedes,2,56,102913.0,1:42.913
991,2018,daniel-ricciardo,red-bull,3,59,103120.0,1:43.120
991,2018,fernando-alonso,mclaren,4,57,103164.0,1:43.164
991,2018,max-verstappen,red-bull,5,54,103345.0,1:43.345
991,2018,sebastian-vettel,ferrari,6,48,104669.0,1:44.669
991,2018,kimi-raikkonen,ferrari,7,46,104715.0,1:44.715
991,2018,valtteri-bottas,mercedes,8,42,104720.0,1:44.720
991,2018,brendon-hartley,toro-rosso,9,38,104889.0,1:44.889
991,2018,marcus-ericsson,sauber,10,50,105169.0,1:45.169
991,2018,charles-leclerc,sauber,11,57,105203.0,1:45.203
991,2018,carlos-sainz-jr,renault,12,50,105211.0,1:45.211
991,2018,sergio-perez,force-india,13,48,105389.0,1:45.389
991,2018,stoffel-vandoorne,mclaren,14,50,105555.0,1:45.555
991,2018,sergey-sirotkin,williams,15,48,105902.0,1:45.902
991,2018,romain-grosjean,haas,16,57,105904.0,1:45.904
991,2018,lance-stroll,williams,17,53,106033.0,1:46.033
991,2018,pierre-gasly,toro-rosso,18,56,106063.0,1:46.063
991,2018,nico-hulkenberg,renault,19,53,106093.0,1:46.093
992,2018,valtteri-bottas,mercedes,1,50,95861.0,1:35.861
992,2018,lewis-hamilton,mercedes,2,50,95916.0,1:35.916
992,2018,sebastian-vettel,ferrari,3,50,95990.0,1:35.990
992,2018,max-verstappen,red-bull,4,45,96283.0,1:36.283
992,2018,daniel-ricciardo,red-bull,5,41,96345.0,1:36.345
992,2018,kimi-raikkonen,ferrari,6,47,96611.0,1:36.611
992,2018,marcus-ericsson,sauber,7,39,97931.0,1:37.931
992,2018,kevin-magnussen,haas,8,52,98015.0,1:38.015
992,2018,charles-leclerc,sauber,9,52,98107.0,1:38.107
992,2018,romain-grosjean,haas,10,46,98244.0,1:38.244
992,2018,sergio-perez,force-india,11,47,98300.0,1:38.300
992,2018,esteban-ocon,force-india,12,52,98366.0,1:38.366
992,2018,nico-hulkenberg,renault,13,52,99108.0,1:39.108
992,2018,lance-stroll,williams,14,44,99435.0,1:39.435
992,2018,fernando-alonso,mclaren,15,44,99590.0,1:39.590
992,2018,carlos-sainz-jr,renault,16,35,99731.0,1:39.731
992,2018,sergey-sirotkin,williams,17,43,99838.0,1:39.838
992,2018,stoffel-vandoorne,mclaren,18,41,99922.0,1:39.922
992,2018,pierre-gasly,toro-rosso,19,3,104071.0,1:44.071
992,2018,brendon-hartley,toro-rosso,20,2,105852.0,1:45.852
993,2018,sebastian-vettel,ferrari,1,53,92318.0,1:32.318
993,2018,lewis-hamilton,mercedes,2,51,92785.0,1:32.785
993,2018,valtteri-bottas,mercedes,3,46,93110.0,1:33.110
993,2018,daniel-ricciardo,red-bull,4,50,93187.0,1:33.187
993,2018,lance-stroll,williams,5,41,93354.0,1:33.354
993,2018,max-verstappen,red-bull,6,50,93367.0,1:33.367
993,2018,fernando-alonso,mclaren,7,28,93943.0,1:33.943
993,2018,sergey-sirotkin,williams,8,41,93985.0,1:33.985
993,2018,sergio-perez,force-india,9,43,94073.0,1:34.073
993,2018,pierre-gasly,toro-rosso,10,35,94133.0,1:34.133
993,2018,carlos-sainz-jr,renault,11,50,94197.0,1:34.197
993,2018,kimi-raikkonen,ferrari,12,28,94223.0,1:34.223
993,2018,charles-leclerc,sauber,13,37,94515.0,1:34.515
993,2018,esteban-ocon,force-india,14,50,94670.0,1:34.670
993,2018,romain-grosjean,haas,15,47,94786.0,1:34.786
993,2018,brendon-hartley,toro-rosso,16,30,94857.0,1:34.857
993,2018,nico-hulkenberg,renault,17,32,94934.0,1:34.934
993,2018,stoffel-vandoorne,mclaren,18,25,95023.0,1:35.023
993,2018,marcus-ericsson,sauber,19,8,96294.0,1:36.294
993,2018,kevin-magnussen,haas,20,6,99908.0,1:39.908
994,2018,lewis-hamilton,mercedes,1,40,97392.0,1:37.392
994,2018,max-verstappen,red-bull,2,45,98246.0,1:38.246
994,2018,sebastian-vettel,ferrari,3,41,98280.0,1:38.280
994,2018,valtteri-bottas,mercedes,4,46,98470.0,1:38.470
994,2018,kimi-raikkonen,ferrari,5,45,98482.0,1:38.482
994,2018,kevin-magnussen,haas,6,32,98963.0,1:38.963
994,2018,stoffel-vandoorne,mclaren,7,42,99240.0,1:39.240
994,2018,nico-hulkenberg,renault,8,51,99548.0,1:39.548
994,2018,sergio-perez,force-india,9,36,99569.0,1:39.569
994,2018,pierre-gasly,toro-rosso,10,38,99646.0,1:39.646
994,2018,carlos-sainz-jr,renault,11,45,99858.0,1:39.858
994,2018,brendon-hartley,toro-rosso,12,52,99915.0,1:39.915
994,2018,esteban-ocon,force-india,13,45,99992.0,1:39.992
994,2018,marcus-ericsson,sauber,14,33,100098.0,1:40.098
994,2018,lance-stroll,williams,15,49,100433.0,1:40.433
994,2018,sergey-sirotkin,williams,16,12,100522.0,1:40.522
994,2018,daniel-ricciardo,red-bull,17,5,100933.0,1:40.933
994,2018,charles-leclerc,sauber,18,12,101982.0,1:41.982
995,2018,valtteri-bottas,mercedes,1,65,78741.0,1:18.741
995,2018,max-verstappen,red-bull,2,66,79186.0,1:19.186
995,2018,daniel-ricciardo,red-bull,3,57,79462.0,1:19.462
995,2018,sebastian-vettel,ferrari,4,49,79522.0,1:19.522
995,2018,kimi-raikkonen,ferrari,5,19,80334.0,1:20.334
995,2018,charles-leclerc,sauber,6,67,80537.0,1:20.537
995,2018,nico-hulkenberg,renault,7,67,80637.0,1:20.637
995,2018,lewis-hamilton,mercedes,8,49,80728.0,1:20.728
995,2018,romain-grosjean,haas,9,46,81370.0,1:21.370
995,2018,kevin-magnussen,haas,10,45,81874.0,1:21.874
995,2018,stoffel-vandoorne,mclaren,11,14,81921.0,1:21.921
995,2018,carlos-sainz-jr,renault,12,6,82386.0,1:22.386
995,2018,brendon-hartley,toro-rosso,13,26,82438.0,1:22.438
995,2018,marcus-ericsson,sauber,14,18,82440.0,1:22.440
995,2018,esteban-ocon,force-india,15,6,82629.0,1:22.629
995,2018,sergey-sirotkin,williams,16,66,82640.0,1:22.640
995,2018,pierre-gasly,toro-rosso,17,69,82755.0,1:22.755
995,2018,lance-stroll,williams,18,27,82983.0,1:22.983
995,2018,sergio-perez,force-india,19,6,83545.0,1:23.545
995,2018,fernando-alonso,mclaren,20,3,84197.0,1:24.197
996,2018,valtteri-bottas,mercedes,1,65,70540.0,1:10.540
996,2018,sebastian-vettel,ferrari,2,71,70831.0,1:10.831
996,2018,daniel-ricciardo,red-bull,3,62,71343.0,1:11.343
996,2018,max-verstappen,red-bull,4,61,71578.0,1:11.578
996,2018,lance-stroll,williams,5,68,71751.0,1:11.751
996,2018,kimi-raikkonen,ferrari,6,64,71769.0,1:11.769
996,2018,lewis-hamilton,mercedes,7,70,71795.0,1:11.795
996,2018,charles-leclerc,sauber,8,70,72082.0,1:12.082
996,2018,carlos-sainz-jr,renault,9,50,72169.0,1:12.169
996,2018,kevin-magnussen,haas,10,67,72206.0,1:12.206
996,2018,esteban-ocon,force-india,11,70,72352.0,1:12.352
996,2018,romain-grosjean,haas,12,71,72362.0,1:12.362
996,2018,sergio-perez,force-india,13,58,72472.0,1:12.472
996,2018,fernando-alonso,mclaren,14,57,72643.0,1:12.643
996,2018,brendon-hartley,toro-rosso,15,53,72949.0,1:12.949
996,2018,stoffel-vandoorne,mclaren,16,68,72968.0,1:12.968
996,2018,pierre-gasly,toro-rosso,17,55,73822.0,1:13.822
996,2018,nico-hulkenberg,renault,18,30,74029.0,1:14.029
996,2018,sergey-sirotkin,williams,19,52,74262.0,1:14.262
996,2018,marcus-ericsson,sauber,20,3,75281.0,1:15.281
997,2018,sebastian-vettel,ferrari,1,54,100867.0,1:40.867
997,2018,valtteri-bottas,mercedes,2,42,100953.0,1:40.953
997,2018,daniel-ricciardo,red-bull,3,35,101249.0,1:41.249
997,2018,carlos-sainz-jr,renault,4,54,101351.0,1:41.351
997,2018,lewis-hamilton,mercedes,5,53,101357.0,1:41.357
997,2018,max-verstappen,red-bull,6,51,101909.0,1:41.909
997,2018,fernando-alonso,mclaren,7,53,102393.0,1:42.393
997,2018,sergio-perez,force-india,8,53,102816.0,1:42.816
997,2018,kevin-magnussen,haas,9,53,102822.0,1:42.822
997,2018,charles-leclerc,sauber,10,54,102876.0,1:42.876
997,2018,romain-grosjean,haas,11,54,103195.0,1:43.195
997,2018,stoffel-vandoorne,mclaren,12,53,103249.0,1:43.249
997,2018,esteban-ocon,force-india,13,41,103591.0,1:43.591
997,2018,sergey-sirotkin,williams,14,54,103831.0,1:43.831
997,2018,pierre-gasly,toro-rosso,15,42,103988.0,1:43.988
997,2018,lance-stroll,williams,16,53,104033.0,1:44.033
997,2018,brendon-hartley,toro-rosso,17,53,104174.0,1:44.174
997,2018,kimi-raikkonen,ferrari,18,5,105198.0,1:45.198
997,2018,marcus-ericsson,sauber,19,22,106077.0,1:46.077
998,2019,valtteri-bottas,mercedes,1,57,85580.0,1:25.580
998,2019,lewis-hamilton,mercedes,2,57,86057.0,1:26.057
998,2019,max-verstappen,red-bull,3,57,86256.0,1:26.256
998,2019,charles-leclerc,ferrari,4,58,86926.0,1:26.926
998,2019,pierre-gasly,red-bull,5,39,87229.0,1:27.229
998,2019,daniil-kvyat,toro-rosso,6,39,87448.0,1:27.448
998,2019,lance-stroll,racing-point,7,29,87568.0,1:27.568
998,2019,sebastian-vettel,ferrari,8,16,87954.0,1:27.954
998,2019,kevin-magnussen,haas,9,56,88182.0,1:28.182
998,2019,alexander-albon,toro-rosso,10,43,88188.0,1:28.188
998,2019,kimi-raikkonen,alfa-romeo,11,52,88270.0,1:28.270
998,2019,nico-hulkenberg,renault,12,52,88444.0,1:28.444
998,2019,romain-grosjean,haas,13,17,88462.0,1:28.462
998,2019,antonio-giovinazzi,alfa-romeo,14,29,88479.0,1:28.479
998,2019,sergio-perez,racing-point,15,41,88485.0,1:28.485
998,2019,lando-norris,mclaren,16,17,88555.0,1:28.555
998,2019,george-russell,williams,17,55,88713.0,1:28.713
998,2019,robert-kubica,williams,18,30,89284.0,1:29.284
998,2019,daniel-ricciardo,renault,19,18,89848.0,1:29.848
998,2019,carlos-sainz-jr,mclaren,20,9,90899.0,1:30.899
999,2019,charles-leclerc,ferrari,1,38,93411.0,1:33.411
999,2019,lewis-hamilton,mercedes,2,36,93528.0,1:33.528
999,2019,valtteri-bottas,mercedes,3,42,94209.0,1:34.209
999,2019,sebastian-vettel,ferrari,4,43,94895.0,1:34.895
999,2019,daniil-kvyat,toro-rosso,5,40,94934.0,1:34.934
999,2019,nico-hulkenberg,renault,6,14,95215.0,1:35.215
999,2019,antonio-giovinazzi,alfa-romeo,7,42,95237.0,1:35.237
999,2019,pierre-gasly,red-bull,8,42,95291.0,1:35.291
999,2019,max-verstappen,red-bull,9,47,95311.0,1:35.311
999,2019,carlos-sainz-jr,mclaren,10,42,95586.0,1:35.586
999,2019,kimi-raikkonen,alfa-romeo,11,45,95589.0,1:35.589
999,2019,lando-norris,mclaren,12,14,95777.0,1:35.777
999,2019,kevin-magnussen,haas,13,41,95892.0,1:35.892
999,2019,sergio-perez,racing-point,14,51,96330.0,1:36.330
999,2019,daniel-ricciardo,renault,15,42,96697.0,1:36.697
999,2019,alexander-albon,toro-rosso,16,39,96752.0,1:36.752
999,2019,lance-stroll,racing-point,17,31,97037.0,1:37.037
999,2019,romain-grosjean,haas,18,3,97262.0,1:37.262
999,2019,george-russell,williams,19,14,97313.0,1:37.313
999,2019,robert-kubica,williams,20,13,97903.0,1:37.903
1000,2019,pierre-gasly,red-bull,1,55,94742.0,1:34.742
1000,2019,sebastian-vettel,ferrari,2,37,94836.0,1:34.836
1000,2019,charles-leclerc,ferrari,3,45,94860.0,1:34.860
1000,2019,valtteri-bottas,mercedes,4,38,94872.0,1:34.872
1000,2019,lewis-hamilton,mercedes,5,47,95892.0,1:35.892
1000,2019,max-verstappen,red-bull,6,45,96143.0,1:36.143
1000,2019,lance-stroll,racing-point,7,46,96678.0,1:36.678
1000,2019,romain-grosjean,haas,8,37,96873.0,1:36.873
1000,2019,george-russell,williams,9,51,97283.0,1:37.283
1000,2019,kevin-magnussen,haas,10,35,97471.0,1:37.471
1000,2019,carlos-sainz-jr,mclaren,11,44,97502.0,1:37.502
1000,2019,kimi-raikkonen,alfa-romeo,12,27,97812.0,1:37.812
1000,2019,daniil-kvyat,toro-rosso,13,27,97975.0,1:37.975
1000,2019,antonio-giovinazzi,alfa-romeo,14,32,98048.0,1:38.048
1000,2019,lando-norris,mclaren,15,37,98346.0,1:38.346
1000,2019,daniel-ricciardo,renault,16,38,98632.0,1:38.632
1000,2019,sergio-perez,racing-point,17,37,98702.0,1:38.702
1000,2019,alexander-albon,toro-rosso,18,22,98901.0,1:38.901
1000,2019,nico-hulkenberg,renault,19,14,99677.0,1:39.677
1000,2019,robert-kubica,williams,20,28,99772.0,1:39.772
1001,2019,charles-leclerc,ferrari,1,50,103009.0,1:43.009
1001,2019,valtteri-bottas,mercedes,2,50,104024.0,1:44.024
1001,2019,lewis-hamilton,mercedes,3,48,104166.0,1:44.166
1001,2019,sebastian-vettel,ferrari,4,46,104629.0,1:44.629
1001,2019,max-verstappen,red-bull,5,39,104794.0,1:44.794
1001,2019,lando-norris,mclaren,6,43,105394.0,1:45.394
1001,2019,sergio-perez,racing-point,7,49,105524.0,1:45.524
1001,2019,pierre-gasly,red-bull,8,34,105712.0,1:45.712
1001,2019,alexander-albon,toro-rosso,9,49,105754.0,1:45.754
1001,2019,carlos-sainz-jr,mclaren,10,43,105807.0,1:45.807
1001,2019,antonio-giovinazzi,alfa-romeo,11,45,105969.0,1:45.969
1001,2019,lance-stroll,racing-point,12,38,106009.0,1:46.009
1001,2019,kimi-raikkonen,alfa-romeo,13,48,106479.0,1:46.479
1001,2019,kevin-magnussen,haas,14,42,106682.0,1:46.682
1001,2019,daniel-ricciardo,renault,15,29,106767.0,1:46.767
1001,2019,george-russell,williams,16,42,107251.0,1:47.251
1001,2019,nico-hulkenberg,renault,17,43,107407.0,1:47.407
1001,2019,daniil-kvyat,toro-rosso,18,28,107681.0,1:47.681
1001,2019,robert-kubica,williams,19,45,107709.0,1:47.709
1001,2019,romain-grosjean,haas,20,33,108517.0,1:48.517
1002,2019,lewis-hamilton,mercedes,1,54,78492.0,1:18.492
1002,2019,valtteri-bottas,mercedes,2,55,78737.0,1:18.737
1002,2019,max-verstappen,red-bull,3,57,79769.0,1:19.769
1002,2019,sebastian-vettel,ferrari,4,64,79820.0,1:19.820
1002,2019,charles-leclerc,ferrari,5,57,80002.0,1:20.002
1002,2019,pierre-gasly,red-bull,6,57,80536.0,1:20.536
1002,2019,daniel-ricciardo,renault,7,56,80615.0,1:20.615
1002,2019,daniil-kvyat,toro-rosso,8,64,80726.0,1:20.726
1002,2019,kevin-magnussen,haas,9,66,80770.0,1:20.770
1002,2019,carlos-sainz-jr,mclaren,10,59,80859.0,1:20.859
1002,2019,alexander-albon,toro-rosso,11,65,81028.0,1:21.028
1002,2019,romain-grosjean,haas,12,64,81057.0,1:21.057
1002,2019,nico-hulkenberg,renault,13,65,81282.0,1:21.282
1002,2019,kimi-raikkonen,alfa-romeo,14,66,81382.0,1:21.382
1002,2019,antonio-giovinazzi,alfa-romeo,15,64,81833.0,1:21.833
1002,2019,sergio-perez,racing-point,16,65,81859.0,1:21.859
1002,2019,george-russell,williams,17,64,82382.0,1:22.382
1002,2019,lando-norris,mclaren,18,28,82561.0,1:22.561
1002,2019,robert-kubica,williams,19,65,83202.0,1:23.202
1002,2019,lance-stroll,racing-point,20,28,83226.0,1:23.226
1003,2019,pierre-gasly,red-bull,1,72,74279.0,1:14.279
1003,2019,valtteri-bottas,mercedes,2,65,75163.0,1:15.163
1003,2019,alexander-albon,toro-rosso,3,43,75607.0,1:15.607
1003,2019,daniel-ricciardo,renault,4,78,75697.0,1:15.697
1003,2019,carlos-sainz-jr,mclaren,5,32,75891.0,1:15.891
1003,2019,lewis-hamilton,mercedes,6,9,76167.0,1:16.167
1003,2019,max-verstappen,red-bull,7,9,76229.0,1:16.229
1003,2019,nico-hulkenberg,renault,8,65,76276.0,1:16.276
1003,2019,sebastian-vettel,ferrari,9,9,76277.0,1:16.277
1003,2019,daniil-kvyat,toro-rosso,10,31,76288.0,1:16.288
1003,2019,antonio-giovinazzi,alfa-romeo,11,46,76299.0,1:16.299
1003,2019,lance-stroll,racing-point,12,45,76379.0,1:16.379
1003,2019,lando-norris,mclaren,13,61,76413.0,1:16.413
1003,2019,kimi-raikkonen,alfa-romeo,14,50,76436.0,1:16.436
1003,2019,sergio-perez,racing-point,15,67,76613.0,1:16.613
1003,2019,romain-grosjean,haas,16,41,76746.0,1:16.746
1003,2019,kevin-magnussen,haas,17,61,76992.0,1:16.992
1003,2019,george-russell,williams,18,76,77038.0,1:17.038
1003,2019,robert-kubica,williams,19,32,77388.0,1:17.388
1003,2019,charles-leclerc,ferrari,20,6,79151.0,1:19.151
1004,2019,valtteri-bottas,mercedes,1,69,73078.0,1:13.078
1004,2019,charles-leclerc,ferrari,2,63,74356.0,1:14.356
1004,2019,max-verstappen,red-bull,3,67,74767.0,1:14.767
1004,2019,lewis-hamilton,mercedes,4,62,74813.0,1:14.813
1004,2019,sebastian-vettel,ferrari,5,57,74875.0,1:14.875
1004,2019,kimi-raikkonen,alfa-romeo,6,60,75442.0,1:15.442
1004,2019,nico-hulkenberg,renault,7,57,75995.0,1:15.995
1004,2019,lance-stroll,racing-point,8,47,76043.0,1:16.043
1004,2019,daniel-ricciardo,renault,9,55,76075.0,1:16.075
1004,2019,pierre-gasly,red-bull,10,51,76157.0,1:16.157
1004,2019,daniil-kvyat,toro-rosso,11,44,76198.0,1:16.198
1004,2019,romain-grosjean,haas,12,60,76245.0,1:16.245
1004,2019,sergio-perez,racing-point,13,61,76314.0,1:16.314
1004,2019,antonio-giovinazzi,alfa-romeo,14,69,76365.0,1:16.365
1004,2019,carlos-sainz-jr,mclaren,15,37,76471.0,1:16.471
1004,2019,alexander-albon,toro-rosso,16,47,77151.0,1:17.151
1004,2019,george-russell,williams,17,58,77241.0,1:17.241
1004,2019,robert-kubica,williams,18,64,77285.0,1:17.285
1004,2019,kevin-magnussen,haas,19,41,77309.0,1:17.309
1004,2019,lando-norris,mclaren,20,4,78023.0,1:18.023
1005,2019,sebastian-vettel,ferrari,1,53,92740.0,1:32.740
1005,2019,lewis-hamilton,mercedes,2,53,92764.0,1:32.764
1005,2019,valtteri-bottas,mercedes,3,43,93586.0,1:33.586
1005,2019,charles-leclerc,ferrari,4,40,93828.0,1:33.828
1005,2019,max-verstappen,red-bull,5,38,94162.0,1:34.162
1005,2019,carlos-sainz-jr,mclaren,6,52,94561.0,1:34.561
1005,2019,nico-hulkenberg,renault,7,45,94754.0,1:34.754
1005,2019,daniel-ricciardo,renault,8,47,94873.0,1:34.873
1005,2019,lance-stroll,racing-point,9,44,94924.0,1:34.924
1005,2019,kimi-raikkonen,alfa-romeo,10,46,94950.0,1:34.950
1005,2019,sergio-perez,racing-point,11,42,95014.0,1:35.014
1005,2019,alexander-albon,toro-rosso,12,51,95029.0,1:35.029
1005,2019,antonio-giovinazzi,alfa-romeo,13,50,95115.0,1:35.115
1005,2019,pierre-gasly,red-bull,14,42,95150.0,1:35.150
1005,2019,lando-norris,mclaren,15,47,95197.0,1:35.197
1005,2019,daniil-kvyat,toro-rosso,16,43,95225.0,1:35.225
1005,2019,romain-grosjean,haas,17,42,95691.0,1:35.691
1005,2019,kevin-magnussen,haas,18,50,95692.0,1:35.692
1005,2019,george-russell,williams,19,51,95830.0,1:35.830
1005,2019,robert-kubica,williams,20,50,96608.0,1:36.608
1006,2019,max-verstappen,red-bull,1,60,67475.0,1:07.475
1006,2019,sebastian-vettel,ferrari,2,62,67676.0,1:07.676
1006,2019,charles-leclerc,ferrari,3,58,67994.0,1:07.994
1006,2019,daniel-ricciardo,renault,4,65,68019.0,1:08.019
1006,2019,lewis-hamilton,mercedes,5,69,68050.0,1:08.050
1006,2019,carlos-sainz-jr,mclaren,6,53,68117.0,1:08.117
1006,2019,valtteri-bottas,mercedes,7,53,68565.0,1:08.565
1006,2019,lando-norris,mclaren,8,69,68699.0,1:08.699
1006,2019,pierre-gasly,red-bull,9,63,68790.0,1:08.790
1006,2019,kevin-magnussen,haas,10,69,68903.0,1:08.903
1006,2019,alexander-albon,toro-rosso,11,59,68946.0,1:08.946
1006,2019,romain-grosjean,haas,12,56,68987.0,1:08.987
1006,2019,antonio-giovinazzi,alfa-romeo,13,57,69051.0,1:09.051
1006,2019,sergio-perez,racing-point,14,67,69061.0,1:09.061
1006,2019,kimi-raikkonen,alfa-romeo,15,57,69126.0,1:09.126
1006,2019,nico-hulkenberg,renault,16,59,69248.0,1:09.248
1006,2019,lance-stroll,racing-point,17,57,69288.0,1:09.288
1006,2019,daniil-kvyat,toro-rosso,18,58,69498.0,1:09.498
1006,2019,george-russell,williams,19,52,69926.0,1:09.926
1006,2019,robert-kubica,williams,20,55,70964.0,1:10.964
1007,2019,lewis-hamilton,mercedes,1,52,87369.0,1:27.369
1007,2019,valtteri-bottas,mercedes,2,47,87406.0,1:27.406
1007,2019,sebastian-vettel,ferrari,3,46,88733.0,1:28.733
1007,2019,max-verstappen,red-bull,4,45,89272.0,1:29.272
1007,2019,charles-leclerc,ferrari,5,47,89313.0,1:29.313
1007,2019,lance-stroll,racing-point,6,49,89390.0,1:29.390
1007,2019,sergio-perez,racing-point,7,50,89456.0,1:29.456
1007,2019,pierre-gasly,red-bull,8,48,89544.0,1:29.544
1007,2019,daniel-ricciardo,renault,9,50,89624.0,1:29.624
1007,2019,lando-norris,mclaren,10,50,89636.0,1:29.636
1007,2019,carlos-sainz-jr,mclaren,11,50,89757.0,1:29.757
1007,2019,daniil-kvyat,toro-rosso,12,51,89910.0,1:29.910
1007,2019,nico-hulkenberg,renault,13,51,89949.0,1:29.949
1007,2019,kimi-raikkonen,alfa-romeo,14,51,90034.0,1:30.034
1007,2019,alexander-albon,toro-rosso,15,46,90872.0,1:30.872
1007,2019,george-russell,williams,16,50,91013.0,1:31.013
1007,2019,robert-kubica,williams,17,50,91509.0,1:31.509
1007,2019,antonio-giovinazzi,alfa-romeo,18,17,92464.0,1:32.464
1007,2019,kevin-magnussen,haas,19,5,93425.0,1:33.425
1007,2019,romain-grosjean,haas,20,4,94350.0,1:34.350
1008,2019,max-verstappen,red-bull,1,61,76645.0,1:16.645
1008,2019,sebastian-vettel,ferrari,2,63,76794.0,1:16.794
1008,2019,lewis-hamilton,mercedes,3,60,77485.0,1:17.485
1008,2019,pierre-gasly,red-bull,4,56,77495.0,1:17.495
1008,2019,antonio-giovinazzi,alfa-romeo,5,62,77507.0,1:17.507
1008,2019,daniil-kvyat,toro-rosso,6,61,77708.0,1:17.708
1008,2019,kimi-raikkonen,alfa-romeo,7,55,77746.0,1:17.746
1008,2019,lance-stroll,racing-point,8,61,77831.0,1:17.831
1008,2019,carlos-sainz-jr,mclaren,9,63,77841.0,1:17.841
1008,2019,alexander-albon,toro-rosso,10,63,77850.0,1:17.850
1008,2019,valtteri-bottas,mercedes,11,54,78272.0,1:18.272
1008,2019,romain-grosjean,haas,12,64,78811.0,1:18.811
1008,2019,kevin-magnussen,haas,13,63,79062.0,1:19.062
1008,2019,george-russell,williams,14,60,79300.0,1:19.300
1008,2019,robert-kubica,williams,15,60,79563.0,1:19.563
1008,2019,charles-leclerc,ferrari,16,17,87697.0,1:27.697
1008,2019,nico-hulkenberg,renault,17,18,89576.0,1:29.576
1008,2019,lando-norris,mclaren,18,16,91081.0,1:31.081
1008,2019,daniel-ricciardo,renault,19,10,92654.0,1:32.654
1009,2019,max-verstappen,red-bull,1,69,77103.0,1:17.103
1009,2019,lewis-hamilton,mercedes,2,60,78528.0,1:18.528
1009,2019,valtteri-bottas,mercedes,3,59,79331.0,1:19.331
1009,2019,sebastian-vettel,ferrari,4,65,79786.0,1:19.786
1009,2019,charles-leclerc,ferrari,5,49,80493.0,1:20.493
1009,2019,lance-stroll,racing-point,6,52,80603.0,1:20.603
1009,2019,alexander-albon,toro-rosso,7,65,80621.0,1:20.621
1009,2019,daniel-ricciardo,renault,8,49,80839.0,1:20.839
1009,2019,kimi-raikkonen,alfa-romeo,9,65,80880.0,1:20.880
1009,2019,carlos-sainz-jr,mclaren,10,66,81002.0,1:21.002
1009,2019,kevin-magnussen,haas,11,67,81008.0,1:21.008
1009,2019,pierre-gasly,red-bull,12,65,81045.0,1:21.045
1009,2019,lando-norris,mclaren,13,65,81188.0,1:21.188
1009,2019,nico-hulkenberg,renault,14,59,81650.0,1:21.650
1009,2019,sergio-perez,racing-point,15,47,81734.0,1:21.734
1009,2019,daniil-kvyat,toro-rosso,16,55,81932.0,1:21.932
1009,2019,george-russell,williams,17,66,82386.0,1:22.386
1009,2019,romain-grosjean,haas,18,46,82809.0,1:22.809
1009,2019,antonio-giovinazzi,alfa-romeo,19,64,83134.0,1:23.134
1009,2019,robert-kubica,williams,20,42,83436.0,1:23.436
1010,2019,sebastian-vettel,ferrari,1,36,106409.0,1:46.409
1010,2019,valtteri-bottas,mercedes,2,27,106465.0,1:46.465
1010,2019,lewis-hamilton,mercedes,3,24,106580.0,1:46.580
1010,2019,charles-leclerc,ferrari,4,23,106664.0,1:46.664
1010,2019,alexander-albon,red-bull,5,41,107507.0,1:47.507
1010,2019,antonio-giovinazzi,alfa-romeo,6,31,107560.0,1:47.560
1010,2019,daniil-kvyat,toro-rosso,7,26,108143.0,1:48.143
1010,2019,lando-norris,mclaren,8,21,108321.0,1:48.321
1010,2019,nico-hulkenberg,renault,9,34,108349.0,1:48.349
1010,2019,lance-stroll,racing-point,10,34,108357.0,1:48.357
1010,2019,kevin-magnussen,haas,11,33,108677.0,1:48.677
1010,2019,kimi-raikkonen,alfa-romeo,12,37,108753.0,1:48.753
1010,2019,sergio-perez,racing-point,13,29,108781.0,1:48.781
1010,2019,george-russell,williams,14,34,108860.0,1:48.860
1010,2019,robert-kubica,williams,15,33,109220.0,1:49.220
1010,2019,romain-grosjean,haas,16,18,109274.0,1:49.274
1010,2019,pierre-gasly,toro-rosso,17,21,109700.0,1:49.700
1010,2019,daniel-ricciardo,renault,18,21,110451.0,1:50.451
1011,2019,lewis-hamilton,mercedes,1,51,81779.0,1:21.779
1011,2019,sebastian-vettel,ferrari,2,50,82799.0,1:22.799
1011,2019,valtteri-bottas,mercedes,3,47,82859.0,1:22.859
1011,2019,charles-leclerc,ferrari,4,47,83009.0,1:23.009
1011,2019,max-verstappen,red-bull,5,41,83143.0,1:23.143
1011,2019,alexander-albon,red-bull,6,45,83364.0,1:23.364
1011,2019,daniel-ricciardo,renault,7,53,83466.0,1:23.466
1011,2019,nico-hulkenberg,renault,8,53,83641.0,1:23.641
1011,2019,sergio-perez,racing-point,9,35,83770.0,1:23.770
1011,2019,pierre-gasly,toro-rosso,10,51,83885.0,1:23.885
1011,2019,lando-norris,mclaren,11,52,84044.0,1:24.044
1011,2019,lance-stroll,racing-point,12,31,84165.0,1:24.165
1011,2019,kimi-raikkonen,alfa-romeo,13,52,84419.0,1:24.419
1011,2019,kevin-magnussen,haas,14,38,84443.0,1:24.443
1011,2019,antonio-giovinazzi,alfa-romeo,15,44,84503.0,1:24.503
1011,2019,george-russell,williams,16,51,84842.0,1:24.842
1011,2019,romain-grosjean,haas,17,31,84985.0,1:24.985
1011,2019,robert-kubica,williams,18,47,84989.0,1:24.989
1011,2019,carlos-sainz-jr,mclaren,19,10,85637.0,1:25.637
1011,2019,daniil-kvyat,toro-rosso,20,19,85772.0,1:25.772
1012,2019,kevin-magnussen,haas,1,58,102301.0,1:42.301
1012,2019,valtteri-bottas,mercedes,2,58,103534.0,1:43.534
1012,2019,daniil-kvyat,toro-rosso,3,57,104371.0,1:44.371
1012,2019,charles-leclerc,ferrari,4,59,104723.0,1:44.723
1012,2019,sebastian-vettel,ferrari,5,57,104802.0,1:44.802
1012,2019,lance-stroll,racing-point,6,57,104896.0,1:44.896
1012,2019,lewis-hamilton,mercedes,7,58,104914.0,1:44.914
1012,2019,max-verstappen,red-bull,8,56,105176.0,1:45.176
1012,2019,alexander-albon,red-bull,9,59,105260.0,1:45.260
1012,2019,antonio-giovinazzi,alfa-romeo,10,59,105630.0,1:45.630
1012,2019,lando-norris,mclaren,11,58,105716.0,1:45.716
1012,2019,nico-hulkenberg,renault,12,59,105765.0,1:45.765
1012,2019,pierre-gasly,toro-rosso,13,58,105769.0,1:45.769
1012,2019,daniel-ricciardo,renault,14,55,105915.0,1:45.915
1012,2019,carlos-sainz-jr,mclaren,15,41,105969.0,1:45.969
1012,2019,romain-grosjean,haas,16,54,106274.0,1:46.274
1012,2019,sergio-perez,racing-point,17,15,106683.0,1:46.683
1012,2019,robert-kubica,williams,18,59,106793.0,1:46.793
1012,2019,kimi-raikkonen,alfa-romeo,19,18,107062.0,1:47.062
1012,2019,george-russell,williams,20,29,108285.0,1:48.285
1013,2019,lewis-hamilton,mercedes,1,51,95761.0,1:35.761
1013,2019,charles-leclerc,ferrari,2,52,96193.0,1:36.193
1013,2019,valtteri-bottas,mercedes,3,50,96316.0,1:36.316
1013,2019,alexander-albon,red-bull,4,50,96762.0,1:36.762
1013,2019,max-verstappen,red-bull,5,47,96937.0,1:36.937
1013,2019,carlos-sainz-jr,mclaren,6,53,98020.0,1:38.020
1013,2019,sergio-perez,racing-point,7,49,98043.0,1:38.043
1013,2019,kevin-magnussen,haas,8,53,98130.0,1:38.130
1013,2019,daniil-kvyat,toro-rosso,9,52,98228.0,1:38.228
1013,2019,sebastian-vettel,ferrari,10,16,98245.0,1:38.245
1013,2019,lando-norris,mclaren,11,52,98301.0,1:38.301
1013,2019,nico-hulkenberg,renault,12,53,98519.0,1:38.519
1013,2019,kimi-raikkonen,alfa-romeo,13,51,98589.0,1:38.589
1013,2019,pierre-gasly,toro-rosso,14,51,98606.0,1:38.606
1013,2019,lance-stroll,racing-point,15,53,98611.0,1:38.611
1013,2019,antonio-giovinazzi,alfa-romeo,16,51,98696.0,1:38.696
1013,2019,daniel-ricciardo,renault,17,22,101284.0,1:41.284
1013,2019,george-russell,williams,18,18,101705.0,1:41.705
1013,2019,robert-kubica,williams,19,24,102327.0,1:42.327
1014,2019,lewis-hamilton,mercedes,1,45,90983.0,1:30.983
1014,2019,charles-leclerc,ferrari,2,48,91611.0,1:31.611
1014,2019,kevin-magnussen,haas,3,49,91732.0,1:31.732
1014,2019,valtteri-bottas,mercedes,4,49,91862.0,1:31.862
1014,2019,sebastian-vettel,ferrari,5,38,92122.0,1:32.122
1014,2019,antonio-giovinazzi,alfa-romeo,6,51,92369.0,1:32.369
1014,2019,sergio-perez,racing-point,7,46,92621.0,1:32.621
1014,2019,alexander-albon,red-bull,8,36,92775.0,1:32.775
1014,2019,kimi-raikkonen,alfa-romeo,9,50,93190.0,1:33.190
1014,2019,daniil-kvyat,toro-rosso,10,47,93239.0,1:33.239
1014,2019,daniel-ricciardo,renault,11,48,93481.0,1:33.481
1014,2019,carlos-sainz-jr,mclaren,12,46,93563.0,1:33.563
1014,2019,lando-norris,mclaren,13,31,94116.0,1:34.116
1014,2019,lance-stroll,racing-point,14,26,94713.0,1:34.713
1014,2019,nico-hulkenberg,renault,15,47,94921.0,1:34.921
1014,2019,romain-grosjean,haas,16,18,94988.0,1:34.988
1014,2019,pierre-gasly,toro-rosso,17,43,95321.0,1:35.321
1014,2019,george-russell,williams,18,27,95458.0,1:35.458
1014,2019,robert-kubica,williams,19,44,96332.0,1:36.332
1014,2019,max-verstappen,red-bull,20,10,97249.0,1:37.249
1015,2019,charles-leclerc,ferrari,1,53,79232.0,1:19.232
1015,2019,alexander-albon,red-bull,2,48,79325.0,1:19.325
1015,2019,sebastian-vettel,ferrari,3,68,79381.0,1:19.381
1015,2019,lewis-hamilton,mercedes,4,66,79461.0,1:19.461
1015,2019,valtteri-bottas,mercedes,5,66,79494.0,1:19.494
1015,2019,pierre-gasly,toro-rosso,6,53,79530.0,1:19.530
1015,2019,daniil-kvyat,toro-rosso,7,48,79905.0,1:19.905
1015,2019,kimi-raikkonen,alfa-romeo,8,55,80082.0,1:20.082
1015,2019,daniel-ricciardo,renault,9,53,80146.0,1:20.146
1015,2019,carlos-sainz-jr,mclaren,10,66,80311.0,1:20.311
1015,2019,max-verstappen,red-bull,11,65,80406.0,1:20.406
1015,2019,sergio-perez,racing-point,12,70,80485.0,1:20.485
1015,2019,robert-kubica,williams,13,63,80696.0,1:20.696
1015,2019,nico-hulkenberg,renault,14,59,80791.0,1:20.791
1015,2019,lance-stroll,racing-point,15,68,80922.0,1:20.922
1015,2019,antonio-giovinazzi,alfa-romeo,16,65,81014.0,1:21.014
1015,2019,george-russell,williams,17,69,81286.0,1:21.286
1015,2019,romain-grosjean,haas,18,68,81581.0,1:21.581
1015,2019,lando-norris,mclaren,19,46,81643.0,1:21.643
1015,2019,kevin-magnussen,haas,20,53,81682.0,1:21.682
1016,2019,charles-leclerc,ferrari,1,44,96169.0,1:36.169
1016,2019,valtteri-bottas,mercedes,2,37,96957.0,1:36.957
1016,2019,alexander-albon,red-bull,3,42,98029.0,1:38.029
1016,2019,lando-norris,mclaren,4,44,98074.0,1:38.074
1016,2019,max-verstappen,red-bull,5,42,98214.0,1:38.214
1016,2019,nico-hulkenberg,renault,6,47,98437.0,1:38.437
1016,2019,lewis-hamilton,mercedes,7,26,98446.0,1:38.446
1016,2019,daniil-kvyat,toro-rosso,8,41,98969.0,1:38.969
1016,2019,kimi-raikkonen,alfa-romeo,9,46,99608.0,1:39.608
1016,2019,antonio-giovinazzi,alfa-romeo,10,41,99964.0,1:39.964
1016,2019,sergio-perez,racing-point,11,34,100165.0,1:40.165
1016,2019,kevin-magnussen,haas,12,42,100347.0,1:40.347
1016,2019,lance-stroll,racing-point,13,42,100380.0,1:40.380
1016,2019,daniel-ricciardo,renault,14,28,100564.0,1:40.564
1016,2019,carlos-sainz-jr,mclaren,15,44,100844.0,1:40.844
1016,2019,pierre-gasly,toro-rosso,16,31,100850.0,1:40.850
1016,2019,george-russell,williams,17,54,101239.0,1:41.239
1016,2019,romain-grosjean,haas,18,52,101270.0,1:41.270
1016,2019,sebastian-vettel,ferrari,19,6,102165.0,1:42.165
1016,2019,robert-kubica,williams,20,22,103830.0,1:43.830
1017,2019,valtteri-bottas,mercedes,1,43,70698.0,1:10.698
1017,2019,max-verstappen,red-bull,2,61,70862.0,1:10.862
1017,2019,lewis-hamilton,mercedes,3,46,71082.0,1:11.082
1017,2019,alexander-albon,red-bull,4,52,71087.0,1:11.087
1017,2019,sebastian-vettel,ferrari,5,51,71384.0,1:11.384
1017,2019,charles-leclerc,ferrari,6,63,71423.0,1:11.423
1017,2019,lando-norris,mclaren,7,63,72328.0,1:12.328
1017,2019,daniil-kvyat,toro-rosso,8,49,72385.0,1:12.385
1017,2019,pierre-gasly,toro-rosso,9,65,72425.0,1:12.425
1017,2019,lance-stroll,racing-point,10,65,72603.0,1:12.603
1017,2019,daniel-ricciardo,renault,11,44,72733.0,1:12.733
1017,2019,sergio-perez,racing-point,12,64,72840.0,1:12.840
1017,2019,nico-hulkenberg,renault,13,64,72934.0,1:12.934
1017,2019,antonio-giovinazzi,alfa-romeo,14,49,73020.0,1:13.020
1017,2019,kimi-raikkonen,alfa-romeo,15,65,73135.0,1:13.135
1017,2019,carlos-sainz-jr,mclaren,16,63,73158.0,1:13.158
1017,2019,kevin-magnussen,haas,17,65,73262.0,1:13.262
1017,2019,romain-grosjean,haas,18,29,73619.0,1:13.619
1017,2019,george-russell,williams,19,57,73752.0,1:13.752
1017,2019,robert-kubica,williams,20,63,74553.0,1:14.553
1018,2019,lewis-hamilton,mercedes,1,53,99283.0,1:39.283
1018,2019,valtteri-bottas,mercedes,2,31,99715.0,1:39.715
1018,2019,sebastian-vettel,ferrari,3,55,100128.0,1:40.128
1018,2019,charles-leclerc,ferrari,4,44,100442.0,1:40.442
1018,2019,max-verstappen,red-bull,5,55,101119.0,1:41.119
1018,2019,daniel-ricciardo,renault,6,51,101190.0,1:41.190
1018,2019,carlos-sainz-jr,mclaren,7,43,101294.0,1:41.294
1018,2019,alexander-albon,red-bull,8,49,102219.0,1:42.219
1018,2019,daniil-kvyat,toro-rosso,9,42,102222.0,1:42.222
1018,2019,pierre-gasly,toro-rosso,10,53,102414.0,1:42.414
1018,2019,sergio-perez,racing-point,11,39,102639.0,1:42.639
1018,2019,lando-norris,mclaren,12,50,103026.0,1:43.026
1018,2019,george-russell,williams,13,50,103074.0,1:43.074
1018,2019,kimi-raikkonen,alfa-romeo,14,25,103142.0,1:43.142
1018,2019,antonio-giovinazzi,alfa-romeo,15,28,103256.0,1:43.256
1018,2019,nico-hulkenberg,renault,16,52,103274.0,1:43.274
1018,2019,lance-stroll,racing-point,17,25,103326.0,1:43.326
1018,2019,romain-grosjean,haas,18,33,103666.0,1:43.666
1018,2019,kevin-magnussen,haas,19,22,103790.0,1:43.790
1018,2019,robert-kubica,williams,20,51,104500.0,1:44.500
1019,2020,lando-norris,mclaren,1,71,67475.0,1:07.475
1019,2020,valtteri-bottas,mercedes,2,68,67657.0,1:07.657
1019,2020,lewis-hamilton,mercedes,3,67,67712.0,1:07.712
1019,2020,charles-leclerc,ferrari,4,64,67901.0,1:07.901
1019,2020,carlos-sainz-jr,mclaren,5,63,67974.0,1:07.974
1019,2020,sergio-perez,racing-point,6,63,68305.0,1:08.305
1019,2020,alexander-albon,red-bull,7,50,68432.0,1:08.432
1019,2020,sebastian-vettel,ferrari,8,71,68623.0,1:08.623
1019,2020,antonio-giovinazzi,alfa-romeo,9,70,68796.0,1:08.796
1019,2020,esteban-ocon,renault,10,64,68932.0,1:08.932
1019,2020,pierre-gasly,alphatauri,11,64,69025.0,1:09.025
1019,2020,kimi-raikkonen,alfa-romeo,12,48,69031.0,1:09.031
1019,2020,daniil-kvyat,alphatauri,13,50,69135.0,1:09.135
1019,2020,george-russell,williams,14,49,69317.0,1:09.317
1019,2020,max-verstappen,red-bull,15,5,69351.0,1:09.351
1019,2020,nicholas-latifi,williams,16,63,69662.0,1:09.662
1019,2020,romain-grosjean,haas,17,46,70228.0,1:10.228
1019,2020,lance-stroll,racing-point,18,4,70326.0,1:10.326
1019,2020,daniel-ricciardo,renault,19,8,70610.0,1:10.610
1019,2020,kevin-magnussen,haas,20,23,70720.0,1:10.720
1020,2020,carlos-sainz-jr,mclaren,1,68,65619.0,1:05.619
1020,2020,max-verstappen,red-bull,2,70,66145.0,1:06.145
1020,2020,lewis-hamilton,mercedes,3,68,66719.0,1:06.719
1020,2020,sergio-perez,racing-point,4,68,67188.0,1:07.188
1020,2020,lando-norris,mclaren,5,66,67193.0,1:07.193
1020,2020,alexander-albon,red-bull,6,67,67299.0,1:07.299
1020,2020,valtteri-bottas,mercedes,7,62,67534.0,1:07.534
1020,2020,pierre-gasly,alphatauri,8,69,67827.0,1:07.827
1020,2020,daniel-ricciardo,renault,9,65,67832.0,1:07.832
1020,2020,lance-stroll,racing-point,10,65,67833.0,1:07.833
1020,2020,kevin-magnussen,haas,11,69,68009.0,1:08.009
1020,2020,romain-grosjean,haas,12,69,68047.0,1:08.047
1020,2020,daniil-kvyat,alphatauri,13,60,68378.0,1:08.378
1020,2020,kimi-raikkonen,alfa-romeo,14,57,68382.0,1:08.382
1020,2020,antonio-giovinazzi,alfa-romeo,15,54,68512.0,1:08.512
1020,2020,george-russell,williams,16,36,68601.0,1:08.601
1020,2020,nicholas-latifi,williams,17,68,68806.0,1:08.806
1020,2020,esteban-ocon,renault,18,22,69321.0,1:09.321
1020,2020,charles-leclerc,ferrari,19,3,95379.0,1:35.379
1021,2020,lewis-hamilton,mercedes,1,70,76627.0,1:16.627
1021,2020,valtteri-bottas,mercedes,2,66,77665.0,1:17.665
1021,2020,lance-stroll,racing-point,3,68,78973.0,1:18.973
1021,2020,max-verstappen,red-bull,4,60,79184.0,1:19.184
1021,2020,alexander-albon,red-bull,5,68,79440.0,1:19.440
1021,2020,carlos-sainz-jr,mclaren,6,67,79457.0,1:19.457
1021,2020,daniel-ricciardo,renault,7,46,79532.0,1:19.532
1021,2020,lando-norris,mclaren,8,42,79945.0,1:19.945
1021,2020,george-russell,williams,9,67,79984.0,1:19.984
1021,2020,sergio-perez,racing-point,10,39,80090.0,1:20.090
1021,2020,antonio-giovinazzi,alfa-romeo,11,44,80096.0,1:20.096
1021,2020,kimi-raikkonen,alfa-romeo,12,61,80232.0,1:20.232
1021,2020,esteban-ocon,renault,13,40,80261.0,1:20.261
1021,2020,sebastian-vettel,ferrari,14,49,80363.0,1:20.363
1021,2020,kevin-magnussen,haas,15,68,80477.0,1:20.477
1021,2020,charles-leclerc,ferrari,16,64,80821.0,1:20.821
1021,2020,romain-grosjean,haas,17,67,80889.0,1:20.889
1021,2020,daniil-kvyat,alphatauri,18,51,80946.0,1:20.946
1021,2020,nicholas-latifi,williams,19,64,81198.0,1:21.198
1021,2020,pierre-gasly,alphatauri,20,10,83939.0,1:23.939
1022,2020,max-verstappen,red-bull,1,52,87097.0,1:27.097
1022,2020,alexander-albon,red-bull,2,52,88689.0,1:28.689
1022,2020,lewis-hamilton,mercedes,3,45,89238.0,1:29.238
1022,2020,valtteri-bottas,mercedes,4,41,89265.0,1:29.265
1022,2020,daniel-ricciardo,renault,5,49,89482.0,1:29.482
1022,2020,esteban-ocon,renault,6,50,89491.0,1:29.491
1022,2020,pierre-gasly,alphatauri,7,52,89603.0,1:29.603
1022,2020,romain-grosjean,haas,8,49,89782.0,1:29.782
1022,2020,charles-leclerc,ferrari,9,49,89813.0,1:29.813
1022,2020,carlos-sainz-jr,mclaren,10,47,89948.0,1:29.948
1022,2020,kimi-raikkonen,alfa-romeo,11,49,89973.0,1:29.973
1022,2020,lando-norris,mclaren,12,41,90058.0,1:30.058
1022,2020,lance-stroll,racing-point,13,44,90475.0,1:30.475
1022,2020,nicholas-latifi,williams,14,44,90501.0,1:30.501
1022,2020,sebastian-vettel,ferrari,15,44,90537.0,1:30.537
1022,2020,george-russell,williams,16,41,90862.0,1:30.862
1022,2020,antonio-giovinazzi,alfa-romeo,17,49,90977.0,1:30.977
1022,2020,daniil-kvyat,alphatauri,18,11,92443.0,1:32.443
1023,2020,lewis-hamilton,mercedes,1,43,88451.0,1:28.451
1023,2020,max-verstappen,red-bull,2,46,89465.0,1:29.465
1023,2020,alexander-albon,red-bull,3,46,89477.0,1:29.477
1023,2020,valtteri-bottas,mercedes,4,44,89765.0,1:29.765
1023,2020,nicholas-latifi,williams,5,48,89950.0,1:29.950
1023,2020,nico-hulkenberg,racing-point,6,52,90087.0,1:30.087
1023,2020,pierre-gasly,alphatauri,7,52,90092.0,1:30.092
1023,2020,charles-leclerc,ferrari,8,39,90552.0,1:30.552
1023,2020,carlos-sainz-jr,mclaren,9,49,90556.0,1:30.556
1023,2020,esteban-ocon,renault,10,50,90575.0,1:30.575
1023,2020,lando-norris,mclaren,11,49,90698.0,1:30.698
1023,2020,daniil-kvyat,alphatauri,12,52,90738.0,1:30.738
1023,2020,sebastian-vettel,ferrari,13,49,90785.0,1:30.785
1023,2020,romain-grosjean,haas,14,51,90793.0,1:30.793
1023,2020,lance-stroll,racing-point,15,45,90877.0,1:30.877
1023,2020,daniel-ricciardo,renault,16,39,91168.0,1:31.168
1023,2020,george-russell,williams,17,50,91408.0,1:31.408
1023,2020,kimi-raikkonen,alfa-romeo,18,30,91756.0,1:31.756
1023,2020,antonio-giovinazzi,alfa-romeo,19,37,91826.0,1:31.826
1023,2020,kevin-magnussen,haas,20,39,91830.0,1:31.830
1024,2020,valtteri-bottas,mercedes,1,66,78183.0,1:18.183
1024,2020,lewis-hamilton,mercedes,2,63,79822.0,1:19.822
1024,2020,romain-grosjean,haas,3,64,80409.0,1:20.409
1024,2020,max-verstappen,red-bull,4,53,81477.0,1:21.477
1024,2020,carlos-sainz-jr,mclaren,5,59,81771.0,1:21.771
1024,2020,antonio-giovinazzi,alfa-romeo,6,47,81801.0,1:21.801
1024,2020,kimi-raikkonen,alfa-romeo,7,47,81888.0,1:21.888
1024,2020,lance-stroll,racing-point,8,56,82024.0,1:22.024
1024,2020,nicholas-latifi,williams,9,60,82030.0,1:22.030
1024,2020,esteban-ocon,renault,10,65,82174.0,1:22.174
1024,2020,alexander-albon,red-bull,11,41,82194.0,1:22.194
1024,2020,daniil-kvyat,alphatauri,12,47,82336.0,1:22.336
1024,2020,lando-norris,mclaren,13,56,82392.0,1:22.392
1024,2020,daniel-ricciardo,renault,14,51,82464.0,1:22.464
1024,2020,george-russell,williams,15,37,82503.0,1:22.503
1024,2020,sergio-perez,racing-point,16,58,82515.0,1:22.515
1024,2020,pierre-gasly,alphatauri,17,44,82543.0,1:22.543
1024,2020,sebastian-vettel,ferrari,18,48,82707.0,1:22.707
1024,2020,kevin-magnussen,haas,19,64,83474.0,1:23.474
1024,2020,charles-leclerc,ferrari,20,35,83968.0,1:23.968
1025,2020,daniel-ricciardo,renault,1,44,107483.0,1:47.483
1025,2020,lewis-hamilton,mercedes,2,28,107758.0,1:47.758
1025,2020,pierre-gasly,alphatauri,3,29,107839.0,1:47.839
1025,2020,charles-leclerc,ferrari,4,26,107840.0,1:47.840
1025,2020,valtteri-bottas,mercedes,5,27,107983.0,1:47.983
1025,2020,nicholas-latifi,williams,6,32,108048.0,1:48.048
1025,2020,kevin-magnussen,haas,7,37,108083.0,1:48.083
1025,2020,max-verstappen,red-bull,8,27,108305.0,1:48.305
1025,2020,sergio-perez,racing-point,9,20,108389.0,1:48.389
1025,2020,esteban-ocon,renault,10,44,108540.0,1:48.540
1025,2020,lando-norris,mclaren,11,39,108552.0,1:48.552
1025,2020,alexander-albon,red-bull,12,27,108736.0,1:48.736
1025,2020,lance-stroll,racing-point,13,34,109136.0,1:49.136
1025,2020,kimi-raikkonen,alfa-romeo,14,28,109822.0,1:49.822
1025,2020,daniil-kvyat,alphatauri,15,28,109832.0,1:49.832
1025,2020,sebastian-vettel,ferrari,16,31,109958.0,1:49.958
1025,2020,romain-grosjean,haas,17,28,110018.0,1:50.018
1025,2020,george-russell,williams,18,5,111754.0,1:51.754
1025,2020,antonio-giovinazzi,alfa-romeo,19,9,111793.0,1:51.793
1026,2020,lewis-hamilton,mercedes,1,34,82746.0,1:22.746
1026,2020,carlos-sainz-jr,mclaren,2,40,83882.0,1:23.882
1026,2020,lance-stroll,racing-point,3,42,83897.0,1:23.897
1026,2020,daniel-ricciardo,renault,4,38,83898.0,1:23.898
1026,2020,valtteri-bottas,mercedes,5,51,83961.0,1:23.961
1026,2020,pierre-gasly,alphatauri,6,34,84037.0,1:24.037
1026,2020,lando-norris,mclaren,7,50,84232.0,1:24.232
1026,2020,sergio-perez,racing-point,8,50,84336.0,1:24.336
1026,2020,george-russell,williams,9,39,84421.0,1:24.421
1026,2020,daniil-kvyat,alphatauri,10,44,84479.0,1:24.479
1026,2020,esteban-ocon,renault,11,52,84490.0,1:24.490
1026,2020,romain-grosjean,haas,12,48,84785.0,1:24.785
1026,2020,kimi-raikkonen,alfa-romeo,13,29,84835.0,1:24.835
1026,2020,antonio-giovinazzi,alfa-romeo,14,43,84856.0,1:24.856
1026,2020,alexander-albon,red-bull,15,48,84926.0,1:24.926
1026,2020,nicholas-latifi,williams,16,39,84999.0,1:24.999
1026,2020,max-verstappen,red-bull,17,10,85539.0,1:25.539
1026,2020,kevin-magnussen,haas,18,10,85787.0,1:25.787
1026,2020,charles-leclerc,ferrari,19,19,86026.0,1:26.026
1026,2020,sebastian-vettel,ferrari,20,4,87107.0,1:27.107
1027,2020,lewis-hamilton,mercedes,1,58,78833.0,1:18.833
1027,2020,valtteri-bottas,mercedes,2,53,79432.0,1:19.432
1027,2020,alexander-albon,red-bull,3,51,80039.0,1:20.039
1027,2020,daniel-ricciardo,renault,4,57,80426.0,1:20.426
1027,2020,sergio-perez,racing-point,5,59,80632.0,1:20.632
1027,2020,kimi-raikkonen,alfa-romeo,6,59,81164.0,1:21.164
1027,2020,lando-norris,mclaren,7,59,81198.0,1:21.198
1027,2020,sebastian-vettel,ferrari,8,59,81202.0,1:21.202
1027,2020,charles-leclerc,ferrari,9,50,81229.0,1:21.229
1027,2020,daniil-kvyat,alphatauri,10,51,81458.0,1:21.458
1027,2020,george-russell,williams,11,58,81645.0,1:21.645
1027,2020,lance-stroll,racing-point,12,42,82068.0,1:22.068
1027,2020,romain-grosjean,haas,13,59,82263.0,1:22.263
1027,2020,nicholas-latifi,williams,14,6,131365.0,2:11.365
1027,2020,esteban-ocon,renault,15,6,131793.0,2:11.793
1027,2020,antonio-giovinazzi,alfa-romeo,16,4,133809.0,2:13.809
1027,2020,kevin-magnussen,haas,17,4,133812.0,2:13.812
1027,2020,carlos-sainz-jr,mclaren,18,5,134103.0,2:14.103
1028,2020,valtteri-bottas,mercedes,1,51,97030.0,1:37.030
1028,2020,pierre-gasly,alphatauri,2,50,97231.0,1:37.231
1028,2020,max-verstappen,red-bull,3,53,97332.0,1:37.332
1028,2020,george-russell,williams,4,52,97352.0,1:37.352
1028,2020,lando-norris,mclaren,5,50,97377.0,1:37.377
1028,2020,daniel-ricciardo,renault,6,53,97886.0,1:37.886
1028,2020,lewis-hamilton,mercedes,7,48,98075.0,1:38.075
1028,2020,sergio-perez,racing-point,8,52,98141.0,1:38.141
1028,2020,alexander-albon,red-bull,9,51,98377.0,1:38.377
1028,2020,kimi-raikkonen,alfa-romeo,10,37,98858.0,1:38.858
1028,2020,charles-leclerc,ferrari,11,47,99053.0,1:39.053
1028,2020,daniil-kvyat,alphatauri,12,48,99133.0,1:39.133
1028,2020,esteban-ocon,renault,13,48,99216.0,1:39.216
1028,2020,sebastian-vettel,ferrari,14,46,99588.0,1:39.588
1028,2020,romain-grosjean,haas,15,44,99614.0,1:39.614
1028,2020,antonio-giovinazzi,alfa-romeo,16,44,99766.0,1:39.766
1028,2020,kevin-magnussen,haas,17,52,100380.0,1:40.380
1028,2020,nicholas-latifi,williams,18,47,101044.0,1:41.044
1029,2020,max-verstappen,red-bull,1,60,88139.0,1:28.139
1029,2020,lewis-hamilton,mercedes,2,58,88145.0,1:28.145
1029,2020,daniel-ricciardo,renault,3,53,89584.0,1:29.584
1029,2020,sergio-perez,racing-point,4,58,89700.0,1:29.700
1029,2020,pierre-gasly,alphatauri,5,53,90110.0,1:30.110
1029,2020,carlos-sainz-jr,mclaren,6,53,90129.0,1:30.129
1029,2020,sebastian-vettel,ferrari,7,43,90408.0,1:30.408
1029,2020,kevin-magnussen,haas,8,37,90456.0,1:30.456
1029,2020,kimi-raikkonen,alfa-romeo,9,54,90512.0,1:30.512
1029,2020,charles-leclerc,ferrari,10,54,90712.0,1:30.712
1029,2020,nico-hulkenberg,racing-point,11,58,90733.0,1:30.733
1029,2020,antonio-giovinazzi,alfa-romeo,12,38,90909.0,1:30.909
1029,2020,nicholas-latifi,williams,13,39,91377.0,1:31.377
1029,2020,romain-grosjean,haas,14,54,91562.0,1:31.562
1029,2020,valtteri-bottas,mercedes,15,8,91884.0,1:31.884
1029,2020,daniil-kvyat,alphatauri,16,41,92214.0,1:32.214
1029,2020,lando-norris,mclaren,17,40,92328.0,1:32.328
1029,2020,alexander-albon,red-bull,18,9,92330.0,1:32.330
1029,2020,esteban-ocon,renault,19,21,93189.0,1:33.189
1029,2020,george-russell,williams,20,6,94526.0,1:34.526
1030,2020,lewis-hamilton,mercedes,1,63,78750.0,1:18.750
1030,2020,valtteri-bottas,mercedes,2,66,79345.0,1:19.345
1030,2020,lando-norris,mclaren,3,65,79360.0,1:19.360
1030,2020,max-verstappen,red-bull,4,62,79854.0,1:19.854
1030,2020,alexander-albon,red-bull,5,61,79890.0,1:19.890
1030,2020,carlos-sainz-jr,mclaren,6,65,80268.0,1:20.268
1030,2020,charles-leclerc,ferrari,7,66,80408.0,1:20.408
1030,2020,daniil-kvyat,alphatauri,8,59,80449.0,1:20.449
1030,2020,pierre-gasly,alphatauri,9,65,80551.0,1:20.551
1030,2020,sebastian-vettel,ferrari,10,62,80731.0,1:20.731
1030,2020,sergio-perez,racing-point,11,49,80802.0,1:20.802
1030,2020,esteban-ocon,renault,12,61,80859.0,1:20.859
1030,2020,george-russell,williams,13,62,80882.0,1:20.882
1030,2020,daniel-ricciardo,renault,14,61,80906.0,1:20.906
1030,2020,kimi-raikkonen,alfa-romeo,15,60,81058.0,1:21.058
1030,2020,kevin-magnussen,haas,16,63,81460.0,1:21.460
1030,2020,romain-grosjean,haas,17,59,81664.0,1:21.664
1030,2020,lance-stroll,racing-point,18,45,81694.0,1:21.694
1030,2020,nicholas-latifi,williams,19,53,81859.0,1:21.859
1030,2020,antonio-giovinazzi,alfa-romeo,20,46,81893.0,1:21.893
1031,2020,lewis-hamilton,mercedes,1,63,75484.0,1:15.484
1031,2020,valtteri-bottas,mercedes,2,63,75902.0,1:15.902
1031,2020,alexander-albon,red-bull,3,63,76177.0,1:16.177
1031,2020,daniel-ricciardo,renault,4,62,77552.0,1:17.552
1031,2020,max-verstappen,red-bull,5,44,77637.0,1:17.637
1031,2020,daniil-kvyat,alphatauri,6,62,77666.0,1:17.666
1031,2020,sebastian-vettel,ferrari,7,44,77767.0,1:17.767
1031,2020,lando-norris,mclaren,8,63,78069.0,1:18.069
1031,2020,sergio-perez,racing-point,9,49,78084.0,1:18.084
1031,2020,kimi-raikkonen,alfa-romeo,10,63,78088.0,1:18.088
1031,2020,carlos-sainz-jr,mclaren,11,62,78118.0,1:18.118
1031,2020,charles-leclerc,ferrari,12,62,78173.0,1:18.173
1031,2020,lance-stroll,racing-point,13,46,78360.0,1:18.360
1031,2020,nicholas-latifi,williams,14,37,78719.0,1:18.719
1031,2020,antonio-giovinazzi,alfa-romeo,15,61,78794.0,1:18.794
1031,2020,george-russell,williams,16,43,78811.0,1:18.811
1031,2020,romain-grosjean,haas,17,45,78822.0,1:18.822
1031,2020,kevin-magnussen,haas,18,45,79273.0,1:19.273
1031,2020,esteban-ocon,renault,19,22,79606.0,1:19.606
1031,2020,pierre-gasly,alphatauri,20,5,80403.0,1:20.403
1032,2020,lando-norris,mclaren,1,58,96806.0,1:36.806
1032,2020,valtteri-bottas,mercedes,2,57,98193.0,1:38.193
1032,2020,max-verstappen,red-bull,3,53,98431.0,1:38.431
1032,2020,carlos-sainz-jr,mclaren,4,56,98754.0,1:38.754
1032,2020,alexander-albon,red-bull,5,54,99099.0,1:39.099
1032,2020,lewis-hamilton,mercedes,6,56,99413.0,1:39.413
1032,2020,pierre-gasly,alphatauri,7,53,99586.0,1:39.586
1032,2020,sebastian-vettel,ferrari,8,53,99662.0,1:39.662
1032,2020,kimi-raikkonen,alfa-romeo,9,57,99743.0,1:39.743
1032,2020,lance-stroll,racing-point,10,55,99921.0,1:39.921
1032,2020,charles-leclerc,ferrari,11,47,99961.0,1:39.961
1032,2020,sergio-perez,racing-point,12,50,100392.0,1:40.392
1032,2020,daniel-ricciardo,renault,13,54,100677.0,1:40.677
1032,2020,george-russell,williams,14,51,100814.0,1:40.814
1032,2020,kevin-magnussen,haas,15,45,100948.0,1:40.948
1032,2020,esteban-ocon,renault,16,55,101006.0,1:41.006
1032,2020,daniil-kvyat,alphatauri,17,53,101019.0,1:41.019
1032,2020,romain-grosjean,haas,18,38,103281.0,1:43.281
1032,2020,nicholas-latifi,williams,19,32,103495.0,1:43.495
1032,2020,antonio-giovinazzi,alfa-romeo,20,11,111122.0,1:51.122
1033,2020,max-verstappen,red-bull,1,48,92014.0,1:32.014
1033,2020,daniel-ricciardo,renault,2,38,92827.0,1:32.827
1033,2020,lewis-hamilton,mercedes,3,38,92864.0,1:32.864
1033,2020,valtteri-bottas,mercedes,4,28,93352.0,1:33.352
1033,2020,carlos-sainz-jr,mclaren,5,46,93411.0,1:33.411
1033,2020,kimi-raikkonen,alfa-romeo,6,43,93573.0,1:33.573
1033,2020,lando-norris,mclaren,7,53,93588.0,1:33.588
1033,2020,charles-leclerc,ferrari,8,44,93625.0,1:33.625
1033,2020,sergio-perez,racing-point,9,40,93629.0,1:33.629
1033,2020,alexander-albon,red-bull,10,41,93684.0,1:33.684
1033,2020,sebastian-vettel,ferrari,11,41,93861.0,1:33.861
1033,2020,daniil-kvyat,alphatauri,12,35,94141.0,1:34.141
1033,2020,esteban-ocon,renault,13,37,94354.0,1:34.354
1033,2020,antonio-giovinazzi,alfa-romeo,14,22,94536.0,1:34.536
1033,2020,nicholas-latifi,williams,15,39,94591.0,1:34.591
1033,2020,pierre-gasly,alphatauri,16,48,94817.0,1:34.817
1033,2020,george-russell,williams,17,47,95042.0,1:35.042
1033,2020,kevin-magnussen,haas,18,29,95241.0,1:35.241
1034,2020,george-russell,mercedes,1,80,55404.0,55.404
1034,2020,valtteri-bottas,mercedes,2,60,56563.0,56.563
1034,2020,sergio-perez,racing-point,3,69,56789.0,56.789
1034,2020,antonio-giovinazzi,alfa-romeo,4,56,56887.0,56.887
1034,2020,sebastian-vettel,ferrari,5,56,56905.0,56.905
1034,2020,daniel-ricciardo,renault,6,57,56979.0,56.979
1034,2020,daniil-kvyat,alphatauri,7,80,57001.0,57.001
1034,2020,alexander-albon,red-bull,8,52,57056.0,57.056
1034,2020,carlos-sainz-jr,mclaren,9,80,57165.0,57.165
1034,2020,pierre-gasly,alphatauri,10,53,57220.0,57.220
1034,2020,lando-norris,mclaren,11,85,57270.0,57.270
1034,2020,esteban-ocon,renault,12,75,57350.0,57.350
1034,2020,kimi-raikkonen,alfa-romeo,13,56,57375.0,57.375
1034,2020,lance-stroll,racing-point,14,85,57388.0,57.388
1034,2020,jack-aitken,williams,15,56,57392.0,57.392
1034,2020,kevin-magnussen,haas,16,57,57516.0,57.516
1034,2020,pietro-fittipaldi,haas,17,56,57742.0,57.742
1034,2020,nicholas-latifi,williams,18,29,58206.0,58.206
1035,2020,daniel-ricciardo,renault,1,55,100926.0,1:40.926
1035,2020,max-verstappen,red-bull,2,14,100958.0,1:40.958
1035,2020,valtteri-bottas,mercedes,3,40,101131.0,1:41.131
1035,2020,alexander-albon,red-bull,4,42,101227.0,1:41.227
1035,2020,lewis-hamilton,mercedes,5,37,101420.0,1:41.420
1035,2020,sebastian-vettel,ferrari,6,37,101475.0,1:41.475
1035,2020,antonio-giovinazzi,alfa-romeo,7,29,101675.0,1:41.675
1035,2020,pietro-fittipaldi,haas,8,50,101707.0,1:41.707
1035,2020,lance-stroll,racing-point,9,41,101866.0,1:41.866
1035,2020,charles-leclerc,ferrari,10,24,101908.0,1:41.908
1035,2020,carlos-sainz-jr,mclaren,11,48,101947.0,1:41.947
1035,2020,lando-norris,mclaren,12,53,101964.0,1:41.964
1035,2020,kevin-magnussen,haas,13,50,101999.0,1:41.999
1035,2020,kimi-raikkonen,alfa-romeo,14,53,102148.0,1:42.148
1035,2020,pierre-gasly,alphatauri,15,53,102474.0,1:42.474
1035,2020,nicholas-latifi,williams,16,49,102497.0,1:42.497
1035,2020,daniil-kvyat,alphatauri,17,47,102704.0,1:42.704
1035,2020,esteban-ocon,renault,18,47,102894.0,1:42.894
1035,2020,sergio-perez,racing-point,19,6,103263.0,1:43.263
1035,2020,george-russell,williams,20,54,103328.0,1:43.328
1036,2021,valtteri-bottas,mercedes,1,56,92090.0,1:32.090
1036,2021,max-verstappen,red-bull,2,41,93228.0,1:33.228
1036,2021,sergio-perez,red-bull,3,44,93970.0,1:33.970
1036,2021,lewis-hamilton,mercedes,4,44,94015.0,1:34.015
1036,2021,pierre-gasly,alphatauri,5,48,94090.0,1:34.090
1036,2021,lando-norris,mclaren,6,38,94396.0,1:34.396
1036,2021,carlos-sainz-jr,ferrari,7,48,94509.0,1:34.509
1036,2021,yuki-tsunoda,alphatauri,8,38,94761.0,1:34.761
1036,2021,lance-stroll,aston-martin,9,31,94865.0,1:34.865
1036,2021,daniel-ricciardo,mclaren,10,36,94932.0,1:34.932
1036,2021,charles-leclerc,ferrari,11,39,94988.0,1:34.988
1036,2021,george-russell,williams,12,40,95036.0,1:35.036
1036,2021,antonio-giovinazzi,alfa-romeo,13,32,95122.0,1:35.122
1036,2021,kimi-raikkonen,alfa-romeo,14,45,95192.0,1:35.192
1036,2021,esteban-ocon,alpine,15,33,95250.0,1:35.250
1036,2021,sebastian-vettel,aston-martin,16,26,95566.0,1:35.566
1036,2021,fernando-alonso,alpine,17,31,96063.0,1:36.063
1036,2021,mick-schumacher,haas,18,38,96134.0,1:36.134
1036,2021,nicholas-latifi,williams,19,16,96602.0,1:36.602
1037,2021,lewis-hamilton,mercedes,1,60,76702.0,1:16.702
1037,2021,max-verstappen,red-bull,2,60,77524.0,1:17.524
1037,2021,lando-norris,mclaren,3,63,78259.0,1:18.259
1037,2021,sergio-perez,red-bull,4,49,78334.0,1:18.334
1037,2021,yuki-tsunoda,alphatauri,5,62,78353.0,1:18.353
1037,2021,charles-leclerc,ferrari,6,60,78379.0,1:18.379
1037,2021,carlos-sainz-jr,ferrari,7,60,78490.0,1:18.490
1037,2021,pierre-gasly,alphatauri,8,59,78782.0,1:18.782
1037,2021,lance-stroll,aston-martin,9,52,78994.0,1:18.994
1037,2021,sebastian-vettel,aston-martin,10,59,79074.0,1:19.074
1037,2021,mick-schumacher,haas,11,58,79193.0,1:19.193
1037,2021,daniel-ricciardo,mclaren,12,54,79341.0,1:19.341
1037,2021,fernando-alonso,alpine,13,62,79396.0,1:19.396
1037,2021,esteban-ocon,alpine,14,62,79417.0,1:19.417
1037,2021,kimi-raikkonen,alfa-romeo,15,62,79422.0,1:19.422
1037,2021,antonio-giovinazzi,alfa-romeo,16,57,79470.0,1:19.470
1037,2021,nikita-mazepin,haas,17,55,80402.0,1:20.402
1037,2021,george-russell,williams,18,28,86543.0,1:26.543
1037,2021,valtteri-bottas,mercedes,19,30,88485.0,1:28.485
1038,2021,valtteri-bottas,mercedes,1,65,79865.0,1:19.865
1038,2021,sergio-perez,red-bull,2,55,80643.0,1:20.643
1038,2021,max-verstappen,red-bull,3,62,80695.0,1:20.695
1038,2021,lewis-hamilton,mercedes,4,47,80933.0,1:20.933
1038,2021,fernando-alonso,alpine,5,66,81032.0,1:21.032
1038,2021,charles-leclerc,ferrari,6,63,81496.0,1:21.496
1038,2021,lando-norris,mclaren,7,55,81696.0,1:21.696
1038,2021,esteban-ocon,alpine,8,34,81886.0,1:21.886
1038,2021,lance-stroll,aston-martin,9,59,81970.0,1:21.970
1038,2021,daniel-ricciardo,mclaren,10,64,81987.0,1:21.987
1038,2021,pierre-gasly,alphatauri,11,65,82014.0,1:22.014
1038,2021,yuki-tsunoda,alphatauri,12,61,82058.0,1:22.058
1038,2021,antonio-giovinazzi,alfa-romeo,13,60,82167.0,1:22.167
1038,2021,carlos-sainz-jr,ferrari,14,60,82325.0,1:22.325
1038,2021,sebastian-vettel,aston-martin,15,60,82416.0,1:22.416
1038,2021,george-russell,williams,16,60,82654.0,1:22.654
1038,2021,mick-schumacher,haas,17,61,82755.0,1:22.755
1038,2021,nicholas-latifi,williams,18,60,83155.0,1:23.155
1038,2021,nikita-mazepin,haas,19,64,83641.0,1:23.641
1039,2021,max-verstappen,red-bull,1,62,78149.0,1:18.149
1039,2021,valtteri-bottas,mercedes,2,65,79430.0,1:19.430
1039,2021,sergio-perez,red-bull,3,60,79483.0,1:19.483
1039,2021,charles-leclerc,ferrari,4,64,80459.0,1:20.459
1039,2021,lewis-hamilton,mercedes,5,54,80665.0,1:20.665
1039,2021,fernando-alonso,alpine,6,63,81182.0,1:21.182
1039,2021,lando-norris,mclaren,7,56,81279.0,1:21.279
1039,2021,pierre-gasly,alphatauri,8,64,81375.0,1:21.375
1039,2021,carlos-sainz-jr,ferrari,9,53,81568.0,1:21.568
1039,2021,daniel-ricciardo,mclaren,10,60,81853.0,1:21.853
1039,2021,lance-stroll,aston-martin,11,47,82607.0,1:22.607
1039,2021,mick-schumacher,haas,12,54,82637.0,1:22.637
1039,2021,antonio-giovinazzi,alfa-romeo,13,42,82802.0,1:22.802
1039,2021,sebastian-vettel,aston-martin,14,56,82820.0,1:22.820
1039,2021,kimi-raikkonen,alfa-romeo,15,54,82868.0,1:22.868
1039,2021,nicholas-latifi,williams,16,57,82905.0,1:22.905
1039,2021,george-russell,williams,17,30,83208.0,1:23.208
1039,2021,esteban-ocon,alpine,18,46,83311.0,1:23.311
1039,2021,nikita-mazepin,haas,19,45,84040.0,1:24.040
1039,2021,yuki-tsunoda,alphatauri,20,5,84825.0,1:24.825
1040,2021,lewis-hamilton,mercedes,1,69,72909.0,1:12.909
1040,2021,yuki-tsunoda,alphatauri,2,66,74037.0,1:14.037
1040,2021,sergio-perez,red-bull,3,32,74552.0,1:14.552
1040,2021,daniel-ricciardo,mclaren,4,43,74578.0,1:14.578
1040,2021,carlos-sainz-jr,ferrari,5,35,74621.0,1:14.621
1040,2021,max-verstappen,red-bull,6,58,74649.0,1:14.649
1040,2021,lando-norris,mclaren,7,76,74670.0,1:14.670
1040,2021,lance-stroll,aston-martin,8,74,74674.0,1:14.674
1040,2021,kimi-raikkonen,alfa-romeo,9,55,74971.0,1:14.971
1040,2021,fernando-alonso,alpine,10,70,75026.0,1:15.026
1040,2021,sebastian-vettel,aston-martin,11,33,75316.0,1:15.316
1040,2021,esteban-ocon,alpine,12,41,75316.0,1:15.316
1040,2021,antonio-giovinazzi,alfa-romeo,13,41,75331.0,1:15.331
1040,2021,pierre-gasly,alphatauri,14,71,75412.0,1:15.412
1040,2021,george-russell,williams,15,59,75539.0,1:15.539
1040,2021,nicholas-latifi,williams,16,66,75573.0,1:15.573
1040,2021,valtteri-bottas,mercedes,17,18,75706.0,1:15.706
1040,2021,mick-schumacher,haas,18,51,76425.0,1:16.425
1040,2021,nikita-mazepin,haas,19,64,76866.0,1:16.866
1041,2021,max-verstappen,red-bull,1,44,104481.0,1:44.481
1041,2021,sergio-perez,red-bull,2,45,104687.0,1:44.687
1041,2021,lewis-hamilton,mercedes,3,43,104769.0,1:44.769
1041,2021,sebastian-vettel,aston-martin,4,41,104890.0,1:44.890
1041,2021,yuki-tsunoda,alphatauri,5,46,104939.0,1:44.939
1041,2021,pierre-gasly,alphatauri,6,44,105220.0,1:45.220
1041,2021,lando-norris,mclaren,7,41,105326.0,1:45.326
1041,2021,charles-leclerc,ferrari,8,46,105382.0,1:45.382
1041,2021,antonio-giovinazzi,alfa-romeo,9,44,105575.0,1:45.575
1041,2021,kimi-raikkonen,alfa-romeo,10,43,105601.0,1:45.601
1041,2021,fernando-alonso,alpine,11,42,105624.0,1:45.624
1041,2021,valtteri-bottas,mercedes,12,43,105665.0,1:45.665
1041,2021,carlos-sainz-jr,ferrari,13,42,105700.0,1:45.700
1041,2021,daniel-ricciardo,mclaren,14,43,105713.0,1:45.713
1041,2021,george-russell,williams,15,43,105959.0,1:45.959
1041,2021,lance-stroll,aston-martin,16,28,106207.0,1:46.207
1041,2021,nicholas-latifi,williams,17,42,106608.0,1:46.608
1041,2021,mick-schumacher,haas,18,41,107624.0,1:47.624
1041,2021,nikita-mazepin,haas,19,40,107747.0,1:47.747
1041,2021,esteban-ocon,alpine,20,2,110850.0,1:50.850
1042,2021,max-verstappen,red-bull,1,35,96404.0,1:36.404
1042,2021,sergio-perez,red-bull,2,53,96693.0,1:36.693
1042,2021,valtteri-bottas,mercedes,3,19,96960.0,1:36.960
1042,2021,sebastian-vettel,aston-martin,4,52,97138.0,1:37.138
1042,2021,lewis-hamilton,mercedes,5,44,97410.0,1:37.410
1042,2021,lando-norris,mclaren,6,52,97425.0,1:37.425
1042,2021,fernando-alonso,alpine,7,44,97646.0,1:37.646
1042,2021,charles-leclerc,ferrari,8,43,97681.0,1:37.681
1042,2021,lance-stroll,aston-martin,9,44,97828.0,1:37.828
1042,2021,kimi-raikkonen,alfa-romeo,10,46,97992.0,1:37.992
1042,2021,pierre-gasly,alphatauri,11,44,98103.0,1:38.103
1042,2021,nicholas-latifi,williams,12,50,98313.0,1:38.313
1042,2021,george-russell,williams,13,52,98314.0,1:38.314
1042,2021,daniel-ricciardo,mclaren,14,45,98324.0,1:38.324
1042,2021,esteban-ocon,alpine,15,33,98645.0,1:38.645
1042,2021,antonio-giovinazzi,alfa-romeo,16,36,98702.0,1:38.702
1042,2021,mick-schumacher,haas,17,51,98847.0,1:38.847
1042,2021,carlos-sainz-jr,ferrari,18,19,98931.0,1:38.931
1042,2021,yuki-tsunoda,alphatauri,19,18,98980.0,1:38.980
1042,2021,nikita-mazepin,haas,20,34,99317.0,1:39.317
1043,2021,lewis-hamilton,mercedes,1,71,67058.0,1:07.058
1043,2021,sergio-perez,red-bull,2,57,67894.0,1:07.894
1043,2021,max-verstappen,red-bull,3,68,68017.0,1:08.017
1043,2021,carlos-sainz-jr,ferrari,4,64,68609.0,1:08.609
1043,2021,valtteri-bottas,mercedes,5,43,68619.0,1:08.619
1043,2021,charles-leclerc,ferrari,6,64,68738.0,1:08.738
1043,2021,lando-norris,mclaren,7,65,68903.0,1:08.903
1043,2021,kimi-raikkonen,alfa-romeo,8,57,69128.0,1:09.128
1043,2021,daniel-ricciardo,mclaren,9,45,69305.0,1:09.305
1043,2021,esteban-ocon,alpine,10,70,69576.0,1:09.576
1043,2021,yuki-tsunoda,alphatauri,11,41,69650.0,1:09.650
1043,2021,antonio-giovinazzi,alfa-romeo,12,39,69723.0,1:09.723
1043,2021,fernando-alonso,alpine,13,61,69749.0,1:09.749
1043,2021,lance-stroll,aston-martin,14,32,69787.0,1:09.787
1043,2021,sebastian-vettel,aston-martin,15,64,69821.0,1:09.821
1043,2021,mick-schumacher,haas,16,57,70005.0,1:10.005
1043,2021,nicholas-latifi,williams,17,34,70104.0,1:10.104
1043,2021,george-russell,williams,18,28,70499.0,1:10.499
1043,2021,nikita-mazepin,haas,19,39,70951.0,1:10.951
1044,2021,max-verstappen,red-bull,1,62,66200.0,1:06.200
1044,2021,carlos-sainz-jr,ferrari,2,70,67762.0,1:07.762
1044,2021,lewis-hamilton,mercedes,3,55,68126.0,1:08.126
1044,2021,pierre-gasly,alphatauri,4,54,68146.0,1:08.146
1044,2021,sergio-perez,red-bull,5,55,68192.0,1:08.192
1044,2021,valtteri-bottas,mercedes,6,52,68374.0,1:08.374
1044,2021,fernando-alonso,alpine,7,70,68405.0,1:08.405
1044,2021,sebastian-vettel,aston-martin,8,51,68420.0,1:08.420
1044,2021,yuki-tsunoda,alphatauri,9,54,68455.0,1:08.455
1044,2021,lando-norris,mclaren,10,62,68471.0,1:08.471
1044,2021,kimi-raikkonen,alfa-romeo,11,62,68520.0,1:08.520
1044,2021,lance-stroll,aston-martin,12,54,68659.0,1:08.659
1044,2021,charles-leclerc,ferrari,13,55,68698.0,1:08.698
1044,2021,daniel-ricciardo,mclaren,14,56,68820.0,1:08.820
1044,2021,nicholas-latifi,williams,15,69,68874.0,1:08.874
1044,2021,george-russell,williams,16,56,68900.0,1:08.900
1044,2021,antonio-giovinazzi,alfa-romeo,17,55,69042.0,1:09.042
1044,2021,mick-schumacher,haas,18,56,69394.0,1:09.394
1044,2021,nikita-mazepin,haas,19,49,69757.0,1:09.757
1045,2021,sergio-perez,red-bull,1,50,88617.0,1:28.617
1045,2021,lewis-hamilton,mercedes,2,45,89699.0,1:29.699
1045,2021,pierre-gasly,alphatauri,3,52,90266.0,1:30.266
1045,2021,valtteri-bottas,mercedes,4,45,90524.0,1:30.524
1045,2021,charles-leclerc,ferrari,5,45,90569.0,1:30.569
1045,2021,yuki-tsunoda,alphatauri,6,51,90826.0,1:30.826
1045,2021,carlos-sainz-jr,ferrari,7,51,91223.0,1:31.223
1045,2021,daniel-ricciardo,mclaren,8,51,91284.0,1:31.284
1045,2021,lando-norris,mclaren,9,44,91420.0,1:31.420
1045,2021,fernando-alonso,alpine,10,48,91698.0,1:31.698
1045,2021,kimi-raikkonen,alfa-romeo,11,48,91895.0,1:31.895
1045,2021,lance-stroll,aston-martin,12,48,91992.0,1:31.992
1045,2021,george-russell,williams,13,49,92049.0,1:32.049
1045,2021,esteban-ocon,alpine,14,48,92210.0,1:32.210
1045,2021,antonio-giovinazzi,alfa-romeo,15,49,92346.0,1:32.346
1045,2021,nicholas-latifi,williams,16,51,92477.0,1:32.477
1045,2021,mick-schumacher,haas,17,50,92862.0,1:32.862
1045,2021,nikita-mazepin,haas,18,51,92909.0,1:32.909
1045,2021,sebastian-vettel,aston-martin,19,35,93059.0,1:33.059
1046,2021,pierre-gasly,alphatauri,1,70,78394.0,1:18.394
1046,2021,lewis-hamilton,mercedes,2,49,78715.0,1:18.715
1046,2021,fernando-alonso,alpine,3,41,80359.0,1:20.359
1046,2021,max-verstappen,red-bull,4,43,80945.0,1:20.945
1046,2021,esteban-ocon,alpine,5,54,81421.0,1:21.421
1046,2021,carlos-sainz-jr,ferrari,6,54,81423.0,1:21.423
1046,2021,sebastian-vettel,aston-martin,7,60,81459.0,1:21.459
1046,2021,kimi-raikkonen,alfa-romeo,8,58,81518.0,1:21.518
1046,2021,george-russell,williams,9,62,82112.0,1:22.112
1046,2021,yuki-tsunoda,alphatauri,10,43,82450.0,1:22.450
1046,2021,mick-schumacher,haas,11,44,82711.0,1:22.711
1046,2021,antonio-giovinazzi,alfa-romeo,12,44,82736.0,1:22.736
1046,2021,daniel-ricciardo,mclaren,13,58,82802.0,1:22.802
1046,2021,nicholas-latifi,williams,14,62,82831.0,1:22.831
1048,2021,lewis-hamilton,mercedes,1,72,71097.0,1:11.097
1048,2021,valtteri-bottas,mercedes,2,69,72549.0,1:12.549
1048,2021,max-verstappen,red-bull,3,60,73275.0,1:13.275
1048,2021,sergio-perez,red-bull,4,59,73461.0,1:13.461
1048,2021,sebastian-vettel,aston-martin,5,63,73958.0,1:13.958
1048,2021,lando-norris,mclaren,6,48,74236.0,1:14.236
1048,2021,fernando-alonso,alpine,7,60,74323.0,1:14.323
1048,2021,esteban-ocon,alpine,8,54,74675.0,1:14.675
1048,2021,charles-leclerc,ferrari,9,58,74780.0,1:14.780
1048,2021,pierre-gasly,alphatauri,10,57,74818.0,1:14.818
1048,2021,daniel-ricciardo,mclaren,11,59,74920.0,1:14.920
1048,2021,antonio-giovinazzi,alfa-romeo,12,66,75125.0,1:15.125
1048,2021,carlos-sainz-jr,ferrari,13,45,75260.0,1:15.260
1048,2021,robert-kubica,alfa-romeo,14,44,75442.0,1:15.442
1048,2021,lance-stroll,aston-martin,15,57,75611.0,1:15.611
1048,2021,george-russell,williams,16,57,75628.0,1:15.628
1048,2021,yuki-tsunoda,alphatauri,17,44,75783.0,1:15.783
1048,2021,nicholas-latifi,williams,18,25,75790.0,1:15.790
1048,2021,mick-schumacher,haas,19,36,75927.0,1:15.927
1048,2021,nikita-mazepin,haas,20,35,76066.0,1:16.066
1049,2021,daniel-ricciardo,mclaren,1,53,84812.0,1:24.812
1049,2021,valtteri-bottas,mercedes,2,34,84827.0,1:24.827
1049,2021,lando-norris,mclaren,3,53,84971.0,1:24.971
1049,2021,sergio-perez,red-bull,4,53,85156.0,1:25.156
1049,2021,max-verstappen,red-bull,5,25,85173.0,1:25.173
1049,2021,charles-leclerc,ferrari,6,53,85319.0,1:25.319
1049,2021,fernando-alonso,alpine,7,52,85472.0,1:25.472
1049,2021,carlos-sainz-jr,ferrari,8,53,85559.0,1:25.559
1049,2021,esteban-ocon,alpine,9,53,85566.0,1:25.566
1049,2021,antonio-giovinazzi,alfa-romeo,10,50,85718.0,1:25.718
1049,2021,george-russell,williams,11,53,85835.0,1:25.835
1049,2021,robert-kubica,alfa-romeo,12,53,85849.0,1:25.849
1049,2021,lance-stroll,aston-martin,13,52,85853.0,1:25.853
1049,2021,lewis-hamilton,mercedes,14,3,85870.0,1:25.870
1049,2021,sebastian-vettel,aston-martin,15,50,85938.0,1:25.938
1049,2021,nicholas-latifi,williams,16,50,85953.0,1:25.953
1049,2021,mick-schumacher,haas,17,52,86707.0,1:26.707
1049,2021,nikita-mazepin,haas,18,41,87202.0,1:27.202
1049,2021,pierre-gasly,alphatauri,19,2,89005.0,1:29.005
1050,2021,lando-norris,mclaren,1,39,97423.0,1:37.423
1050,2021,lewis-hamilton,mercedes,2,43,97575.0,1:37.575
1050,2021,valtteri-bottas,mercedes,3,31,98216.0,1:38.216
1050,2021,pierre-gasly,alphatauri,4,35,98279.0,1:38.279
1050,2021,max-verstappen,red-bull,5,28,98396.0,1:38.396
1050,2021,fernando-alonso,alpine,6,44,98686.0,1:38.686
1050,2021,charles-leclerc,ferrari,7,45,98994.0,1:38.994
1050,2021,antonio-giovinazzi,alfa-romeo,8,39,99058.0,1:39.058
1050,2021,daniel-ricciardo,mclaren,9,24,99124.0,1:39.124
1050,2021,sergio-perez,red-bull,10,45,99215.0,1:39.215
1050,2021,sebastian-vettel,aston-martin,11,44,99251.0,1:39.251
1050,2021,carlos-sainz-jr,ferrari,12,40,99294.0,1:39.294
1050,2021,yuki-tsunoda,alphatauri,13,42,99960.0,1:39.960
1050,2021,nicholas-latifi,williams,14,42,100000.0,1:40.000
1050,2021,mick-schumacher,haas,15,22,100276.0,1:40.276
1050,2021,kimi-raikkonen,alfa-romeo,16,34,100289.0,1:40.289
1050,2021,lance-stroll,aston-martin,17,35,100464.0,1:40.464
1050,2021,george-russell,williams,18,40,100596.0,1:40.596
1050,2021,esteban-ocon,alpine,19,34,100598.0,1:40.598
1050,2021,nikita-mazepin,haas,20,24,101713.0,1:41.713
1051,2021,valtteri-bottas,mercedes,1,58,90432.0,1:30.432
1051,2021,carlos-sainz-jr,ferrari,2,49,91921.0,1:31.921
1051,2021,lando-norris,mclaren,3,50,92446.0,1:32.446
1051,2021,sergio-perez,red-bull,4,53,92459.0,1:32.459
1051,2021,kimi-raikkonen,alfa-romeo,5,50,92586.0,1:32.586
1051,2021,lance-stroll,aston-martin,6,58,92608.0,1:32.608
1051,2021,sebastian-vettel,aston-martin,7,54,92730.0,1:32.730
1051,2021,charles-leclerc,ferrari,8,57,92737.0,1:32.737
1051,2021,max-verstappen,red-bull,9,53,92759.0,1:32.759
1051,2021,lewis-hamilton,mercedes,10,52,92763.0,1:32.763
1051,2021,pierre-gasly,alphatauri,11,50,92814.0,1:32.814
1051,2021,yuki-tsunoda,alphatauri,12,54,92844.0,1:32.844
1051,2021,antonio-giovinazzi,alfa-romeo,13,57,92904.0,1:32.904
1051,2021,fernando-alonso,alpine,14,55,93252.0,1:33.252
1051,2021,daniel-ricciardo,mclaren,15,34,93255.0,1:33.255
1051,2021,george-russell,williams,16,53,93399.0,1:33.399
1051,2021,nicholas-latifi,williams,17,48,93672.0,1:33.672
1051,2021,mick-schumacher,haas,18,52,94209.0,1:34.209
1051,2021,esteban-ocon,alpine,19,24,94584.0,1:34.584
1051,2021,nikita-mazepin,haas,20,52,95438.0,1:35.438
1052,2021,lewis-hamilton,mercedes,1,41,98485.0,1:38.485
1052,2021,max-verstappen,red-bull,2,52,99096.0,1:39.096
1052,2021,charles-leclerc,ferrari,3,41,99303.0,1:39.303
1052,2021,sergio-perez,red-bull,4,32,99566.0,1:39.566
1052,2021,fernando-alonso,alpine,5,46,100067.0,1:40.067
1052,2021,valtteri-bottas,mercedes,6,41,100147.0,1:40.147
1052,2021,lando-norris,mclaren,7,41,100228.0,1:40.228
1052,2021,daniel-ricciardo,mclaren,8,43,100345.0,1:40.345
1052,2021,carlos-sainz-jr,ferrari,9,40,100377.0,1:40.377
1052,2021,sebastian-vettel,aston-martin,10,40,100481.0,1:40.481
1052,2021,george-russell,williams,11,36,101120.0,1:41.120
1052,2021,antonio-giovinazzi,alfa-romeo,12,44,101145.0,1:41.145
1052,2021,yuki-tsunoda,alphatauri,13,47,101151.0,1:41.151
1052,2021,lance-stroll,aston-martin,14,36,101189.0,1:41.189
1052,2021,kimi-raikkonen,alfa-romeo,15,43,101340.0,1:41.340
1052,2021,mick-schumacher,haas,16,36,101395.0,1:41.395
1052,2021,nicholas-latifi,williams,17,46,101818.0,1:41.818
1052,2021,pierre-gasly,alphatauri,18,12,102015.0,1:42.015
1052,2021,esteban-ocon,alpine,19,28,102194.0,1:42.194
1052,2021,nikita-mazepin,haas,20,42,102886.0,1:42.886
1053,2021,valtteri-bottas,mercedes,1,69,77774.0,1:17.774
1053,2021,max-verstappen,red-bull,2,52,78999.0,1:18.999
1053,2021,sergio-perez,red-bull,3,49,79468.0,1:19.468
1053,2021,lewis-hamilton,mercedes,4,66,79820.0,1:19.820
1053,2021,carlos-sainz-jr,ferrari,5,63,80081.0,1:20.081
1053,2021,sebastian-vettel,aston-martin,6,70,80460.0,1:20.460
1053,2021,pierre-gasly,alphatauri,7,66,80510.0,1:20.510
1053,2021,lando-norris,mclaren,8,67,80617.0,1:20.617
1053,2021,charles-leclerc,ferrari,9,63,80665.0,1:20.665
1053,2021,fernando-alonso,alpine,10,54,80711.0,1:20.711
1053,2021,kimi-raikkonen,alfa-romeo,11,63,80713.0,1:20.713
1053,2021,lance-stroll,aston-martin,12,61,80930.0,1:20.930
1053,2021,daniel-ricciardo,mclaren,13,40,81069.0,1:21.069
1053,2021,esteban-ocon,alpine,14,67,81348.0,1:21.348
1053,2021,nikita-mazepin,haas,15,61,81402.0,1:21.402
1053,2021,antonio-giovinazzi,alfa-romeo,16,68,81523.0,1:21.523
1053,2021,nicholas-latifi,williams,17,66,81546.0,1:21.546
1053,2021,george-russell,williams,18,61,82016.0,1:22.016
1054,2021,sergio-perez,red-bull,1,71,71010.0,1:11.010
1054,2021,lewis-hamilton,mercedes,2,46,71982.0,1:11.982
1054,2021,max-verstappen,red-bull,3,47,72486.0,1:12.486
1054,2021,valtteri-bottas,mercedes,4,49,72526.0,1:12.526
1054,2021,kimi-raikkonen,alfa-romeo,5,54,72621.0,1:12.621
1054,2021,carlos-sainz-jr,ferrari,6,63,72710.0,1:12.710
1054,2021,charles-leclerc,ferrari,7,61,72822.0,1:12.822
1054,2021,pierre-gasly,alphatauri,8,53,73227.0,1:13.227
1054,2021,sebastian-vettel,aston-martin,9,69,73634.0,1:13.634
1054,2021,lando-norris,mclaren,10,53,73761.0,1:13.761
1054,2021,mick-schumacher,haas,11,66,73793.0,1:13.793
1054,2021,fernando-alonso,alpine,12,37,73922.0,1:13.922
1054,2021,yuki-tsunoda,alphatauri,13,62,74204.0,1:14.204
1054,2021,antonio-giovinazzi,alfa-romeo,14,44,74227.0,1:14.227
1054,2021,george-russell,williams,15,45,74355.0,1:14.355
1054,2021,esteban-ocon,alpine,16,48,74430.0,1:14.430
1054,2021,daniel-ricciardo,mclaren,17,40,74443.0,1:14.443
1054,2021,nicholas-latifi,williams,18,57,74616.0,1:14.616
1054,2021,nikita-mazepin,haas,19,36,74954.0,1:14.954
1054,2021,lance-stroll,aston-martin,20,25,75344.0,1:15.344
1055,2021,max-verstappen,red-bull,1,57,83196.0,1:23.196
1055,2021,lewis-hamilton,mercedes,2,50,85084.0,1:25.084
1055,2021,sergio-perez,red-bull,3,49,85613.0,1:25.613
1055,2021,lando-norris,mclaren,4,51,85746.0,1:25.746
1055,2021,george-russell,williams,5,55,85768.0,1:25.768
1055,2021,kimi-raikkonen,alfa-romeo,6,53,86358.0,1:26.358
1055,2021,sebastian-vettel,aston-martin,7,53,86434.0,1:26.434
1055,2021,charles-leclerc,ferrari,8,46,86555.0,1:26.555
1055,2021,carlos-sainz-jr,ferrari,9,46,86570.0,1:26.570
1055,2021,fernando-alonso,alpine,10,48,86682.0,1:26.682
1055,2021,pierre-gasly,alphatauri,11,46,87019.0,1:27.019
1055,2021,yuki-tsunoda,alphatauri,12,50,87043.0,1:27.043
1055,2021,esteban-ocon,alpine,13,46,87061.0,1:27.061
1055,2021,daniel-ricciardo,mclaren,14,50,87198.0,1:27.198
1055,2021,valtteri-bottas,mercedes,15,39,87246.0,1:27.246
1055,2021,nikita-mazepin,haas,16,55,87340.0,1:27.340
1055,2021,lance-stroll,aston-martin,17,44,87356.0,1:27.356
1055,2021,antonio-giovinazzi,alfa-romeo,18,40,87823.0,1:27.823
1055,2021,mick-schumacher,haas,19,46,88412.0,1:28.412
1055,2021,nicholas-latifi,williams,20,44,88732.0,1:28.732
1056,2021,lewis-hamilton,mercedes,1,47,90734.0,1:30.734
1056,2021,valtteri-bottas,mercedes,2,47,91408.0,1:31.408
1056,2021,max-verstappen,red-bull,3,35,91488.0,1:31.488
1056,2021,charles-leclerc,ferrari,4,46,91601.0,1:31.601
1056,2021,fernando-alonso,alpine,5,46,91633.0,1:31.633
1056,2021,esteban-ocon,alpine,6,47,91797.0,1:31.797
1056,2021,carlos-sainz-jr,ferrari,7,37,91851.0,1:31.851
1056,2021,lando-norris,mclaren,8,49,91914.0,1:31.914
1056,2021,pierre-gasly,alphatauri,9,46,92297.0,1:32.297
1056,2021,yuki-tsunoda,alphatauri,10,44,92506.0,1:32.506
1056,2021,daniel-ricciardo,mclaren,11,43,92716.0,1:32.716
1056,2021,nicholas-latifi,williams,12,49,92751.0,1:32.751
1056,2021,kimi-raikkonen,alfa-romeo,13,45,92778.0,1:32.778
1056,2021,lance-stroll,aston-martin,14,45,92804.0,1:32.804
1056,2021,antonio-giovinazzi,alfa-romeo,15,37,92865.0,1:32.865
1056,2021,sebastian-vettel,aston-martin,16,41,94030.0,1:34.030
1056,2021,sergio-perez,red-bull,17,9,94138.0,1:34.138
1056,2021,mick-schumacher,haas,18,8,96043.0,1:36.043
1056,2021,george-russell,williams,19,7,96130.0,1:36.130
1056,2021,nikita-mazepin,haas,20,7,97043.0,1:37.043
1057,2021,max-verstappen,red-bull,1,39,86103.0,1:26.103
1057,2021,sergio-perez,red-bull,2,51,86419.0,1:26.419
1057,2021,lewis-hamilton,mercedes,3,43,86615.0,1:26.615
1057,2021,lando-norris,mclaren,4,58,86762.0,1:26.762
1057,2021,valtteri-bottas,mercedes,5,51,86862.0,1:26.862
1057,2021,pierre-gasly,alphatauri,6,49,87342.0,1:27.342
1057,2021,yuki-tsunoda,alphatauri,7,50,87496.0,1:27.496
1057,2021,fernando-alonso,alpine,8,58,87607.0,1:27.607
1057,2021,carlos-sainz-jr,ferrari,9,51,87618.0,1:27.618
1057,2021,esteban-ocon,alpine,10,58,88249.0,1:28.249
1057,2021,sebastian-vettel,aston-martin,11,58,88303.0,1:28.303
1057,2021,charles-leclerc,ferrari,12,40,88433.0,1:28.433
1057,2021,lance-stroll,aston-martin,13,48,88567.0,1:28.567
1057,2021,daniel-ricciardo,mclaren,14,48,88723.0,1:28.723
1057,2021,nicholas-latifi,williams,15,30,89293.0,1:29.293
1057,2021,antonio-giovinazzi,alfa-romeo,16,33,89442.0,1:29.442
1057,2021,mick-schumacher,haas,17,42,89457.0,1:29.457
1057,2021,kimi-raikkonen,alfa-romeo,18,23,89698.0,1:29.698
1057,2021,george-russell,williams,19,23,90647.0,1:30.647
1058,2022,charles-leclerc,ferrari,1,51,94570.0,1:34.570
1058,2022,max-verstappen,red-bull,2,51,95440.0,1:35.440
1058,2022,carlos-sainz-jr,ferrari,3,52,95740.0,1:35.740
1058,2022,sergio-perez,red-bull,4,52,96089.0,1:36.089
1058,2022,lewis-hamilton,mercedes,5,53,96228.0,1:36.228
1058,2022,george-russell,mercedes,6,56,96302.0,1:36.302
1058,2022,valtteri-bottas,alfa-romeo,7,53,96599.0,1:36.599
1058,2022,kevin-magnussen,haas,8,53,96623.0,1:36.623
1058,2022,guanyu-zhou,alfa-romeo,9,39,96685.0,1:36.685
1058,2022,fernando-alonso,alpine,10,44,96733.0,1:36.733
1058,2022,mick-schumacher,haas,11,37,96956.0,1:36.956
1058,2022,lando-norris,mclaren,12,51,96988.0,1:36.988
1058,2022,yuki-tsunoda,alphatauri,13,53,97104.0,1:37.104
1058,2022,esteban-ocon,alpine,14,53,97110.0,1:37.110
1058,2022,lance-stroll,aston-martin,15,49,97146.0,1:37.146
1058,2022,daniel-ricciardo,mclaren,16,50,97261.0,1:37.261
1058,2022,pierre-gasly,alphatauri,17,34,97324.0,1:37.324
1058,2022,alexander-albon,williams,18,50,97355.0,1:37.355
1058,2022,nico-hulkenberg,aston-martin,19,49,98201.0,1:38.201
1058,2022,nicholas-latifi,williams,20,51,98251.0,1:38.251
1059,2022,charles-leclerc,ferrari,1,48,91634.0,1:31.634
1059,2022,max-verstappen,red-bull,2,50,91772.0,1:31.772
1059,2022,carlos-sainz-jr,ferrari,3,48,91905.0,1:31.905
1059,2022,sergio-perez,red-bull,4,46,92042.0,1:32.042
1059,2022,lando-norris,mclaren,5,46,92753.0,1:32.753
1059,2022,kevin-magnussen,haas,6,48,92779.0,1:32.779
1059,2022,george-russell,mercedes,7,43,92821.0,1:32.821
1059,2022,lewis-hamilton,mercedes,8,47,92997.0,1:32.997
1059,2022,esteban-ocon,alpine,9,46,93103.0,1:33.103
1059,2022,pierre-gasly,alphatauri,10,42,93468.0,1:33.468
1059,2022,nico-hulkenberg,aston-martin,11,47,93651.0,1:33.651
1059,2022,fernando-alonso,alpine,12,33,93831.0,1:33.831
1059,2022,guanyu-zhou,alfa-romeo,13,45,93924.0,1:33.924
1059,2022,valtteri-bottas,alfa-romeo,14,31,93979.0,1:33.979
1059,2022,alexander-albon,williams,15,46,94368.0,1:34.368
1059,2022,lance-stroll,aston-martin,16,46,94446.0,1:34.446
1059,2022,daniel-ricciardo,mclaren,17,34,94487.0,1:34.487
1059,2022,nicholas-latifi,williams,18,9,97530.0,1:37.530
1060,2022,charles-leclerc,ferrari,1,58,80260.0,1:20.260
1060,2022,fernando-alonso,alpine,2,57,80846.0,1:20.846
1060,2022,sergio-perez,red-bull,3,58,81094.0,1:21.094
1060,2022,george-russell,mercedes,4,53,81495.0,1:21.495
1060,2022,valtteri-bottas,alfa-romeo,5,54,81651.0,1:21.651
1060,2022,max-verstappen,red-bull,6,37,81677.0,1:21.677
1060,2022,lewis-hamilton,mercedes,7,51,81886.0,1:21.886
1060,2022,lando-norris,mclaren,8,55,82248.0,1:22.248
1060,2022,daniel-ricciardo,mclaren,9,54,82451.0,1:22.451
1060,2022,esteban-ocon,alpine,10,58,82469.0,1:22.469
1060,2022,guanyu-zhou,alfa-romeo,11,55,82541.0,1:22.541
1060,2022,alexander-albon,williams,12,54,82589.0,1:22.589
1060,2022,pierre-gasly,alphatauri,13,52,82731.0,1:22.731
1060,2022,mick-schumacher,haas,14,55,83006.0,1:23.006
1060,2022,kevin-magnussen,haas,15,44,83071.0,1:23.071
1060,2022,yuki-tsunoda,alphatauri,16,56,83342.0,1:23.342
1060,2022,lance-stroll,aston-martin,17,48,83592.0,1:23.592
1060,2022,nicholas-latifi,williams,18,49,83882.0,1:23.882
1060,2022,sebastian-vettel,aston-martin,19,17,85189.0,1:25.189
1061,2022,max-verstappen,red-bull,1,55,78446.0,1:18.446
1061,2022,charles-leclerc,ferrari,2,63,78574.0,1:18.574
1061,2022,sergio-perez,red-bull,3,52,78949.0,1:18.949
1061,2022,mick-schumacher,haas,4,55,78999.0,1:18.999
1061,2022,yuki-tsunoda,alphatauri,5,61,80544.0,1:20.544
1061,2022,valtteri-bottas,alfa-romeo,6,43,80758.0,1:20.758
1061,2022,lando-norris,mclaren,7,61,80903.0,1:20.903
1061,2022,george-russell,mercedes,8,57,80962.0,1:20.962
1061,2022,sebastian-vettel,aston-martin,9,47,81211.0,1:21.211
1061,2022,kevin-magnussen,haas,10,61,81238.0,1:21.238
1061,2022,guanyu-zhou,alfa-romeo,11,61,81286.0,1:21.286
1061,2022,nicholas-latifi,williams,12,62,81338.0,1:21.338
1061,2022,lewis-hamilton,mercedes,13,50,81419.0,1:21.419
1061,2022,daniel-ricciardo,mclaren,14,61,81577.0,1:21.577
1061,2022,pierre-gasly,alphatauri,15,34,81713.0,1:21.713
1061,2022,lance-stroll,aston-martin,16,46,81750.0,1:21.750
1061,2022,alexander-albon,williams,17,61,81757.0,1:21.757
1061,2022,esteban-ocon,alpine,18,37,81887.0,1:21.887
1061,2022,fernando-alonso,alpine,19,5,99685.0,1:39.685
1062,2022,max-verstappen,red-bull,1,54,91361.0,1:31.361
1062,2022,charles-leclerc,ferrari,2,53,91488.0,1:31.488
1062,2022,carlos-sainz-jr,ferrari,3,56,91790.0,1:31.790
1062,2022,sergio-perez,red-bull,4,54,91819.0,1:31.819
1062,2022,george-russell,mercedes,5,56,92195.0,1:32.195
1062,2022,mick-schumacher,haas,6,57,92528.0,1:32.528
1062,2022,lewis-hamilton,mercedes,7,55,92941.0,1:32.941
1062,2022,yuki-tsunoda,alphatauri,8,55,93035.0,1:33.035
1062,2022,esteban-ocon,alpine,9,56,93163.0,1:33.163
1062,2022,valtteri-bottas,alfa-romeo,10,56,93184.0,1:33.184
1062,2022,daniel-ricciardo,mclaren,11,56,93265.0,1:33.265
1062,2022,lance-stroll,aston-martin,12,52,93312.0,1:33.312
1062,2022,fernando-alonso,alpine,13,53,93331.0,1:33.331
1062,2022,lando-norris,mclaren,14,37,93411.0,1:33.411
1062,2022,alexander-albon,williams,15,57,93447.0,1:33.447
1062,2022,sebastian-vettel,aston-martin,16,50,93479.0,1:33.479
1062,2022,kevin-magnussen,haas,17,52,93511.0,1:33.511
1062,2022,nicholas-latifi,williams,18,53,94169.0,1:34.169
1062,2022,pierre-gasly,alphatauri,19,38,94487.0,1:34.487
1062,2022,guanyu-zhou,alfa-romeo,20,4,95731.0,1:35.731
1063,2022,sergio-perez,red-bull,1,55,84108.0,1:24.108
1063,2022,lewis-hamilton,mercedes,2,51,84253.0,1:24.253
1063,2022,george-russell,mercedes,3,53,84636.0,1:24.636
1063,2022,max-verstappen,red-bull,4,46,85456.0,1:25.456
1063,2022,lando-norris,mclaren,5,53,85619.0,1:25.619
1063,2022,esteban-ocon,alpine,6,54,85935.0,1:25.935
1063,2022,carlos-sainz-jr,ferrari,7,49,85985.0,1:25.985
1063,2022,valtteri-bottas,alfa-romeo,8,36,86395.0,1:26.395
1063,2022,fernando-alonso,alpine,9,56,86599.0,1:26.599
1063,2022,yuki-tsunoda,alphatauri,10,59,86828.0,1:26.828
1063,2022,lance-stroll,aston-martin,11,54,86876.0,1:26.876
1063,2022,pierre-gasly,alphatauri,12,51,86987.0,1:26.987
1063,2022,charles-leclerc,ferrari,13,25,87030.0,1:27.030
1063,2022,nicholas-latifi,williams,14,52,87246.0,1:27.246
1063,2022,daniel-ricciardo,mclaren,15,54,87285.0,1:27.285
1063,2022,mick-schumacher,haas,16,32,87447.0,1:27.447
1063,2022,kevin-magnussen,haas,17,3,87537.0,1:27.537
1063,2022,sebastian-vettel,aston-martin,18,59,87629.0,1:27.629
1063,2022,alexander-albon,williams,19,56,88281.0,1:28.281
1063,2022,guanyu-zhou,alfa-romeo,20,12,88415.0,1:28.415
1064,2022,lando-norris,mclaren,1,55,74693.0,1:14.693
1064,2022,yuki-tsunoda,alphatauri,2,61,75334.0,1:15.334
1064,2022,fernando-alonso,alpine,3,50,75882.0,1:15.882
1064,2022,sergio-perez,red-bull,4,46,76028.0,1:16.028
1064,2022,max-verstappen,red-bull,5,47,76052.0,1:16.052
1064,2022,charles-leclerc,ferrari,6,46,76249.0,1:16.249
1064,2022,carlos-sainz-jr,ferrari,7,47,76421.0,1:16.421
1064,2022,george-russell,mercedes,8,42,76830.0,1:16.830
1064,2022,lewis-hamilton,mercedes,9,51,77203.0,1:17.203
1064,2022,pierre-gasly,alphatauri,10,61,77344.0,1:17.344
1064,2022,daniel-ricciardo,mclaren,11,59,77532.0,1:17.532
1064,2022,sebastian-vettel,aston-martin,12,54,77558.0,1:17.558
1064,2022,esteban-ocon,alpine,13,50,77571.0,1:17.571
1064,2022,valtteri-bottas,alfa-romeo,14,57,77600.0,1:17.600
1064,2022,lance-stroll,aston-martin,15,56,77672.0,1:17.672
1064,2022,alexander-albon,williams,16,40,78023.0,1:18.023
1064,2022,guanyu-zhou,alfa-romeo,17,52,78200.0,1:18.200
1064,2022,nicholas-latifi,williams,18,43,78579.0,1:18.579
1064,2022,mick-schumacher,haas,19,24,84778.0,1:24.778
1064,2022,kevin-magnussen,haas,20,18,93754.0,1:33.754
1065,2022,sergio-perez,red-bull,1,36,106046.0,1:46.046
1065,2022,max-verstappen,red-bull,2,50,106050.0,1:46.050
1065,2022,lewis-hamilton,mercedes,3,39,107044.0,1:47.044
1065,2022,george-russell,mercedes,4,42,107177.0,1:47.177
1065,2022,yuki-tsunoda,alphatauri,5,42,107523.0,1:47.523
1065,2022,charles-leclerc,ferrari,6,13,107531.0,1:47.531
1065,2022,alexander-albon,williams,7,48,107966.0,1:47.966
1065,2022,fernando-alonso,alpine,8,49,107989.0,1:47.989
1065,2022,lando-norris,mclaren,9,37,107997.0,1:47.997
1065,2022,lance-stroll,aston-martin,10,38,108038.0,1:48.038
1065,2022,valtteri-bottas,alfa-romeo,11,42,108179.0,1:48.179
1065,2022,sebastian-vettel,aston-martin,12,41,108206.0,1:48.206
1065,2022,daniel-ricciardo,mclaren,13,44,108276.0,1:48.276
1065,2022,esteban-ocon,alpine,14,36,108297.0,1:48.297
1065,2022,mick-schumacher,haas,15,40,108410.0,1:48.410
1065,2022,pierre-gasly,alphatauri,16,39,108519.0,1:48.519
1065,2022,guanyu-zhou,alfa-romeo,17,12,108723.0,1:48.723
1065,2022,kevin-magnussen,haas,18,12,108789.0,1:48.789
1065,2022,carlos-sainz-jr,ferrari,19,3,108978.0,1:48.978
1065,2022,nicholas-latifi,williams,20,37,109583.0,1:49.583
1066,2022,carlos-sainz-jr,ferrari,1,63,75749.0,1:15.749
1066,2022,max-verstappen,red-bull,2,64,75839.0,1:15.839
1066,2022,charles-leclerc,ferrari,3,62,75901.0,1:15.901
1066,2022,lewis-hamilton,mercedes,4,69,76167.0,1:16.167
1066,2022,george-russell,mercedes,5,63,76418.0,1:16.418
1066,2022,guanyu-zhou,alfa-romeo,6,63,76578.0,1:16.578
1066,2022,valtteri-bottas,alfa-romeo,7,60,76927.0,1:16.927
1066,2022,fernando-alonso,alpine,8,64,77010.0,1:17.010
1066,2022,esteban-ocon,alpine,9,62,77110.0,1:17.110
1066,2022,lance-stroll,aston-martin,10,64,77421.0,1:17.421
1066,2022,lando-norris,mclaren,11,63,77495.0,1:17.495
1066,2022,pierre-gasly,alphatauri,12,60,77810.0,1:17.810
1066,2022,daniel-ricciardo,mclaren,13,59,77932.0,1:17.932
1066,2022,alexander-albon,williams,14,59,77951.0,1:17.951
1066,2022,sebastian-vettel,aston-martin,15,63,77956.0,1:17.956
1066,2022,kevin-magnussen,haas,16,11,78046.0,1:18.046
1066,2022,yuki-tsunoda,alphatauri,17,15,78309.0,1:18.309
1066,2022,nicholas-latifi,williams,18,61,78540.0,1:18.540
1066,2022,sergio-perez,red-bull,19,7,78844.0,1:18.844
1066,2022,mick-schumacher,haas,20,13,78967.0,1:18.967
1067,2022,lewis-hamilton,mercedes,1,52,90510.0,1:30.510
1067,2022,carlos-sainz-jr,ferrari,2,44,90813.0,1:30.813
1067,2022,sergio-perez,red-bull,3,47,90937.0,1:30.937
1067,2022,charles-leclerc,ferrari,4,52,91282.0,1:31.282
1067,2022,fernando-alonso,alpine,5,47,91609.0,1:31.609
1067,2022,lando-norris,mclaren,6,47,91645.0,1:31.645
1067,2022,mick-schumacher,haas,7,48,92109.0,1:32.109
1067,2022,max-verstappen,red-bull,8,44,92354.0,1:32.354
1067,2022,lance-stroll,aston-martin,9,52,92379.0,1:32.379
1067,2022,sebastian-vettel,aston-martin,10,52,92471.0,1:32.471
1067,2022,daniel-ricciardo,mclaren,11,34,92644.0,1:32.644
1067,2022,kevin-magnussen,haas,12,52,92661.0,1:32.661
1067,2022,nicholas-latifi,williams,13,48,93286.0,1:33.286
1067,2022,esteban-ocon,alpine,14,37,93537.0,1:33.537
1067,2022,yuki-tsunoda,alphatauri,15,51,93832.0,1:33.832
1067,2022,pierre-gasly,alphatauri,16,18,94614.0,1:34.614
1067,2022,valtteri-bottas,alfa-romeo,17,19,95103.0,1:35.103
1068,2022,max-verstappen,red-bull,1,62,67275.0,1:07.275
1068,2022,charles-leclerc,ferrari,2,62,67583.0,1:07.583
1068,2022,fernando-alonso,alpine,3,62,68558.0,1:08.558
1068,2022,carlos-sainz-jr,ferrari,4,55,68649.0,1:08.649
1068,2022,lewis-hamilton,mercedes,5,63,69000.0,1:09.000
1068,2022,george-russell,mercedes,6,61,69075.0,1:09.075
1068,2022,valtteri-bottas,alfa-romeo,7,61,69266.0,1:09.266
1068,2022,lando-norris,mclaren,8,62,69304.0,1:09.304
1068,2022,guanyu-zhou,alfa-romeo,9,50,69380.0,1:09.380
1068,2022,esteban-ocon,alpine,10,62,69559.0,1:09.559
1068,2022,mick-schumacher,haas,11,50,69625.0,1:09.625
1068,2022,alexander-albon,williams,12,60,69669.0,1:09.669
1068,2022,daniel-ricciardo,mclaren,13,61,69924.0,1:09.924
1068,2022,kevin-magnussen,haas,14,61,69938.0,1:09.938
1068,2022,sebastian-vettel,aston-martin,15,62,70001.0,1:10.001
1068,2022,yuki-tsunoda,alphatauri,16,62,70023.0,1:10.023
1068,2022,lance-stroll,aston-martin,17,64,70048.0,1:10.048
1068,2022,pierre-gasly,alphatauri,18,61,70104.0,1:10.104
1068,2022,nicholas-latifi,williams,19,14,70890.0,1:10.890
1068,2022,sergio-perez,red-bull,20,5,71843.0,1:11.843
1069,2022,carlos-sainz-jr,ferrari,1,51,95781.0,1:35.781
1069,2022,max-verstappen,red-bull,2,30,97491.0,1:37.491
1069,2022,george-russell,mercedes,3,51,97548.0,1:37.548
1069,2022,lewis-hamilton,mercedes,4,30,97668.0,1:37.668
1069,2022,sergio-perez,red-bull,5,45,97780.0,1:37.780
1069,2022,valtteri-bottas,alfa-romeo,6,52,97963.0,1:37.963
1069,2022,charles-leclerc,ferrari,7,4,98088.0,1:38.088
1069,2022,fernando-alonso,alpine,8,53,98160.0,1:38.160
1069,2022,esteban-ocon,alpine,9,53,98684.0,1:38.684
1069,2022,pierre-gasly,alphatauri,10,53,98786.0,1:38.786
1069,2022,lando-norris,mclaren,11,43,99037.0,1:39.037
1069,2022,sebastian-vettel,aston-martin,12,43,99044.0,1:39.044
1069,2022,mick-schumacher,haas,13,48,99068.0,1:39.068
1069,2022,daniel-ricciardo,mclaren,14,27,99133.0,1:39.133
1069,2022,lance-stroll,aston-martin,15,52,99185.0,1:39.185
1069,2022,alexander-albon,williams,16,53,99199.0,1:39.199
1069,2022,kevin-magnussen,haas,17,11,99265.0,1:39.265
1069,2022,guanyu-zhou,alfa-romeo,18,25,99368.0,1:39.368
1069,2022,nicholas-latifi,williams,19,40,99650.0,1:39.650
1069,2022,yuki-tsunoda,alphatauri,20,4,100216.0,1:40.216
1070,2022,lewis-hamilton,mercedes,1,57,81386.0,1:21.386
1070,2022,charles-leclerc,ferrari,2,57,81622.0,1:21.622
1070,2022,sergio-perez,red-bull,3,44,81940.0,1:21.940
1070,2022,carlos-sainz-jr,ferrari,4,51,82000.0,1:22.000
1070,2022,guanyu-zhou,alfa-romeo,5,58,82029.0,1:22.029
1070,2022,max-verstappen,red-bull,6,45,82126.0,1:22.126
1070,2022,lance-stroll,aston-martin,7,51,82437.0,1:22.437
1070,2022,nicholas-latifi,williams,8,60,82478.0,1:22.478
1070,2022,george-russell,mercedes,9,57,82766.0,1:22.766
1070,2022,sebastian-vettel,aston-martin,10,51,82824.0,1:22.824
1070,2022,lando-norris,mclaren,11,47,83043.0,1:23.043
1070,2022,alexander-albon,williams,12,43,83047.0,1:23.047
1070,2022,mick-schumacher,haas,13,50,83151.0,1:23.151
1070,2022,pierre-gasly,alphatauri,14,58,83199.0,1:23.199
1070,2022,kevin-magnussen,haas,15,37,83511.0,1:23.511
1070,2022,yuki-tsunoda,alphatauri,16,58,83538.0,1:23.538
1070,2022,daniel-ricciardo,mclaren,17,63,83654.0,1:23.654
1070,2022,fernando-alonso,alpine,18,47,83979.0,1:23.979
1070,2022,valtteri-bottas,alfa-romeo,19,60,84002.0,1:24.002
1070,2022,esteban-ocon,alpine,20,60,84149.0,1:24.149
1071,2022,max-verstappen,red-bull,1,32,109354.0,1:49.354
1071,2022,charles-leclerc,ferrari,2,44,109984.0,1:49.984
1071,2022,sergio-perez,red-bull,3,29,110764.0,1:50.764
1071,2022,george-russell,mercedes,4,31,110793.0,1:50.793
1071,2022,lando-norris,mclaren,5,31,111678.0,1:51.678
1071,2022,esteban-ocon,alpine,6,36,111717.0,1:51.717
1071,2022,carlos-sainz-jr,ferrari,7,32,111977.0,1:51.977
1071,2022,nicholas-latifi,williams,8,38,112256.0,1:52.256
1071,2022,guanyu-zhou,alfa-romeo,9,30,112317.0,1:52.317
1071,2022,yuki-tsunoda,alphatauri,10,32,112436.0,1:52.436
1071,2022,sebastian-vettel,aston-martin,11,40,112515.0,1:52.515
1071,2022,mick-schumacher,haas,12,35,112646.0,1:52.646
1071,2022,fernando-alonso,alpine,13,35,112868.0,1:52.868
1071,2022,lance-stroll,aston-martin,14,29,112880.0,1:52.880
1071,2022,pierre-gasly,alphatauri,15,24,113002.0,1:53.002
1071,2022,alexander-albon,williams,16,28,113055.0,1:53.055
1071,2022,daniel-ricciardo,mclaren,17,34,113080.0,1:53.080
1071,2022,kevin-magnussen,haas,18,29,113332.0,1:53.332
1072,2022,max-verstappen,red-bull,1,62,73652.0,1:13.652
1072,2022,george-russell,mercedes,2,72,73671.0,1:13.671
1072,2022,lewis-hamilton,mercedes,3,54,73854.0,1:13.854
1072,2022,fernando-alonso,alpine,4,51,74144.0,1:14.144
1072,2022,sergio-perez,red-bull,5,63,74404.0,1:14.404
1072,2022,charles-leclerc,ferrari,6,62,74413.0,1:14.413
1072,2022,carlos-sainz-jr,ferrari,7,63,74643.0,1:14.643
1072,2022,lando-norris,mclaren,8,63,74706.0,1:14.706
1072,2022,sebastian-vettel,aston-martin,9,50,74862.0,1:14.862
1072,2022,lance-stroll,aston-martin,10,65,75043.0,1:15.043
1072,2022,esteban-ocon,alpine,11,64,75084.0,1:15.084
1072,2022,pierre-gasly,alphatauri,12,65,75165.0,1:15.165
1072,2022,mick-schumacher,haas,13,51,75233.0,1:15.233
1072,2022,kevin-magnussen,haas,14,53,75369.0,1:15.369
1072,2022,alexander-albon,williams,15,65,75534.0,1:15.534
1072,2022,daniel-ricciardo,mclaren,16,52,75577.0,1:15.577
1072,2022,guanyu-zhou,alfa-romeo,17,63,75940.0,1:15.940
1072,2022,nicholas-latifi,williams,18,62,76066.0,1:16.066
1072,2022,valtteri-bottas,alfa-romeo,19,51,76844.0,1:16.844
1072,2022,yuki-tsunoda,alphatauri,20,16,77138.0,1:17.138
1073,2022,sergio-perez,red-bull,1,46,84030.0,1:24.030
1073,2022,charles-leclerc,ferrari,2,38,84336.0,1:24.336
1073,2022,lewis-hamilton,mercedes,3,43,84434.0,1:24.434
1073,2022,carlos-sainz-jr,ferrari,4,41,84446.0,1:24.446
1073,2022,lando-norris,mclaren,5,43,84718.0,1:24.718
1073,2022,max-verstappen,red-bull,6,38,84745.0,1:24.745
1073,2022,george-russell,mercedes,7,40,85288.0,1:25.288
1073,2022,mick-schumacher,haas,8,43,85298.0,1:25.298
1073,2022,valtteri-bottas,alfa-romeo,9,45,85706.0,1:25.706
1073,2022,guanyu-zhou,alfa-romeo,10,41,86361.0,1:26.361
1073,2022,esteban-ocon,alpine,11,37,86593.0,1:26.593
1073,2022,daniel-ricciardo,mclaren,12,39,86603.0,1:26.603
1073,2022,nyck-de-vries,williams,13,41,86624.0,1:26.624
1073,2022,pierre-gasly,alphatauri,14,30,86718.0,1:26.718
1073,2022,nicholas-latifi,williams,15,17,86798.0,1:26.798
1073,2022,kevin-magnussen,haas,16,37,86798.0,1:26.798
1073,2022,yuki-tsunoda,alphatauri,17,43,86857.0,1:26.857
1073,2022,fernando-alonso,alpine,18,7,87203.0,1:27.203
1073,2022,lance-stroll,aston-martin,19,34,87467.0,1:27.467
1073,2022,sebastian-vettel,aston-martin,20,4,87501.0,1:27.501
1074,2022,george-russell,mercedes,1,54,106458.0,1:46.458
1074,2022,sergio-perez,red-bull,2,57,108165.0,1:48.165
1074,2022,carlos-sainz-jr,ferrari,3,59,108414.0,1:48.414
1074,2022,charles-leclerc,ferrari,4,54,108753.0,1:48.753
1074,2022,max-verstappen,red-bull,5,52,109142.0,1:49.142
1074,2022,lando-norris,mclaren,6,56,109212.0,1:49.212
1074,2022,lance-stroll,aston-martin,7,58,110283.0,1:50.283
1074,2022,mick-schumacher,haas,8,58,110290.0,1:50.290
1074,2022,pierre-gasly,alphatauri,9,56,110569.0,1:50.569
1074,2022,lewis-hamilton,mercedes,10,58,110622.0,1:50.622
1074,2022,sebastian-vettel,aston-martin,11,58,110669.0,1:50.669
1074,2022,daniel-ricciardo,mclaren,12,57,111006.0,1:51.006
1074,2022,valtteri-bottas,alfa-romeo,13,52,111864.0,1:51.864
1074,2022,kevin-magnussen,haas,14,59,112067.0,1:52.067
1074,2022,yuki-tsunoda,alphatauri,15,32,118716.0,1:58.716
1074,2022,fernando-alonso,alpine,16,19,120463.0,2:00.463
1074,2022,esteban-ocon,alpine,17,24,121105.0,2:01.105
1074,2022,alexander-albon,williams,18,24,122121.0,2:02.121
1074,2022,guanyu-zhou,alfa-romeo,19,5,125556.0,2:05.556
1074,2022,nicholas-latifi,williams,20,5,125585.0,2:05.585
1075,2022,guanyu-zhou,alfa-romeo,1,20,104411.0,1:44.411
1075,2022,fernando-alonso,alpine,2,25,104412.0,1:44.412
1075,2022,charles-leclerc,ferrari,3,10,104489.0,1:44.489
1075,2022,max-verstappen,red-bull,4,10,104911.0,1:44.911
1075,2022,lance-stroll,aston-martin,5,21,105205.0,1:45.205
1075,2022,pierre-gasly,alphatauri,6,22,105387.0,1:45.387
1075,2022,lewis-hamilton,mercedes,7,11,105530.0,1:45.530
1075,2022,yuki-tsunoda,alphatauri,8,22,105893.0,1:45.893
1075,2022,sergio-perez,red-bull,9,11,106120.0,1:46.120
1075,2022,mick-schumacher,haas,10,13,106545.0,1:46.545
1075,2022,esteban-ocon,alpine,11,11,106559.0,1:46.559
1075,2022,sebastian-vettel,aston-martin,12,13,106964.0,1:46.964
1075,2022,george-russell,mercedes,13,21,107004.0,1:47.004
1075,2022,valtteri-bottas,alfa-romeo,14,11,107820.0,1:47.820
1075,2022,daniel-ricciardo,mclaren,15,11,107843.0,1:47.843
1075,2022,kevin-magnussen,haas,16,10,108072.0,1:48.072
1075,2022,lando-norris,mclaren,17,8,108175.0,1:48.175
1075,2022,nicholas-latifi,williams,18,12,108371.0,1:48.371
1076,2022,george-russell,mercedes,1,56,98788.0,1:38.788
1076,2022,max-verstappen,red-bull,2,37,99541.0,1:39.541
1076,2022,sergio-perez,red-bull,3,44,99563.0,1:39.563
1076,2022,charles-leclerc,ferrari,4,37,99731.0,1:39.731
1076,2022,lewis-hamilton,mercedes,5,45,99830.0,1:39.830
1076,2022,esteban-ocon,alpine,6,49,101243.0,1:41.243
1076,2022,lando-norris,mclaren,7,49,101322.0,1:41.322
1076,2022,sebastian-vettel,aston-martin,8,39,101538.0,1:41.538
1076,2022,pierre-gasly,alphatauri,9,55,101674.0,1:41.674
1076,2022,fernando-alonso,alpine,10,51,101804.0,1:41.804
1076,2022,yuki-tsunoda,alphatauri,11,36,102206.0,1:42.206
1076,2022,mick-schumacher,haas,12,55,102320.0,1:42.320
1076,2022,guanyu-zhou,alfa-romeo,13,39,102394.0,1:42.394
1076,2022,daniel-ricciardo,mclaren,14,55,102420.0,1:42.420
1076,2022,alexander-albon,williams,15,46,102471.0,1:42.471
1076,2022,kevin-magnussen,haas,16,35,102546.0,1:42.546
1076,2022,lance-stroll,aston-martin,17,3,103080.0,1:43.080
1076,2022,valtteri-bottas,alfa-romeo,18,4,103391.0,1:43.391
1076,2022,nicholas-latifi,williams,19,54,103485.0,1:43.485
1077,2022,george-russell,mercedes,1,71,80153.0,1:20.153
1077,2022,sergio-perez,red-bull,2,30,81775.0,1:21.775
1077,2022,daniel-ricciardo,mclaren,3,48,82022.0,1:22.022
1077,2022,max-verstappen,red-bull,4,36,82046.0,1:22.046
1077,2022,lewis-hamilton,mercedes,5,32,82062.0,1:22.062
1077,2022,carlos-sainz-jr,ferrari,6,32,82199.0,1:22.199
1077,2022,guanyu-zhou,alfa-romeo,7,47,82260.0,1:22.260
1077,2022,pierre-gasly,alphatauri,8,42,82277.0,1:22.277
1077,2022,lance-stroll,aston-martin,9,42,82463.0,1:22.463
1077,2022,charles-leclerc,ferrari,10,48,82603.0,1:22.603
1077,2022,fernando-alonso,alpine,11,48,82866.0,1:22.866
1077,2022,alexander-albon,williams,12,48,82914.0,1:22.914
1077,2022,sebastian-vettel,aston-martin,13,45,83086.0,1:23.086
1077,2022,esteban-ocon,alpine,14,48,83279.0,1:23.279
1077,2022,kevin-magnussen,haas,15,49,83300.0,1:23.300
1077,2022,valtteri-bottas,alfa-romeo,16,43,83363.0,1:23.363
1077,2022,lando-norris,mclaren,17,48,83402.0,1:23.402
1077,2022,yuki-tsunoda,alphatauri,18,48,83403.0,1:23.403
1077,2022,mick-schumacher,haas,19,30,83641.0,1:23.641
1077,2022,nicholas-latifi,williams,20,56,83709.0,1:23.709
1078,2022,george-russell,mercedes,1,61,73785.0,1:13.785
1078,2022,lewis-hamilton,mercedes,2,63,73942.0,1:13.942
1078,2022,carlos-sainz-jr,ferrari,3,65,73953.0,1:13.953
1078,2022,fernando-alonso,alpine,4,62,74164.0,1:14.164
1078,2022,max-verstappen,red-bull,5,64,74195.0,1:14.195
1078,2022,charles-leclerc,ferrari,6,63,74253.0,1:14.253
1078,2022,sergio-perez,red-bull,7,62,74283.0,1:14.283
1078,2022,lance-stroll,aston-martin,8,50,74831.0,1:14.831
1078,2022,esteban-ocon,alpine,9,65,75093.0,1:15.093
1078,2022,mick-schumacher,haas,10,63,75251.0,1:15.251
1078,2022,nicholas-latifi,williams,11,59,75327.0,1:15.327
1078,2022,pierre-gasly,alphatauri,12,64,75327.0,1:15.327
1078,2022,yuki-tsunoda,alphatauri,13,63,75508.0,1:15.508
1078,2022,valtteri-bottas,alfa-romeo,14,62,75511.0,1:15.511
1078,2022,sebastian-vettel,aston-martin,15,64,75549.0,1:15.549
1078,2022,alexander-albon,williams,16,49,75613.0,1:15.613
1078,2022,guanyu-zhou,alfa-romeo,17,64,75802.0,1:15.802
1078,2022,lando-norris,mclaren,18,48,75855.0,1:15.855
1079,2022,lando-norris,mclaren,1,44,88391.0,1:28.391
1079,2022,george-russell,mercedes,2,48,88836.0,1:28.836
1079,2022,carlos-sainz-jr,ferrari,3,50,88879.0,1:28.879
1079,2022,sergio-perez,red-bull,4,52,88972.0,1:28.972
1079,2022,esteban-ocon,alpine,5,45,89333.0,1:29.333
1079,2022,max-verstappen,red-bull,6,54,89392.0,1:29.392
1079,2022,yuki-tsunoda,alphatauri,7,40,89489.0,1:29.489
1079,2022,guanyu-zhou,alfa-romeo,8,53,89600.0,1:29.600
1079,2022,lance-stroll,aston-martin,9,42,89620.0,1:29.620
1079,2022,charles-leclerc,ferrari,10,48,89719.0,1:29.719
1079,2022,lewis-hamilton,mercedes,11,42,89788.0,1:29.788
1079,2022,mick-schumacher,haas,12,39,89833.0,1:29.833
1079,2022,alexander-albon,williams,13,40,89939.0,1:29.939
1079,2022,nicholas-latifi,williams,14,45,90309.0,1:30.309
1079,2022,sebastian-vettel,aston-martin,15,35,90312.0,1:30.312
1079,2022,valtteri-bottas,alfa-romeo,16,47,90352.0,1:30.352
1079,2022,fernando-alonso,alpine,17,24,90579.0,1:30.579
1079,2022,daniel-ricciardo,mclaren,18,45,90785.0,1:30.785
1079,2022,pierre-gasly,alphatauri,19,16,91081.0,1:31.081
1079,2022,kevin-magnussen,haas,20,40,91158.0,1:31.158
1080,2023,guanyu-zhou,alfa-romeo,1,56,93996.0,1:33.996
1080,2023,pierre-gasly,alpine,2,42,95068.0,1:35.068
1080,2023,lando-norris,mclaren,3,51,95822.0,1:35.822
1080,2023,logan-sargeant,williams,4,42,96037.0,1:36.037
1080,2023,fernando-alonso,aston-martin,5,36,96156.0,1:36.156
1080,2023,max-verstappen,red-bull,6,44,96236.0,1:36.236
1080,2023,sergio-perez,red-bull,7,37,96344.0,1:36.344
1080,2023,kevin-magnussen,haas,8,42,96471.0,1:36.471
1080,2023,lance-stroll,aston-martin,9,32,96546.0,1:36.546
1080,2023,lewis-hamilton,mercedes,10,36,96546.0,1:36.546
1080,2023,nico-hulkenberg,haas,11,42,96616.0,1:36.616
1080,2023,yuki-tsunoda,alphatauri,12,42,96637.0,1:36.637
1080,2023,esteban-ocon,alpine,13,34,96797.0,1:36.797
1080,2023,carlos-sainz-jr,ferrari,14,37,97130.0,1:37.130
1080,2023,alexander-albon,williams,15,43,97144.0,1:37.144
1080,2023,charles-leclerc,ferrari,16,37,97170.0,1:37.170
1080,2023,george-russell,mercedes,17,33,97221.0,1:37.221
1080,2023,valtteri-bottas,alfa-romeo,18,31,97379.0,1:37.379
1080,2023,nyck-de-vries,alphatauri,19,30,97709.0,1:37.709
1080,2023,oscar-piastri,mclaren,20,3,100691.0,1:40.691
1081,2023,max-verstappen,red-bull,1,50,91906.0,1:31.906
1081,2023,sergio-perez,red-bull,2,38,92188.0,1:32.188
1081,2023,fernando-alonso,aston-martin,3,50,92240.0,1:32.240
1081,2023,george-russell,mercedes,4,50,92433.0,1:32.433
1081,2023,carlos-sainz-jr,ferrari,5,50,92822.0,1:32.822
1081,2023,lewis-hamilton,mercedes,6,47,92941.0,1:32.941
1081,2023,charles-leclerc,ferrari,7,47,93056.0,1:33.056
1081,2023,esteban-ocon,alpine,8,49,93222.0,1:33.222
1081,2023,kevin-magnussen,haas,9,44,93374.0,1:33.374
1081,2023,pierre-gasly,alpine,10,50,93392.0,1:33.392
1081,2023,nyck-de-vries,alphatauri,11,49,93609.0,1:33.609
1081,2023,nico-hulkenberg,haas,12,50,93780.0,1:33.780
1081,2023,guanyu-zhou,alfa-romeo,13,49,93894.0,1:33.894
1081,2023,yuki-tsunoda,alphatauri,14,50,93931.0,1:33.931
1081,2023,lando-norris,mclaren,15,49,94122.0,1:34.122
1081,2023,oscar-piastri,mclaren,16,48,94287.0,1:34.287
1081,2023,valtteri-bottas,alfa-romeo,17,37,94384.0,1:34.384
1081,2023,logan-sargeant,williams,18,49,94469.0,1:34.469
1081,2023,lance-stroll,aston-martin,19,7,95140.0,1:35.140
1081,2023,alexander-albon,williams,20,24,95567.0,1:35.567
1082,2023,sergio-perez,red-bull,1,53,80235.0,1:20.235
1082,2023,max-verstappen,red-bull,2,49,80342.0,1:20.342
1082,2023,carlos-sainz-jr,ferrari,3,53,80467.0,1:20.467
1082,2023,fernando-alonso,aston-martin,4,53,80476.0,1:20.476
1082,2023,lewis-hamilton,mercedes,5,49,80613.0,1:20.613
1082,2023,lance-stroll,aston-martin,6,50,80934.0,1:20.934
1082,2023,pierre-gasly,alpine,7,47,80995.0,1:20.995
1082,2023,nico-hulkenberg,haas,8,46,81124.0,1:21.124
1082,2023,lando-norris,mclaren,9,46,81173.0,1:21.173
1082,2023,nyck-de-vries,alphatauri,10,50,81183.0,1:21.183
1082,2023,esteban-ocon,alpine,11,44,81203.0,1:21.203
1082,2023,oscar-piastri,mclaren,12,53,81335.0,1:21.335
1082,2023,logan-sargeant,williams,13,50,81456.0,1:21.456
1082,2023,kevin-magnussen,haas,14,52,81685.0,1:21.685
1082,2023,yuki-tsunoda,alphatauri,15,52,81789.0,1:21.789
1082,2023,guanyu-zhou,alfa-romeo,16,48,81819.0,1:21.819
1082,2023,valtteri-bottas,alfa-romeo,17,46,82233.0,1:22.233
1082,2023,george-russell,mercedes,18,16,82680.0,1:22.680
1082,2023,alexander-albon,williams,19,6,83349.0,1:23.349
1083,2023,george-russell,mercedes,1,51,103370.0,1:43.370
1083,2023,max-verstappen,red-bull,2,51,104232.0,1:44.232
1083,2023,fernando-alonso,aston-martin,3,49,104241.0,1:44.241
1083,2023,charles-leclerc,ferrari,4,49,104561.0,1:44.561
1083,2023,sergio-perez,red-bull,5,50,104589.0,1:44.589
1083,2023,carlos-sainz-jr,ferrari,6,48,105175.0,1:45.175
1083,2023,lewis-hamilton,mercedes,7,48,105346.0,1:45.346
1083,2023,pierre-gasly,alpine,8,47,105540.0,1:45.540
1083,2023,lance-stroll,aston-martin,9,45,105627.0,1:45.627
1083,2023,oscar-piastri,mclaren,10,51,105631.0,1:45.631
1083,2023,yuki-tsunoda,alphatauri,11,51,105727.0,1:45.727
1083,2023,lando-norris,mclaren,12,49,105738.0,1:45.738
1083,2023,kevin-magnussen,haas,13,51,105850.0,1:45.850
1083,2023,esteban-ocon,alpine,14,49,105908.0,1:45.908
1083,2023,alexander-albon,williams,15,51,105925.0,1:45.925
1083,2023,valtteri-bottas,alfa-romeo,16,36,106304.0,1:46.304
1083,2023,logan-sargeant,williams,17,49,106501.0,1:46.501
1083,2023,nico-hulkenberg,haas,18,34,106731.0,1:46.731
1083,2023,guanyu-zhou,alfa-romeo,19,31,107553.0,1:47.553
1083,2023,nyck-de-vries,alphatauri,20,4,108781.0,1:48.781
1084,2023,max-verstappen,red-bull,1,56,89708.0,1:29.708
1084,2023,fernando-alonso,aston-martin,2,57,90519.0,1:30.519
1084,2023,sergio-perez,red-bull,3,57,90560.0,1:30.560
1084,2023,lewis-hamilton,mercedes,4,57,90669.0,1:30.669
1084,2023,lance-stroll,aston-martin,5,44,90862.0,1:30.862
1084,2023,nico-hulkenberg,haas,6,36,90901.0,1:30.901
1084,2023,george-russell,mercedes,7,57,91015.0,1:31.015
1084,2023,yuki-tsunoda,alphatauri,8,56,91038.0,1:31.038
1084,2023,esteban-ocon,alpine,9,56,91143.0,1:31.143
1084,2023,carlos-sainz-jr,ferrari,10,55,91362.0,1:31.362
1084,2023,charles-leclerc,ferrari,11,57,91434.0,1:31.434
1084,2023,nyck-de-vries,alphatauri,12,57,91562.0,1:31.562
1084,2023,kevin-magnussen,haas,13,53,91691.0,1:31.691
1084,2023,guanyu-zhou,alfa-romeo,14,56,91736.0,1:31.736
1084,2023,valtteri-bottas,alfa-romeo,15,56,91838.0,1:31.838
1084,2023,alexander-albon,williams,16,55,91852.0,1:31.852
1084,2023,pierre-gasly,alpine,17,55,91971.0,1:31.971
1084,2023,oscar-piastri,mclaren,18,56,92006.0,1:32.006
1084,2023,logan-sargeant,williams,19,50,92384.0,1:32.384
1084,2023,lando-norris,mclaren,20,47,92401.0,1:32.401
1085,2023,lewis-hamilton,mercedes,1,33,75650.0,1:15.650
1085,2023,charles-leclerc,ferrari,2,46,75773.0,1:15.773
1085,2023,pierre-gasly,alpine,3,49,75831.0,1:15.831
1085,2023,sergio-perez,red-bull,4,5,76269.0,1:16.269
1085,2023,carlos-sainz-jr,ferrari,5,43,76449.0,1:16.449
1085,2023,esteban-ocon,alpine,6,41,76528.0,1:16.528
1085,2023,max-verstappen,red-bull,7,23,76604.0,1:16.604
1085,2023,alexander-albon,williams,8,24,76672.0,1:16.672
1085,2023,fernando-alonso,aston-martin,9,43,76674.0,1:16.674
1085,2023,george-russell,mercedes,10,48,76798.0,1:16.798
1085,2023,guanyu-zhou,alfa-romeo,11,5,76926.0,1:16.926
1085,2023,nico-hulkenberg,haas,12,6,76991.0,1:16.991
1085,2023,logan-sargeant,williams,13,32,77302.0,1:17.302
1085,2023,oscar-piastri,mclaren,14,47,77513.0,1:17.513
1085,2023,nyck-de-vries,alphatauri,15,43,77561.0,1:17.561
1085,2023,yuki-tsunoda,alphatauri,16,36,77680.0,1:17.680
1085,2023,lance-stroll,aston-martin,17,18,77769.0,1:17.769
1085,2023,valtteri-bottas,alfa-romeo,18,19,77824.0,1:17.824
1085,2023,lando-norris,mclaren,19,46,77844.0,1:17.844
1085,2023,kevin-magnussen,haas,20,41,78351.0,1:18.351
1086,2023,max-verstappen,red-bull,1,61,76330.0,1:16.330
1086,2023,sergio-perez,red-bull,2,52,76666.0,1:16.666
1086,2023,lewis-hamilton,mercedes,3,62,76676.0,1:16.676
1086,2023,lando-norris,mclaren,4,55,77182.0,1:17.182
1086,2023,george-russell,mercedes,5,48,77875.0,1:17.875
1086,2023,kevin-magnussen,haas,6,44,78069.0,1:18.069
1086,2023,fernando-alonso,aston-martin,7,49,78083.0,1:18.083
1086,2023,valtteri-bottas,alfa-romeo,8,50,78242.0,1:18.242
1086,2023,charles-leclerc,ferrari,9,52,78357.0,1:18.357
1086,2023,pierre-gasly,alpine,10,41,78375.0,1:18.375
1086,2023,carlos-sainz-jr,ferrari,11,60,78403.0,1:18.403
1086,2023,nyck-de-vries,alphatauri,12,41,78594.0,1:18.594
1086,2023,oscar-piastri,mclaren,13,41,78679.0,1:18.679
1086,2023,lance-stroll,aston-martin,14,56,78722.0,1:18.722
1086,2023,guanyu-zhou,alfa-romeo,15,38,78753.0,1:18.753
1086,2023,nico-hulkenberg,haas,16,53,78776.0,1:18.776
1086,2023,yuki-tsunoda,alphatauri,17,59,78904.0,1:18.904
1086,2023,esteban-ocon,alpine,18,54,78946.0,1:18.946
1086,2023,alexander-albon,williams,19,59,79133.0,1:19.133
1086,2023,logan-sargeant,williams,20,41,79247.0,1:19.247
1087,2023,sergio-perez,red-bull,1,70,74481.0,1:14.481
1087,2023,lewis-hamilton,mercedes,2,47,75396.0,1:15.396
1087,2023,max-verstappen,red-bull,3,68,75594.0,1:15.594
1087,2023,fernando-alonso,aston-martin,4,62,75779.0,1:15.779
1087,2023,charles-leclerc,ferrari,5,47,75907.0,1:15.907
1087,2023,carlos-sainz-jr,ferrari,6,47,75911.0,1:15.911
1087,2023,kevin-magnussen,haas,7,55,76126.0,1:16.126
1087,2023,lando-norris,mclaren,8,65,76374.0,1:16.374
1087,2023,pierre-gasly,alpine,9,67,76425.0,1:16.425
1087,2023,lance-stroll,aston-martin,10,58,76564.0,1:16.564
1087,2023,oscar-piastri,mclaren,11,59,76598.0,1:16.598
1087,2023,valtteri-bottas,alfa-romeo,12,52,76625.0,1:16.625
1087,2023,nyck-de-vries,alphatauri,13,52,76656.0,1:16.656
1087,2023,yuki-tsunoda,alphatauri,14,68,76666.0,1:16.666
1087,2023,esteban-ocon,alpine,15,63,76782.0,1:16.782
1087,2023,alexander-albon,williams,16,68,76917.0,1:16.917
1087,2023,guanyu-zhou,alfa-romeo,17,58,77090.0,1:17.090
1087,2023,george-russell,mercedes,18,44,77097.0,1:17.097
1087,2023,nico-hulkenberg,haas,19,37,77232.0,1:17.232
1087,2023,logan-sargeant,williams,20,4,78437.0,1:18.437
1088,2023,max-verstappen,red-bull,1,71,67012.0,1:07.012
1088,2023,sergio-perez,red-bull,2,52,68111.0,1:08.111
1088,2023,lance-stroll,aston-martin,3,57,68463.0,1:08.463
1088,2023,lando-norris,mclaren,4,48,68739.0,1:08.739
1088,2023,charles-leclerc,ferrari,5,51,68820.0,1:08.820
1088,2023,carlos-sainz-jr,ferrari,6,50,68880.0,1:08.880
1088,2023,pierre-gasly,alpine,7,48,69046.0,1:09.046
1088,2023,fernando-alonso,aston-martin,8,54,69108.0,1:09.108
1088,2023,lewis-hamilton,mercedes,9,48,69160.0,1:09.160
1088,2023,george-russell,mercedes,10,49,69283.0,1:09.283
1088,2023,alexander-albon,williams,11,53,69560.0,1:09.560
1088,2023,logan-sargeant,williams,12,45,69611.0,1:09.611
1088,2023,yuki-tsunoda,alphatauri,13,45,69620.0,1:09.620
1088,2023,guanyu-zhou,alfa-romeo,14,46,69786.0,1:09.786
1088,2023,esteban-ocon,alpine,15,50,69797.0,1:09.797
1088,2023,nyck-de-vries,alphatauri,16,46,69852.0,1:09.852
1088,2023,oscar-piastri,mclaren,17,46,69862.0,1:09.862
1088,2023,valtteri-bottas,alfa-romeo,18,49,69940.0,1:09.940
1088,2023,kevin-magnussen,haas,19,37,70176.0,1:10.176
1088,2023,nico-hulkenberg,haas,20,7,71066.0,1:11.066
1089,2023,max-verstappen,red-bull,1,42,90275.0,1:30.275
1089,2023,lando-norris,mclaren,2,43,90543.0,1:30.543
1089,2023,lewis-hamilton,mercedes,3,43,90545.0,1:30.545
1089,2023,oscar-piastri,mclaren,4,41,90850.0,1:30.850
1089,2023,sergio-perez,red-bull,5,51,90914.0,1:30.914
1089,2023,george-russell,mercedes,6,41,91124.0,1:31.124
1089,2023,charles-leclerc,ferrari,7,48,91255.0,1:31.255
1089,2023,alexander-albon,williams,8,41,91273.0,1:31.273
1089,2023,fernando-alonso,aston-martin,9,48,91338.0,1:31.338
1089,2023,carlos-sainz-jr,ferrari,10,51,91366.0,1:31.366
1089,2023,lance-stroll,aston-martin,11,42,91508.0,1:31.508
1089,2023,pierre-gasly,alpine,12,42,91539.0,1:31.539
1089,2023,logan-sargeant,williams,13,42,91699.0,1:31.699
1089,2023,guanyu-zhou,alfa-romeo,14,48,91769.0,1:31.769
1089,2023,nico-hulkenberg,haas,15,52,91776.0,1:31.776
1089,2023,valtteri-bottas,alfa-romeo,16,52,91852.0,1:31.852
1089,2023,yuki-tsunoda,alphatauri,17,48,92084.0,1:32.084
1089,2023,nyck-de-vries,alphatauri,18,48,92353.0,1:32.353
1089,2023,kevin-magnussen,haas,19,29,93356.0,1:33.356
1089,2023,esteban-ocon,alpine,20,4,93941.0,1:33.941
1090,2023,max-verstappen,red-bull,1,53,80504.0,1:20.504
1090,2023,lewis-hamilton,mercedes,2,54,81601.0,1:21.601
1090,2023,george-russell,mercedes,3,48,82158.0,1:22.158
1090,2023,lando-norris,mclaren,4,50,82178.0,1:22.178
1090,2023,sergio-perez,red-bull,5,53,82295.0,1:22.295
1090,2023,charles-leclerc,ferrari,6,50,82469.0,1:22.469
1090,2023,carlos-sainz-jr,ferrari,7,54,82584.0,1:22.584
1090,2023,oscar-piastri,mclaren,8,45,82736.0,1:22.736
1090,2023,fernando-alonso,aston-martin,9,51,82745.0,1:22.745
1090,2023,yuki-tsunoda,alphatauri,10,68,83269.0,1:23.269
1090,2023,lance-stroll,aston-martin,11,54,83425.0,1:23.425
1090,2023,logan-sargeant,williams,12,36,83496.0,1:23.496
1090,2023,nico-hulkenberg,haas,13,42,83573.0,1:23.573
1090,2023,valtteri-bottas,alfa-romeo,14,42,83651.0,1:23.651
1090,2023,guanyu-zhou,alfa-romeo,15,12,83743.0,1:23.743
1090,2023,kevin-magnussen,haas,16,54,83864.0,1:23.864
1090,2023,daniel-ricciardo,alphatauri,17,67,83934.0,1:23.934
1090,2023,alexander-albon,williams,18,54,84051.0,1:24.051
1091,2023,lewis-hamilton,mercedes,1,44,107305.0,1:47.305
1091,2023,max-verstappen,red-bull,2,32,108922.0,1:48.922
1091,2023,alexander-albon,williams,3,35,109841.0,1:49.841
1091,2023,nico-hulkenberg,haas,4,26,109907.0,1:49.907
1091,2023,guanyu-zhou,alfa-romeo,5,27,110188.0,1:50.188
1091,2023,sergio-perez,red-bull,6,31,110308.0,1:50.308
1091,2023,charles-leclerc,ferrari,7,30,110436.0,1:50.436
1091,2023,esteban-ocon,alpine,8,27,110439.0,1:50.439
1091,2023,logan-sargeant,williams,9,37,110486.0,1:50.486
1091,2023,valtteri-bottas,alfa-romeo,10,26,110515.0,1:50.515
1091,2023,george-russell,mercedes,11,25,110603.0,1:50.603
1091,2023,pierre-gasly,alpine,12,25,110911.0,1:50.911
1091,2023,fernando-alonso,aston-martin,13,42,110938.0,1:50.938
1091,2023,kevin-magnussen,haas,14,27,110993.0,1:50.993
1091,2023,daniel-ricciardo,alphatauri,15,25,110994.0,1:50.994
1091,2023,lance-stroll,aston-martin,16,26,111297.0,1:51.297
1091,2023,yuki-tsunoda,alphatauri,17,26,111394.0,1:51.394
1091,2023,lando-norris,mclaren,18,26,111682.0,1:51.682
1091,2023,carlos-sainz-jr,ferrari,19,9,113138.0,1:53.138
1092,2023,fernando-alonso,aston-martin,1,56,73837.0,1:13.837
1092,2023,max-verstappen,red-bull,2,58,73889.0,1:13.889
1092,2023,lewis-hamilton,mercedes,3,58,73904.0,1:13.904
1092,2023,sergio-perez,red-bull,4,59,74231.0,1:14.231
1092,2023,oscar-piastri,mclaren,5,54,74299.0,1:14.299
1092,2023,lando-norris,mclaren,6,50,74390.0,1:14.390
1092,2023,pierre-gasly,alpine,7,55,74441.0,1:14.441
1092,2023,alexander-albon,williams,8,55,74468.0,1:14.468
1092,2023,nico-hulkenberg,haas,9,53,74472.0,1:14.472
1092,2023,esteban-ocon,alpine,10,51,74570.0,1:14.570
1092,2023,valtteri-bottas,alfa-romeo,11,49,74698.0,1:14.698
1092,2023,liam-lawson,alphatauri,12,49,74820.0,1:14.820
1092,2023,carlos-sainz-jr,ferrari,13,54,74934.0,1:14.934
1092,2023,george-russell,mercedes,14,54,75124.0,1:15.124
1092,2023,lance-stroll,aston-martin,15,37,75171.0,1:15.171
1092,2023,guanyu-zhou,alfa-romeo,16,39,75417.0,1:15.417
1092,2023,kevin-magnussen,haas,17,37,75489.0,1:15.489
1092,2023,yuki-tsunoda,alphatauri,18,35,76253.0,1:16.253
1092,2023,charles-leclerc,ferrari,19,33,77277.0,1:17.277
1092,2023,logan-sargeant,williams,20,13,77399.0,1:17.399
1093,2023,oscar-piastri,mclaren,1,43,85072.0,1:25.072
1093,2023,max-verstappen,red-bull,2,33,85240.0,1:25.240
1093,2023,carlos-sainz-jr,ferrari,3,30,85501.0,1:25.501
1093,2023,sergio-perez,red-bull,4,39,85522.0,1:25.522
1093,2023,charles-leclerc,ferrari,5,38,85580.0,1:25.580
1093,2023,lewis-hamilton,mercedes,6,29,85582.0,1:25.582
1093,2023,pierre-gasly,alpine,7,44,85758.0,1:25.758
1093,2023,liam-lawson,alphatauri,8,44,85842.0,1:25.842
1093,2023,george-russell,mercedes,9,38,85847.0,1:25.847
1093,2023,nico-hulkenberg,haas,10,50,85894.0,1:25.894
1093,2023,guanyu-zhou,alfa-romeo,11,35,85983.0,1:25.983
1093,2023,valtteri-bottas,alfa-romeo,12,27,85988.0,1:25.988
1093,2023,fernando-alonso,aston-martin,13,43,86105.0,1:26.105
1093,2023,lando-norris,mclaren,14,24,86144.0,1:26.144
1093,2023,kevin-magnussen,haas,15,42,86278.0,1:26.278
1093,2023,alexander-albon,williams,16,33,86389.0,1:26.389
1093,2023,lance-stroll,aston-martin,17,31,86617.0,1:26.617
1093,2023,logan-sargeant,williams,18,16,86840.0,1:26.840
1093,2023,esteban-ocon,alpine,19,33,86963.0,1:26.963
1094,2023,lewis-hamilton,mercedes,1,47,95867.0,1:35.867
1094,2023,george-russell,mercedes,2,46,96273.0,1:36.273
1094,2023,fernando-alonso,aston-martin,3,47,96456.0,1:36.456
1094,2023,max-verstappen,red-bull,4,61,96575.0,1:36.575
1094,2023,sergio-perez,red-bull,5,61,97108.0,1:37.108
1094,2023,alexander-albon,williams,6,46,97342.0,1:37.342
1094,2023,carlos-sainz-jr,ferrari,7,47,97666.0,1:37.666
1094,2023,lando-norris,mclaren,8,46,98046.0,1:38.046
1094,2023,valtteri-bottas,alfa-romeo,9,51,98075.0,1:38.075
1094,2023,kevin-magnussen,haas,10,48,98107.0,1:38.107
1094,2023,charles-leclerc,ferrari,11,46,98275.0,1:38.275
1094,2023,pierre-gasly,alpine,12,46,98277.0,1:38.277
1094,2023,oscar-piastri,mclaren,13,46,98492.0,1:38.492
1094,2023,logan-sargeant,williams,14,45,98531.0,1:38.531
1094,2023,liam-lawson,alphatauri,15,47,99028.0,1:39.028
1094,2023,guanyu-zhou,alfa-romeo,16,46,99316.0,1:39.316
1094,2023,nico-hulkenberg,haas,17,50,99923.0,1:39.923
1094,2023,esteban-ocon,alpine,18,33,99930.0,1:39.930
1095,2023,max-verstappen,red-bull,1,39,94183.0,1:34.183
1095,2023,lando-norris,mclaren,2,40,95247.0,1:35.247
1095,2023,lewis-hamilton,mercedes,3,36,95611.0,1:35.611
1095,2023,carlos-sainz-jr,ferrari,4,40,96187.0,1:36.187
1095,2023,oscar-piastri,mclaren,5,38,96328.0,1:36.328
1095,2023,charles-leclerc,ferrari,6,40,96362.0,1:36.362
1095,2023,pierre-gasly,alpine,7,36,96371.0,1:36.371
1095,2023,fernando-alonso,aston-martin,8,28,97203.0,1:37.203
1095,2023,nico-hulkenberg,haas,9,44,97250.0,1:37.250
1095,2023,esteban-ocon,alpine,10,34,97398.0,1:37.398
1095,2023,george-russell,mercedes,11,27,97653.0,1:37.653
1095,2023,yuki-tsunoda,alphatauri,12,36,97768.0,1:37.768
1095,2023,guanyu-zhou,alfa-romeo,13,45,97791.0,1:37.791
1095,2023,kevin-magnussen,haas,14,41,97842.0,1:37.842
1095,2023,liam-lawson,alphatauri,15,50,98267.0,1:38.267
1095,2023,logan-sargeant,williams,16,7,98848.0,1:38.848
1095,2023,lance-stroll,aston-martin,17,16,99050.0,1:39.050
1095,2023,alexander-albon,williams,18,15,99185.0,1:39.185
1095,2023,sergio-perez,red-bull,19,8,99704.0,1:39.704
1095,2023,valtteri-bottas,alfa-romeo,20,5,122755.0,2:02.755
1096,2023,max-verstappen,red-bull,1,56,84319.0,1:24.319
1096,2023,lando-norris,mclaren,2,47,84842.0,1:24.842
1096,2023,oscar-piastri,mclaren,3,48,84921.0,1:24.921
1096,2023,charles-leclerc,ferrari,4,57,84992.0,1:24.992
1096,2023,george-russell,mercedes,5,35,85770.0,1:25.770
1096,2023,fernando-alonso,aston-martin,6,57,86045.0,1:26.045
1096,2023,sergio-perez,red-bull,7,50,86220.0,1:26.220
1096,2023,pierre-gasly,alpine,8,49,86310.0,1:26.310
1096,2023,guanyu-zhou,alfa-romeo,9,54,86323.0,1:26.323
1096,2023,lance-stroll,aston-martin,10,55,86352.0,1:26.352
1096,2023,esteban-ocon,alpine,11,42,86450.0,1:26.450
1096,2023,nico-hulkenberg,haas,12,45,86489.0,1:26.489
1096,2023,valtteri-bottas,alfa-romeo,13,54,86652.0,1:26.652
1096,2023,alexander-albon,williams,14,57,86666.0,1:26.666
1096,2023,kevin-magnussen,haas,15,46,87067.0,1:27.067
1096,2023,liam-lawson,alphatauri,16,54,87113.0,1:27.113
1096,2023,yuki-tsunoda,alphatauri,17,55,87174.0,1:27.174
1096,2023,logan-sargeant,williams,18,31,87983.0,1:27.983
1097,2023,yuki-tsunoda,alphatauri,1,56,98139.0,1:38.139
1097,2023,daniel-ricciardo,alphatauri,2,49,99366.0,1:39.366
1097,2023,george-russell,mercedes,3,48,99393.0,1:39.393
1097,2023,lewis-hamilton,mercedes,4,42,99582.0,1:39.582
1097,2023,sergio-perez,red-bull,5,40,99737.0,1:39.737
1097,2023,lance-stroll,aston-martin,6,48,99908.0,1:39.908
1097,2023,fernando-alonso,aston-martin,7,47,99954.0,1:39.954
1097,2023,lando-norris,mclaren,8,39,99985.0,1:39.985
1097,2023,max-verstappen,red-bull,9,40,100028.0,1:40.028
1097,2023,carlos-sainz-jr,ferrari,10,51,100034.0,1:40.034
1097,2023,pierre-gasly,alpine,11,47,100412.0,1:40.412
1097,2023,nico-hulkenberg,haas,12,45,100925.0,1:40.925
1097,2023,charles-leclerc,ferrari,13,38,101025.0,1:41.025
1097,2023,logan-sargeant,williams,14,34,101238.0,1:41.238
1097,2023,alexander-albon,williams,15,40,101371.0,1:41.371
1097,2023,kevin-magnussen,haas,16,41,101506.0,1:41.506
1097,2023,guanyu-zhou,alfa-romeo,17,51,101879.0,1:41.879
1097,2023,valtteri-bottas,alfa-romeo,18,54,101972.0,1:41.972
1097,2023,oscar-piastri,mclaren,19,5,102705.0,1:42.705
1097,2023,esteban-ocon,alpine,20,2,104789.0,1:44.789
1098,2023,lewis-hamilton,mercedes,1,71,81334.0,1:21.334
1098,2023,max-verstappen,red-bull,2,40,81644.0,1:21.644
1098,2023,lando-norris,mclaren,3,71,81944.0,1:21.944
1098,2023,charles-leclerc,ferrari,4,38,82332.0,1:22.332
1098,2023,yuki-tsunoda,alphatauri,5,11,82501.0,1:22.501
1098,2023,carlos-sainz-jr,ferrari,6,57,82539.0,1:22.539
1098,2023,daniel-ricciardo,alphatauri,7,66,82679.0,1:22.679
1098,2023,oscar-piastri,mclaren,8,53,82760.0,1:22.760
1098,2023,alexander-albon,williams,9,65,82773.0,1:22.773
1098,2023,george-russell,mercedes,10,38,82780.0,1:22.780
1098,2023,esteban-ocon,alpine,11,66,82976.0,1:22.976
1098,2023,logan-sargeant,williams,12,24,83003.0,1:23.003
1098,2023,kevin-magnussen,haas,13,25,83146.0,1:23.146
1098,2023,valtteri-bottas,alfa-romeo,14,43,83166.0,1:23.166
1098,2023,nico-hulkenberg,haas,15,43,83222.0,1:23.222
1098,2023,pierre-gasly,alpine,16,43,83230.0,1:23.230
1098,2023,lance-stroll,aston-martin,17,43,83257.0,1:23.257
1098,2023,fernando-alonso,aston-martin,18,40,83531.0,1:23.531
1098,2023,guanyu-zhou,alfa-romeo,19,39,83567.0,1:23.567
1099,2023,lando-norris,mclaren,1,61,72486.0,1:12.486
1099,2023,max-verstappen,red-bull,2,68,73422.0,1:13.422
1099,2023,daniel-ricciardo,alphatauri,3,68,73866.0,1:13.866
1099,2023,lance-stroll,aston-martin,4,67,74007.0,1:14.007
1099,2023,sergio-perez,red-bull,5,55,74124.0,1:14.124
1099,2023,esteban-ocon,alpine,6,53,74206.0,1:14.206
1099,2023,yuki-tsunoda,alphatauri,7,64,74231.0,1:14.231
1099,2023,oscar-piastri,mclaren,8,66,74310.0,1:14.310
1099,2023,carlos-sainz-jr,ferrari,9,59,74406.0,1:14.406
1099,2023,fernando-alonso,aston-martin,10,54,74442.0,1:14.442
1099,2023,pierre-gasly,alpine,11,48,74521.0,1:14.521
1099,2023,lewis-hamilton,mercedes,12,59,74739.0,1:14.739
1099,2023,george-russell,mercedes,13,55,74934.0,1:14.934
1099,2023,nico-hulkenberg,haas,14,66,75036.0,1:15.036
1099,2023,valtteri-bottas,alfa-romeo,15,20,75731.0,1:15.731
1099,2023,logan-sargeant,williams,16,51,75738.0,1:15.738
1099,2023,guanyu-zhou,alfa-romeo,17,17,76232.0,1:16.232
1100,2023,oscar-piastri,mclaren,1,47,95490.0,1:35.490
1100,2023,max-verstappen,red-bull,2,44,95614.0,1:35.614
1100,2023,charles-leclerc,ferrari,3,50,95669.0,1:35.669
1100,2023,lewis-hamilton,mercedes,4,48,95716.0,1:35.716
1100,2023,sergio-perez,red-bull,5,40,95939.0,1:35.939
1100,2023,carlos-sainz-jr,ferrari,6,47,95984.0,1:35.984
1100,2023,george-russell,mercedes,7,44,96071.0,1:36.071
1100,2023,fernando-alonso,aston-martin,8,42,96559.0,1:36.559
1100,2023,lance-stroll,aston-martin,9,45,96584.0,1:36.584
1100,2023,esteban-ocon,alpine,10,47,96637.0,1:36.637
1100,2023,pierre-gasly,alpine,11,37,96913.0,1:36.913
1100,2023,daniel-ricciardo,alphatauri,12,50,97108.0,1:37.108
1100,2023,alexander-albon,williams,13,50,97357.0,1:37.357
1100,2023,guanyu-zhou,alfa-romeo,14,32,97375.0,1:37.375
1100,2023,kevin-magnussen,haas,15,50,97455.0,1:37.455
1100,2023,valtteri-bottas,alfa-romeo,16,49,97562.0,1:37.562
1100,2023,nico-hulkenberg,haas,17,43,97565.0,1:37.565
1100,2023,yuki-tsunoda,alphatauri,18,45,97587.0,1:37.587
1100,2023,logan-sargeant,williams,19,32,97740.0,1:37.740
1100,2023,lando-norris,mclaren,20,2,119327.0,1:59.327
1101,2023,max-verstappen,red-bull,1,45,86993.0,1:26.993
1101,2023,sergio-perez,red-bull,2,44,87493.0,1:27.493
1101,2023,alexander-albon,williams,3,45,87845.0,1:27.845
1101,2023,lance-stroll,aston-martin,4,44,88050.0,1:28.050
1101,2023,oscar-piastri,mclaren,5,38,88138.0,1:28.138
1101,2023,lando-norris,mclaren,6,45,88164.0,1:28.164
1101,2023,george-russell,mercedes,7,45,88187.0,1:28.187
1101,2023,charles-leclerc,ferrari,8,44,88199.0,1:28.199
1101,2023,fernando-alonso,aston-martin,9,42,88256.0,1:28.256
1101,2023,lewis-hamilton,mercedes,10,52,88372.0,1:28.372
1101,2023,daniel-ricciardo,alphatauri,11,47,88571.0,1:28.571
1101,2023,logan-sargeant,williams,12,43,88580.0,1:28.580
1101,2023,guanyu-zhou,alfa-romeo,13,43,88746.0,1:28.746
1101,2023,pierre-gasly,alpine,14,35,89016.0,1:29.016
1101,2023,nico-hulkenberg,haas,15,58,89217.0,1:29.217
1101,2023,yuki-tsunoda,alphatauri,16,55,89256.0,1:29.256
1101,2023,carlos-sainz-jr,ferrari,17,42,89452.0,1:29.452
1101,2023,valtteri-bottas,alfa-romeo,18,42,89863.0,1:29.863
1101,2023,kevin-magnussen,haas,19,46,89934.0,1:29.934
1101,2023,esteban-ocon,alpine,20,34,90033.0,1:30.033
1102,2024,max-verstappen,red-bull,1,39,92608.0,1:32.608
1102,2024,charles-leclerc,ferrari,2,36,94090.0,1:34.090
1102,2024,fernando-alonso,aston-martin,3,48,94199.0,1:34.199
1102,2024,sergio-perez,red-bull,4,40,94364.0,1:34.364
1102,2024,lando-norris,mclaren,5,35,94476.0,1:34.476
1102,2024,carlos-sainz-jr,ferrari,6,44,94507.0,1:34.507
1102,2024,lewis-hamilton,mercedes,7,39,94722.0,1:34.722
1102,2024,logan-sargeant,williams,8,42,94735.0,1:34.735
1102,2024,pierre-gasly,alpine,9,45,94805.0,1:34.805
1102,2024,nico-hulkenberg,haas,10,46,94834.0,1:34.834
1102,2024,oscar-piastri,mclaren,11,39,94983.0,1:34.983
1102,2024,george-russell,mercedes,12,40,95065.0,1:35.065
1102,2024,daniel-ricciardo,rb,13,37,95163.0,1:35.163
1102,2024,guanyu-zhou,kick-sauber,14,30,95458.0,1:35.458
1102,2024,kevin-magnussen,haas,15,34,95570.0,1:35.570
1102,2024,lance-stroll,aston-martin,16,30,95632.0,1:35.632
1102,2024,alexander-albon,williams,17,40,95723.0,1:35.723
1102,2024,yuki-tsunoda,rb,18,37,95833.0,1:35.833
1102,2024,valtteri-bottas,kick-sauber,19,33,96202.0,1:36.202
1102,2024,esteban-ocon,alpine,20,34,96226.0,1:36.226
1103,2024,charles-leclerc,ferrari,1,50,91632.0,1:31.632
1103,2024,lewis-hamilton,mercedes,2,38,91746.0,1:31.746
1103,2024,max-verstappen,red-bull,3,50,91773.0,1:31.773
1103,2024,lando-norris,mclaren,4,40,91944.0,1:31.944
1103,2024,oliver-bearman,ferrari,5,50,92186.0,1:32.186
1103,2024,guanyu-zhou,kick-sauber,6,49,92208.0,1:32.208
1103,2024,george-russell,mercedes,7,42,92254.0,1:32.254
1103,2024,sergio-perez,red-bull,8,37,92273.0,1:32.273
1103,2024,alexander-albon,williams,9,50,92307.0,1:32.307
1103,2024,oscar-piastri,mclaren,10,45,92310.0,1:32.310
1103,2024,kevin-magnussen,haas,11,47,92338.0,1:32.338
1103,2024,nico-hulkenberg,haas,12,49,92366.0,1:32.366
1103,2024,fernando-alonso,aston-martin,13,43,92387.0,1:32.387
1103,2024,valtteri-bottas,kick-sauber,14,49,92706.0,1:32.706
1103,2024,logan-sargeant,williams,15,49,93026.0,1:33.026
1103,2024,daniel-ricciardo,rb,16,47,93323.0,1:33.323
1103,2024,esteban-ocon,alpine,17,48,93481.0,1:33.481
1103,2024,yuki-tsunoda,rb,18,44,93523.0,1:33.523
1103,2024,lance-stroll,aston-martin,19,5,95560.0,1:35.560
1104,2024,charles-leclerc,ferrari,1,56,79813.0,1:19.813
1104,2024,lando-norris,mclaren,2,49,79915.0,1:19.915
1104,2024,carlos-sainz-jr,ferrari,3,48,80031.0,1:20.031
1104,2024,oscar-piastri,mclaren,4,54,80199.0,1:20.199
1104,2024,george-russell,mercedes,5,53,80284.0,1:20.284
1104,2024,sergio-perez,red-bull,6,47,80388.0,1:20.388
1104,2024,fernando-alonso,aston-martin,7,52,80493.0,1:20.493
1104,2024,lance-stroll,aston-martin,8,49,80930.0,1:20.930
1104,2024,kevin-magnussen,haas,9,44,81082.0,1:21.082
1104,2024,pierre-gasly,alpine,10,51,81090.0,1:21.090
1104,2024,yuki-tsunoda,rb,11,46,81134.0,1:21.134
1104,2024,nico-hulkenberg,haas,12,46,81145.0,1:21.145
1104,2024,daniel-ricciardo,rb,13,46,81239.0,1:21.239
1104,2024,guanyu-zhou,kick-sauber,14,49,81327.0,1:21.327
1104,2024,esteban-ocon,alpine,15,45,81354.0,1:21.354
1104,2024,valtteri-bottas,kick-sauber,16,48,81422.0,1:21.422
1104,2024,alexander-albon,williams,17,46,81618.0,1:21.618
1104,2024,lewis-hamilton,mercedes,18,11,82444.0,1:22.444
1104,2024,max-verstappen,red-bull,19,3,83115.0,1:23.115
1105,2024,max-verstappen,red-bull,1,50,93706.0,1:33.706
1105,2024,carlos-sainz-jr,ferrari,2,46,93841.0,1:33.841
1105,2024,sergio-perez,red-bull,3,35,93945.0,1:33.945
1105,2024,lewis-hamilton,mercedes,4,41,93952.0,1:33.952
1105,2024,george-russell,mercedes,5,39,94404.0,1:34.404
1105,2024,fernando-alonso,aston-martin,6,53,94726.0,1:34.726
1105,2024,oscar-piastri,mclaren,7,35,94802.0,1:34.802
1105,2024,logan-sargeant,williams,8,43,94900.0,1:34.900
1105,2024,charles-leclerc,ferrari,9,53,95044.0,1:35.044
1105,2024,lando-norris,mclaren,10,51,95186.0,1:35.186
1105,2024,nico-hulkenberg,haas,11,52,95325.0,1:35.325
1105,2024,lance-stroll,aston-martin,12,41,95798.0,1:35.798
1105,2024,esteban-ocon,alpine,13,52,96232.0,1:36.232
1105,2024,yuki-tsunoda,rb,14,51,96342.0,1:36.342
1105,2024,valtteri-bottas,kick-sauber,15,25,96608.0,1:36.608
1105,2024,pierre-gasly,alpine,16,48,96642.0,1:36.642
1105,2024,kevin-magnussen,haas,17,24,96654.0,1:36.654
1105,2024,guanyu-zhou,kick-sauber,18,9,97160.0,1:37.160
1106,2024,fernando-alonso,aston-martin,1,45,97810.0,1:37.810
1106,2024,max-verstappen,red-bull,2,33,98406.0,1:38.406
1106,2024,guanyu-zhou,kick-sauber,3,42,98633.0,1:38.633
1106,2024,lando-norris,mclaren,4,33,98751.0,1:38.751
1106,2024,pierre-gasly,alpine,5,40,99198.0,1:39.198
1106,2024,charles-leclerc,ferrari,6,33,99384.0,1:39.384
1106,2024,sergio-perez,red-bull,7,33,99388.0,1:39.388
1106,2024,lance-stroll,aston-martin,8,37,99444.0,1:39.444
1106,2024,oscar-piastri,mclaren,9,18,99739.0,1:39.739
1106,2024,carlos-sainz-jr,ferrari,10,19,99764.0,1:39.764
1106,2024,george-russell,mercedes,11,39,100112.0,1:40.112
1106,2024,alexander-albon,williams,12,34,100790.0,1:40.790
1106,2024,nico-hulkenberg,haas,13,32,100815.0,1:40.815
1106,2024,lewis-hamilton,mercedes,14,34,100835.0,1:40.835
1106,2024,esteban-ocon,alpine,15,33,100937.0,1:40.937
1106,2024,daniel-ricciardo,rb,16,16,100994.0,1:40.994
1106,2024,logan-sargeant,williams,17,14,101000.0,1:41.000
1106,2024,kevin-magnussen,haas,18,45,101077.0,1:41.077
1106,2024,valtteri-bottas,kick-sauber,19,11,101276.0,1:41.276
1106,2024,yuki-tsunoda,rb,20,11,101593.0,1:41.593
1107,2024,oscar-piastri,mclaren,1,43,90634.0,1:30.634
1107,2024,alexander-albon,williams,2,55,90849.0,1:30.849
1107,2024,sergio-perez,red-bull,3,55,90855.0,1:30.855
1107,2024,carlos-sainz-jr,ferrari,4,55,90928.0,1:30.928
1107,2024,lando-norris,mclaren,5,55,90980.0,1:30.980
1107,2024,charles-leclerc,ferrari,6,56,91084.0,1:31.084
1107,2024,lewis-hamilton,mercedes,7,54,91233.0,1:31.233
1107,2024,max-verstappen,red-bull,8,48,91261.0,1:31.261
1107,2024,lance-stroll,aston-martin,9,57,91588.0,1:31.588
1107,2024,yuki-tsunoda,rb,10,55,91682.0,1:31.682
1107,2024,fernando-alonso,aston-martin,11,55,91727.0,1:31.727
1107,2024,kevin-magnussen,haas,12,33,91774.0,1:31.774
1107,2024,george-russell,mercedes,13,43,91921.0,1:31.921
1107,2024,nico-hulkenberg,haas,14,56,91941.0,1:31.941
1107,2024,guanyu-zhou,kick-sauber,15,56,91991.0,1:31.991
1107,2024,esteban-ocon,alpine,16,51,92037.0,1:32.037
1107,2024,pierre-gasly,alpine,17,56,92055.0,1:32.055
1107,2024,valtteri-bottas,kick-sauber,18,55,92098.0,1:32.098
1107,2024,daniel-ricciardo,rb,19,57,92122.0,1:32.122
1107,2024,logan-sargeant,williams,20,15,93452.0,1:33.452
1108,2024,george-russell,mercedes,1,54,78589.0,1:18.589
1108,2024,fernando-alonso,aston-martin,2,62,79004.0,1:19.004
1108,2024,sergio-perez,red-bull,3,52,79686.0,1:19.686
1108,2024,oscar-piastri,mclaren,4,25,79907.0,1:19.907
1108,2024,charles-leclerc,ferrari,5,27,79935.0,1:19.935
1108,2024,lando-norris,mclaren,6,54,79994.0,1:19.994
1108,2024,carlos-sainz-jr,ferrari,7,63,80220.0,1:20.220
1108,2024,lewis-hamilton,mercedes,8,43,80331.0,1:20.331
1108,2024,max-verstappen,red-bull,9,38,80366.0,1:20.366
1108,2024,lance-stroll,aston-martin,10,58,80570.0,1:20.570
1108,2024,yuki-tsunoda,rb,11,14,80936.0,1:20.936
1108,2024,kevin-magnussen,haas,12,58,81009.0,1:21.009
1108,2024,guanyu-zhou,kick-sauber,13,37,81016.0,1:21.016
1108,2024,logan-sargeant,williams,14,55,81229.0,1:21.229
1108,2024,alexander-albon,williams,15,48,81274.0,1:21.274
1108,2024,esteban-ocon,alpine,16,37,81304.0,1:21.304
1108,2024,pierre-gasly,alpine,17,10,81371.0,1:21.371
1108,2024,valtteri-bottas,kick-sauber,18,11,81455.0,1:21.455
1108,2024,daniel-ricciardo,rb,19,13,81569.0,1:21.569
1108,2024,nico-hulkenberg,haas,20,3,81700.0,1:21.700
1109,2024,lewis-hamilton,mercedes,1,63,74165.0,1:14.165
1109,2024,max-verstappen,red-bull,2,58,74569.0,1:14.569
1109,2024,guanyu-zhou,kick-sauber,3,75,74718.0,1:14.718
1109,2024,yuki-tsunoda,rb,4,77,74720.0,1:14.720
1109,2024,carlos-sainz-jr,ferrari,5,62,74726.0,1:14.726
1109,2024,charles-leclerc,ferrari,6,71,75162.0,1:15.162
1109,2024,george-russell,mercedes,7,73,75228.0,1:15.228
1109,2024,logan-sargeant,williams,8,62,75525.0,1:15.525
1109,2024,pierre-gasly,alpine,9,77,75625.0,1:15.625
1109,2024,lando-norris,mclaren,10,64,75742.0,1:15.742
1109,2024,oscar-piastri,mclaren,11,73,76281.0,1:16.281
1109,2024,valtteri-bottas,kick-sauber,12,17,76561.0,1:16.561
1109,2024,lance-stroll,aston-martin,13,59,76710.0,1:16.710
1109,2024,alexander-albon,williams,14,77,77060.0,1:17.060
1109,2024,daniel-ricciardo,rb,15,46,77172.0,1:17.172
1109,2024,fernando-alonso,aston-martin,16,68,77939.0,1:17.939
1110,2024,lewis-hamilton,mercedes,1,70,74856.0,1:14.856
1110,2024,george-russell,mercedes,2,70,74895.0,1:14.895
1110,2024,lando-norris,mclaren,3,67,75558.0,1:15.558
1110,2024,max-verstappen,red-bull,4,70,75569.0,1:15.569
1110,2024,oscar-piastri,mclaren,5,65,76247.0,1:16.247
1110,2024,fernando-alonso,aston-martin,6,70,76303.0,1:16.303
1110,2024,kevin-magnussen,haas,7,68,76499.0,1:16.499
1110,2024,nico-hulkenberg,haas,8,67,76683.0,1:16.683
1110,2024,lance-stroll,aston-martin,9,70,76762.0,1:16.762
1110,2024,esteban-ocon,alpine,10,70,77012.0,1:17.012
1110,2024,pierre-gasly,alpine,11,70,77013.0,1:17.013
1110,2024,daniel-ricciardo,rb,12,68,77076.0,1:17.076
1110,2024,valtteri-bottas,kick-sauber,13,65,77250.0,1:17.250
1110,2024,yuki-tsunoda,rb,14,70,77309.0,1:17.309
1110,2024,guanyu-zhou,kick-sauber,15,68,77325.0,1:17.325
1110,2024,sergio-perez,red-bull,16,51,78819.0,1:18.819
1110,2024,carlos-sainz-jr,ferrari,17,51,78957.0,1:18.957
1110,2024,alexander-albon,williams,18,51,79359.0,1:19.359
1110,2024,charles-leclerc,ferrari,19,39,86012.0,1:26.012
1110,2024,logan-sargeant,williams,20,19,86484.0,1:26.484
1111,2024,lando-norris,mclaren,1,51,77115.0,1:17.115
1111,2024,max-verstappen,red-bull,2,54,77776.0,1:17.776
1111,2024,sergio-perez,red-bull,3,51,77785.0,1:17.785
1111,2024,lewis-hamilton,mercedes,4,46,77809.0,1:17.809
1111,2024,oscar-piastri,mclaren,5,56,77874.0,1:17.874
1111,2024,charles-leclerc,ferrari,6,52,77897.0,1:17.897
1111,2024,george-russell,mercedes,7,50,78290.0,1:18.290
1111,2024,fernando-alonso,aston-martin,8,50,78334.0,1:18.334
1111,2024,carlos-sainz-jr,ferrari,9,39,78539.0,1:18.539
1111,2024,nico-hulkenberg,haas,10,49,78609.0,1:18.609
1111,2024,guanyu-zhou,kick-sauber,11,50,78771.0,1:18.771
1111,2024,esteban-ocon,alpine,12,54,78982.0,1:18.982
1111,2024,pierre-gasly,alpine,13,51,79045.0,1:19.045
1111,2024,alexander-albon,williams,14,45,79132.0,1:19.132
1111,2024,lance-stroll,aston-martin,15,50,79318.0,1:19.318
1111,2024,yuki-tsunoda,rb,16,56,79447.0,1:19.447
1111,2024,daniel-ricciardo,rb,17,61,79450.0,1:19.450
1111,2024,valtteri-bottas,kick-sauber,18,13,79608.0,1:19.608
1111,2024,kevin-magnussen,haas,19,33,79805.0,1:19.805
1111,2024,logan-sargeant,williams,20,38,80172.0,1:20.172
1112,2024,fernando-alonso,aston-martin,1,70,67694.0,1:07.694
1112,2024,max-verstappen,red-bull,2,68,67719.0,1:07.719
1112,2024,lando-norris,mclaren,3,53,68016.0,1:08.016
1112,2024,oscar-piastri,mclaren,4,56,68697.0,1:08.697
1112,2024,george-russell,mercedes,5,48,69164.0,1:09.164
1112,2024,carlos-sainz-jr,ferrari,6,56,69282.0,1:09.282
1112,2024,lewis-hamilton,mercedes,7,61,69562.0,1:09.562
1112,2024,charles-leclerc,ferrari,8,55,69584.0,1:09.584
1112,2024,pierre-gasly,alpine,9,45,69609.0,1:09.609
1112,2024,esteban-ocon,alpine,10,45,69649.0,1:09.649
1112,2024,sergio-perez,red-bull,11,56,69694.0,1:09.694
1112,2024,kevin-magnussen,haas,12,45,70125.0,1:10.125
1112,2024,lance-stroll,aston-martin,13,54,70143.0,1:10.143
1112,2024,nico-hulkenberg,haas,14,51,70215.0,1:10.215
1112,2024,yuki-tsunoda,rb,15,54,70318.0,1:10.318
1112,2024,alexander-albon,williams,16,41,70364.0,1:10.364
1112,2024,logan-sargeant,williams,17,60,70406.0,1:10.406
1112,2024,daniel-ricciardo,rb,18,49,70426.0,1:10.426
1112,2024,valtteri-bottas,kick-sauber,19,48,70449.0,1:10.449
1112,2024,guanyu-zhou,kick-sauber,20,54,70470.0,1:10.470
1113,2024,carlos-sainz-jr,ferrari,1,52,88293.0,1:28.293
1113,2024,oscar-piastri,mclaren,2,51,88748.0,1:28.748
1113,2024,max-verstappen,red-bull,3,48,88952.0,1:28.952
1113,2024,lando-norris,mclaren,4,43,89262.0,1:29.262
1113,2024,lewis-hamilton,mercedes,5,45,89438.0,1:29.438
1113,2024,sergio-perez,red-bull,6,50,89707.0,1:29.707
1113,2024,fernando-alonso,aston-martin,7,47,89710.0,1:29.710
1113,2024,alexander-albon,williams,8,52,89718.0,1:29.718
1113,2024,charles-leclerc,ferrari,9,43,89748.0,1:29.748
1113,2024,nico-hulkenberg,haas,10,43,89836.0,1:29.836
1113,2024,lance-stroll,aston-martin,11,46,89897.0,1:29.897
1113,2024,logan-sargeant,williams,12,42,89972.0,1:29.972
1113,2024,kevin-magnussen,haas,13,42,90093.0,1:30.093
1113,2024,yuki-tsunoda,rb,14,43,90229.0,1:30.229
1113,2024,daniel-ricciardo,rb,15,47,90735.0,1:30.735
1113,2024,esteban-ocon,alpine,16,46,90875.0,1:30.875
1113,2024,guanyu-zhou,kick-sauber,17,43,91014.0,1:31.014
1113,2024,valtteri-bottas,kick-sauber,18,44,91277.0,1:31.277
1113,2024,george-russell,mercedes,19,3,91298.0,1:31.298
1114,2024,george-russell,mercedes,1,55,80305.0,1:20.305
1114,2024,logan-sargeant,williams,2,65,80561.0,1:20.561
1114,2024,max-verstappen,red-bull,3,51,80908.0,1:20.908
1114,2024,sergio-perez,red-bull,4,49,81096.0,1:21.096
1114,2024,carlos-sainz-jr,ferrari,5,53,81441.0,1:21.441
1114,2024,esteban-ocon,alpine,6,66,81610.0,1:21.610
1114,2024,lando-norris,mclaren,7,50,81712.0,1:21.712
1114,2024,oscar-piastri,mclaren,8,51,81716.0,1:21.716
1114,2024,lewis-hamilton,mercedes,9,54,82153.0,1:22.153
1114,2024,charles-leclerc,ferrari,10,29,82182.0,1:22.182
1114,2024,lance-stroll,aston-martin,11,48,82338.0,1:22.338
1114,2024,daniel-ricciardo,rb,12,30,82640.0,1:22.640
1114,2024,valtteri-bottas,kick-sauber,13,52,82792.0,1:22.792
1114,2024,fernando-alonso,aston-martin,14,52,83063.0,1:23.063
1114,2024,pierre-gasly,alpine,15,31,83340.0,1:23.340
1114,2024,nico-hulkenberg,haas,16,54,83461.0,1:23.461
1114,2024,guanyu-zhou,kick-sauber,17,38,83487.0,1:23.487
1114,2024,yuki-tsunoda,rb,18,57,83533.0,1:23.533
1114,2024,kevin-magnussen,haas,19,50,83553.0,1:23.553
1114,2024,alexander-albon,williams,20,31,83930.0,1:23.930
1115,2024,sergio-perez,red-bull,1,44,104701.0,1:44.701
1115,2024,lando-norris,mclaren,2,31,105563.0,1:45.563
1115,2024,oscar-piastri,mclaren,3,32,105840.0,1:45.840
1115,2024,max-verstappen,red-bull,4,32,106128.0,1:46.128
1115,2024,carlos-sainz-jr,ferrari,5,44,106364.0,1:46.364
1115,2024,lewis-hamilton,mercedes,6,33,106653.0,1:46.653
1115,2024,esteban-ocon,alpine,7,43,106957.0,1:46.957
1115,2024,charles-leclerc,ferrari,8,33,107013.0,1:47.013
1115,2024,valtteri-bottas,kick-sauber,9,37,107019.0,1:47.019
1115,2024,george-russell,mercedes,10,44,107113.0,1:47.113
1115,2024,pierre-gasly,alpine,11,30,107418.0,1:47.418
1115,2024,daniel-ricciardo,rb,12,37,107435.0,1:47.435
1115,2024,logan-sargeant,williams,13,43,107490.0,1:47.490
1115,2024,kevin-magnussen,haas,14,44,107848.0,1:47.848
1115,2024,yuki-tsunoda,rb,15,44,107969.0,1:47.969
1115,2024,alexander-albon,williams,16,44,107996.0,1:47.996
1115,2024,fernando-alonso,aston-martin,17,42,108051.0,1:48.051
1115,2024,lance-stroll,aston-martin,18,44,108105.0,1:48.105
1115,2024,nico-hulkenberg,haas,19,44,108954.0,1:48.954
1115,2024,guanyu-zhou,kick-sauber,20,2,112099.0,1:52.099
1116,2024,lando-norris,mclaren,1,72,73817.0,1:13.817
1116,2024,lewis-hamilton,mercedes,2,62,73878.0,1:13.878
1116,2024,george-russell,mercedes,3,57,73927.0,1:13.927
1116,2024,carlos-sainz-jr,ferrari,4,40,74117.0,1:14.117
1116,2024,oscar-piastri,mclaren,5,36,74237.0,1:14.237
1116,2024,alexander-albon,williams,6,71,74434.0,1:14.434
1116,2024,charles-leclerc,ferrari,7,62,74585.0,1:14.585
1116,2024,sergio-perez,red-bull,8,69,74587.0,1:14.587
1116,2024,max-verstappen,red-bull,9,30,74752.0,1:14.752
1116,2024,fernando-alonso,aston-martin,10,34,74758.0,1:14.758
1116,2024,pierre-gasly,alpine,11,54,74855.0,1:14.855
1116,2024,kevin-magnussen,haas,12,42,74954.0,1:14.954
1116,2024,daniel-ricciardo,rb,13,52,75222.0,1:15.222
1116,2024,lance-stroll,aston-martin,14,51,75255.0,1:15.255
1116,2024,esteban-ocon,alpine,15,50,75390.0,1:15.390
1116,2024,logan-sargeant,williams,16,26,75539.0,1:15.539
1116,2024,yuki-tsunoda,rb,17,16,75552.0,1:15.552
1116,2024,nico-hulkenberg,haas,18,59,75657.0,1:15.657
1116,2024,guanyu-zhou,kick-sauber,19,67,75724.0,1:15.724
1116,2024,valtteri-bottas,kick-sauber,20,45,75822.0,1:15.822
1117,2024,lando-norris,mclaren,1,53,81432.0,1:21.432
1117,2024,lewis-hamilton,mercedes,2,53,81512.0,1:21.512
1117,2024,max-verstappen,red-bull,3,43,81745.0,1:21.745
1117,2024,oscar-piastri,mclaren,4,53,81943.0,1:21.943
1117,2024,george-russell,mercedes,5,49,82036.0,1:22.036
1117,2024,lance-stroll,aston-martin,6,52,82232.0,1:22.232
1117,2024,fernando-alonso,aston-martin,7,46,82944.0,1:22.944
1117,2024,sergio-perez,red-bull,8,47,82971.0,1:22.971
1117,2024,carlos-sainz-jr,ferrari,9,53,83219.0,1:23.219
1117,2024,charles-leclerc,ferrari,10,33,83226.0,1:23.226
1117,2024,nico-hulkenberg,haas,11,44,83275.0,1:23.275
1117,2024,kevin-magnussen,haas,12,51,83437.0,1:23.437
1117,2024,valtteri-bottas,kick-sauber,13,52,83609.0,1:23.609
1117,2024,franco-colapinto,williams,14,53,83728.0,1:23.728
1117,2024,pierre-gasly,alpine,15,51,83755.0,1:23.755
1117,2024,alexander-albon,williams,16,53,83918.0,1:23.918
1117,2024,daniel-ricciardo,rb,17,52,84219.0,1:24.219
1117,2024,esteban-ocon,alpine,18,52,84343.0,1:24.343
1117,2024,guanyu-zhou,kick-sauber,19,17,85092.0,1:25.092
1117,2024,yuki-tsunoda,rb,20,4,86198.0,1:26.198
1118,2024,lando-norris,mclaren,1,42,105255.0,1:45.255
1118,2024,george-russell,mercedes,2,45,106628.0,1:46.628
1118,2024,max-verstappen,red-bull,3,42,106798.0,1:46.798
1118,2024,carlos-sainz-jr,ferrari,4,46,106866.0,1:46.866
1118,2024,alexander-albon,williams,5,43,106947.0,1:46.947
1118,2024,sergio-perez,red-bull,6,46,107013.0,1:47.013
1118,2024,oliver-bearman,haas,7,47,107048.0,1:47.048
1118,2024,fernando-alonso,aston-martin,8,48,107057.0,1:47.057
1118,2024,oscar-piastri,mclaren,9,47,107060.0,1:47.060
1118,2024,charles-leclerc,ferrari,10,44,107067.0,1:47.067
1118,2024,lewis-hamilton,mercedes,11,48,107236.0,1:47.236
1118,2024,franco-colapinto,williams,12,44,107274.0,1:47.274
1118,2024,guanyu-zhou,kick-sauber,13,43,107644.0,1:47.644
1118,2024,nico-hulkenberg,haas,14,42,107691.0,1:47.691
1118,2024,pierre-gasly,alpine,15,47,108018.0,1:48.018
1118,2024,lance-stroll,aston-martin,16,31,108148.0,1:48.148
1118,2024,daniel-ricciardo,rb,17,39,108380.0,1:48.380
1118,2024,valtteri-bottas,kick-sauber,18,41,108418.0,1:48.418
1118,2024,esteban-ocon,alpine,19,35,108831.0,1:48.831
1118,2024,yuki-tsunoda,rb,20,8,110887.0,1:50.887
1119,2024,daniel-ricciardo,rb,1,60,94486.0,1:34.486
1119,2024,lando-norris,mclaren,2,48,94925.0,1:34.925
1119,2024,charles-leclerc,ferrari,3,46,95371.0,1:35.371
1119,2024,oscar-piastri,mclaren,4,48,95745.0,1:35.745
1119,2024,max-verstappen,red-bull,5,59,95967.0,1:35.967
1119,2024,yuki-tsunoda,rb,6,53,96393.0,1:36.393
1119,2024,carlos-sainz-jr,ferrari,7,15,96561.0,1:36.561
1119,2024,alexander-albon,williams,8,13,96888.0,1:36.888
1119,2024,pierre-gasly,alpine,9,46,96927.0,1:36.927
1119,2024,george-russell,mercedes,10,30,97047.0,1:37.047
1119,2024,franco-colapinto,williams,11,35,97262.0,1:37.262
1119,2024,lewis-hamilton,mercedes,12,43,97393.0,1:37.393
1119,2024,kevin-magnussen,haas,13,52,97425.0,1:37.425
1119,2024,guanyu-zhou,kick-sauber,14,47,97461.0,1:37.461
1119,2024,nico-hulkenberg,haas,15,35,97470.0,1:37.470
1119,2024,sergio-perez,red-bull,16,33,97477.0,1:37.477
1119,2024,valtteri-bottas,kick-sauber,17,46,97524.0,1:37.524
1119,2024,fernando-alonso,aston-martin,18,54,97741.0,1:37.741
1119,2024,lance-stroll,aston-martin,19,36,97851.0,1:37.851
1119,2024,esteban-ocon,alpine,20,48,97964.0,1:37.964
1120,2024,esteban-ocon,alpine,1,53,97330.0,1:37.330
1120,2024,franco-colapinto,williams,2,46,97611.0,1:37.611
1120,2024,george-russell,mercedes,3,42,97656.0,1:37.656
1120,2024,lando-norris,mclaren,4,55,97679.0,1:37.679
1120,2024,carlos-sainz-jr,ferrari,5,42,97763.0,1:37.763
1120,2024,charles-leclerc,ferrari,6,39,97834.0,1:37.834
1120,2024,oscar-piastri,mclaren,7,42,97883.0,1:37.883
1120,2024,liam-lawson,rb,8,54,98091.0,1:38.091
1120,2024,max-verstappen,red-bull,9,42,98117.0,1:38.117
1120,2024,kevin-magnussen,haas,10,56,98210.0,1:38.210
1120,2024,pierre-gasly,alpine,11,55,98311.0,1:38.311
1120,2024,nico-hulkenberg,haas,12,51,98404.0,1:38.404
1120,2024,sergio-perez,red-bull,13,45,98514.0,1:38.514
1120,2024,alexander-albon,williams,14,54,99084.0,1:39.084
1120,2024,yuki-tsunoda,rb,15,54,99193.0,1:39.193
1120,2024,lance-stroll,aston-martin,16,54,99214.0,1:39.214
1120,2024,fernando-alonso,aston-martin,17,52,99261.0,1:39.261
1120,2024,guanyu-zhou,kick-sauber,18,53,99272.0,1:39.272
1120,2024,valtteri-bottas,kick-sauber,19,53,100575.0,1:40.575
1121,2024,charles-leclerc,ferrari,1,71,78336.0,1:18.336
1121,2024,sergio-perez,red-bull,2,70,79209.0,1:19.209
1121,2024,liam-lawson,rb,3,67,79502.0,1:19.502
1121,2024,lando-norris,mclaren,4,68,79691.0,1:19.691
1121,2024,oscar-piastri,mclaren,5,65,80064.0,1:20.064
1121,2024,franco-colapinto,williams,6,50,80090.0,1:20.090
1121,2024,carlos-sainz-jr,ferrari,7,62,80137.0,1:20.137
1121,2024,lewis-hamilton,mercedes,8,31,80371.0,1:20.371
1121,2024,kevin-magnussen,haas,9,61,80637.0,1:20.637
1121,2024,esteban-ocon,alpine,10,70,80659.0,1:20.659
1121,2024,george-russell,mercedes,11,63,80731.0,1:20.731
1121,2024,nico-hulkenberg,haas,12,69,80748.0,1:20.748
1121,2024,max-verstappen,red-bull,13,53,80872.0,1:20.872
1121,2024,valtteri-bottas,kick-sauber,14,57,81085.0,1:21.085
1121,2024,pierre-gasly,alpine,15,67,81274.0,1:21.274
1121,2024,lance-stroll,aston-martin,16,55,81311.0,1:21.311
1121,2024,guanyu-zhou,kick-sauber,17,56,81553.0,1:21.553
1121,2024,fernando-alonso,aston-martin,18,7,82722.0,1:22.722
1122,2024,max-verstappen,red-bull,1,67,80472.0,1:20.472
1122,2024,lando-norris,mclaren,2,67,81517.0,1:21.517
1122,2024,oscar-piastri,mclaren,3,69,81532.0,1:21.532
1122,2024,charles-leclerc,ferrari,4,60,81631.0,1:21.631
1122,2024,pierre-gasly,alpine,5,66,81645.0,1:21.645
1122,2024,george-russell,mercedes,6,66,81645.0,1:21.645
1122,2024,esteban-ocon,alpine,7,64,81771.0,1:21.771
1122,2024,yuki-tsunoda,rb,8,69,81828.0,1:21.828
1122,2024,lewis-hamilton,mercedes,9,69,82041.0,1:22.041
1122,2024,liam-lawson,rb,10,67,82123.0,1:22.123
1122,2024,sergio-perez,red-bull,11,67,82143.0,1:22.143
1122,2024,fernando-alonso,aston-martin,12,59,82293.0,1:22.293
1122,2024,oliver-bearman,haas,13,64,82494.0,1:22.494
1122,2024,valtteri-bottas,kick-sauber,14,67,82877.0,1:22.877
1122,2024,guanyu-zhou,kick-sauber,15,65,83058.0,1:23.058
1122,2024,nico-hulkenberg,haas,16,21,83764.0,1:23.764
1122,2024,carlos-sainz-jr,ferrari,17,19,84201.0,1:24.201
1122,2024,franco-colapinto,williams,18,21,84296.0,1:24.296
1123,2024,lando-norris,mclaren,1,50,94876.0,1:34.876
1123,2024,lewis-hamilton,mercedes,2,41,95480.0,1:35.480
1123,2024,charles-leclerc,ferrari,3,40,95674.0,1:35.674
1123,2024,george-russell,mercedes,4,46,95717.0,1:35.717
1123,2024,carlos-sainz-jr,ferrari,5,44,95875.0,1:35.875
1123,2024,max-verstappen,red-bull,6,43,96248.0,1:36.248
1123,2024,guanyu-zhou,kick-sauber,7,46,96324.0,1:36.324
1123,2024,sergio-perez,red-bull,8,42,96326.0,1:36.326
1123,2024,esteban-ocon,alpine,9,47,96511.0,1:36.511
1123,2024,fernando-alonso,aston-martin,10,39,96553.0,1:36.553
1123,2024,kevin-magnussen,haas,11,49,96557.0,1:36.557
1123,2024,nico-hulkenberg,haas,12,48,96585.0,1:36.585
1123,2024,oscar-piastri,mclaren,13,44,96598.0,1:36.598
1123,2024,valtteri-bottas,kick-sauber,14,46,96601.0,1:36.601
1123,2024,franco-colapinto,williams,15,37,96867.0,1:36.867
1123,2024,yuki-tsunoda,rb,16,48,96957.0,1:36.957
1123,2024,liam-lawson,rb,17,45,96980.0,1:36.980
1123,2024,lance-stroll,aston-martin,18,43,97179.0,1:37.179
1123,2024,alexander-albon,williams,19,21,98008.0,1:38.008
1123,2024,pierre-gasly,alpine,20,13,98314.0,1:38.314
1124,2024,lando-norris,mclaren,1,56,82384.0,1:22.384
1124,2024,max-verstappen,red-bull,2,55,82905.0,1:22.905
1124,2024,oscar-piastri,mclaren,3,51,83218.0,1:23.218
1124,2024,charles-leclerc,ferrari,4,53,83242.0,1:23.242
1124,2024,george-russell,mercedes,5,50,83355.0,1:23.355
1124,2024,carlos-sainz-jr,ferrari,6,52,83465.0,1:23.465
1124,2024,fernando-alonso,aston-martin,7,57,83667.0,1:23.667
1124,2024,pierre-gasly,alpine,8,56,83705.0,1:23.705
1124,2024,lewis-hamilton,mercedes,9,52,83865.0,1:23.865
1124,2024,guanyu-zhou,kick-sauber,10,57,83889.0,1:23.889
1124,2024,kevin-magnussen,haas,11,55,84259.0,1:24.259
1124,2024,sergio-perez,red-bull,12,31,85288.0,1:25.288
1124,2024,valtteri-bottas,kick-sauber,13,53,85533.0,1:25.533
1124,2024,alexander-albon,williams,14,47,85559.0,1:25.559
1124,2024,nico-hulkenberg,haas,15,33,85767.0,1:25.767
1124,2024,liam-lawson,rb,16,46,86076.0,1:26.076
1124,2024,yuki-tsunoda,rb,17,47,86144.0,1:26.144
1124,2024,lance-stroll,aston-martin,18,6,90935.0,1:30.935
1125,2024,kevin-magnussen,haas,1,57,85637.0,1:25.637
1125,2024,lewis-hamilton,mercedes,2,44,87278.0,1:27.278
1125,2024,lando-norris,mclaren,3,52,87438.0,1:27.438
1125,2024,oscar-piastri,mclaren,4,51,87690.0,1:27.690
1125,2024,carlos-sainz-jr,ferrari,5,55,87765.0,1:27.765
1125,2024,max-verstappen,red-bull,6,56,87765.0,1:27.765
1125,2024,fernando-alonso,aston-martin,7,51,87948.0,1:27.948
1125,2024,guanyu-zhou,kick-sauber,8,56,87982.0,1:27.982
1125,2024,charles-leclerc,ferrari,9,51,88018.0,1:28.018
1125,2024,george-russell,mercedes,10,56,88195.0,1:28.195
1125,2024,lance-stroll,aston-martin,11,42,88604.0,1:28.604
1125,2024,liam-lawson,rb,12,52,88751.0,1:28.751
1125,2024,jack-doohan,alpine,13,56,89121.0,1:29.121
1125,2024,nico-hulkenberg,haas,14,17,89152.0,1:29.152
1125,2024,yuki-tsunoda,rb,15,41,89200.0,1:29.200
1125,2024,pierre-gasly,alpine,16,30,89251.0,1:29.251
1125,2024,franco-colapinto,williams,17,5,89411.0,1:29.411
1125,2024,alexander-albon,williams,18,46,89438.0,1:29.438
1125,2024,valtteri-bottas,kick-sauber,19,14,89482.0,1:29.482
1126,2025,lando-norris,mclaren,1,43,82167.0,1:22.167
1126,2025,liam-lawson,red-bull,2,43,82970.0,1:22.970
1126,2025,max-verstappen,red-bull,3,43,83081.0,1:23.081
1126,2025,oscar-piastri,mclaren,4,43,83242.0,1:23.242
1126,2025,gabriel-bortoleto,kick-sauber,5,43,84192.0,1:24.192
1126,2025,yuki-tsunoda,racing-bulls,6,43,84194.0,1:24.194
1126,2025,lewis-hamilton,ferrari,7,43,84218.0,1:24.218
1126,2025,alexander-albon,williams,8,43,84597.0,1:24.597
1126,2025,kimi-antonelli,mercedes,9,43,84901.0,1:24.901
1126,2025,pierre-gasly,alpine,10,43,85020.0,1:25.020
1126,2025,george-russell,mercedes,11,43,85065.0,1:25.065
1126,2025,nico-hulkenberg,kick-sauber,12,43,85243.0,1:25.243
1126,2025,charles-leclerc,ferrari,13,43,85271.0,1:25.271
1126,2025,lance-stroll,aston-martin,14,43,85538.0,1:25.538
1126,2025,esteban-ocon,haas,15,42,86764.0,1:26.764
1126,2025,oliver-bearman,haas,16,42,87603.0,1:27.603
1126,2025,fernando-alonso,aston-martin,17,32,88819.0,1:28.819
1127,2025,lando-norris,mclaren,1,53,95454.0,1:35.454
1127,2025,max-verstappen,red-bull,2,56,95488.0,1:35.488
1127,2025,oscar-piastri,mclaren,3,53,95520.0,1:35.520
1127,2025,esteban-ocon,haas,4,56,95740.0,1:35.740
1127,2025,george-russell,mercedes,5,55,95816.0,1:35.816
1127,2025,isack-hadjar,racing-bulls,6,35,95868.0,1:35.868
1127,2025,yuki-tsunoda,racing-bulls,7,49,95871.0,1:35.871
1127,2025,gabriel-bortoleto,kick-sauber,8,28,95874.0,1:35.874
1127,2025,liam-lawson,red-bull,9,32,95985.0,1:35.985
1127,2025,lance-stroll,aston-martin,10,39,96044.0,1:36.044
1127,2025,kimi-antonelli,mercedes,11,56,96046.0,1:36.046
1127,2025,alexander-albon,williams,12,52,96254.0,1:36.254
1127,2025,oliver-bearman,haas,13,52,96363.0,1:36.363
1127,2025,jack-doohan,alpine,14,52,96424.0,1:36.424
1127,2025,carlos-sainz-jr,williams,15,50,96779.0,1:36.779
1127,2025,nico-hulkenberg,kick-sauber,16,35,97275.0,1:37.275
1127,2025,fernando-alonso,aston-martin,17,3,99256.0,1:39.256
1127,2025,lewis-hamilton,ferrari,18,41,95069.0,1:35.069
1128,2025,kimi-antonelli,mercedes,1,50,90965.0,1:30.965
1128,2025,oscar-piastri,mclaren,2,53,91039.0,1:31.039
1128,2025,max-verstappen,red-bull,3,52,91041.0,1:31.041
1128,2025,carlos-sainz-jr,williams,4,36,91106.0,1:31.106
1128,2025,lando-norris,mclaren,5,51,91116.0,1:31.116
1128,2025,alexander-albon,williams,6,52,91125.0,1:31.125
1128,2025,isack-hadjar,racing-bulls,7,52,91317.0,1:31.317
1128,2025,george-russell,mercedes,8,51,91357.0,1:31.357
1128,2025,lewis-hamilton,ferrari,9,51,91406.0,1:31.406
1128,2025,charles-leclerc,ferrari,10,47,91469.0,1:31.469
1128,2025,fernando-alonso,aston-martin,11,51,91770.0,1:31.770
1128,2025,pierre-gasly,alpine,12,52,91820.0,1:31.820
1128,2025,yuki-tsunoda,red-bull,13,51,91871.0,1:31.871
1128,2025,esteban-ocon,haas,14,48,91967.0,1:31.967
1128,2025,oliver-bearman,haas,15,49,92006.0,1:32.006
1128,2025,gabriel-bortoleto,kick-sauber,16,45,92034.0,1:32.034
1128,2025,liam-lawson,racing-bulls,17,39,92043.0,1:32.043
1128,2025,lance-stroll,aston-martin,18,53,92052.0,1:32.052
1128,2025,nico-hulkenberg,kick-sauber,19,31,92572.0,1:32.572
1128,2025,jack-doohan,alpine,20,47,92685.0,1:32.685
1129,2025,oscar-piastri,mclaren,1,36,95140.0,1:35.140
1129,2025,george-russell,mercedes,2,36,95518.0,1:35.518
1129,2025,lando-norris,mclaren,3,38,95728.0,1:35.728
1129,2025,charles-leclerc,ferrari,4,36,96132.0,1:36.132
1129,2025,max-verstappen,red-bull,5,29,96167.0,1:36.167
1129,2025,lewis-hamilton,ferrari,6,37,96235.0,1:36.235
1129,2025,pierre-gasly,alpine,7,39,96531.0,1:36.531
1129,2025,jack-doohan,alpine,8,31,96682.0,1:36.682
1129,2025,kimi-antonelli,mercedes,9,29,96690.0,1:36.690
1129,2025,isack-hadjar,racing-bulls,10,30,96952.0,1:36.952
1129,2025,carlos-sainz-jr,williams,11,16,96954.0,1:36.954
1129,2025,esteban-ocon,haas,12,30,97098.0,1:37.098
1129,2025,alexander-albon,williams,13,47,97141.0,1:37.141
1129,2025,yuki-tsunoda,red-bull,14,45,97225.0,1:37.225
1129,2025,oliver-bearman,haas,15,40,97303.0,1:37.303
1129,2025,nico-hulkenberg,kick-sauber,16,30,97338.0,1:37.338
1129,2025,liam-lawson,racing-bulls,17,44,97380.0,1:37.380
1129,2025,fernando-alonso,aston-martin,18,38,97906.0,1:37.906
1129,2025,gabriel-bortoleto,kick-sauber,19,38,98006.0,1:38.006
1129,2025,lance-stroll,aston-martin,20,38,98064.0,1:38.064
1130,2025,lando-norris,mclaren,1,41,91778.0,1:31.778
1130,2025,charles-leclerc,ferrari,2,49,92192.0,1:32.192
1130,2025,oscar-piastri,mclaren,3,50,92228.0,1:32.228
1130,2025,max-verstappen,red-bull,4,49,92280.0,1:32.280
1130,2025,kimi-antonelli,mercedes,5,50,92396.0,1:32.396
1130,2025,carlos-sainz-jr,williams,6,50,92466.0,1:32.466
1130,2025,lewis-hamilton,ferrari,7,43,92600.0,1:32.600
1130,2025,lance-stroll,aston-martin,8,44,92745.0,1:32.745
1130,2025,george-russell,mercedes,9,32,92893.0,1:32.893
1130,2025,liam-lawson,racing-bulls,10,43,92998.0,1:32.998
1130,2025,fernando-alonso,aston-martin,11,49,93009.0,1:33.009
1130,2025,jack-doohan,alpine,12,49,93150.0,1:33.150
1130,2025,oliver-bearman,haas,13,50,93238.0,1:33.238
1130,2025,isack-hadjar,racing-bulls,14,39,93257.0,1:33.257
1130,2025,nico-hulkenberg,kick-sauber,15,39,93446.0,1:33.446
1130,2025,alexander-albon,williams,16,47,93477.0,1:33.477
1130,2025,esteban-ocon,haas,17,47,94309.0,1:34.309
1130,2025,gabriel-bortoleto,kick-sauber,18,39,94447.0,1:34.447
1131,2025,lando-norris,mclaren,1,36,89746.0,1:29.746
1131,2025,oscar-piastri,mclaren,2,35,89822.0,1:29.822
1131,2025,george-russell,mercedes,3,31,90318.0,1:30.318
1131,2025,charles-leclerc,ferrari,4,35,90461.0,1:30.461
1131,2025,max-verstappen,red-bull,5,41,90466.0,1:30.466
1131,2025,alexander-albon,williams,6,55,90482.0,1:30.482
1131,2025,lewis-hamilton,ferrari,7,35,90562.0,1:30.562
1131,2025,carlos-sainz-jr,williams,8,35,90703.0,1:30.703
1131,2025,kimi-antonelli,mercedes,9,27,90795.0,1:30.795
1131,2025,yuki-tsunoda,red-bull,10,55,90964.0,1:30.964
1131,2025,isack-hadjar,racing-bulls,11,51,90971.0,1:30.971
1131,2025,nico-hulkenberg,kick-sauber,12,43,91015.0,1:31.015
1131,2025,esteban-ocon,haas,13,30,91122.0,1:31.122
1131,2025,pierre-gasly,alpine,14,35,91159.0,1:31.159
1131,2025,fernando-alonso,aston-martin,15,38,91287.0,1:31.287
1131,2025,lance-stroll,aston-martin,16,51,91769.0,1:31.769
1131,2025,liam-lawson,racing-bulls,17,30,91770.0,1:31.770
1131,2025,gabriel-bortoleto,kick-sauber,18,21,92328.0,1:32.328
1131,2025,oliver-bearman,haas,19,24,92680.0,1:32.680
1132,2025,max-verstappen,red-bull,1,58,77988.0,1:17.988
1132,2025,lewis-hamilton,ferrari,2,61,78265.0,1:18.265
1132,2025,alexander-albon,williams,3,63,78289.0,1:18.289
1132,2025,lando-norris,mclaren,4,63,78311.0,1:18.311
1132,2025,oscar-piastri,mclaren,5,56,78894.0,1:18.894
1132,2025,charles-leclerc,ferrari,6,56,79048.0,1:19.048
1132,2025,isack-hadjar,racing-bulls,7,60,79473.0,1:19.473
1132,2025,oliver-bearman,haas,8,52,79521.0,1:19.521
1132,2025,george-russell,mercedes,9,55,79733.0,1:19.733
1132,2025,carlos-sainz-jr,williams,10,58,79836.0,1:19.836
1132,2025,fernando-alonso,aston-martin,11,61,79894.0,1:19.894
1132,2025,yuki-tsunoda,red-bull,12,60,80039.0,1:20.039
1132,2025,franco-colapinto,alpine,13,57,80345.0,1:20.345
1132,2025,pierre-gasly,alpine,14,58,80398.0,1:20.398
1132,2025,nico-hulkenberg,kick-sauber,15,62,80401.0,1:20.401
1132,2025,liam-lawson,racing-bulls,16,60,80473.0,1:20.473
1132,2025,lance-stroll,aston-martin,17,58,80501.0,1:20.501
1132,2025,kimi-antonelli,mercedes,18,33,80620.0,1:20.620
1132,2025,gabriel-bortoleto,kick-sauber,19,57,80630.0,1:20.630
1132,2025,esteban-ocon,haas,20,3,81413.0,1:21.413
1133,2025,lando-norris,mclaren,1,78,73221.0,1:13.221
1133,2025,george-russell,mercedes,2,76,73405.0,1:13.405
1133,2025,kimi-antonelli,mercedes,3,77,73518.0,1:13.518
1133,2025,oscar-piastri,mclaren,4,60,73745.0,1:13.745
1133,2025,carlos-sainz-jr,williams,5,70,73988.0,1:13.988
1133,2025,charles-leclerc,ferrari,6,36,74055.0,1:14.055
1133,2025,lewis-hamilton,ferrari,7,73,74090.0,1:14.090
1133,2025,max-verstappen,red-bull,8,45,74230.0,1:14.230
1133,2025,alexander-albon,williams,9,76,74597.0,1:14.597
1133,2025,oliver-bearman,haas,10,6,74855.0,1:14.855
1133,2025,lance-stroll,aston-martin,11,69,74877.0,1:14.877
1133,2025,gabriel-bortoleto,kick-sauber,12,38,74884.0,1:14.884
1133,2025,yuki-tsunoda,red-bull,13,77,74913.0,1:14.913
1133,2025,esteban-ocon,haas,14,34,75157.0,1:15.157
1133,2025,nico-hulkenberg,kick-sauber,15,49,75223.0,1:15.223
1133,2025,franco-colapinto,alpine,16,31,75298.0,1:15.298
1133,2025,liam-lawson,racing-bulls,17,55,75321.0,1:15.321
1133,2025,fernando-alonso,aston-martin,18,15,75593.0,1:15.593
1133,2025,isack-hadjar,racing-bulls,19,16,75981.0,1:15.981
1133,2025,pierre-gasly,alpine,20,6,78054.0,1:18.054
1134,2025,oscar-piastri,mclaren,1,61,75743.0,1:15.743
1134,2025,lando-norris,mclaren,2,61,76187.0,1:16.187
1134,2025,max-verstappen,red-bull,3,62,77019.0,1:17.019
1134,2025,george-russell,mercedes,4,62,77244.0,1:17.244
1134,2025,charles-leclerc,ferrari,5,62,77259.0,1:17.259
1134,2025,nico-hulkenberg,kick-sauber,6,63,77575.0,1:17.575
1134,2025,lewis-hamilton,ferrari,7,62,77706.0,1:17.706
1134,2025,isack-hadjar,racing-bulls,8,63,77770.0,1:17.770
1134,2025,pierre-gasly,alpine,9,63,77896.0,1:17.896
1134,2025,yuki-tsunoda,red-bull,10,47,77998.0,1:17.998
1134,2025,fernando-alonso,aston-martin,11,66,78128.0,1:18.128
1134,2025,kimi-antonelli,mercedes,12,52,78255.0,1:18.255
1134,2025,gabriel-bortoleto,kick-sauber,13,52,78297.0,1:18.297
1134,2025,franco-colapinto,alpine,14,42,78353.0,1:18.353
1134,2025,esteban-ocon,haas,15,47,78624.0,1:18.624
1134,2025,oliver-bearman,haas,16,63,78907.0,1:18.907
1134,2025,carlos-sainz-jr,williams,17,65,79317.0,1:19.317
1134,2025,liam-lawson,racing-bulls,18,62,79424.0,1:19.424
1134,2025,alexander-albon,williams,19,9,80508.0,1:20.508
1135,2025,george-russell,mercedes,1,63,74119.0,1:14.119
1135,2025,lando-norris,mclaren,2,65,74229.0,1:14.229
1135,2025,oscar-piastri,mclaren,3,64,74255.0,1:14.255
1135,2025,charles-leclerc,ferrari,4,57,74261.0,1:14.261
1135,2025,max-verstappen,red-bull,5,62,74287.0,1:14.287
1135,2025,carlos-sainz-jr,williams,6,60,74389.0,1:14.389
1135,2025,kimi-antonelli,mercedes,7,60,74455.0,1:14.455
1135,2025,esteban-ocon,haas,8,62,74593.0,1:14.593
1135,2025,lewis-hamilton,ferrari,9,64,74805.0,1:14.805
1135,2025,lance-stroll,aston-martin,10,58,74902.0,1:14.902
1135,2025,pierre-gasly,alpine,11,64,74993.0,1:14.993
1135,2025,fernando-alonso,aston-martin,12,58,75024.0,1:15.024
1135,2025,yuki-tsunoda,red-bull,13,60,75358.0,1:15.358
1135,2025,nico-hulkenberg,kick-sauber,14,65,75372.0,1:15.372
1135,2025,oliver-bearman,haas,15,63,75397.0,1:15.397
1135,2025,gabriel-bortoleto,kick-sauber,16,57,75414.0,1:15.414
1135,2025,franco-colapinto,alpine,17,53,76076.0,1:16.076
1135,2025,alexander-albon,williams,18,31,76197.0,1:16.197
1135,2025,isack-hadjar,racing-bulls,19,51,76292.0,1:16.292
1135,2025,liam-lawson,racing-bulls,20,53,76320.0,1:16.320
1136,2025,oscar-piastri,mclaren,1,59,67924.0,1:07.924
1136,2025,lando-norris,mclaren,2,61,68272.0,1:08.272
1136,2025,lewis-hamilton,ferrari,3,53,68628.0,1:08.628
1136,2025,charles-leclerc,ferrari,4,56,68765.0,1:08.765
1136,2025,lance-stroll,aston-martin,5,56,69214.0,1:09.214
1136,2025,gabriel-bortoleto,kick-sauber,6,60,69247.0,1:09.247
1136,2025,george-russell,mercedes,7,47,69372.0,1:09.372
1136,2025,nico-hulkenberg,kick-sauber,8,57,69459.0,1:09.459
1136,2025,esteban-ocon,haas,9,55,69550.0,1:09.550
1136,2025,franco-colapinto,alpine,10,45,69621.0,1:09.621
1136,2025,yuki-tsunoda,red-bull,11,63,69802.0,1:09.802
1136,2025,fernando-alonso,aston-martin,12,39,69935.0,1:09.935
1136,2025,oliver-bearman,haas,13,43,69960.0,1:09.960
1136,2025,liam-lawson,racing-bulls,14,58,69977.0,1:09.977
1136,2025,pierre-gasly,alpine,15,47,70151.0,1:10.151
1136,2025,isack-hadjar,racing-bulls,16,40,70204.0,1:10.204
1136,2025,alexander-albon,williams,17,9,70641.0,1:10.641
1137,2025,oscar-piastri,mclaren,1,51,89337.0,1:29.337
1137,2025,lando-norris,mclaren,2,48,89734.0,1:29.734
1137,2025,lewis-hamilton,ferrari,3,49,90016.0,1:30.016
1137,2025,alexander-albon,williams,4,50,90047.0,1:30.047
1137,2025,max-verstappen,red-bull,5,49,90179.0,1:30.179
1137,2025,fernando-alonso,aston-martin,6,49,90353.0,1:30.353
1137,2025,carlos-sainz-jr,williams,7,52,90645.0,1:30.645
1137,2025,pierre-gasly,alpine,8,48,90751.0,1:30.751
1137,2025,esteban-ocon,haas,9,52,90818.0,1:30.818
1137,2025,charles-leclerc,ferrari,10,50,90819.0,1:30.819
1137,2025,george-russell,mercedes,11,51,90869.0,1:30.869
1137,2025,yuki-tsunoda,red-bull,12,50,90873.0,1:30.873
1137,2025,oliver-bearman,haas,13,50,90921.0,1:30.921
1137,2025,nico-hulkenberg,kick-sauber,14,51,90933.0,1:30.933
1137,2025,lance-stroll,aston-martin,15,50,92088.0,1:32.088
1137,2025,isack-hadjar,racing-bulls,16,9,101705.0,1:41.705
1137,2025,kimi-antonelli,mercedes,17,8,105576.0,1:45.576
1137,2025,gabriel-bortoleto,kick-sauber,18,3,136121.0,2:16.121
1138,2025,kimi-antonelli,mercedes,1,32,104861.0,1:44.861
1138,2025,nico-hulkenberg,kick-sauber,2,39,105068.0,1:45.068
1138,2025,lando-norris,mclaren,3,42,105257.0,1:45.257
1138,2025,oscar-piastri,mclaren,4,43,105706.0,1:45.706
1138,2025,fernando-alonso,aston-martin,5,32,105849.0,1:45.849
1138,2025,carlos-sainz-jr,williams,6,30,106073.0,1:46.073
1138,2025,max-verstappen,red-bull,7,40,106096.0,1:46.096
1138,2025,franco-colapinto,alpine,8,30,106104.0,1:46.104
1138,2025,charles-leclerc,ferrari,9,40,106174.0,1:46.174
1138,2025,lewis-hamilton,ferrari,10,43,106534.0,1:46.534
1138,2025,george-russell,mercedes,11,43,106566.0,1:46.566
1138,2025,liam-lawson,racing-bulls,12,38,106649.0,1:46.649
1138,2025,oliver-bearman,haas,13,43,106709.0,1:46.709
1138,2025,esteban-ocon,haas,14,44,106744.0,1:46.744
1138,2025,alexander-albon,williams,15,38,106813.0,1:46.813
1138,2025,gabriel-bortoleto,kick-sauber,16,41,106966.0,1:46.966
1138,2025,pierre-gasly,alpine,17,42,107177.0,1:47.177
1138,2025,lance-stroll,aston-martin,18,38,107212.0,1:47.212
1138,2025,yuki-tsunoda,red-bull,19,42,107241.0,1:47.241
1138,2025,isack-hadjar,racing-bulls,20,44,107667.0,1:47.667
1139,2025,george-russell,mercedes,1,45,79409.0,1:19.409
1139,2025,oscar-piastri,mclaren,2,56,79412.0,1:19.412
1139,2025,max-verstappen,red-bull,3,50,79576.0,1:19.576
1139,2025,carlos-sainz-jr,williams,4,54,79790.0,1:19.790
1139,2025,lando-norris,mclaren,5,57,79918.0,1:19.918
1139,2025,nico-hulkenberg,kick-sauber,6,68,80013.0,1:20.013
1139,2025,lewis-hamilton,ferrari,7,55,80022.0,1:20.022
1139,2025,fernando-alonso,aston-martin,8,54,80113.0,1:20.113
1139,2025,charles-leclerc,ferrari,9,47,80440.0,1:20.440
1139,2025,liam-lawson,racing-bulls,10,56,80457.0,1:20.457
1139,2025,gabriel-bortoleto,kick-sauber,11,48,80705.0,1:20.705
1139,2025,lance-stroll,aston-martin,12,55,80708.0,1:20.708
1139,2025,kimi-antonelli,mercedes,13,54,80745.0,1:20.745
1139,2025,alexander-albon,williams,14,50,80779.0,1:20.779
1139,2025,isack-hadjar,racing-bulls,15,48,80802.0,1:20.802
1139,2025,franco-colapinto,alpine,16,38,80827.0,1:20.827
1139,2025,yuki-tsunoda,red-bull,17,47,81180.0,1:21.180
1139,2025,pierre-gasly,alpine,18,46,81433.0,1:21.433
1139,2025,esteban-ocon,haas,19,17,81916.0,1:21.916
1139,2025,oliver-bearman,haas,20,37,81989.0,1:21.989
1140,2025,oscar-piastri,mclaren,1,60,72271.0,1:12.271
1140,2025,lando-norris,mclaren,2,59,72379.0,1:12.379
1140,2025,max-verstappen,red-bull,3,70,72921.0,1:12.921
1140,2025,franco-colapinto,alpine,4,72,73049.0,1:13.049
1140,2025,isack-hadjar,racing-bulls,5,70,73327.0,1:13.327
1140,2025,kimi-antonelli,mercedes,6,70,73480.0,1:13.480
1140,2025,alexander-albon,williams,7,70,73687.0,1:13.687
1140,2025,fernando-alonso,aston-martin,8,42,73719.0,1:13.719
1140,2025,george-russell,mercedes,9,70,73728.0,1:13.728
1140,2025,carlos-sainz-jr,williams,10,58,73808.0,1:13.808
1140,2025,lance-stroll,aston-martin,11,70,73822.0,1:13.822
1140,2025,liam-lawson,racing-bulls,12,60,73879.0,1:13.879
1140,2025,oliver-bearman,haas,13,70,73950.0,1:13.950
1140,2025,esteban-ocon,haas,14,71,73986.0,1:13.986
1140,2025,gabriel-bortoleto,kick-sauber,15,63,74307.0,1:14.307
1140,2025,yuki-tsunoda,red-bull,16,71,74354.0,1:14.354
1140,2025,charles-leclerc,ferrari,17,33,74557.0,1:14.557
1140,2025,nico-hulkenberg,kick-sauber,18,61,74912.0,1:14.912
1140,2025,pierre-gasly,alpine,19,59,75248.0,1:15.248
1140,2025,lewis-hamilton,ferrari,20,6,75684.0,1:15.684
1141,2025,lando-norris,mclaren,1,53,80901.0,1:20.901
1141,2025,max-verstappen,red-bull,2,52,81003.0,1:21.003
1141,2025,oscar-piastri,mclaren,3,47,81245.0,1:21.245
1141,2025,charles-leclerc,ferrari,4,53,81294.0,1:21.294
1141,2025,alexander-albon,williams,5,53,81368.0,1:21.368
1141,2025,lewis-hamilton,ferrari,6,50,81546.0,1:21.546
1141,2025,carlos-sainz-jr,williams,7,47,81740.0,1:21.740
1141,2025,george-russell,mercedes,8,45,81800.0,1:21.800
1141,2025,oliver-bearman,haas,9,53,81820.0,1:21.820
1141,2025,kimi-antonelli,mercedes,10,53,81968.0,1:21.968
1141,2025,isack-hadjar,racing-bulls,11,46,82133.0,1:22.133
1141,2025,gabriel-bortoleto,kick-sauber,12,51,82139.0,1:22.139
1141,2025,lance-stroll,aston-martin,13,52,82164.0,1:22.164
1141,2025,pierre-gasly,alpine,14,53,82185.0,1:22.185
1141,2025,franco-colapinto,alpine,15,48,82239.0,1:22.239
1141,2025,yuki-tsunoda,red-bull,16,52,82712.0,1:22.712
1141,2025,liam-lawson,racing-bulls,17,49,82777.0,1:22.777
1141,2025,esteban-ocon,haas,18,48,82892.0,1:22.892
1141,2025,fernando-alonso,aston-martin,19,23,83757.0,1:23.757
1142,2025,max-verstappen,red-bull,1,50,103388.0,1:43.388
1142,2025,george-russell,mercedes,2,42,103754.0,1:43.754
1142,2025,isack-hadjar,racing-bulls,3,50,103884.0,1:43.884
1142,2025,carlos-sainz-jr,williams,4,47,103972.0,1:43.972
1142,2025,lewis-hamilton,ferrari,5,40,103977.0,1:43.977
1142,2025,kimi-antonelli,mercedes,6,47,104091.0,1:44.091
1142,2025,alexander-albon,williams,7,51,104152.0,1:44.152
1142,2025,lando-norris,mclaren,8,42,104155.0,1:44.155
1142,2025,charles-leclerc,ferrari,9,50,104274.0,1:44.274
1142,2025,oliver-bearman,haas,10,31,104288.0,1:44.288
1142,2025,nico-hulkenberg,kick-sauber,11,47,104370.0,1:44.370
1142,2025,yuki-tsunoda,red-bull,12,41,104434.0,1:44.434
1142,2025,liam-lawson,racing-bulls,13,49,104531.0,1:44.531
1142,2025,gabriel-bortoleto,kick-sauber,14,45,104930.0,1:44.930
1142,2025,fernando-alonso,aston-martin,15,50,105002.0,1:45.002
1142,2025,lance-stroll,aston-martin,16,50,105083.0,1:45.083
1142,2025,esteban-ocon,haas,17,50,105388.0,1:45.388
1142,2025,pierre-gasly,alpine,18,37,105492.0,1:45.492
1142,2025,franco-colapinto,alpine,19,40,106055.0,1:46.055
1143,2025,lewis-hamilton,ferrari,1,48,93808.0,1:33.808
1143,2025,pierre-gasly,alpine,2,54,94573.0,1:34.573
1143,2025,carlos-sainz-jr,williams,3,62,94963.0,1:34.963
1143,2025,kimi-antonelli,mercedes,4,27,95303.0,1:35.303
1143,2025,nico-hulkenberg,kick-sauber,5,48,95404.0,1:35.404
1143,2025,oscar-piastri,mclaren,6,31,95408.0,1:35.408
1143,2025,lando-norris,mclaren,7,36,95555.0,1:35.555
1143,2025,liam-lawson,racing-bulls,8,62,95641.0,1:35.641
1143,2025,alexander-albon,williams,9,61,95648.0,1:35.648
1143,2025,max-verstappen,red-bull,10,30,95649.0,1:35.649
1143,2025,george-russell,mercedes,11,27,95676.0,1:35.676
1143,2025,lance-stroll,aston-martin,12,61,95851.0,1:35.851
1143,2025,fernando-alonso,aston-martin,13,52,95862.0,1:35.862
1143,2025,charles-leclerc,ferrari,14,41,95983.0,1:35.983
1143,2025,oliver-bearman,haas,15,56,96201.0,1:36.201
1143,2025,esteban-ocon,haas,16,32,96646.0,1:36.646
1143,2025,yuki-tsunoda,red-bull,17,45,96831.0,1:36.831
1143,2025,isack-hadjar,racing-bulls,18,55,96938.0,1:36.938
1143,2025,gabriel-bortoleto,kick-sauber,19,16,97126.0,1:37.126
1143,2025,franco-colapinto,alpine,20,17,97182.0,1:37.182
1144,2025,kimi-antonelli,mercedes,1,33,97577.0,1:37.577
1144,2025,lando-norris,mclaren,2,35,97620.0,1:37.620
1144,2025,max-verstappen,red-bull,3,35,97991.0,1:37.991
1144,2025,george-russell,mercedes,4,35,98224.0,1:38.224
1144,2025,charles-leclerc,ferrari,5,47,98231.0,1:38.231
1144,2025,gabriel-bortoleto,kick-sauber,6,39,98275.0,1:38.275
1144,2025,alexander-albon,williams,7,38,98328.0,1:38.328
1144,2025,lewis-hamilton,ferrari,8,55,98361.0,1:38.361
1144,2025,nico-hulkenberg,kick-sauber,9,54,98372.0,1:38.372
1144,2025,oscar-piastri,mclaren,10,55,98564.0,1:38.564
1144,2025,isack-hadjar,racing-bulls,11,54,98724.0,1:38.724
1144,2025,fernando-alonso,aston-martin,12,54,98789.0,1:38.789
1144,2025,yuki-tsunoda,red-bull,13,54,98803.0,1:38.803
1144,2025,liam-lawson,racing-bulls,14,53,98983.0,1:38.983
1144,2025,lance-stroll,aston-martin,15,54,99071.0,1:39.071
1144,2025,oliver-bearman,haas,16,32,99119.0,1:39.119
1144,2025,franco-colapinto,alpine,17,54,99173.0,1:39.173
1144,2025,esteban-ocon,haas,18,31,99263.0,1:39.263
1144,2025,pierre-gasly,alpine,19,30,99270.0,1:39.270
1144,2025,carlos-sainz-jr,williams,20,3,100327.0,1:40.327
1145,2025,george-russell,mercedes,1,50,80052.0,1:20.052
1145,2025,carlos-sainz-jr,williams,2,48,80098.0,1:20.098
1145,2025,oscar-piastri,mclaren,3,53,80422.0,1:20.422
1145,2025,alexander-albon,williams,4,45,80480.0,1:20.480
1145,2025,lance-stroll,aston-martin,5,45,80593.0,1:20.593
1145,2025,lewis-hamilton,ferrari,6,50,80601.0,1:20.601
1145,2025,oliver-bearman,haas,7,51,80705.0,1:20.705
1145,2025,lando-norris,mclaren,8,45,80764.0,1:20.764
1145,2025,kimi-antonelli,mercedes,9,58,80826.0,1:20.826
1145,2025,max-verstappen,red-bull,10,50,81108.0,1:21.108
1145,2025,gabriel-bortoleto,kick-sauber,11,39,81121.0,1:21.121
1145,2025,franco-colapinto,alpine,12,51,81342.0,1:21.342
1145,2025,yuki-tsunoda,red-bull,13,44,81486.0,1:21.486
1145,2025,charles-leclerc,ferrari,14,45,81588.0,1:21.588
1145,2025,fernando-alonso,aston-martin,15,22,81708.0,1:21.708
1145,2025,isack-hadjar,racing-bulls,16,44,81714.0,1:21.714
1145,2025,esteban-ocon,haas,17,65,81869.0,1:21.869
1145,2025,pierre-gasly,alpine,18,44,82271.0,1:22.271
1145,2025,nico-hulkenberg,kick-sauber,19,14,83091.0,1:23.091
1145,2025,liam-lawson,racing-bulls,20,4,85124.0,1:25.124
1146,2025,alexander-albon,williams,1,59,72400.0,1:12.400
1146,2025,max-verstappen,red-bull,2,56,72447.0,1:12.447
1146,2025,oscar-piastri,mclaren,3,54,72742.0,1:12.742
1146,2025,yuki-tsunoda,red-bull,4,50,72774.0,1:12.774
1146,2025,franco-colapinto,alpine,5,45,72816.0,1:12.816
1146,2025,lando-norris,mclaren,6,66,73040.0,1:13.040
1146,2025,lance-stroll,aston-martin,7,56,73094.0,1:13.094
1146,2025,george-russell,mercedes,8,52,73097.0,1:13.097
1146,2025,kimi-antonelli,mercedes,9,52,73123.0,1:13.123
1146,2025,fernando-alonso,aston-martin,10,48,73312.0,1:13.312
1146,2025,nico-hulkenberg,kick-sauber,11,39,73474.0,1:13.474
1146,2025,esteban-ocon,haas,12,10,73481.0,1:13.481
1146,2025,oliver-bearman,haas,13,48,73483.0,1:13.483
1146,2025,carlos-sainz-jr,williams,14,19,73683.0,1:13.683
1146,2025,isack-hadjar,racing-bulls,15,40,73694.0,1:13.694
1146,2025,pierre-gasly,alpine,16,42,73736.0,1:13.736
1146,2025,lewis-hamilton,ferrari,17,35,73844.0,1:13.844
1146,2025,liam-lawson,racing-bulls,18,21,74029.0,1:14.029
1146,2025,charles-leclerc,ferrari,19,2,103560.0,1:43.560
1147,2025,max-verstappen,red-bull,1,50,93365.0,1:33.365
1147,2025,lando-norris,mclaren,2,41,93965.0,1:33.965
1147,2025,kimi-antonelli,mercedes,3,48,93998.0,1:33.998
1147,2025,oscar-piastri,mclaren,4,47,94086.0,1:34.086
1147,2025,charles-leclerc,ferrari,5,43,94304.0,1:34.304
1147,2025,carlos-sainz-jr,williams,6,42,94496.0,1:34.496
1147,2025,oliver-bearman,haas,7,50,94519.0,1:34.519
1147,2025,lewis-hamilton,ferrari,8,49,94553.0,1:34.553
1147,2025,esteban-ocon,haas,9,48,94557.0,1:34.557
1147,2025,nico-hulkenberg,kick-sauber,10,49,94592.0,1:34.592
1147,2025,george-russell,mercedes,11,50,94592.0,1:34.592
1147,2025,isack-hadjar,racing-bulls,12,50,94620.0,1:34.620
1147,2025,liam-lawson,racing-bulls,13,47,94837.0,1:34.837
1147,2025,yuki-tsunoda,red-bull,14,49,94967.0,1:34.967
1147,2025,alexander-albon,williams,15,26,95184.0,1:35.184
1147,2025,fernando-alonso,aston-martin,16,41,95629.0,1:35.629
1147,2025,pierre-gasly,alpine,17,44,95674.0,1:35.674
1147,2025,franco-colapinto,alpine,18,38,95780.0,1:35.780
1148,2025,oscar-piastri,mclaren,1,44,82996.0,1:22.996
1148,2025,lando-norris,mclaren,2,47,83197.0,1:23.197
1148,2025,george-russell,mercedes,3,56,83198.0,1:23.198
1148,2025,lance-stroll,aston-martin,4,52,83484.0,1:23.484
1148,2025,max-verstappen,red-bull,5,50,83498.0,1:23.498
1148,2025,carlos-sainz-jr,williams,6,48,83859.0,1:23.859
1148,2025,fernando-alonso,aston-martin,7,57,83940.0,1:23.940
1148,2025,kimi-antonelli,mercedes,8,55,83955.0,1:23.955
1148,2025,liam-lawson,racing-bulls,9,54,83971.0,1:23.971
1148,2025,yuki-tsunoda,red-bull,10,57,84139.0,1:24.139
1148,2025,alexander-albon,williams,11,57,84261.0,1:24.261
1148,2025,isack-hadjar,racing-bulls,12,52,84317.0,1:24.317
1148,2025,charles-leclerc,ferrari,13,56,84432.0,1:24.432
1148,2025,lewis-hamilton,ferrari,14,52,84848.0,1:24.848
1148,2025,oliver-bearman,haas,15,34,84930.0,1:24.930
1148,2025,esteban-ocon,haas,16,36,85056.0,1:25.056
1148,2025,gabriel-bortoleto,kick-sauber,17,54,85233.0,1:25.233
1148,2025,pierre-gasly,alpine,18,55,85376.0,1:25.376
1148,2025,franco-colapinto,alpine,19,52,85644.0,1:25.644
1148,2025,nico-hulkenberg,kick-sauber,20,5,88139.0,1:28.139
1149,2025,charles-leclerc,ferrari,1,45,86725.0,1:26.725
1149,2025,oscar-piastri,mclaren,2,44,86765.0,1:26.765
1149,2025,lando-norris,mclaren,3,48,86818.0,1:26.818
1149,2025,nico-hulkenberg,kick-sauber,4,46,87050.0,1:27.050
1149,2025,max-verstappen,red-bull,5,39,87625.0,1:27.625
1149,2025,lance-stroll,aston-martin,6,52,87626.0,1:27.626
1149,2025,franco-colapinto,alpine,7,43,87710.0,1:27.710
1149,2025,pierre-gasly,alpine,8,47,87767.0,1:27.767
1149,2025,kimi-antonelli,mercedes,9,34,88029.0,1:28.029
1149,2025,lewis-hamilton,ferrari,10,36,88094.0,1:28.094
1149,2025,fernando-alonso,aston-martin,11,54,88279.0,1:28.279
1149,2025,alexander-albon,williams,12,45,88367.0,1:28.367
1149,2025,yuki-tsunoda,red-bull,13,44,88557.0,1:28.557
1149,2025,george-russell,mercedes,14,57,88599.0,1:28.599
1149,2025,esteban-ocon,haas,15,56,88655.0,1:28.655
1149,2025,liam-lawson,racing-bulls,16,39,88886.0,1:28.886
1149,2025,oliver-bearman,haas,17,50,88976.0,1:28.976
1149,2025,carlos-sainz-jr,williams,18,51,89052.0,1:29.052
1149,2025,gabriel-bortoleto,kick-sauber,19,47,89114.0,1:29.114
1149,2025,isack-hadjar,racing-bulls,20,52,89375.0,1:29.375
1150,2026,max-verstappen,red-bull,1,43,82091.0,1:22.091
1150,2026,lando-norris,mclaren,2,53,82358.0,1:22.358
1150,2026,kimi-antonelli,mercedes,3,57,82417.0,1:22.417
1150,2026,lewis-hamilton,ferrari,4,55,82423.0,1:22.423
1150,2026,charles-leclerc,ferrari,5,38,82579.0,1:22.579
1150,2026,george-russell,mercedes,6,21,82670.0,1:22.670
1150,2026,franco-colapinto,alpine,7,49,82926.0,1:22.926
1150,2026,gabriel-bortoleto,audi,8,45,83257.0,1:23.257
1150,2026,carlos-sainz-jr,williams,9,54,83590.0,1:23.590
1150,2026,liam-lawson,racing-bulls,10,48,83783.0,1:23.783
1150,2026,oliver-bearman,haas,11,22,84020.0,1:24.020
1150,2026,arvid-lindblad,racing-bulls,12,21,84182.0,1:24.182
1150,2026,alexander-albon,williams,13,37,84375.0,1:24.375
1150,2026,esteban-ocon,haas,14,25,84424.0,1:24.424
1150,2026,pierre-gasly,alpine,15,57,84486.0,1:24.486
1150,2026,isack-hadjar,red-bull,16,9,85239.0,1:25.239
1150,2026,lance-stroll,aston-martin,17,51,85410.0,1:25.410
1150,2026,fernando-alonso,aston-martin,18,26,85713.0,1:25.713
1150,2026,sergio-perez,cadillac,19,49,86070.0,1:26.070
1150,2026,valtteri-bottas,cadillac,20,8,87364.0,1:27.364
1151,2026,kimi-antonelli,mercedes,1,52,95275.0,1:35.275
1151,2026,george-russell,mercedes,2,56,95400.0,1:35.400
1151,2026,esteban-ocon,haas,3,55,95964.0,1:35.964
1151,2026,charles-leclerc,ferrari,4,56,96011.0,1:36.011
1151,2026,lewis-hamilton,ferrari,5,55,96092.0,1:36.092
1151,2026,arvid-lindblad,racing-bulls,6,47,96099.0,1:36.099
1151,2026,nico-hulkenberg,audi,7,38,96180.0,1:36.180
1151,2026,oliver-bearman,haas,8,56,96429.0,1:36.429
1151,2026,pierre-gasly,alpine,9,53,96505.0,1:36.505
1151,2026,franco-colapinto,alpine,10,35,96783.0,1:36.783
1151,2026,max-verstappen,red-bull,11,39,97046.0,1:37.046
1151,2026,liam-lawson,racing-bulls,12,56,97096.0,1:37.096
1151,2026,isack-hadjar,red-bull,13,46,97311.0,1:37.311
1151,2026,carlos-sainz-jr,williams,14,52,97981.0,1:37.981
1151,2026,valtteri-bottas,cadillac,15,56,98393.0,1:38.393
1151,2026,sergio-perez,cadillac,16,51,98523.0,1:38.523
1151,2026,fernando-alonso,aston-martin,17,25,99721.0,1:39.721
1151,2026,lance-stroll,aston-martin,18,9,100883.0,1:40.883
1152,2026,kimi-antonelli,mercedes,1,49,92432.0,1:32.432
1152,2026,george-russell,mercedes,2,53,92549.0,1:32.549
1152,2026,charles-leclerc,ferrari,3,53,92634.0,1:32.634
1152,2026,lewis-hamilton,ferrari,4,48,92777.0,1:32.777
1152,2026,oscar-piastri,mclaren,5,49,92996.0,1:32.996
1152,2026,lando-norris,mclaren,6,52,93208.0,1:33.208
1152,2026,alexander-albon,williams,7,53,93427.0,1:33.427
1152,2026,max-verstappen,red-bull,8,41,93552.0,1:33.552
1152,2026,pierre-gasly,alpine,9,39,93691.0,1:33.691
1152,2026,nico-hulkenberg,audi,10,47,93732.0,1:33.732
1152,2026,isack-hadjar,red-bull,11,53,93837.0,1:33.837
1152,2026,gabriel-bortoleto,audi,12,40,94164.0,1:34.164
1152,2026,liam-lawson,racing-bulls,13,53,94230.0,1:34.230
1152,2026,esteban-ocon,haas,14,53,94256.0,1:34.256
1152,2026,arvid-lindblad,racing-bulls,15,53,94314.0,1:34.314
1152,2026,franco-colapinto,alpine,16,41,94512.0,1:34.512
1152,2026,carlos-sainz-jr,williams,17,38,94514.0,1:34.514
1152,2026,oliver-bearman,haas,18,20,95604.0,1:35.604
1152,2026,sergio-perez,cadillac,19,53,95637.0,1:35.637
1152,2026,fernando-alonso,aston-martin,20,48,96221.0,1:36.221
1152,2026,valtteri-bottas,cadillac,21,53,96269.0,1:36.269
1152,2026,lance-stroll,aston-martin,22,29,97217.0,1:37.217
1153,2026,lando-norris,mclaren,1,35,91869.0,1:31.869
1153,2026,oscar-piastri,mclaren,2,30,91949.0,1:31.949
1153,2026,kimi-antonelli,mercedes,3,34,91968.0,1:31.968
1153,2026,george-russell,mercedes,4,53,92446.0,1:32.446
1153,2026,charles-leclerc,ferrari,5,44,92515.0,1:32.515
1153,2026,lewis-hamilton,ferrari,6,29,92676.0,1:32.676
1153,2026,carlos-sainz-jr,williams,7,30,93026.0,1:33.026
1153,2026,franco-colapinto,alpine,8,33,93035.0,1:33.035
1153,2026,max-verstappen,red-bull,9,24,93110.0,1:33.110
1153,2026,gabriel-bortoleto,audi,10,56,93500.0,1:33.500
1153,2026,esteban-ocon,haas,11,33,93712.0,1:33.712
1153,2026,oliver-bearman,haas,12,28,93744.0,1:33.744
1153,2026,alexander-albon,williams,13,30,93784.0,1:33.784
1153,2026,arvid-lindblad,racing-bulls,14,30,94058.0,1:34.058
1153,2026,nico-hulkenberg,audi,15,4,94523.0,1:34.523
1153,2026,fernando-alonso,aston-martin,16,46,94594.0,1:34.594
1153,2026,lance-stroll,aston-martin,17,57,94716.0,1:34.716
1153,2026,liam-lawson,racing-bulls,18,3,94814.0,1:34.814
1153,2026,isack-hadjar,red-bull,19,4,94833.0,1:34.833
1153,2026,pierre-gasly,alpine,20,4,94856.0,1:34.856
1153,2026,sergio-perez,cadillac,21,31,94895.0,1:34.895
1153,2026,valtteri-bottas,cadillac,22,16,96080.0,1:36.080
1154,2026,kimi-antonelli,mercedes,1,68,74210.0,1:14.210
1154,2026,max-verstappen,red-bull,2,68,74398.0,1:14.398
1154,2026,lewis-hamilton,ferrari,3,61,74573.0,1:14.573
1154,2026,isack-hadjar,red-bull,4,68,74578.0,1:14.578
1154,2026,charles-leclerc,ferrari,5,37,75297.0,1:15.297
1154,2026,pierre-gasly,alpine,6,68,75390.0,1:15.390
1154,2026,oscar-piastri,mclaren,7,63,75456.0,1:15.456
1154,2026,franco-colapinto,alpine,8,68,75462.0,1:15.462
1154,2026,george-russell,mercedes,9,16,75477.0,1:15.477
1154,2026,liam-lawson,racing-bulls,10,60,75604.0,1:15.604
1154,2026,lando-norris,mclaren,11,36,75845.0,1:15.845
1154,2026,carlos-sainz-jr,williams,12,66,75852.0,1:15.852
1154,2026,oliver-bearman,haas,13,65,76002.0,1:16.002
1154,2026,gabriel-bortoleto,audi,14,51,76221.0,1:16.221
1154,2026,nico-hulkenberg,audi,15,58,76275.0,1:16.275
1154,2026,esteban-ocon,haas,16,66,76577.0,1:16.577
1154,2026,sergio-perez,cadillac,17,38,76915.0,1:16.915
1154,2026,alexander-albon,williams,18,11,77221.0,1:17.221
1154,2026,valtteri-bottas,cadillac,19,63,77725.0,1:17.725
1154,2026,lance-stroll,aston-martin,20,41,78721.0,1:18.721
1154,2026,fernando-alonso,aston-martin,21,10,79635.0,1:19.635
1155,2026,kimi-antonelli,mercedes,1,76,73481.0,1:13.481
1155,2026,lewis-hamilton,ferrari,2,74,74643.0,1:14.643
1155,2026,pierre-gasly,alpine,3,77,75497.0,1:15.497
1155,2026,isack-hadjar,red-bull,4,77,75669.0,1:15.669
1155,2026,liam-lawson,racing-bulls,5,76,75754.0,1:15.754
1155,2026,george-russell,mercedes,6,57,75773.0,1:15.773
1155,2026,oscar-piastri,mclaren,7,76,75816.0,1:15.816
1155,2026,arvid-lindblad,racing-bulls,8,76,75908.0,1:15.908
1155,2026,charles-leclerc,ferrari,9,53,75964.0,1:15.964
1155,2026,franco-colapinto,alpine,10,74,76316.0,1:16.316
1155,2026,nico-hulkenberg,audi,11,15,76332.0,1:16.332
1155,2026,alexander-albon,williams,12,78,76393.0,1:16.393
1155,2026,gabriel-bortoleto,audi,13,48,76803.0,1:16.803
1155,2026,sergio-perez,cadillac,14,78,76891.0,1:16.891
1155,2026,esteban-ocon,haas,15,77,76914.0,1:16.914
1155,2026,fernando-alonso,aston-martin,16,77,77120.0,1:17.120
1155,2026,lando-norris,mclaren,17,34,77670.0,1:17.670
1155,2026,carlos-sainz-jr,williams,18,52,78022.0,1:18.022
1155,2026,oliver-bearman,haas,19,23,78475.0,1:18.475
1155,2026,lance-stroll,aston-martin,20,37,78845.0,1:18.845
1155,2026,valtteri-bottas,cadillac,21,8,80494.0,1:20.494
1156,2026,lewis-hamilton,ferrari,1,44,80122.0,1:20.122
1156,2026,isack-hadjar,red-bull,2,61,80150.0,1:20.150
1156,2026,max-verstappen,red-bull,3,42,80230.0,1:20.230
1156,2026,lando-norris,mclaren,4,37,80232.0,1:20.232
1156,2026,charles-leclerc,ferrari,5,47,80379.0,1:20.379
1156,2026,george-russell,mercedes,6,43,80640.0,1:20.640
1156,2026,kimi-antonelli,mercedes,7,46,80704.0,1:20.704
1156,2026,oscar-piastri,mclaren,8,46,80835.0,1:20.835
1156,2026,gabriel-bortoleto,audi,9,57,81446.0,1:21.446
1156,2026,esteban-ocon,haas,10,65,81643.0,1:21.643
1156,2026,alexander-albon,williams,11,65,81744.0,1:21.744
1156,2026,arvid-lindblad,racing-bulls,12,46,81914.0,1:21.914
1156,2026,pierre-gasly,alpine,13,44,81960.0,1:21.960
1156,2026,carlos-sainz-jr,williams,14,60,82061.0,1:22.061
1156,2026,oliver-bearman,haas,15,44,82419.0,1:22.419
1156,2026,franco-colapinto,alpine,16,44,82449.0,1:22.449
1156,2026,liam-lawson,racing-bulls,17,46,82691.0,1:22.691
1156,2026,sergio-perez,cadillac,18,45,82820.0,1:22.820
1156,2026,nico-hulkenberg,audi,19,2,83447.0,1:23.447
1156,2026,fernando-alonso,aston-martin,20,28,85366.0,1:25.366
1156,2026,valtteri-bottas,cadillac,21,3,85745.0,1:25.745
1156,2026,lance-stroll,aston-martin,22,3,85904.0,1:25.904
1157,2026,kimi-antonelli,mercedes,1,59,70374.0,1:10.374
1157,2026,max-verstappen,red-bull,2,57,70483.0,1:10.483
1157,2026,oscar-piastri,mclaren,3,45,70595.0,1:10.595
1157,2026,charles-leclerc,ferrari,4,67,70606.0,1:10.606
1157,2026,lando-norris,mclaren,5,55,70652.0,1:10.652
1157,2026,george-russell,mercedes,6,49,70683.0,1:10.683
1157,2026,lewis-hamilton,ferrari,7,45,70946.0,1:10.946
1157,2026,isack-hadjar,red-bull,8,42,70947.0,1:10.947
1157,2026,pierre-gasly,alpine,9,55,71466.0,1:11.466
1157,2026,liam-lawson,racing-bulls,10,55,71547.0,1:11.547
1157,2026,arvid-lindblad,racing-bulls,11,57,71587.0,1:11.587
1157,2026,nico-hulkenberg,audi,12,56,71634.0,1:11.634
1157,2026,franco-colapinto,alpine,13,50,71795.0,1:11.795
1157,2026,gabriel-bortoleto,audi,14,60,71866.0,1:11.866
1157,2026,oliver-bearman,haas,15,55,72207.0,1:12.207
1157,2026,fernando-alonso,aston-martin,16,54,72501.0,1:12.501
1157,2026,esteban-ocon,haas,17,38,72979.0,1:12.979
1157,2026,alexander-albon,williams,18,44,73137.0,1:13.137
1157,2026,carlos-sainz-jr,williams,19,22,73694.0,1:13.694
1157,2026,lance-stroll,aston-martin,20,31,73796.0,1:13.796
1157,2026,sergio-perez,cadillac,21,3,74448.0,1:14.448
1158,2026,kimi-antonelli,mercedes,1,37,91777.0,1:31.777
1158,2026,max-verstappen,red-bull,2,40,92101.0,1:32.101
1158,2026,isack-hadjar,red-bull,3,40,92268.0,1:32.268
1158,2026,lewis-hamilton,ferrari,4,25,92309.0,1:32.309
1158,2026,george-russell,mercedes,5,36,92489.0,1:32.489
1158,2026,lando-norris,mclaren,6,45,92625.0,1:32.625
1158,2026,carlos-sainz-jr,williams,7,51,92734.0,1:32.734
1158,2026,charles-leclerc,ferrari,8,43,92871.0,1:32.871
1158,2026,oscar-piastri,mclaren,9,43,92917.0,1:32.917
1158,2026,nico-hulkenberg,audi,10,37,93433.0,1:33.433
1158,2026,arvid-lindblad,racing-bulls,11,29,93632.0,1:33.632
1158,2026,liam-lawson,racing-bulls,12,45,93648.0,1:33.648
1158,2026,gabriel-bortoleto,audi,13,30,93650.0,1:33.650
1158,2026,alexander-albon,williams,14,45,93867.0,1:33.867
1158,2026,pierre-gasly,alpine,15,44,94179.0,1:34.179
1158,2026,franco-colapinto,alpine,16,25,94281.0,1:34.281
1158,2026,oliver-bearman,haas,17,32,94455.0,1:34.455
1158,2026,esteban-ocon,haas,18,44,94792.0,1:34.792
1158,2026,sergio-perez,cadillac,19,45,95520.0,1:35.520
1158,2026,fernando-alonso,aston-martin,20,51,95827.0,1:35.827
1158,2026,valtteri-bottas,cadillac,21,32,95893.0,1:35.893
1158,2026,lance-stroll,aston-martin,22,43,97232.0,1:37.232
1159,2026,lando-norris,mclaren,1,44,108890.0,1:48.890
1159,2026,kimi-antonelli,mercedes,2,41,109098.0,1:49.098
1159,2026,isack-hadjar,red-bull,3,44,109298.0,1:49.298
1159,2026,charles-leclerc,ferrari,4,23,109333.0,1:49.333
1159,2026,lewis-hamilton,ferrari,5,33,109454.0,1:49.454
1159,2026,oscar-piastri,mclaren,6,23,109562.0,1:49.562
1159,2026,max-verstappen,red-bull,7,23,109618.0,1:49.618
1159,2026,gabriel-bortoleto,audi,8,22,110334.0,1:50.334
1159,2026,nico-hulkenberg,audi,9,41,110503.0,1:50.503
1159,2026,arvid-lindblad,racing-bulls,10,23,110536.0,1:50.536
1159,2026,liam-lawson,racing-bulls,11,44,111075.0,1:51.075
1159,2026,pierre-gasly,alpine,12,39,111101.0,1:51.101
1159,2026,oliver-bearman,haas,13,22,111109.0,1:51.109
1159,2026,franco-colapinto,alpine,14,42,111162.0,1:51.162
1159,2026,carlos-sainz-jr,williams,15,24,111363.0,1:51.363
1159,2026,alexander-albon,williams,16,21,111894.0,1:51.894
1159,2026,esteban-ocon,haas,17,44,111900.0,1:51.900
1159,2026,valtteri-bottas,cadillac,18,36,112011.0,1:52.011
1159,2026,fernando-alonso,aston-martin,19,35,112948.0,1:52.948
1159,2026,sergio-perez,cadillac,20,10,113520.0,1:53.520
1159,2026,lance-stroll,aston-martin,21,21,113980.0,1:53.980
1160,2026,charles-leclerc,ferrari,1,58,82000.0,1:22.000
1160,2026,lewis-hamilton,ferrari,2,59,82300.0,1:22.300
1160,2026,kimi-antonelli,mercedes,3,58,82415.0,1:22.415
1160,2026,lando-norris,mclaren,4,64,82491.0,1:22.491
1160,2026,george-russell,mercedes,5,58,82589.0,1:22.589
1160,2026,pierre-gasly,alpine,6,58,82871.0,1:22.871
1160,2026,isack-hadjar,red-bull,7,45,83218.0,1:23.218
1160,2026,max-verstappen,red-bull,8,66,83433.0,1:23.433
1160,2026,fernando-alonso,aston-martin,9,58,83679.0,1:23.679
1160,2026,oscar-piastri,mclaren,10,35,83896.0,1:23.896
1160,2026,liam-lawson,racing-bulls,11,65,83900.0,1:23.900
1160,2026,nico-hulkenberg,audi,12,68,83964.0,1:23.964
1160,2026,franco-colapinto,alpine,13,41,84624.0,1:24.624
1160,2026,lance-stroll,aston-martin,14,58,84718.0,1:24.718
1160,2026,gabriel-bortoleto,audi,15,33,84783.0,1:24.783
1160,2026,carlos-sainz-jr,williams,16,58,84864.0,1:24.864
1160,2026,alexander-albon,williams,17,59,85403.0,1:25.403
1160,2026,oliver-bearman,haas,18,24,85884.0,1:25.884
1160,2026,esteban-ocon,haas,19,63,85889.0,1:25.889
1160,2026,arvid-lindblad,racing-bulls,20,47,85931.0,1:25.931
1160,2026,sergio-perez,cadillac,21,24,86342.0,1:26.342
1160,2026,valtteri-bottas,cadillac,22,4,87959.0,1:27.959
1161,2026,charles-leclerc,ferrari,1,60,74230.0,1:14.230
1161,2026,oscar-piastri,mclaren,2,61,74303.0,1:14.303
1161,2026,lando-norris,mclaren,3,49,74321.0,1:14.321
1161,2026,lewis-hamilton,ferrari,4,61,74566.0,1:14.566
1161,2026,kimi-antonelli,mercedes,5,59,74571.0,1:14.571
1161,2026,george-russell,mercedes,6,46,75393.0,1:15.393
1161,2026,liam-lawson,red-bull,7,61,75435.0,1:15.435
1161,2026,gabriel-bortoleto,audi,8,58,75515.0,1:15.515
1161,2026,franco-colapinto,alpine,9,49,75578.0,1:15.578
1161,2026,nico-hulkenberg,audi,10,63,76048.0,1:16.048
1161,2026,pierre-gasly,alpine,11,59,76220.0,1:16.220
1161,2026,yuki-tsunoda,racing-bulls,12,50,76639.0,1:16.639
1161,2026,arvid-lindblad,racing-bulls,13,61,76653.0,1:16.653
1161,2026,fernando-alonso,aston-martin,14,60,76946.0,1:16.946
1161,2026,alexander-albon,williams,15,52,77147.0,1:17.147
1161,2026,carlos-sainz-jr,williams,16,71,77328.0,1:17.328
1161,2026,sergio-perez,cadillac,17,72,77523.0,1:17.523
1161,2026,esteban-ocon,haas,18,49,77588.0,1:17.588
1161,2026,valtteri-bottas,cadillac,19,62,77822.0,1:17.822
1161,2026,lance-stroll,aston-martin,20,38,77883.0,1:17.883
1162,2026,kimi-antonelli,mercedes,1,53,83504.0,1:23.504
1162,2026,max-verstappen,red-bull,2,37,84242.0,1:24.242
1162,2026,nico-hulkenberg,audi,3,53,84364.0,1:24.364
1162,2026,george-russell,mercedes,4,51,84390.0,1:24.390
1162,2026,lando-norris,mclaren,5,48,84864.0,1:24.864
1162,2026,pierre-gasly,alpine,6,53,84927.0,1:24.927
1162,2026,franco-colapinto,alpine,7,53,84933.0,1:24.933
1162,2026,oscar-piastri,mclaren,8,45,85125.0,1:25.125
1162,2026,lewis-hamilton,ferrari,9,23,85300.0,1:25.300
1162,2026,alexander-albon,williams,10,53,85341.0,1:25.341
1162,2026,liam-lawson,red-bull,11,53,85578.0,1:25.578
1162,2026,carlos-sainz-jr,williams,12,46,85683.0,1:25.683
1162,2026,esteban-ocon,haas,13,53,85711.0,1:25.711
1162,2026,arvid-lindblad,racing-bulls,14,47,86028.0,1:26.028
1162,2026,gabriel-bortoleto,audi,15,31,86188.0,1:26.188
1162,2026,yuki-tsunoda,racing-bulls,16,42,86320.0,1:26.320
1162,2026,oliver-bearman,haas,17,31,86356.0,1:26.356
1162,2026,sergio-perez,cadillac,18,52,86914.0,1:26.914
1162,2026,valtteri-bottas,cadillac,19,53,87325.0,1:27.325
1162,2026,fernando-alonso,aston-martin,20,8,87961.0,1:27.961
1162,2026,lance-stroll,aston-martin,21,11,88415.0,1:28.415
