RaceKey,Year,DriverId,ConstructorId,QualiPosition,BestQualiMs,Q1Ms,Q2Ms,Q3Ms,GapToPoleMs,ReachedQ3
898,2014,lewis-hamilton,mercedes,1,104231.0,91699.0,102890.0,104231.0,,1
898,2014,daniel-ricciardo,red-bull,2,104548.0,90775.0,102295.0,104548.0,317.0,1
898,2014,nico-rosberg,mercedes,3,104595.0,92564.0,102264.0,104595.0,364.0,1
898,2014,kevin-magnussen,mclaren,4,105745.0,90949.0,103247.0,105745.0,1514.0,1
898,2014,fernando-alonso,ferrari,5,105819.0,91388.0,102805.0,105819.0,1588.0,1
898,2014,jean-eric-vergne,toro-rosso,6,105864.0,93488.0,103849.0,105864.0,1633.0,1
898,2014,nico-hulkenberg,force-india,7,106030.0,93893.0,103658.0,106030.0,1799.0,1
898,2014,daniil-kvyat,toro-rosso,8,107368.0,93777.0,104331.0,107368.0,3137.0,1
898,2014,felipe-massa,williams,9,108079.0,91228.0,104242.0,108079.0,3848.0,1
898,2014,valtteri-bottas,williams,10,108147.0,91601.0,103852.0,108147.0,3916.0,1
898,2014,jenson-button,mclaren,11,104437.0,91396.0,104437.0,,,0
898,2014,kimi-raikkonen,ferrari,12,104494.0,92439.0,104494.0,,,0
898,2014,sebastian-vettel,red-bull,13,104668.0,91931.0,104668.0,,,0
898,2014,adrian-sutil,sauber,14,105655.0,93673.0,105655.0,,,0
898,2014,kamui-kobayashi,caterham,15,105867.0,94274.0,105867.0,,,0
898,2014,sergio-perez,force-india,16,107293.0,94141.0,107293.0,,,0
898,2014,max-chilton,marussia,17,94293.0,94293.0,,,,0
898,2014,jules-bianchi,marussia,18,94794.0,94794.0,,,,0
898,2014,esteban-gutierrez,sauber,19,95117.0,95117.0,,,,0
898,2014,marcus-ericsson,caterham,20,95157.0,95157.0,,,,0
898,2014,romain-grosjean,lotus-f1,21,96993.0,96993.0,,,,0
898,2014,pastor-maldonado,lotus-f1,,,,,,,0
899,2014,lewis-hamilton,mercedes,1,119431.0,117202.0,119041.0,119431.0,,1
899,2014,sebastian-vettel,red-bull,2,119486.0,117654.0,119399.0,119486.0,55.0,1
899,2014,nico-rosberg,mercedes,3,120050.0,117183.0,119445.0,120050.0,619.0,1
899,2014,fernando-alonso,ferrari,4,120175.0,118889.0,121356.0,120175.0,744.0,1
899,2014,daniel-ricciardo,red-bull,5,120541.0,118913.0,120147.0,120541.0,1110.0,1
899,2014,kimi-raikkonen,ferrari,6,121218.0,119257.0,121532.0,121218.0,1787.0,1
899,2014,nico-hulkenberg,force-india,7,121712.0,118883.0,120839.0,121712.0,2281.0,1
899,2014,kevin-magnussen,mclaren,8,122213.0,120358.0,122094.0,122213.0,2782.0,1
899,2014,jean-eric-vergne,toro-rosso,9,123078.0,121689.0,122096.0,123078.0,3647.0,1
899,2014,jenson-button,mclaren,10,124053.0,120889.0,121810.0,124053.0,4622.0,1
899,2014,daniil-kvyat,toro-rosso,11,122351.0,121175.0,122351.0,,,0
899,2014,esteban-gutierrez,sauber,12,122369.0,121134.0,122369.0,,,0
899,2014,felipe-massa,williams,13,122460.0,120047.0,122460.0,,,0
899,2014,sergio-perez,force-india,14,122511.0,120076.0,122511.0,,,0
899,2014,valtteri-bottas,williams,15,122756.0,119709.0,122756.0,,,0
899,2014,romain-grosjean,lotus-f1,16,122885.0,120202.0,122885.0,,,0
899,2014,pastor-maldonado,lotus-f1,17,122074.0,122074.0,,,,0
899,2014,adrian-sutil,sauber,18,122131.0,122131.0,,,,0
899,2014,jules-bianchi,marussia,19,122702.0,122702.0,,,,0
899,2014,kamui-kobayashi,caterham,20,123595.0,123595.0,,,,0
899,2014,max-chilton,marussia,21,124388.0,124388.0,,,,0
899,2014,marcus-ericsson,caterham,22,124407.0,124407.0,,,,0
900,2014,nico-rosberg,mercedes,1,93185.0,95439.0,93708.0,93185.0,,1
900,2014,lewis-hamilton,mercedes,2,93464.0,95323.0,93872.0,93464.0,279.0,1
900,2014,daniel-ricciardo,red-bull,3,94051.0,96220.0,94592.0,94051.0,866.0,1
900,2014,valtteri-bottas,williams,4,94247.0,94934.0,94842.0,94247.0,1062.0,1
900,2014,sergio-perez,force-india,5,94346.0,94998.0,94747.0,94346.0,1161.0,1
900,2014,kimi-raikkonen,ferrari,6,94368.0,95234.0,94925.0,94368.0,1183.0,1
900,2014,jenson-button,mclaren,7,94387.0,95699.0,94714.0,94387.0,1202.0,1
900,2014,felipe-massa,williams,8,94511.0,95085.0,94842.0,94511.0,1326.0,1
900,2014,kevin-magnussen,mclaren,9,94712.0,95288.0,94904.0,94712.0,1527.0,1
900,2014,fernando-alonso,ferrari,10,94992.0,95251.0,94723.0,94992.0,1807.0,1
900,2014,sebastian-vettel,red-bull,11,94985.0,95549.0,94985.0,,,0
900,2014,nico-hulkenberg,force-india,12,95116.0,94874.0,95116.0,,,0
900,2014,daniil-kvyat,toro-rosso,13,95145.0,95395.0,95145.0,,,0
900,2014,jean-eric-vergne,toro-rosso,14,95286.0,95815.0,95286.0,,,0
900,2014,esteban-gutierrez,sauber,15,95891.0,96567.0,95891.0,,,0
900,2014,romain-grosjean,lotus-f1,16,95908.0,96654.0,95908.0,,,0
900,2014,pastor-maldonado,lotus-f1,17,96663.0,96663.0,,,,0
900,2014,adrian-sutil,sauber,18,96840.0,96840.0,,,,0
900,2014,kamui-kobayashi,caterham,19,97085.0,97085.0,,,,0
900,2014,jules-bianchi,marussia,20,97310.0,97310.0,,,,0
900,2014,marcus-ericsson,caterham,21,97875.0,97875.0,,,,0
900,2014,max-chilton,marussia,22,97913.0,97913.0,,,,0
901,2014,lewis-hamilton,mercedes,1,113860.0,115516.0,114029.0,113860.0,,1
901,2014,daniel-ricciardo,red-bull,2,114455.0,116641.0,115302.0,114455.0,595.0,1
901,2014,sebastian-vettel,red-bull,3,114960.0,115926.0,114499.0,114960.0,1100.0,1
901,2014,nico-rosberg,mercedes,4,115143.0,116058.0,115294.0,115143.0,1283.0,1
901,2014,fernando-alonso,ferrari,5,115637.0,116961.0,115765.0,115637.0,1777.0,1
901,2014,felipe-massa,williams,6,116147.0,116850.0,116757.0,116147.0,2287.0,1
901,2014,valtteri-bottas,williams,7,116282.0,116501.0,116253.0,116282.0,2422.0,1
901,2014,nico-hulkenberg,force-india,8,116366.0,115913.0,116847.0,116366.0,2506.0,1
901,2014,jean-eric-vergne,toro-rosso,9,116773.0,117477.0,116584.0,116773.0,2913.0,1
901,2014,romain-grosjean,lotus-f1,10,117079.0,118411.0,116407.0,117079.0,3219.0,1
901,2014,kimi-raikkonen,ferrari,11,116860.0,118279.0,116860.0,,,0
901,2014,jenson-button,mclaren,12,116963.0,117783.0,116963.0,,,0
901,2014,daniil-kvyat,toro-rosso,13,117289.0,117261.0,117289.0,,,0
901,2014,adrian-sutil,sauber,14,117393.0,118138.0,117393.0,,,0
901,2014,kevin-magnussen,mclaren,15,117675.0,117369.0,117675.0,,,0
901,2014,sergio-perez,force-india,16,118264.0,118362.0,118264.0,,,0
901,2014,esteban-gutierrez,sauber,17,118988.0,118988.0,,,,0
901,2014,kamui-kobayashi,caterham,18,119260.0,119260.0,,,,0
901,2014,jules-bianchi,marussia,19,119326.0,119326.0,,,,0
901,2014,marcus-ericsson,caterham,20,120646.0,120646.0,,,,0
901,2014,max-chilton,marussia,21,120865.0,120865.0,,,,0
901,2014,pastor-maldonado,lotus-f1,,,,,,,0
902,2014,lewis-hamilton,mercedes,1,85232.0,87238.0,86210.0,85232.0,,1
902,2014,nico-rosberg,mercedes,2,85400.0,86764.0,86088.0,85400.0,168.0,1
902,2014,daniel-ricciardo,red-bull,3,86285.0,88053.0,86613.0,86285.0,1053.0,1
902,2014,valtteri-bottas,williams,4,86632.0,88198.0,87563.0,86632.0,1400.0,1
902,2014,romain-grosjean,lotus-f1,5,86960.0,88472.0,87258.0,86960.0,1728.0,1
902,2014,kimi-raikkonen,ferrari,6,87104.0,88308.0,87335.0,87104.0,1872.0,1
902,2014,fernando-alonso,ferrari,7,87140.0,88329.0,87602.0,87140.0,1908.0,1
902,2014,jenson-button,mclaren,8,87335.0,88279.0,87570.0,87335.0,2103.0,1
902,2014,felipe-massa,williams,9,87402.0,88061.0,87016.0,87402.0,2170.0,1
902,2014,sebastian-vettel,red-bull,10,87052.0,87958.0,87052.0,,,0
902,2014,nico-hulkenberg,force-india,11,87685.0,88155.0,87685.0,,,0
902,2014,sergio-perez,force-india,12,88002.0,88469.0,88002.0,,,0
902,2014,daniil-kvyat,toro-rosso,13,88039.0,88074.0,88039.0,,,0
902,2014,esteban-gutierrez,sauber,14,88280.0,88374.0,88280.0,,,0
902,2014,kevin-magnussen,mclaren,15,88389.0,88389.0,,,,0
902,2014,jean-eric-vergne,toro-rosso,16,88194.0,88194.0,,,,0
902,2014,adrian-sutil,sauber,17,88563.0,88563.0,,,,0
902,2014,max-chilton,marussia,18,89586.0,89586.0,,,,0
902,2014,jules-bianchi,marussia,19,90177.0,90177.0,,,,0
902,2014,marcus-ericsson,caterham,20,90312.0,90312.0,,,,0
902,2014,kamui-kobayashi,caterham,21,90375.0,90375.0,,,,0
902,2014,pastor-maldonado,lotus-f1,,,,,,,0
903,2014,nico-rosberg,mercedes,1,75989.0,77678.0,76465.0,75989.0,,1
903,2014,lewis-hamilton,mercedes,2,76048.0,77823.0,76354.0,76048.0,59.0,1
903,2014,daniel-ricciardo,red-bull,3,76384.0,77900.0,77233.0,76384.0,395.0,1
903,2014,sebastian-vettel,red-bull,4,76547.0,78383.0,77074.0,76547.0,558.0,1
903,2014,fernando-alonso,ferrari,5,76686.0,77853.0,77200.0,76686.0,697.0,1
903,2014,kimi-raikkonen,ferrari,6,77389.0,77902.0,77398.0,77389.0,1400.0,1
903,2014,jean-eric-vergne,toro-rosso,7,77540.0,77557.0,77657.0,77540.0,1551.0,1
903,2014,kevin-magnussen,mclaren,8,77555.0,77978.0,77609.0,77555.0,1566.0,1
903,2014,daniil-kvyat,toro-rosso,9,78090.0,78616.0,77594.0,78090.0,2101.0,1
903,2014,sergio-perez,force-india,10,78327.0,78108.0,77755.0,78327.0,2338.0,1
903,2014,nico-hulkenberg,force-india,11,77846.0,78432.0,77846.0,,,0
903,2014,jenson-button,mclaren,12,77988.0,77890.0,77988.0,,,0
903,2014,valtteri-bottas,williams,13,78082.0,78407.0,78082.0,,,0
903,2014,romain-grosjean,lotus-f1,14,78196.0,78335.0,78196.0,,,0
903,2014,pastor-maldonado,lotus-f1,15,78356.0,78585.0,78356.0,,,0
903,2014,felipe-massa,williams,16,78209.0,78209.0,,,,0
903,2014,esteban-gutierrez,sauber,17,78741.0,78741.0,,,,0
903,2014,adrian-sutil,sauber,18,78745.0,78745.0,,,,0
903,2014,jules-bianchi,marussia,19,79332.0,79332.0,,,,0
903,2014,max-chilton,marussia,20,79928.0,79928.0,,,,0
903,2014,kamui-kobayashi,caterham,21,80133.0,80133.0,,,,0
903,2014,marcus-ericsson,caterham,22,81732.0,81732.0,,,,0
904,2014,nico-rosberg,mercedes,1,74874.0,76471.0,75289.0,74874.0,,1
904,2014,lewis-hamilton,mercedes,2,74953.0,75750.0,75054.0,74953.0,79.0,1
904,2014,sebastian-vettel,red-bull,3,75548.0,77470.0,76109.0,75548.0,674.0,1
904,2014,valtteri-bottas,williams,4,75550.0,76772.0,75806.0,75550.0,676.0,1
904,2014,felipe-massa,williams,5,75578.0,76666.0,75773.0,75578.0,704.0,1
904,2014,daniel-ricciardo,red-bull,6,75589.0,77113.0,75897.0,75589.0,715.0,1
904,2014,fernando-alonso,ferrari,7,75814.0,77010.0,76131.0,75814.0,940.0,1
904,2014,jean-eric-vergne,toro-rosso,8,76162.0,77178.0,76255.0,76162.0,1288.0,1
904,2014,jenson-button,mclaren,9,76182.0,76631.0,76214.0,76182.0,1308.0,1
904,2014,kimi-raikkonen,ferrari,10,76214.0,77013.0,76245.0,76214.0,1340.0,1
904,2014,nico-hulkenberg,force-india,11,76300.0,76897.0,76300.0,,,0
904,2014,kevin-magnussen,mclaren,12,76310.0,76446.0,76310.0,,,0
904,2014,sergio-perez,force-india,13,76472.0,78235.0,76472.0,,,0
904,2014,romain-grosjean,lotus-f1,14,76687.0,77732.0,76687.0,,,0
904,2014,daniil-kvyat,toro-rosso,15,76713.0,76938.0,76713.0,,,0
904,2014,adrian-sutil,sauber,16,77314.0,77519.0,77314.0,,,0
904,2014,pastor-maldonado,lotus-f1,17,78328.0,78328.0,,,,0
904,2014,max-chilton,marussia,18,78348.0,78348.0,,,,0
904,2014,jules-bianchi,marussia,19,78359.0,78359.0,,,,0
904,2014,kamui-kobayashi,caterham,20,79278.0,79278.0,,,,0
904,2014,marcus-ericsson,caterham,21,79820.0,79820.0,,,,0
904,2014,esteban-gutierrez,sauber,,,,,,,0
905,2014,felipe-massa,williams,1,68759.0,70292.0,69239.0,68759.0,,1
905,2014,valtteri-bottas,williams,2,68846.0,70356.0,69096.0,68846.0,87.0,1
905,2014,nico-rosberg,mercedes,3,68944.0,69695.0,68974.0,68944.0,185.0,1
905,2014,fernando-alonso,ferrari,4,69285.0,70405.0,69479.0,69285.0,526.0,1
905,2014,daniel-ricciardo,red-bull,5,69466.0,70395.0,69638.0,69466.0,707.0,1
905,2014,kevin-magnussen,mclaren,6,69515.0,70081.0,69473.0,69515.0,756.0,1
905,2014,daniil-kvyat,toro-rosso,7,69619.0,69678.0,69490.0,69619.0,860.0,1
905,2014,kimi-raikkonen,ferrari,8,70795.0,70285.0,69657.0,70795.0,2036.0,1
905,2014,lewis-hamilton,mercedes,9,69092.0,69514.0,69092.0,,,0
905,2014,nico-hulkenberg,force-india,10,69624.0,70389.0,69624.0,,,0
905,2014,sergio-perez,force-india,11,69754.0,70124.0,69754.0,,,0
905,2014,jenson-button,mclaren,12,69780.0,70252.0,69780.0,,,0
905,2014,sebastian-vettel,red-bull,13,69801.0,70630.0,69801.0,,,0
905,2014,pastor-maldonado,lotus-f1,14,69939.0,70821.0,69939.0,,,0
905,2014,jean-eric-vergne,toro-rosso,15,70073.0,70161.0,70073.0,,,0
905,2014,romain-grosjean,lotus-f1,16,70642.0,70461.0,70642.0,,,0
905,2014,adrian-sutil,sauber,17,70825.0,70825.0,,,,0
905,2014,esteban-gutierrez,sauber,18,71349.0,71349.0,,,,0
905,2014,jules-bianchi,marussia,19,71412.0,71412.0,,,,0
905,2014,kamui-kobayashi,caterham,20,71673.0,71673.0,,,,0
905,2014,max-chilton,marussia,21,71775.0,71775.0,,,,0
905,2014,marcus-ericsson,caterham,22,72673.0,72673.0,,,,0
906,2014,nico-rosberg,mercedes,1,95766.0,100380.0,95179.0,95766.0,,1
906,2014,sebastian-vettel,red-bull,2,97386.0,105086.0,96410.0,97386.0,1620.0,1
906,2014,jenson-button,mclaren,3,98200.0,104425.0,96579.0,98200.0,2434.0,1
906,2014,nico-hulkenberg,force-india,4,98329.0,101271.0,97112.0,98329.0,2563.0,1
906,2014,kevin-magnussen,mclaren,5,98417.0,102507.0,97370.0,98417.0,2651.0,1
906,2014,lewis-hamilton,mercedes,6,99232.0,101058.0,94870.0,99232.0,3466.0,1
906,2014,sergio-perez,force-india,7,100457.0,102146.0,97350.0,100457.0,4691.0,1
906,2014,daniel-ricciardo,red-bull,8,100606.0,104710.0,98166.0,100606.0,4840.0,1
906,2014,daniil-kvyat,toro-rosso,9,100707.0,101032.0,96813.0,100707.0,4941.0,1
906,2014,jean-eric-vergne,toro-rosso,10,100855.0,103040.0,97800.0,100855.0,5089.0,1
906,2014,romain-grosjean,lotus-f1,11,98496.0,103121.0,98496.0,,,0
906,2014,jules-bianchi,marussia,12,98709.0,101169.0,98709.0,,,0
906,2014,max-chilton,marussia,13,99800.0,102082.0,99800.0,,,0
906,2014,esteban-gutierrez,sauber,14,100912.0,103285.0,100912.0,,,0
906,2014,adrian-sutil,sauber,15,102603.0,102603.0,,,,0
906,2014,valtteri-bottas,williams,16,105318.0,105318.0,,,,0
906,2014,felipe-massa,williams,17,105695.0,105695.0,,,,0
906,2014,fernando-alonso,ferrari,18,105935.0,105935.0,,,,0
906,2014,kimi-raikkonen,ferrari,19,106684.0,106684.0,,,,0
906,2014,marcus-ericsson,caterham,,109421.0,109421.0,,,,0
906,2014,kamui-kobayashi,caterham,,109625.0,109625.0,,,,0
906,2014,pastor-maldonado,lotus-f1,,104018.0,103892.0,104018.0,,,0
907,2014,nico-rosberg,mercedes,1,76540.0,77631.0,77109.0,76540.0,,1
907,2014,valtteri-bottas,williams,2,76759.0,78215.0,77353.0,76759.0,219.0,1
907,2014,felipe-massa,williams,3,77078.0,78381.0,77370.0,77078.0,538.0,1
907,2014,kevin-magnussen,mclaren,4,77214.0,78260.0,77788.0,77214.0,674.0,1
907,2014,daniel-ricciardo,red-bull,5,77273.0,78117.0,77855.0,77273.0,733.0,1
907,2014,sebastian-vettel,red-bull,6,77577.0,78194.0,77646.0,77577.0,1037.0,1
907,2014,fernando-alonso,ferrari,7,77649.0,78389.0,77866.0,77649.0,1109.0,1
907,2014,daniil-kvyat,toro-rosso,8,77965.0,78530.0,78103.0,77965.0,1425.0,1
907,2014,nico-hulkenberg,force-india,9,78014.0,78927.0,78017.0,78014.0,1474.0,1
907,2014,sergio-perez,force-india,10,78035.0,78916.0,78161.0,78035.0,1495.0,1
907,2014,jenson-button,mclaren,11,78193.0,78425.0,78193.0,,,0
907,2014,kimi-raikkonen,ferrari,12,78273.0,78534.0,78273.0,,,0
907,2014,jean-eric-vergne,toro-rosso,13,78285.0,78496.0,78285.0,,,0
907,2014,esteban-gutierrez,sauber,14,78787.0,78739.0,78787.0,,,0
907,2014,romain-grosjean,lotus-f1,15,78983.0,78894.0,78983.0,,,0
907,2014,lewis-hamilton,mercedes,16,78683.0,78683.0,,,,0
907,2014,adrian-sutil,sauber,17,79142.0,79142.0,,,,0
907,2014,jules-bianchi,marussia,18,79676.0,79676.0,,,,0
907,2014,pastor-maldonado,lotus-f1,19,80195.0,80195.0,,,,0
907,2014,kamui-kobayashi,caterham,20,80408.0,80408.0,,,,0
907,2014,max-chilton,marussia,21,80489.0,80489.0,,,,0
907,2014,marcus-ericsson,caterham,,,,,,,0
908,2014,nico-rosberg,mercedes,1,82715.0,85227.0,83310.0,82715.0,,1
908,2014,sebastian-vettel,red-bull,2,83201.0,85662.0,83606.0,83201.0,486.0,1
908,2014,valtteri-bottas,williams,3,83354.0,85690.0,83776.0,83354.0,639.0,1
908,2014,daniel-ricciardo,red-bull,4,83391.0,85495.0,83676.0,83391.0,676.0,1
908,2014,fernando-alonso,ferrari,5,83909.0,86087.0,84249.0,83909.0,1194.0,1
908,2014,felipe-massa,williams,6,84223.0,86592.0,84030.0,84223.0,1508.0,1
908,2014,jenson-button,mclaren,7,84294.0,86612.0,84502.0,84294.0,1579.0,1
908,2014,jean-eric-vergne,toro-rosso,8,84720.0,84941.0,84637.0,84720.0,2005.0,1
908,2014,nico-hulkenberg,force-india,9,84775.0,86149.0,84647.0,84775.0,2060.0,1
908,2014,kevin-magnussen,mclaren,10,84585.0,86578.0,84585.0,,,0
908,2014,daniil-kvyat,toro-rosso,11,84706.0,85361.0,84706.0,,,0
908,2014,adrian-sutil,sauber,12,85136.0,86027.0,85136.0,,,0
908,2014,sergio-perez,force-india,13,85211.0,85910.0,85211.0,,,0
908,2014,esteban-gutierrez,sauber,14,85260.0,85709.0,85260.0,,,0
908,2014,romain-grosjean,lotus-f1,15,85337.0,86136.0,85337.0,,,0
908,2014,jules-bianchi,marussia,16,87419.0,86728.0,87419.0,,,0
908,2014,kimi-raikkonen,ferrari,17,86792.0,86792.0,,,,0
908,2014,kamui-kobayashi,caterham,18,87139.0,87139.0,,,,0
908,2014,max-chilton,marussia,19,87819.0,87819.0,,,,0
908,2014,marcus-ericsson,caterham,20,88643.0,88643.0,,,,0
908,2014,lewis-hamilton,mercedes,,,,,,,0
908,2014,pastor-maldonado,lotus-f1,,,,,,,0
909,2014,nico-rosberg,mercedes,1,125591.0,127130.0,126723.0,125591.0,,1
909,2014,lewis-hamilton,mercedes,2,125819.0,127280.0,126609.0,125819.0,228.0,1
909,2014,sebastian-vettel,red-bull,3,127717.0,130105.0,128868.0,127717.0,2126.0,1
909,2014,fernando-alonso,ferrari,4,127786.0,130197.0,128450.0,127786.0,2195.0,1
909,2014,daniel-ricciardo,red-bull,5,127911.0,130089.0,128989.0,127911.0,2320.0,1
909,2014,valtteri-bottas,williams,6,128049.0,129250.0,128451.0,128049.0,2458.0,1
909,2014,kevin-magnussen,mclaren,7,128679.0,131081.0,128901.0,128679.0,3088.0,1
909,2014,kimi-raikkonen,ferrari,8,128780.0,129885.0,128646.0,128780.0,3189.0,1
909,2014,felipe-massa,williams,9,129178.0,128403.0,128833.0,129178.0,3587.0,1
909,2014,jenson-button,mclaren,10,129776.0,130529.0,129272.0,129776.0,4185.0,1
909,2014,daniil-kvyat,toro-rosso,11,129377.0,130445.0,129377.0,,,0
909,2014,jean-eric-vergne,toro-rosso,12,129805.0,129811.0,129805.0,,,0
909,2014,sergio-perez,force-india,13,130084.0,130666.0,130084.0,,,0
909,2014,adrian-sutil,sauber,14,130238.0,131051.0,130238.0,,,0
909,2014,romain-grosjean,lotus-f1,15,131087.0,130898.0,131087.0,,,0
909,2014,jules-bianchi,marussia,16,132470.0,131051.0,132470.0,,,0
909,2014,pastor-maldonado,lotus-f1,17,131261.0,131261.0,,,,0
909,2014,nico-hulkenberg,force-india,18,131267.0,131267.0,,,,0
909,2014,max-chilton,marussia,19,132566.0,132566.0,,,,0
909,2014,esteban-gutierrez,sauber,20,133414.0,133414.0,,,,0
909,2014,andre-lotterer,caterham,21,133469.0,133469.0,,,,0
909,2014,marcus-ericsson,caterham,22,134438.0,134438.0,,,,0
910,2014,lewis-hamilton,mercedes,1,84109.0,85363.0,84560.0,84109.0,,1
910,2014,nico-rosberg,mercedes,2,84383.0,85493.0,84600.0,84383.0,274.0,1
910,2014,valtteri-bottas,williams,3,84697.0,86012.0,84858.0,84697.0,588.0,1
910,2014,felipe-massa,williams,4,84865.0,85528.0,85046.0,84865.0,756.0,1
910,2014,kevin-magnussen,mclaren,5,85314.0,86337.0,85973.0,85314.0,1205.0,1
910,2014,jenson-button,mclaren,6,85379.0,86328.0,85630.0,85379.0,1270.0,1
910,2014,fernando-alonso,ferrari,7,85430.0,86514.0,85525.0,85430.0,1321.0,1
910,2014,sebastian-vettel,red-bull,8,85436.0,86631.0,85769.0,85436.0,1327.0,1
910,2014,daniel-ricciardo,red-bull,9,85709.0,86721.0,85946.0,85709.0,1600.0,1
910,2014,sergio-perez,force-india,10,85944.0,86569.0,85863.0,85944.0,1835.0,1
910,2014,daniil-kvyat,toro-rosso,11,86070.0,86261.0,86070.0,,,0
910,2014,kimi-raikkonen,ferrari,12,86110.0,86689.0,86110.0,,,0
910,2014,jean-eric-vergne,toro-rosso,13,86157.0,86140.0,86157.0,,,0
910,2014,nico-hulkenberg,force-india,14,86279.0,86371.0,86279.0,,,0
910,2014,adrian-sutil,sauber,15,86588.0,87034.0,86588.0,,,0
910,2014,esteban-gutierrez,sauber,16,86692.0,86999.0,86692.0,,,0
910,2014,pastor-maldonado,lotus-f1,17,87520.0,87520.0,,,,0
910,2014,romain-grosjean,lotus-f1,18,87632.0,87632.0,,,,0
910,2014,kamui-kobayashi,caterham,19,87671.0,87671.0,,,,0
910,2014,jules-bianchi,marussia,20,87738.0,87738.0,,,,0
910,2014,max-chilton,marussia,21,88247.0,88247.0,,,,0
910,2014,marcus-ericsson,caterham,22,88562.0,88562.0,,,,0
911,2014,lewis-hamilton,mercedes,1,105681.0,106921.0,106287.0,105681.0,,1
911,2014,nico-rosberg,mercedes,2,105688.0,107244.0,105825.0,105688.0,7.0,1
911,2014,daniel-ricciardo,red-bull,3,105854.0,107488.0,106493.0,105854.0,173.0,1
911,2014,sebastian-vettel,red-bull,4,105902.0,107476.0,106586.0,105902.0,221.0,1
911,2014,fernando-alonso,ferrari,5,105907.0,106889.0,106328.0,105907.0,226.0,1
911,2014,felipe-massa,williams,6,106000.0,107615.0,106472.0,106000.0,319.0,1
911,2014,kimi-raikkonen,ferrari,7,106170.0,106685.0,106359.0,106170.0,489.0,1
911,2014,valtteri-bottas,williams,8,106187.0,107196.0,106622.0,106187.0,506.0,1
911,2014,kevin-magnussen,mclaren,9,106250.0,107976.0,106700.0,106250.0,569.0,1
911,2014,daniil-kvyat,toro-rosso,10,107362.0,107656.0,106926.0,107362.0,1681.0,1
911,2014,jenson-button,mclaren,11,106943.0,107161.0,106943.0,,,0
911,2014,jean-eric-vergne,toro-rosso,12,106989.0,107407.0,106989.0,,,0
911,2014,nico-hulkenberg,force-india,13,107308.0,107370.0,107308.0,,,0
911,2014,esteban-gutierrez,sauber,14,107333.0,107970.0,107333.0,,,0
911,2014,sergio-perez,force-india,15,107575.0,108143.0,107575.0,,,0
911,2014,romain-grosjean,lotus-f1,16,107812.0,107862.0,107812.0,,,0
911,2014,adrian-sutil,sauber,17,108324.0,108324.0,,,,0
911,2014,pastor-maldonado,lotus-f1,18,109063.0,109063.0,,,,0
911,2014,jules-bianchi,marussia,19,109440.0,109440.0,,,,0
911,2014,kamui-kobayashi,caterham,20,110405.0,110405.0,,,,0
911,2014,max-chilton,marussia,21,110473.0,110473.0,,,,0
911,2014,marcus-ericsson,caterham,22,112287.0,112287.0,,,,0
912,2014,nico-rosberg,mercedes,1,92506.0,93671.0,92950.0,92506.0,,1
912,2014,lewis-hamilton,mercedes,2,92703.0,93611.0,92982.0,92703.0,197.0,1
912,2014,valtteri-bottas,williams,3,93128.0,94301.0,93443.0,93128.0,622.0,1
912,2014,felipe-massa,williams,4,93527.0,94483.0,93551.0,93527.0,1021.0,1
912,2014,fernando-alonso,ferrari,5,93740.0,94497.0,93675.0,93740.0,1234.0,1
912,2014,daniel-ricciardo,red-bull,6,94075.0,95593.0,94466.0,94075.0,1569.0,1
912,2014,kevin-magnussen,mclaren,7,94242.0,94930.0,94229.0,94242.0,1736.0,1
912,2014,jenson-button,mclaren,8,94317.0,95150.0,94648.0,94317.0,1811.0,1
912,2014,sebastian-vettel,red-bull,9,94432.0,95517.0,94784.0,94432.0,1926.0,1
912,2014,kimi-raikkonen,ferrari,10,94548.0,94984.0,94771.0,94548.0,2042.0,1
912,2014,jean-eric-vergne,toro-rosso,11,94984.0,95155.0,94984.0,,,0
912,2014,sergio-perez,force-india,12,95089.0,95439.0,95089.0,,,0
912,2014,daniil-kvyat,toro-rosso,13,95092.0,95210.0,95092.0,,,0
912,2014,nico-hulkenberg,force-india,14,95099.0,95000.0,95099.0,,,0
912,2014,adrian-sutil,sauber,15,95364.0,95736.0,95364.0,,,0
912,2014,esteban-gutierrez,sauber,16,95681.0,95308.0,95681.0,,,0
912,2014,pastor-maldonado,lotus-f1,17,95917.0,95917.0,,,,0
912,2014,romain-grosjean,lotus-f1,18,95984.0,95984.0,,,,0
912,2014,marcus-ericsson,caterham,19,96813.0,96813.0,,,,0
912,2014,jules-bianchi,marussia,20,96943.0,96943.0,,,,0
912,2014,kamui-kobayashi,caterham,21,97015.0,97015.0,,,,0
912,2014,max-chilton,marussia,22,97481.0,97481.0,,,,0
913,2014,lewis-hamilton,mercedes,1,98513.0,98759.0,98338.0,98513.0,,1
913,2014,nico-rosberg,mercedes,2,98713.0,99076.0,98606.0,98713.0,200.0,1
913,2014,valtteri-bottas,williams,3,98920.0,99125.0,98971.0,98920.0,407.0,1
913,2014,jenson-button,mclaren,4,99121.0,99560.0,99381.0,99121.0,608.0,1
913,2014,daniil-kvyat,toro-rosso,5,99277.0,100074.0,99296.0,99277.0,764.0,1
913,2014,kevin-magnussen,mclaren,6,99629.0,99735.0,99022.0,99629.0,1116.0,1
913,2014,daniel-ricciardo,red-bull,7,99635.0,100519.0,99666.0,99635.0,1122.0,1
913,2014,fernando-alonso,ferrari,8,99709.0,100255.0,99786.0,99709.0,1196.0,1
913,2014,kimi-raikkonen,ferrari,9,99771.0,100098.0,99838.0,99771.0,1258.0,1
913,2014,jean-eric-vergne,toro-rosso,10,100020.0,100354.0,99929.0,100020.0,1507.0,1
913,2014,sebastian-vettel,red-bull,11,100052.0,100382.0,100052.0,,,0
913,2014,nico-hulkenberg,force-india,12,100058.0,100273.0,100058.0,,,0
913,2014,sergio-perez,force-india,13,100163.0,100723.0,100163.0,,,0
913,2014,esteban-gutierrez,sauber,14,100536.0,101159.0,100536.0,,,0
913,2014,adrian-sutil,sauber,15,100984.0,100766.0,100984.0,,,0
913,2014,romain-grosjean,lotus-f1,16,101397.0,102526.0,101397.0,,,0
913,2014,marcus-ericsson,caterham,17,102648.0,102648.0,,,,0
913,2014,felipe-massa,williams,18,103064.0,103064.0,,,,0
913,2014,kamui-kobayashi,caterham,19,103166.0,103166.0,,,,0
913,2014,pastor-maldonado,lotus-f1,20,103205.0,103205.0,,,,0
913,2014,max-chilton,marussia,21,103649.0,103649.0,,,,0
914,2014,nico-rosberg,mercedes,1,96067.0,98303.0,96290.0,96067.0,,1
914,2014,lewis-hamilton,mercedes,2,96443.0,97196.0,97287.0,96443.0,376.0,1
914,2014,valtteri-bottas,williams,3,96906.0,98249.0,97499.0,96906.0,839.0,1
914,2014,felipe-massa,williams,4,97205.0,97877.0,97347.0,97205.0,1138.0,1
914,2014,daniel-ricciardo,red-bull,5,97244.0,98814.0,97873.0,97244.0,1177.0,1
914,2014,fernando-alonso,ferrari,6,97610.0,98349.0,98010.0,97610.0,1543.0,1
914,2014,jenson-button,mclaren,7,97655.0,98574.0,98024.0,97655.0,1588.0,1
914,2014,kevin-magnussen,mclaren,8,97706.0,98557.0,98047.0,97706.0,1639.0,1
914,2014,kimi-raikkonen,ferrari,9,97804.0,98669.0,98263.0,97804.0,1737.0,1
914,2014,adrian-sutil,sauber,10,98810.0,98855.0,98378.0,98810.0,2743.0,1
914,2014,pastor-maldonado,lotus-f1,11,98467.0,98608.0,98467.0,,,0
914,2014,sergio-perez,force-india,12,98554.0,99200.0,98554.0,,,0
914,2014,nico-hulkenberg,force-india,13,98598.0,98931.0,98598.0,,,0
914,2014,daniil-kvyat,toro-rosso,14,98699.0,98936.0,98699.0,,,0
914,2014,jean-eric-vergne,toro-rosso,15,99250.0,99250.0,,,,0
914,2014,esteban-gutierrez,sauber,16,99555.0,99555.0,,,,0
914,2014,sebastian-vettel,red-bull,17,99621.0,99621.0,,,,0
914,2014,romain-grosjean,lotus-f1,18,99679.0,99679.0,,,,0
915,2014,nico-rosberg,mercedes,1,70023.0,70347.0,70303.0,70023.0,,1
915,2014,lewis-hamilton,mercedes,2,70056.0,70457.0,70712.0,70056.0,33.0,1
915,2014,felipe-massa,williams,3,70247.0,70602.0,70343.0,70247.0,224.0,1
915,2014,valtteri-bottas,williams,4,70305.0,70832.0,70421.0,70305.0,282.0,1
915,2014,jenson-button,mclaren,5,70930.0,71097.0,71127.0,70930.0,907.0,1
915,2014,sebastian-vettel,red-bull,6,70938.0,71880.0,71129.0,70938.0,915.0,1
915,2014,kevin-magnussen,mclaren,7,70969.0,71134.0,71211.0,70969.0,946.0,1
915,2014,fernando-alonso,ferrari,8,70977.0,71558.0,71215.0,70977.0,954.0,1
915,2014,daniel-ricciardo,red-bull,9,71075.0,71593.0,71208.0,71075.0,1052.0,1
915,2014,kimi-raikkonen,ferrari,10,71099.0,71193.0,71188.0,71099.0,1076.0,1
915,2014,esteban-gutierrez,sauber,11,71591.0,71520.0,71591.0,,,0
915,2014,nico-hulkenberg,force-india,12,71976.0,71848.0,71976.0,,,0
915,2014,adrian-sutil,sauber,13,72099.0,71943.0,72099.0,,,0
915,2014,daniil-kvyat,toro-rosso,14,71423.0,71423.0,,,,0
915,2014,romain-grosjean,lotus-f1,15,72037.0,72037.0,,,,0
915,2014,jean-eric-vergne,toro-rosso,16,72040.0,72040.0,,,,0
915,2014,sergio-perez,force-india,17,72076.0,72076.0,,,,0
915,2014,pastor-maldonado,lotus-f1,18,72233.0,72233.0,,,,0
916,2014,nico-rosberg,mercedes,1,100480.0,101308.0,101459.0,100480.0,,1
916,2014,lewis-hamilton,mercedes,2,100866.0,101207.0,100920.0,100866.0,386.0,1
916,2014,valtteri-bottas,williams,3,101025.0,102346.0,101376.0,101025.0,545.0,1
916,2014,felipe-massa,williams,4,101119.0,101475.0,101144.0,101119.0,639.0,1
916,2014,daniil-kvyat,toro-rosso,5,101908.0,102302.0,102082.0,101908.0,1428.0,1
916,2014,jenson-button,mclaren,6,101964.0,102137.0,101875.0,101964.0,1484.0,1
916,2014,kimi-raikkonen,ferrari,7,102236.0,102439.0,102168.0,102236.0,1756.0,1
916,2014,fernando-alonso,ferrari,8,102866.0,102467.0,101940.0,102866.0,2386.0,1
916,2014,kevin-magnussen,mclaren,9,102198.0,102104.0,102198.0,,,0
916,2014,jean-eric-vergne,toro-rosso,10,102207.0,102413.0,102207.0,,,0
916,2014,sergio-perez,force-india,11,102239.0,102654.0,102239.0,,,0
916,2014,nico-hulkenberg,force-india,12,102384.0,102444.0,102384.0,,,0
916,2014,adrian-sutil,sauber,13,103074.0,102746.0,103074.0,,,0
916,2014,romain-grosjean,lotus-f1,14,102768.0,102768.0,,,,0
916,2014,esteban-gutierrez,sauber,15,102819.0,102819.0,,,,0
916,2014,pastor-maldonado,lotus-f1,16,102860.0,102860.0,,,,0
916,2014,kamui-kobayashi,caterham,17,104540.0,104540.0,,,,0
916,2014,will-stevens,caterham,18,105095.0,105095.0,,,,0
916,2014,daniel-ricciardo,red-bull,,101267.0,102204.0,101692.0,101267.0,,1
916,2014,sebastian-vettel,red-bull,,101893.0,102495.0,102147.0,101893.0,,1
917,2015,lewis-hamilton,mercedes,1,86327.0,88586.0,86894.0,86327.0,,1
917,2015,nico-rosberg,mercedes,2,86921.0,88906.0,87097.0,86921.0,594.0,1
917,2015,felipe-massa,williams,3,87718.0,89246.0,87895.0,87718.0,1391.0,1
917,2015,sebastian-vettel,ferrari,4,87757.0,89307.0,87742.0,87757.0,1430.0,1
917,2015,kimi-raikkonen,ferrari,5,87790.0,89754.0,87807.0,87790.0,1463.0,1
917,2015,valtteri-bottas,williams,6,88087.0,89641.0,87796.0,88087.0,1760.0,1
917,2015,daniel-ricciardo,red-bull,7,88329.0,89788.0,88679.0,88329.0,2002.0,1
917,2015,carlos-sainz-jr,toro-rosso,8,88510.0,89597.0,88601.0,88510.0,2183.0,1
917,2015,romain-grosjean,lotus-f1,9,88560.0,89537.0,88589.0,88560.0,2233.0,1
917,2015,pastor-maldonado,lotus-f1,10,89480.0,89847.0,88726.0,89480.0,3153.0,1
917,2015,felipe-nasr,sauber,11,88800.0,90430.0,88800.0,,,0
917,2015,max-verstappen,toro-rosso,12,88868.0,89248.0,88868.0,,,0
917,2015,daniil-kvyat,red-bull,13,89070.0,90402.0,89070.0,,,0
917,2015,nico-hulkenberg,force-india,14,89208.0,89651.0,89208.0,,,0
917,2015,sergio-perez,force-india,15,89209.0,89990.0,89209.0,,,0
917,2015,marcus-ericsson,sauber,16,91376.0,91376.0,,,,0
917,2015,jenson-button,mclaren,17,91422.0,91422.0,,,,0
917,2015,kevin-magnussen,mclaren,18,92037.0,92037.0,,,,0
918,2015,lewis-hamilton,mercedes,1,109834.0,99269.0,101517.0,109834.0,,1
918,2015,sebastian-vettel,ferrari,2,109908.0,99814.0,99632.0,109908.0,74.0,1
918,2015,nico-rosberg,mercedes,3,110299.0,99374.0,99377.0,110299.0,465.0,1
918,2015,daniel-ricciardo,red-bull,4,111541.0,100504.0,101085.0,111541.0,1707.0,1
918,2015,daniil-kvyat,red-bull,5,111951.0,100546.0,101665.0,111951.0,2117.0,1
918,2015,max-verstappen,toro-rosso,6,111981.0,100793.0,101430.0,111981.0,2147.0,1
918,2015,felipe-massa,williams,7,112473.0,100543.0,101230.0,112473.0,2639.0,1
918,2015,romain-grosjean,lotus-f1,8,112981.0,100303.0,101209.0,112981.0,3147.0,1
918,2015,valtteri-bottas,williams,9,113179.0,100249.0,100650.0,113179.0,3345.0,1
918,2015,marcus-ericsson,sauber,10,113261.0,100340.0,101748.0,113261.0,3427.0,1
918,2015,kimi-raikkonen,ferrari,11,102173.0,100415.0,102173.0,,,0
918,2015,pastor-maldonado,lotus-f1,12,102198.0,100361.0,102198.0,,,0
918,2015,nico-hulkenberg,force-india,13,103023.0,100830.0,103023.0,,,0
918,2015,sergio-perez,force-india,14,103469.0,101036.0,103469.0,,,0
918,2015,carlos-sainz-jr,toro-rosso,15,103701.0,99814.0,103701.0,,,0
918,2015,felipe-nasr,sauber,16,101308.0,101308.0,,,,0
918,2015,jenson-button,mclaren,17,101636.0,101636.0,,,,0
918,2015,fernando-alonso,mclaren,18,101746.0,101746.0,,,,0
918,2015,roberto-merhi,marussia,,106677.0,106677.0,,,,0
918,2015,will-stevens,marussia,,,,,,,0
919,2015,lewis-hamilton,mercedes,1,95782.0,98285.0,96423.0,95782.0,,1
919,2015,nico-rosberg,mercedes,2,95824.0,98496.0,96747.0,95824.0,42.0,1
919,2015,sebastian-vettel,ferrari,3,96687.0,97502.0,96957.0,96687.0,905.0,1
919,2015,felipe-massa,williams,4,96954.0,98433.0,97357.0,96954.0,1172.0,1
919,2015,valtteri-bottas,williams,5,97143.0,98014.0,97763.0,97143.0,1361.0,1
919,2015,kimi-raikkonen,ferrari,6,97232.0,97790.0,97109.0,97232.0,1450.0,1
919,2015,daniel-ricciardo,red-bull,7,97540.0,98534.0,97939.0,97540.0,1758.0,1
919,2015,romain-grosjean,lotus-f1,8,97905.0,98209.0,98063.0,97905.0,2123.0,1
919,2015,felipe-nasr,sauber,9,98067.0,98521.0,98017.0,98067.0,2285.0,1
919,2015,marcus-ericsson,sauber,10,98158.0,98941.0,98127.0,98158.0,2376.0,1
919,2015,pastor-maldonado,lotus-f1,11,98134.0,98563.0,98134.0,,,0
919,2015,daniil-kvyat,red-bull,12,98209.0,99051.0,98209.0,,,0
919,2015,max-verstappen,toro-rosso,13,98393.0,98387.0,98393.0,,,0
919,2015,carlos-sainz-jr,toro-rosso,14,98538.0,98622.0,98538.0,,,0
919,2015,sergio-perez,force-india,15,99290.0,98903.0,99290.0,,,0
919,2015,nico-hulkenberg,force-india,16,99216.0,99216.0,,,,0
919,2015,jenson-button,mclaren,17,99276.0,99276.0,,,,0
919,2015,fernando-alonso,mclaren,18,99280.0,99280.0,,,,0
919,2015,will-stevens,marussia,19,102091.0,102091.0,,,,0
919,2015,roberto-merhi,marussia,20,102842.0,102842.0,,,,0
920,2015,lewis-hamilton,mercedes,1,92571.0,93928.0,92669.0,92571.0,,1
920,2015,sebastian-vettel,ferrari,2,92982.0,94919.0,93623.0,92982.0,411.0,1
920,2015,nico-rosberg,mercedes,3,93129.0,94398.0,93878.0,93129.0,558.0,1
920,2015,kimi-raikkonen,ferrari,4,93227.0,94568.0,93540.0,93227.0,656.0,1
920,2015,valtteri-bottas,williams,5,93381.0,94161.0,93897.0,93381.0,810.0,1
920,2015,felipe-massa,williams,6,93744.0,94488.0,93551.0,93744.0,1173.0,1
920,2015,daniel-ricciardo,red-bull,7,93832.0,94691.0,94403.0,93832.0,1261.0,1
920,2015,nico-hulkenberg,force-india,8,94450.0,95653.0,94613.0,94450.0,1879.0,1
920,2015,carlos-sainz-jr,toro-rosso,9,94462.0,95371.0,94641.0,94462.0,1891.0,1
920,2015,romain-grosjean,lotus-f1,10,94484.0,95007.0,94123.0,94484.0,1913.0,1
920,2015,sergio-perez,force-india,11,94704.0,95451.0,94704.0,,,0
920,2015,felipe-nasr,sauber,12,94737.0,95310.0,94737.0,,,0
920,2015,marcus-ericsson,sauber,13,95034.0,95438.0,95034.0,,,0
920,2015,fernando-alonso,mclaren,14,95039.0,95205.0,95039.0,,,0
920,2015,max-verstappen,toro-rosso,15,95103.0,95611.0,95103.0,,,0
920,2015,pastor-maldonado,lotus-f1,16,95677.0,95677.0,,,,0
920,2015,daniil-kvyat,red-bull,17,95800.0,95800.0,,,,0
920,2015,will-stevens,marussia,18,98713.0,98713.0,,,,0
920,2015,roberto-merhi,marussia,19,99722.0,99722.0,,,,0
920,2015,jenson-button,mclaren,,,,,,,0
921,2015,nico-rosberg,mercedes,1,84681.0,86490.0,85166.0,84681.0,,1
921,2015,lewis-hamilton,mercedes,2,84948.0,86382.0,85740.0,84948.0,267.0,1
921,2015,sebastian-vettel,ferrari,3,85458.0,87534.0,86167.0,85458.0,777.0,1
921,2015,valtteri-bottas,williams,4,85694.0,87262.0,86197.0,85694.0,1013.0,1
921,2015,carlos-sainz-jr,toro-rosso,5,86136.0,86773.0,86475.0,86136.0,1455.0,1
921,2015,max-verstappen,toro-rosso,6,86249.0,87393.0,86441.0,86249.0,1568.0,1
921,2015,kimi-raikkonen,ferrari,7,86414.0,86637.0,86016.0,86414.0,1733.0,1
921,2015,daniil-kvyat,red-bull,8,86629.0,87833.0,86889.0,86629.0,1948.0,1
921,2015,felipe-massa,williams,9,86757.0,87165.0,86147.0,86757.0,2076.0,1
921,2015,daniel-ricciardo,red-bull,10,86770.0,87611.0,86692.0,86770.0,2089.0,1
921,2015,romain-grosjean,lotus-f1,11,87375.0,87383.0,87375.0,,,0
921,2015,pastor-maldonado,lotus-f1,12,87450.0,87281.0,87450.0,,,0
921,2015,fernando-alonso,mclaren,13,87760.0,87941.0,87760.0,,,0
921,2015,jenson-button,mclaren,14,87854.0,87813.0,87854.0,,,0
921,2015,felipe-nasr,sauber,15,88005.0,87625.0,88005.0,,,0
921,2015,marcus-ericsson,sauber,16,88112.0,88112.0,,,,0
921,2015,nico-hulkenberg,force-india,17,88365.0,88365.0,,,,0
921,2015,sergio-perez,force-india,18,88442.0,88442.0,,,,0
921,2015,will-stevens,marussia,19,91200.0,91200.0,,,,0
921,2015,roberto-merhi,marussia,20,92038.0,92038.0,,,,0
922,2015,lewis-hamilton,mercedes,1,75098.0,76588.0,75864.0,75098.0,,1
922,2015,nico-rosberg,mercedes,2,75440.0,76528.0,75471.0,75440.0,342.0,1
922,2015,sebastian-vettel,ferrari,3,75849.0,77502.0,76181.0,75849.0,751.0,1
922,2015,daniel-ricciardo,red-bull,4,76041.0,77254.0,76706.0,76041.0,943.0,1
922,2015,daniil-kvyat,red-bull,5,76182.0,76845.0,76453.0,76182.0,1084.0,1
922,2015,kimi-raikkonen,ferrari,6,76427.0,77660.0,76440.0,76427.0,1329.0,1
922,2015,sergio-perez,force-india,7,76808.0,77376.0,76999.0,76808.0,1710.0,1
922,2015,carlos-sainz-jr,toro-rosso,8,76931.0,77246.0,76762.0,76931.0,1833.0,1
922,2015,pastor-maldonado,lotus-f1,9,76946.0,77630.0,76775.0,76946.0,1848.0,1
922,2015,max-verstappen,toro-rosso,10,76957.0,76750.0,76546.0,76957.0,1859.0,1
922,2015,romain-grosjean,lotus-f1,11,77007.0,77767.0,77007.0,,,0
922,2015,jenson-button,mclaren,12,77093.0,77492.0,77093.0,,,0
922,2015,nico-hulkenberg,force-india,13,77193.0,77552.0,77193.0,,,0
922,2015,felipe-massa,williams,14,77278.0,77679.0,77278.0,,,0
922,2015,fernando-alonso,mclaren,15,86632.0,77778.0,86632.0,,,0
922,2015,felipe-nasr,sauber,16,78101.0,78101.0,,,,0
922,2015,valtteri-bottas,williams,17,78434.0,78434.0,,,,0
922,2015,marcus-ericsson,sauber,18,78513.0,78513.0,,,,0
922,2015,will-stevens,marussia,19,80655.0,80655.0,,,,0
922,2015,roberto-merhi,marussia,20,80904.0,80904.0,,,,0
923,2015,lewis-hamilton,mercedes,1,74393.0,75895.0,74661.0,74393.0,,1
923,2015,nico-rosberg,mercedes,2,74702.0,75893.0,74673.0,74702.0,309.0,1
923,2015,kimi-raikkonen,ferrari,3,75014.0,76259.0,75348.0,75014.0,621.0,1
923,2015,valtteri-bottas,williams,4,75102.0,76552.0,75506.0,75102.0,709.0,1
923,2015,romain-grosjean,lotus-f1,5,75194.0,75833.0,75187.0,75194.0,801.0,1
923,2015,pastor-maldonado,lotus-f1,6,75329.0,76098.0,75622.0,75329.0,936.0,1
923,2015,nico-hulkenberg,force-india,7,75614.0,76186.0,75706.0,75614.0,1221.0,1
923,2015,daniil-kvyat,red-bull,8,76079.0,76415.0,75891.0,76079.0,1686.0,1
923,2015,daniel-ricciardo,red-bull,9,76114.0,76410.0,76006.0,76114.0,1721.0,1
923,2015,sergio-perez,force-india,10,76338.0,76827.0,75974.0,76338.0,1945.0,1
923,2015,carlos-sainz-jr,toro-rosso,11,76042.0,76611.0,76042.0,,,0
923,2015,max-verstappen,toro-rosso,12,76245.0,76361.0,76245.0,,,0
923,2015,marcus-ericsson,sauber,13,76262.0,76796.0,76262.0,,,0
923,2015,fernando-alonso,mclaren,14,76276.0,77012.0,76276.0,,,0
923,2015,felipe-nasr,sauber,15,76620.0,76968.0,76620.0,,,0
923,2015,sebastian-vettel,ferrari,16,77344.0,77344.0,,,,0
923,2015,felipe-massa,williams,17,77886.0,77886.0,,,,0
923,2015,roberto-merhi,marussia,18,79133.0,79133.0,,,,0
923,2015,will-stevens,marussia,19,79157.0,79157.0,,,,0
923,2015,jenson-button,mclaren,,,,,,,0
924,2015,lewis-hamilton,mercedes,1,68455.0,72218.0,69062.0,68455.0,,1
924,2015,nico-rosberg,mercedes,2,68655.0,70976.0,68634.0,68655.0,200.0,1
924,2015,sebastian-vettel,ferrari,3,68810.0,71184.0,69392.0,68810.0,355.0,1
924,2015,felipe-massa,williams,4,69192.0,71830.0,69719.0,69192.0,737.0,1
924,2015,nico-hulkenberg,force-india,5,69278.0,71319.0,69604.0,69278.0,823.0,1
924,2015,valtteri-bottas,williams,6,69319.0,71894.0,69598.0,69319.0,864.0,1
924,2015,max-verstappen,toro-rosso,7,69612.0,71307.0,69631.0,69612.0,1157.0,1
924,2015,daniil-kvyat,red-bull,8,69694.0,72092.0,70187.0,69694.0,1239.0,1
924,2015,felipe-nasr,sauber,9,69713.0,72001.0,69652.0,69713.0,1258.0,1
924,2015,romain-grosjean,lotus-f1,10,69920.0,71821.0,69920.0,,,0
924,2015,pastor-maldonado,lotus-f1,11,70374.0,71661.0,70374.0,,,0
924,2015,marcus-ericsson,sauber,12,70426.0,72388.0,70426.0,,,0
924,2015,carlos-sainz-jr,toro-rosso,13,70465.0,71158.0,70465.0,,,0
924,2015,daniel-ricciardo,red-bull,14,70482.0,71973.0,70482.0,,,0
924,2015,fernando-alonso,mclaren,15,70736.0,72508.0,70736.0,,,0
924,2015,sergio-perez,force-india,16,72522.0,72522.0,,,,0
924,2015,jenson-button,mclaren,17,72632.0,72632.0,,,,0
924,2015,kimi-raikkonen,ferrari,18,72867.0,72867.0,,,,0
924,2015,roberto-merhi,marussia,19,74071.0,74071.0,,,,0
924,2015,will-stevens,marussia,20,75368.0,75368.0,,,,0
925,2015,lewis-hamilton,mercedes,1,92248.0,93796.0,93068.0,92248.0,,1
925,2015,nico-rosberg,mercedes,2,92361.0,93475.0,92737.0,92361.0,113.0,1
925,2015,felipe-massa,williams,3,93085.0,94542.0,93707.0,93085.0,837.0,1
925,2015,valtteri-bottas,williams,4,93149.0,94171.0,93020.0,93149.0,901.0,1
925,2015,kimi-raikkonen,ferrari,5,93379.0,93426.0,93911.0,93379.0,1131.0,1
925,2015,sebastian-vettel,ferrari,6,93547.0,93562.0,93641.0,93547.0,1299.0,1
925,2015,daniil-kvyat,red-bull,7,93636.0,94422.0,93520.0,93636.0,1388.0,1
925,2015,carlos-sainz-jr,toro-rosso,8,93649.0,94641.0,94071.0,93649.0,1401.0,1
925,2015,nico-hulkenberg,force-india,9,93673.0,94594.0,93693.0,93673.0,1425.0,1
925,2015,daniel-ricciardo,red-bull,10,93943.0,94272.0,93749.0,93943.0,1695.0,1
925,2015,sergio-perez,force-india,11,94268.0,94250.0,94268.0,,,0
925,2015,romain-grosjean,lotus-f1,12,94430.0,94646.0,94430.0,,,0
925,2015,max-verstappen,toro-rosso,13,94502.0,94819.0,94502.0,,,0
925,2015,pastor-maldonado,lotus-f1,14,94511.0,94877.0,94511.0,,,0
925,2015,marcus-ericsson,sauber,15,94868.0,94643.0,94868.0,,,0
925,2015,felipe-nasr,sauber,16,94888.0,94888.0,,,,0
925,2015,fernando-alonso,mclaren,17,94959.0,94959.0,,,,0
925,2015,jenson-button,mclaren,18,95207.0,95207.0,,,,0
925,2015,will-stevens,marussia,19,97364.0,97364.0,,,,0
925,2015,roberto-merhi,marussia,20,99377.0,99377.0,,,,0
926,2015,lewis-hamilton,mercedes,1,82020.0,82890.0,82285.0,82020.0,,1
926,2015,nico-rosberg,mercedes,2,82595.0,82979.0,82775.0,82595.0,575.0,1
926,2015,sebastian-vettel,ferrari,3,82739.0,83312.0,83168.0,82739.0,719.0,1
926,2015,daniel-ricciardo,red-bull,4,82774.0,84408.0,83230.0,82774.0,754.0,1
926,2015,kimi-raikkonen,ferrari,5,83020.0,83596.0,83460.0,83020.0,1000.0,1
926,2015,valtteri-bottas,williams,6,83222.0,83649.0,83555.0,83222.0,1202.0,1
926,2015,daniil-kvyat,red-bull,7,83332.0,83587.0,83597.0,83332.0,1312.0,1
926,2015,felipe-massa,williams,8,83537.0,83895.0,83598.0,83537.0,1517.0,1
926,2015,max-verstappen,toro-rosso,9,83679.0,84032.0,83781.0,83679.0,1659.0,1
926,2015,romain-grosjean,lotus-f1,10,84181.0,84242.0,83805.0,84181.0,2161.0,1
926,2015,nico-hulkenberg,force-india,11,83826.0,84115.0,83826.0,,,0
926,2015,carlos-sainz-jr,toro-rosso,12,83869.0,84623.0,83869.0,,,0
926,2015,sergio-perez,force-india,13,84461.0,84444.0,84461.0,,,0
926,2015,pastor-maldonado,lotus-f1,14,84609.0,83895.0,84609.0,,,0
926,2015,fernando-alonso,mclaren,15,84563.0,84563.0,,,,0
926,2015,jenson-button,mclaren,16,84739.0,84739.0,,,,0
926,2015,marcus-ericsson,sauber,17,84843.0,84843.0,,,,0
926,2015,felipe-nasr,sauber,18,84997.0,84997.0,,,,0
926,2015,roberto-merhi,marussia,19,87416.0,87416.0,,,,0
926,2015,will-stevens,marussia,20,87949.0,87949.0,,,,0
927,2015,lewis-hamilton,mercedes,1,107197.0,108908.0,108024.0,107197.0,,1
927,2015,nico-rosberg,mercedes,2,107655.0,108923.0,107955.0,107655.0,458.0,1
927,2015,valtteri-bottas,williams,3,108537.0,109026.0,109044.0,108537.0,1340.0,1
927,2015,romain-grosjean,lotus-f1,4,108561.0,109353.0,108981.0,108561.0,1364.0,1
927,2015,sergio-perez,force-india,5,108599.0,109006.0,108792.0,108599.0,1402.0,1
927,2015,daniel-ricciardo,red-bull,6,108639.0,109664.0,109042.0,108639.0,1442.0,1
927,2015,felipe-massa,williams,7,108685.0,109688.0,108806.0,108685.0,1488.0,1
927,2015,pastor-maldonado,lotus-f1,8,108754.0,109568.0,108956.0,108754.0,1557.0,1
927,2015,sebastian-vettel,ferrari,9,108825.0,109264.0,108761.0,108825.0,1628.0,1
927,2015,carlos-sainz-jr,toro-rosso,10,109771.0,109109.0,109065.0,109771.0,2574.0,1
927,2015,nico-hulkenberg,force-india,11,109121.0,109499.0,109121.0,,,0
927,2015,daniil-kvyat,red-bull,12,109228.0,109469.0,109228.0,,,0
927,2015,marcus-ericsson,sauber,13,109586.0,109523.0,109586.0,,,0
927,2015,kimi-raikkonen,ferrari,14,109288.0,109288.0,,,,0
927,2015,max-verstappen,toro-rosso,15,109831.0,109831.0,,,,0
927,2015,felipe-nasr,sauber,16,109952.0,109952.0,,,,0
927,2015,jenson-button,mclaren,17,110978.0,110978.0,,,,0
927,2015,fernando-alonso,mclaren,18,111420.0,111420.0,,,,0
927,2015,will-stevens,marussia,19,112948.0,112948.0,,,,0
927,2015,roberto-merhi,marussia,20,113099.0,113099.0,,,,0
928,2015,lewis-hamilton,mercedes,1,83397.0,84251.0,83383.0,83397.0,,1
928,2015,kimi-raikkonen,ferrari,2,83631.0,84662.0,83757.0,83631.0,234.0,1
928,2015,sebastian-vettel,ferrari,3,83685.0,84989.0,83577.0,83685.0,288.0,1
928,2015,nico-rosberg,mercedes,4,83703.0,84609.0,83864.0,83703.0,306.0,1
928,2015,felipe-massa,williams,5,83940.0,85184.0,83983.0,83940.0,543.0,1
928,2015,valtteri-bottas,williams,6,84127.0,84979.0,84313.0,84127.0,730.0,1
928,2015,sergio-perez,force-india,7,84626.0,84801.0,84379.0,84626.0,1229.0,1
928,2015,romain-grosjean,lotus-f1,8,85054.0,85144.0,84448.0,85054.0,1657.0,1
928,2015,nico-hulkenberg,force-india,9,85317.0,84937.0,84510.0,85317.0,1920.0,1
928,2015,marcus-ericsson,sauber,10,86214.0,85122.0,84457.0,86214.0,2817.0,1
928,2015,pastor-maldonado,lotus-f1,11,84525.0,85429.0,84525.0,,,0
928,2015,felipe-nasr,sauber,12,84898.0,85121.0,84898.0,,,0
928,2015,carlos-sainz-jr,toro-rosso,13,85618.0,85410.0,85618.0,,,0
928,2015,daniil-kvyat,red-bull,14,85796.0,85742.0,85796.0,,,0
928,2015,daniel-ricciardo,red-bull,15,85633.0,85633.0,,,,0
928,2015,jenson-button,mclaren,16,86058.0,86058.0,,,,0
928,2015,fernando-alonso,mclaren,17,86154.0,86154.0,,,,0
928,2015,will-stevens,marussia,18,87731.0,87731.0,,,,0
928,2015,roberto-merhi,marussia,19,87912.0,87912.0,,,,0
928,2015,max-verstappen,toro-rosso,,,,,,,0
929,2015,sebastian-vettel,ferrari,1,103885.0,106017.0,104743.0,103885.0,,1
929,2015,daniel-ricciardo,red-bull,2,104428.0,106166.0,105291.0,104428.0,543.0,1
929,2015,kimi-raikkonen,ferrari,3,104667.0,106467.0,105140.0,104667.0,782.0,1
929,2015,daniil-kvyat,red-bull,4,104745.0,105340.0,104979.0,104745.0,860.0,1
929,2015,lewis-hamilton,mercedes,5,105300.0,105765.0,105650.0,105300.0,1415.0,1
929,2015,nico-rosberg,mercedes,6,105415.0,106201.0,105653.0,105415.0,1530.0,1
929,2015,valtteri-bottas,williams,7,105676.0,106231.0,105887.0,105676.0,1791.0,1
929,2015,max-verstappen,toro-rosso,8,105798.0,106483.0,105635.0,105798.0,1913.0,1
929,2015,felipe-massa,williams,9,106077.0,106879.0,105701.0,106077.0,2192.0,1
929,2015,romain-grosjean,lotus-f1,10,106413.0,106860.0,105805.0,106413.0,2528.0,1
929,2015,nico-hulkenberg,force-india,11,106305.0,106669.0,106305.0,,,0
929,2015,fernando-alonso,mclaren,12,106328.0,106600.0,106328.0,,,0
929,2015,sergio-perez,force-india,13,106385.0,106576.0,106385.0,,,0
929,2015,carlos-sainz-jr,toro-rosso,14,106894.0,106465.0,106894.0,,,0
929,2015,jenson-button,mclaren,15,107019.0,106891.0,107019.0,,,0
929,2015,felipe-nasr,sauber,16,106965.0,106965.0,,,,0
929,2015,marcus-ericsson,sauber,17,107088.0,107088.0,,,,0
929,2015,pastor-maldonado,lotus-f1,18,107323.0,107323.0,,,,0
929,2015,will-stevens,marussia,19,111021.0,111021.0,,,,0
929,2015,alexander-rossi,marussia,20,111523.0,111523.0,,,,0
930,2015,nico-rosberg,mercedes,1,92584.0,93015.0,92632.0,92584.0,,1
930,2015,lewis-hamilton,mercedes,2,92660.0,92844.0,92789.0,92660.0,76.0,1
930,2015,valtteri-bottas,williams,3,93024.0,94326.0,93416.0,93024.0,440.0,1
930,2015,sebastian-vettel,ferrari,4,93245.0,94431.0,93844.0,93245.0,661.0,1
930,2015,felipe-massa,williams,5,93337.0,94744.0,93377.0,93337.0,753.0,1
930,2015,kimi-raikkonen,ferrari,6,93347.0,94171.0,93361.0,93347.0,763.0,1
930,2015,daniel-ricciardo,red-bull,7,93497.0,94399.0,94153.0,93497.0,913.0,1
930,2015,romain-grosjean,lotus-f1,8,93967.0,94398.0,94278.0,93967.0,1383.0,1
930,2015,sergio-perez,force-india,9,94174.0,95001.0,94174.0,,,0
930,2015,daniil-kvyat,red-bull,10,94201.0,94646.0,94201.0,,,0
930,2015,nico-hulkenberg,force-india,11,94390.0,95328.0,94390.0,,,0
930,2015,carlos-sainz-jr,toro-rosso,12,94453.0,94873.0,94453.0,,,0
930,2015,pastor-maldonado,lotus-f1,13,94497.0,94796.0,94497.0,,,0
930,2015,fernando-alonso,mclaren,14,94785.0,95467.0,94785.0,,,0
930,2015,max-verstappen,toro-rosso,15,94522.0,94522.0,,,,0
930,2015,jenson-button,mclaren,16,95664.0,95664.0,,,,0
930,2015,marcus-ericsson,sauber,17,95673.0,95673.0,,,,0
930,2015,felipe-nasr,sauber,18,95760.0,95760.0,,,,0
930,2015,will-stevens,marussia,19,98783.0,98783.0,,,,0
930,2015,alexander-rossi,marussia,,107114.0,107114.0,,,,0
931,2015,nico-rosberg,mercedes,1,97113.0,98343.0,97500.0,97113.0,,1
931,2015,lewis-hamilton,mercedes,2,97433.0,98558.0,97672.0,97433.0,320.0,1
931,2015,valtteri-bottas,williams,3,97912.0,98448.0,98194.0,97912.0,799.0,1
931,2015,sebastian-vettel,ferrari,4,97965.0,98598.0,98402.0,97965.0,852.0,1
931,2015,kimi-raikkonen,ferrari,5,98348.0,99207.0,98224.0,98348.0,1235.0,1
931,2015,nico-hulkenberg,force-india,6,98659.0,99250.0,98727.0,98659.0,1546.0,1
931,2015,sergio-perez,force-india,7,98691.0,99617.0,98914.0,98691.0,1578.0,1
931,2015,romain-grosjean,lotus-f1,8,98787.0,99056.0,98754.0,98787.0,1674.0,1
931,2015,max-verstappen,toro-rosso,9,98924.0,99411.0,99119.0,98924.0,1811.0,1
931,2015,daniel-ricciardo,red-bull,10,99728.0,99574.0,99005.0,99728.0,2615.0,1
931,2015,daniil-kvyat,red-bull,11,99214.0,99580.0,99214.0,,,0
931,2015,felipe-nasr,sauber,12,99323.0,100042.0,99323.0,,,0
931,2015,jenson-button,mclaren,13,99763.0,99739.0,99763.0,,,0
931,2015,pastor-maldonado,lotus-f1,14,99811.0,99724.0,99811.0,,,0
931,2015,felipe-massa,williams,15,99895.0,98926.0,99895.0,,,0
931,2015,fernando-alonso,mclaren,16,100144.0,100144.0,,,,0
931,2015,marcus-ericsson,sauber,17,100660.0,100660.0,,,,0
931,2015,will-stevens,marussia,18,103693.0,103693.0,,,,0
931,2015,roberto-merhi,marussia,19,103804.0,103804.0,,,,0
931,2015,carlos-sainz-jr,toro-rosso,,,,,,,0
932,2015,nico-rosberg,mercedes,1,116824.0,116671.0,116824.0,,,0
932,2015,lewis-hamilton,mercedes,2,116929.0,116871.0,116929.0,,,0
932,2015,daniel-ricciardo,red-bull,3,117969.0,116495.0,117969.0,,,0
932,2015,daniil-kvyat,red-bull,4,118434.0,117640.0,118434.0,,,0
932,2015,sebastian-vettel,ferrari,5,118596.0,120950.0,118596.0,,,0
932,2015,sergio-perez,force-india,6,119210.0,119284.0,119210.0,,,0
932,2015,nico-hulkenberg,force-india,7,119333.0,118325.0,119333.0,,,0
932,2015,kimi-raikkonen,ferrari,8,119703.0,118198.0,119703.0,,,0
932,2015,felipe-massa,williams,9,119999.0,120902.0,119999.0,,,0
932,2015,max-verstappen,toro-rosso,10,120199.0,118689.0,120199.0,,,0
932,2015,fernando-alonso,mclaren,11,120265.0,119704.0,120265.0,,,0
932,2015,valtteri-bottas,williams,12,120334.0,119569.0,120334.0,,,0
932,2015,romain-grosjean,lotus-f1,13,120595.0,120236.0,120595.0,,,0
932,2015,jenson-button,mclaren,14,121193.0,120261.0,121193.0,,,0
932,2015,pastor-maldonado,lotus-f1,15,121604.0,120844.0,121604.0,,,0
932,2015,marcus-ericsson,sauber,16,122212.0,122212.0,,,,0
932,2015,felipe-nasr,sauber,17,123194.0,123194.0,,,,0
932,2015,alexander-rossi,marussia,18,124176.0,124176.0,,,,0
932,2015,will-stevens,marussia,19,124526.0,124526.0,,,,0
932,2015,carlos-sainz-jr,toro-rosso,,127304.0,127304.0,,,,0
933,2015,nico-rosberg,mercedes,1,79480.0,80436.0,80053.0,79480.0,,1
933,2015,lewis-hamilton,mercedes,2,79668.0,80808.0,79829.0,79668.0,188.0,1
933,2015,sebastian-vettel,ferrari,3,79850.0,80503.0,80045.0,79850.0,370.0,1
933,2015,daniil-kvyat,red-bull,4,80398.0,80826.0,80490.0,80398.0,918.0,1
933,2015,daniel-ricciardo,red-bull,5,80399.0,81166.0,80783.0,80399.0,919.0,1
933,2015,valtteri-bottas,williams,6,80448.0,80817.0,80458.0,80448.0,968.0,1
933,2015,felipe-massa,williams,7,80567.0,81379.0,80642.0,80567.0,1087.0,1
933,2015,max-verstappen,toro-rosso,8,80710.0,80995.0,80894.0,80710.0,1230.0,1
933,2015,sergio-perez,force-india,9,80716.0,80966.0,80669.0,80716.0,1236.0,1
933,2015,nico-hulkenberg,force-india,10,80788.0,81315.0,80935.0,80788.0,1308.0,1
933,2015,carlos-sainz-jr,toro-rosso,11,80942.0,80960.0,80942.0,,,0
933,2015,romain-grosjean,lotus-f1,12,81038.0,81577.0,81038.0,,,0
933,2015,pastor-maldonado,lotus-f1,13,81261.0,81520.0,81261.0,,,0
933,2015,marcus-ericsson,sauber,14,81544.0,81299.0,81544.0,,,0
933,2015,kimi-raikkonen,ferrari,15,82494.0,81422.0,82494.0,,,0
933,2015,fernando-alonso,mclaren,16,81779.0,81779.0,,,,0
933,2015,felipe-nasr,sauber,17,81788.0,81788.0,,,,0
933,2015,alexander-rossi,marussia,18,84136.0,84136.0,,,,0
933,2015,will-stevens,marussia,19,84386.0,84386.0,,,,0
933,2015,jenson-button,mclaren,,,,,,,0
934,2015,nico-rosberg,mercedes,1,71282.0,71746.0,72213.0,71282.0,,1
934,2015,lewis-hamilton,mercedes,2,71360.0,71682.0,71665.0,71360.0,78.0,1
934,2015,sebastian-vettel,ferrari,3,71804.0,72240.0,71928.0,71804.0,522.0,1
934,2015,valtteri-bottas,williams,4,72085.0,72934.0,72374.0,72085.0,803.0,1
934,2015,kimi-raikkonen,ferrari,5,72144.0,72185.0,72243.0,72144.0,862.0,1
934,2015,nico-hulkenberg,force-india,6,72265.0,72595.0,72485.0,72265.0,983.0,1
934,2015,daniil-kvyat,red-bull,7,72322.0,72730.0,72527.0,72322.0,1040.0,1
934,2015,felipe-massa,williams,8,72415.0,72980.0,72858.0,72415.0,1133.0,1
934,2015,daniel-ricciardo,red-bull,9,72417.0,72639.0,72825.0,72417.0,1135.0,1
934,2015,max-verstappen,toro-rosso,10,72739.0,72824.0,72712.0,72739.0,1457.0,1
934,2015,felipe-nasr,sauber,11,72989.0,73111.0,72989.0,,,0
934,2015,carlos-sainz-jr,toro-rosso,12,73045.0,73267.0,73045.0,,,0
934,2015,sergio-perez,force-india,13,73147.0,73140.0,73147.0,,,0
934,2015,marcus-ericsson,sauber,14,73233.0,73346.0,73233.0,,,0
934,2015,romain-grosjean,lotus-f1,15,73913.0,73056.0,73913.0,,,0
934,2015,pastor-maldonado,lotus-f1,16,73385.0,73385.0,,,,0
934,2015,jenson-button,mclaren,17,73425.0,73425.0,,,,0
934,2015,alexander-rossi,marussia,18,76151.0,76151.0,,,,0
934,2015,will-stevens,marussia,19,76283.0,76283.0,,,,0
934,2015,fernando-alonso,mclaren,,,,,,,0
935,2015,nico-rosberg,mercedes,1,100237.0,101111.0,100979.0,100237.0,,1
935,2015,lewis-hamilton,mercedes,2,100614.0,100974.0,100758.0,100614.0,377.0,1
935,2015,kimi-raikkonen,ferrari,3,101051.0,102500.0,101612.0,101051.0,814.0,1
935,2015,sergio-perez,force-india,4,101184.0,101983.0,101560.0,101184.0,947.0,1
935,2015,daniel-ricciardo,red-bull,5,101444.0,102275.0,101830.0,101444.0,1207.0,1
935,2015,valtteri-bottas,williams,6,101656.0,102608.0,101868.0,101656.0,1419.0,1
935,2015,nico-hulkenberg,force-india,7,101686.0,101996.0,101925.0,101686.0,1449.0,1
935,2015,felipe-massa,williams,8,101759.0,102303.0,102349.0,101759.0,1522.0,1
935,2015,daniil-kvyat,red-bull,9,101933.0,102540.0,102328.0,101933.0,1696.0,1
935,2015,carlos-sainz-jr,toro-rosso,10,102708.0,102911.0,102482.0,102708.0,2471.0,1
935,2015,max-verstappen,toro-rosso,11,102521.0,102889.0,102521.0,,,0
935,2015,jenson-button,mclaren,12,102668.0,102570.0,102668.0,,,0
935,2015,pastor-maldonado,lotus-f1,13,102807.0,102929.0,102807.0,,,0
935,2015,felipe-nasr,sauber,14,103614.0,102896.0,103614.0,,,0
935,2015,romain-grosjean,lotus-f1,15,102585.0,102585.0,,,,0
935,2015,sebastian-vettel,ferrari,16,102941.0,102941.0,,,,0
935,2015,fernando-alonso,mclaren,17,103187.0,103187.0,,,,0
935,2015,marcus-ericsson,sauber,18,103838.0,103838.0,,,,0
935,2015,will-stevens,marussia,19,106297.0,106297.0,,,,0
935,2015,roberto-merhi,marussia,20,107434.0,107434.0,,,,0
936,2016,lewis-hamilton,mercedes,1,83837.0,85351.0,84605.0,83837.0,,1
936,2016,nico-rosberg,mercedes,2,84197.0,86934.0,84796.0,84197.0,360.0,1
936,2016,sebastian-vettel,ferrari,3,84675.0,86945.0,85257.0,84675.0,838.0,1
936,2016,kimi-raikkonen,ferrari,4,85033.0,86579.0,85615.0,85033.0,1196.0,1
936,2016,max-verstappen,toro-rosso,5,85434.0,86934.0,85615.0,85434.0,1597.0,1
936,2016,felipe-massa,williams,6,85458.0,85918.0,85644.0,85458.0,1621.0,1
936,2016,carlos-sainz-jr,toro-rosso,7,85582.0,87057.0,85384.0,85582.0,1745.0,1
936,2016,daniel-ricciardo,red-bull,8,85589.0,86945.0,85599.0,85589.0,1752.0,1
936,2016,sergio-perez,force-india,9,85753.0,86607.0,85753.0,,,0
936,2016,nico-hulkenberg,force-india,10,85865.0,86550.0,85865.0,,,0
936,2016,valtteri-bottas,williams,11,85961.0,87135.0,85961.0,,,0
936,2016,fernando-alonso,mclaren,12,86125.0,86537.0,86125.0,,,0
936,2016,jenson-button,mclaren,13,86304.0,86740.0,86304.0,,,0
936,2016,jolyon-palmer,renault,14,87601.0,87241.0,87601.0,,,0
936,2016,kevin-magnussen,renault,15,87742.0,87297.0,87742.0,,,0
936,2016,marcus-ericsson,sauber,16,87435.0,87435.0,,,,0
936,2016,felipe-nasr,sauber,17,87958.0,87958.0,,,,0
936,2016,daniil-kvyat,red-bull,18,88006.0,88006.0,,,,0
936,2016,romain-grosjean,haas,19,88322.0,88322.0,,,,0
936,2016,esteban-gutierrez,haas,20,89606.0,89606.0,,,,0
936,2016,rio-haryanto,manor,21,89627.0,89627.0,,,,0
936,2016,pascal-wehrlein,manor,22,89642.0,89642.0,,,,0
937,2016,lewis-hamilton,mercedes,1,89493.0,91391.0,90039.0,89493.0,,1
937,2016,nico-rosberg,mercedes,2,89570.0,91325.0,90535.0,89570.0,77.0,1
937,2016,sebastian-vettel,ferrari,3,90012.0,91636.0,90409.0,90012.0,519.0,1
937,2016,kimi-raikkonen,ferrari,4,90244.0,91685.0,90559.0,90244.0,751.0,1
937,2016,daniel-ricciardo,red-bull,5,90854.0,91403.0,91122.0,90854.0,1361.0,1
937,2016,valtteri-bottas,williams,6,91153.0,91672.0,90931.0,91153.0,1660.0,1
937,2016,felipe-massa,williams,7,91155.0,92045.0,91374.0,91155.0,1662.0,1
937,2016,nico-hulkenberg,force-india,8,91620.0,91987.0,91604.0,91620.0,2127.0,1
937,2016,romain-grosjean,haas,9,91756.0,92005.0,91756.0,,,0
937,2016,max-verstappen,toro-rosso,10,91772.0,91888.0,91772.0,,,0
937,2016,carlos-sainz-jr,toro-rosso,11,91816.0,91716.0,91816.0,,,0
937,2016,stoffel-vandoorne,mclaren,12,91934.0,92472.0,91934.0,,,0
937,2016,esteban-gutierrez,haas,13,91945.0,92118.0,91945.0,,,0
937,2016,jenson-button,mclaren,14,91998.0,91976.0,91998.0,,,0
937,2016,daniil-kvyat,red-bull,15,92241.0,92559.0,92241.0,,,0
937,2016,pascal-wehrlein,manor,16,92806.0,92806.0,,,,0
937,2016,marcus-ericsson,sauber,17,92840.0,92840.0,,,,0
937,2016,sergio-perez,force-india,18,92911.0,92911.0,,,,0
937,2016,kevin-magnussen,renault,19,93181.0,93181.0,,,,0
937,2016,jolyon-palmer,renault,20,93438.0,93438.0,,,,0
937,2016,rio-haryanto,manor,21,94190.0,94190.0,,,,0
937,2016,felipe-nasr,sauber,22,94388.0,94388.0,,,,0
938,2016,nico-rosberg,mercedes,1,95402.0,97669.0,96240.0,95402.0,,1
938,2016,daniel-ricciardo,red-bull,2,95917.0,97672.0,96815.0,95917.0,515.0,1
938,2016,kimi-raikkonen,ferrari,3,95972.0,97347.0,96118.0,95972.0,570.0,1
938,2016,sebastian-vettel,ferrari,4,96246.0,97001.0,96183.0,96246.0,844.0,1
938,2016,valtteri-bottas,williams,5,96296.0,97537.0,96831.0,96296.0,894.0,1
938,2016,daniil-kvyat,red-bull,6,96399.0,97719.0,96948.0,96399.0,997.0,1
938,2016,sergio-perez,force-india,7,96865.0,98096.0,97149.0,96865.0,1463.0,1
938,2016,carlos-sainz-jr,toro-rosso,8,96881.0,97656.0,97204.0,96881.0,1479.0,1
938,2016,max-verstappen,toro-rosso,9,97194.0,98181.0,97265.0,97194.0,1792.0,1
938,2016,nico-hulkenberg,force-india,10,97333.0,98165.0,97333.0,,,0
938,2016,felipe-massa,williams,11,97347.0,98016.0,97347.0,,,0
938,2016,fernando-alonso,mclaren,12,98826.0,98451.0,98826.0,,,0
938,2016,jenson-button,mclaren,13,99093.0,97593.0,99093.0,,,0
938,2016,romain-grosjean,haas,14,99830.0,98425.0,99830.0,,,0
938,2016,marcus-ericsson,sauber,15,100742.0,98321.0,100742.0,,,0
938,2016,felipe-nasr,sauber,16,102430.0,98654.0,102430.0,,,0
938,2016,kevin-magnussen,renault,17,98673.0,98673.0,,,,0
938,2016,esteban-gutierrez,haas,18,98770.0,98770.0,,,,0
938,2016,jolyon-palmer,renault,19,99528.0,99528.0,,,,0
938,2016,rio-haryanto,manor,20,100264.0,100264.0,,,,0
938,2016,pascal-wehrlein,manor,,,,,,,0
938,2016,lewis-hamilton,mercedes,,,,,,,0
939,2016,nico-rosberg,mercedes,1,95417.0,96119.0,95337.0,95417.0,,1
939,2016,sebastian-vettel,ferrari,2,96123.0,96555.0,96623.0,96123.0,706.0,1
939,2016,valtteri-bottas,williams,3,96536.0,97746.0,97140.0,96536.0,1119.0,1
939,2016,kimi-raikkonen,ferrari,4,96663.0,96976.0,96741.0,96663.0,1246.0,1
939,2016,felipe-massa,williams,5,97016.0,97753.0,97230.0,97016.0,1599.0,1
939,2016,daniel-ricciardo,red-bull,6,97125.0,98091.0,97569.0,97125.0,1708.0,1
939,2016,sergio-perez,force-india,7,97212.0,98006.0,97282.0,97212.0,1795.0,1
939,2016,daniil-kvyat,red-bull,8,97459.0,98265.0,97606.0,97459.0,2042.0,1
939,2016,max-verstappen,toro-rosso,9,97583.0,98123.0,97510.0,97583.0,2166.0,1
939,2016,lewis-hamilton,mercedes,10,95820.0,96006.0,95820.0,,,0
939,2016,carlos-sainz-jr,toro-rosso,11,97652.0,97784.0,97652.0,,,0
939,2016,jenson-button,mclaren,12,97701.0,98332.0,97701.0,,,0
939,2016,nico-hulkenberg,force-india,13,97771.0,98562.0,97771.0,,,0
939,2016,fernando-alonso,mclaren,14,97807.0,97971.0,97807.0,,,0
939,2016,romain-grosjean,haas,15,98055.0,98383.0,98055.0,,,0
939,2016,esteban-gutierrez,haas,16,98115.0,98678.0,98115.0,,,0
939,2016,kevin-magnussen,renault,17,98914.0,98914.0,,,,0
939,2016,jolyon-palmer,renault,18,99009.0,99009.0,,,,0
939,2016,felipe-nasr,sauber,19,99018.0,99018.0,,,,0
939,2016,pascal-wehrlein,manor,20,99399.0,99399.0,,,,0
939,2016,rio-haryanto,manor,21,99463.0,99463.0,,,,0
939,2016,marcus-ericsson,sauber,22,99519.0,99519.0,,,,0
940,2016,lewis-hamilton,mercedes,1,82000.0,83214.0,82159.0,82000.0,,1
940,2016,nico-rosberg,mercedes,2,82280.0,83002.0,82759.0,82280.0,280.0,1
940,2016,daniel-ricciardo,red-bull,3,82680.0,83749.0,83585.0,82680.0,680.0,1
940,2016,max-verstappen,red-bull,4,83087.0,83578.0,83178.0,83087.0,1087.0,1
940,2016,kimi-raikkonen,ferrari,5,83113.0,83796.0,83504.0,83113.0,1113.0,1
940,2016,sebastian-vettel,ferrari,6,83334.0,84124.0,83688.0,83334.0,1334.0,1
940,2016,valtteri-bottas,williams,7,83522.0,84251.0,84023.0,83522.0,1522.0,1
940,2016,carlos-sainz-jr,toro-rosso,8,83643.0,84496.0,84077.0,83643.0,1643.0,1
940,2016,sergio-perez,force-india,9,83782.0,84698.0,84003.0,83782.0,1782.0,1
940,2016,fernando-alonso,mclaren,10,83981.0,84578.0,84192.0,83981.0,1981.0,1
940,2016,nico-hulkenberg,force-india,11,84203.0,84463.0,84203.0,,,0
940,2016,jenson-button,mclaren,12,84348.0,84583.0,84348.0,,,0
940,2016,daniil-kvyat,toro-rosso,13,84445.0,84696.0,84445.0,,,0
940,2016,romain-grosjean,haas,14,84480.0,84716.0,84480.0,,,0
940,2016,kevin-magnussen,renault,15,84625.0,84669.0,84625.0,,,0
940,2016,esteban-gutierrez,haas,16,84778.0,84406.0,84778.0,,,0
940,2016,jolyon-palmer,renault,17,84903.0,84903.0,,,,0
940,2016,felipe-massa,williams,18,84941.0,84941.0,,,,0
940,2016,marcus-ericsson,sauber,19,85202.0,85202.0,,,,0
940,2016,felipe-nasr,sauber,20,85579.0,85579.0,,,,0
940,2016,pascal-wehrlein,manor,21,85745.0,85745.0,,,,0
940,2016,rio-haryanto,manor,22,85939.0,85939.0,,,,0
941,2016,daniel-ricciardo,red-bull,1,73622.0,74912.0,74357.0,73622.0,,1
941,2016,nico-rosberg,mercedes,2,73791.0,74873.0,74043.0,73791.0,169.0,1
941,2016,lewis-hamilton,mercedes,3,73942.0,74826.0,74056.0,73942.0,320.0,1
941,2016,sebastian-vettel,ferrari,4,74552.0,74610.0,74318.0,74552.0,930.0,1
941,2016,nico-hulkenberg,force-india,5,74726.0,75333.0,74989.0,74726.0,1104.0,1
941,2016,kimi-raikkonen,ferrari,6,74732.0,75499.0,74789.0,74732.0,1110.0,1
941,2016,carlos-sainz-jr,toro-rosso,7,74749.0,75467.0,74805.0,74749.0,1127.0,1
941,2016,sergio-perez,force-india,8,74902.0,75328.0,74937.0,74902.0,1280.0,1
941,2016,daniil-kvyat,toro-rosso,9,75273.0,75384.0,74794.0,75273.0,1651.0,1
941,2016,fernando-alonso,mclaren,10,75363.0,75504.0,75107.0,75363.0,1741.0,1
941,2016,valtteri-bottas,williams,11,75273.0,75521.0,75273.0,,,0
941,2016,esteban-gutierrez,haas,12,75293.0,75592.0,75293.0,,,0
941,2016,jenson-button,mclaren,13,75352.0,75554.0,75352.0,,,0
941,2016,felipe-massa,williams,14,75385.0,75710.0,75385.0,,,0
941,2016,romain-grosjean,haas,15,75571.0,75465.0,75571.0,,,0
941,2016,kevin-magnussen,renault,16,76058.0,76253.0,76058.0,,,0
941,2016,marcus-ericsson,sauber,17,76299.0,76299.0,,,,0
941,2016,jolyon-palmer,renault,18,76586.0,76586.0,,,,0
941,2016,rio-haryanto,manor,19,77295.0,77295.0,,,,0
941,2016,pascal-wehrlein,manor,20,77452.0,77452.0,,,,0
941,2016,max-verstappen,red-bull,,82467.0,82467.0,,,,0
941,2016,felipe-nasr,sauber,,,,,,,0
942,2016,lewis-hamilton,mercedes,1,72812.0,74121.0,73076.0,72812.0,,1
942,2016,nico-rosberg,mercedes,2,72874.0,73714.0,73094.0,72874.0,62.0,1
942,2016,sebastian-vettel,ferrari,3,72990.0,73925.0,73857.0,72990.0,178.0,1
942,2016,daniel-ricciardo,red-bull,4,73166.0,74030.0,73540.0,73166.0,354.0,1
942,2016,max-verstappen,red-bull,5,73414.0,74601.0,73793.0,73414.0,602.0,1
942,2016,kimi-raikkonen,ferrari,6,73579.0,74477.0,73849.0,73579.0,767.0,1
942,2016,valtteri-bottas,williams,7,73670.0,74389.0,73791.0,73670.0,858.0,1
942,2016,felipe-massa,williams,8,73769.0,74815.0,73864.0,73769.0,957.0,1
942,2016,nico-hulkenberg,force-india,9,73952.0,74663.0,74166.0,73952.0,1140.0,1
942,2016,fernando-alonso,mclaren,10,74338.0,75026.0,74260.0,74338.0,1526.0,1
942,2016,sergio-perez,force-india,11,74317.0,74814.0,74317.0,,,0
942,2016,jenson-button,mclaren,12,74437.0,74755.0,74437.0,,,0
942,2016,daniil-kvyat,toro-rosso,13,74457.0,74829.0,74457.0,,,0
942,2016,esteban-gutierrez,haas,14,74571.0,75148.0,74571.0,,,0
942,2016,romain-grosjean,haas,15,74803.0,75444.0,74803.0,,,0
942,2016,carlos-sainz-jr,toro-rosso,16,81956.0,74714.0,81956.0,,,0
942,2016,jolyon-palmer,renault,17,75459.0,75459.0,,,,0
942,2016,pascal-wehrlein,manor,18,75599.0,75599.0,,,,0
942,2016,marcus-ericsson,sauber,19,75635.0,75635.0,,,,0
942,2016,felipe-nasr,sauber,20,76663.0,76663.0,,,,0
942,2016,rio-haryanto,manor,21,77052.0,77052.0,,,,0
942,2016,kevin-magnussen,renault,,,,,,,0
943,2016,nico-rosberg,mercedes,1,102758.0,103685.0,102520.0,102758.0,,1
943,2016,sergio-perez,force-india,2,103515.0,104462.0,103939.0,103515.0,757.0,1
943,2016,daniel-ricciardo,red-bull,3,103966.0,104570.0,104141.0,103966.0,1208.0,1
943,2016,sebastian-vettel,ferrari,4,103966.0,105062.0,104461.0,103966.0,1208.0,1
943,2016,kimi-raikkonen,ferrari,5,104269.0,104936.0,104533.0,104269.0,1511.0,1
943,2016,felipe-massa,williams,6,104483.0,105494.0,104696.0,104483.0,1725.0,1
943,2016,daniil-kvyat,toro-rosso,7,104717.0,104694.0,104687.0,104717.0,1959.0,1
943,2016,valtteri-bottas,williams,8,105246.0,104706.0,104477.0,105246.0,2488.0,1
943,2016,max-verstappen,red-bull,9,105570.0,104939.0,104387.0,105570.0,2812.0,1
943,2016,lewis-hamilton,mercedes,10,121954.0,104259.0,103526.0,121954.0,19196.0,1
943,2016,romain-grosjean,haas,11,104755.0,105507.0,104755.0,,,0
943,2016,nico-hulkenberg,force-india,12,104824.0,104860.0,104824.0,,,0
943,2016,carlos-sainz-jr,toro-rosso,13,105000.0,104827.0,105000.0,,,0
943,2016,fernando-alonso,mclaren,14,105270.0,105525.0,105270.0,,,0
943,2016,esteban-gutierrez,haas,15,105349.0,105300.0,105349.0,,,0
943,2016,felipe-nasr,sauber,16,106048.0,105549.0,106048.0,,,0
943,2016,rio-haryanto,manor,17,105665.0,105665.0,,,,0
943,2016,pascal-wehrlein,manor,18,105750.0,105750.0,,,,0
943,2016,jenson-button,mclaren,19,105804.0,105804.0,,,,0
943,2016,marcus-ericsson,sauber,20,106231.0,106231.0,,,,0
943,2016,kevin-magnussen,renault,21,106348.0,106348.0,,,,0
943,2016,jolyon-palmer,renault,22,106394.0,106394.0,,,,0
944,2016,lewis-hamilton,mercedes,1,67922.0,66947.0,66228.0,67922.0,,1
944,2016,nico-rosberg,mercedes,2,68465.0,66516.0,66403.0,68465.0,543.0,1
944,2016,nico-hulkenberg,force-india,3,69285.0,67385.0,67257.0,69285.0,1363.0,1
944,2016,sebastian-vettel,ferrari,4,69781.0,66761.0,66602.0,69781.0,1859.0,1
944,2016,jenson-button,mclaren,5,69900.0,67653.0,67572.0,69900.0,1978.0,1
944,2016,kimi-raikkonen,ferrari,6,69901.0,67240.0,66940.0,69901.0,1979.0,1
944,2016,daniel-ricciardo,red-bull,7,69980.0,67500.0,66840.0,69980.0,2058.0,1
944,2016,valtteri-bottas,williams,8,70440.0,67148.0,66911.0,70440.0,2518.0,1
944,2016,max-verstappen,red-bull,9,71153.0,67131.0,66866.0,71153.0,3231.0,1
944,2016,felipe-massa,williams,10,71977.0,67419.0,67145.0,71977.0,4055.0,1
944,2016,esteban-gutierrez,haas,11,67578.0,67660.0,67578.0,,,0
944,2016,pascal-wehrlein,manor,12,67700.0,67565.0,67700.0,,,0
944,2016,romain-grosjean,haas,13,67850.0,67662.0,67850.0,,,0
944,2016,fernando-alonso,mclaren,14,68154.0,67671.0,68154.0,,,0
944,2016,carlos-sainz-jr,toro-rosso,15,67618.0,67618.0,,,,0
944,2016,sergio-perez,force-india,16,67657.0,67657.0,,,,0
944,2016,kevin-magnussen,renault,17,67941.0,67941.0,,,,0
944,2016,jolyon-palmer,renault,18,67965.0,67965.0,,,,0
944,2016,rio-haryanto,manor,19,68026.0,68026.0,,,,0
944,2016,daniil-kvyat,toro-rosso,20,68409.0,68409.0,,,,0
944,2016,marcus-ericsson,sauber,21,68418.0,68418.0,,,,0
944,2016,felipe-nasr,sauber,22,68446.0,68446.0,,,,0
945,2016,lewis-hamilton,mercedes,1,89287.0,90739.0,89243.0,89287.0,,1
945,2016,nico-rosberg,mercedes,2,89606.0,90724.0,89970.0,89606.0,319.0,1
945,2016,max-verstappen,red-bull,3,90313.0,91305.0,90697.0,90313.0,1026.0,1
945,2016,daniel-ricciardo,red-bull,4,90618.0,91684.0,91319.0,90618.0,1331.0,1
945,2016,kimi-raikkonen,ferrari,5,90881.0,91326.0,91385.0,90881.0,1594.0,1
945,2016,sebastian-vettel,ferrari,6,91490.0,91606.0,90711.0,91490.0,2203.0,1
945,2016,valtteri-bottas,williams,7,91557.0,91913.0,91478.0,91557.0,2270.0,1
945,2016,carlos-sainz-jr,toro-rosso,8,91989.0,92115.0,91708.0,91989.0,2702.0,1
945,2016,nico-hulkenberg,force-india,9,92172.0,92349.0,91770.0,92172.0,2885.0,1
945,2016,fernando-alonso,mclaren,10,92343.0,92281.0,91740.0,92343.0,3056.0,1
945,2016,sergio-perez,force-india,11,91875.0,92336.0,91875.0,,,0
945,2016,felipe-massa,williams,12,92002.0,92146.0,92002.0,,,0
945,2016,romain-grosjean,haas,13,92050.0,92283.0,92050.0,,,0
945,2016,esteban-gutierrez,haas,14,92241.0,92237.0,92241.0,,,0
945,2016,daniil-kvyat,toro-rosso,15,92306.0,92553.0,92306.0,,,0
945,2016,kevin-magnussen,renault,16,97060.0,92729.0,97060.0,,,0
945,2016,jenson-button,mclaren,17,92788.0,92788.0,,,,0
945,2016,jolyon-palmer,renault,18,92905.0,92905.0,,,,0
945,2016,rio-haryanto,manor,19,93098.0,93098.0,,,,0
945,2016,pascal-wehrlein,manor,20,93151.0,93151.0,,,,0
945,2016,felipe-nasr,sauber,21,93544.0,93544.0,,,,0
945,2016,marcus-ericsson,sauber,,,,,,,0
946,2016,nico-rosberg,mercedes,1,79965.0,93302.0,82806.0,79965.0,,1
946,2016,lewis-hamilton,mercedes,2,80108.0,94210.0,84836.0,80108.0,143.0,1
946,2016,daniel-ricciardo,red-bull,3,80280.0,99968.0,83234.0,80280.0,315.0,1
946,2016,max-verstappen,red-bull,4,80557.0,100424.0,82660.0,80557.0,592.0,1
946,2016,sebastian-vettel,ferrari,5,80874.0,95718.0,84082.0,80874.0,909.0,1
946,2016,carlos-sainz-jr,toro-rosso,6,81131.0,96115.0,84734.0,81131.0,1166.0,1
946,2016,fernando-alonso,mclaren,7,81211.0,95165.0,83816.0,81211.0,1246.0,1
946,2016,jenson-button,mclaren,8,81597.0,97983.0,84456.0,81597.0,1632.0,1
946,2016,nico-hulkenberg,force-india,9,81823.0,101471.0,83901.0,81823.0,1858.0,1
946,2016,valtteri-bottas,williams,10,82182.0,102758.0,84506.0,82182.0,2217.0,1
946,2016,romain-grosjean,haas,11,84941.0,95906.0,84941.0,,,0
946,2016,daniil-kvyat,toro-rosso,12,85301.0,96714.0,85301.0,,,0
946,2016,sergio-perez,force-india,13,85416.0,101411.0,85416.0,,,0
946,2016,kimi-raikkonen,ferrari,14,85435.0,96853.0,85435.0,,,0
946,2016,esteban-gutierrez,haas,15,86189.0,98959.0,86189.0,,,0
946,2016,felipe-nasr,sauber,16,87063.0,97772.0,87063.0,,,0
946,2016,jolyon-palmer,renault,,103965.0,103965.0,,,,0
946,2016,felipe-massa,williams,,103999.0,103999.0,,,,0
946,2016,kevin-magnussen,renault,,104543.0,104543.0,,,,0
946,2016,marcus-ericsson,sauber,,106984.0,106984.0,,,,0
946,2016,pascal-wehrlein,manor,,107343.0,107343.0,,,,0
946,2016,rio-haryanto,manor,,110189.0,110189.0,,,,0
947,2016,nico-rosberg,mercedes,1,74363.0,75485.0,74839.0,74363.0,,1
947,2016,lewis-hamilton,mercedes,2,74470.0,75243.0,74748.0,74470.0,107.0,1
947,2016,daniel-ricciardo,red-bull,3,74726.0,75591.0,75545.0,74726.0,363.0,1
947,2016,max-verstappen,red-bull,4,74834.0,75875.0,75124.0,74834.0,471.0,1
947,2016,kimi-raikkonen,ferrari,5,75142.0,75752.0,75242.0,75142.0,779.0,1
947,2016,sebastian-vettel,ferrari,6,75315.0,75927.0,75630.0,75315.0,952.0,1
947,2016,nico-hulkenberg,force-india,7,75510.0,76301.0,75623.0,75510.0,1147.0,1
947,2016,valtteri-bottas,williams,8,75530.0,75952.0,75490.0,75530.0,1167.0,1
947,2016,sergio-perez,force-india,9,75537.0,76169.0,75500.0,75537.0,1174.0,1
947,2016,felipe-massa,williams,10,75615.0,76503.0,75699.0,75615.0,1252.0,1
947,2016,esteban-gutierrez,haas,11,75883.0,75987.0,75883.0,,,0
947,2016,jenson-button,mclaren,12,75909.0,76172.0,75909.0,,,0
947,2016,carlos-sainz-jr,toro-rosso,13,75989.0,76317.0,75989.0,,,0
947,2016,fernando-alonso,mclaren,14,76041.0,76338.0,76041.0,,,0
947,2016,romain-grosjean,haas,15,76086.0,76328.0,76086.0,,,0
947,2016,jolyon-palmer,renault,16,76665.0,76636.0,76665.0,,,0
947,2016,kevin-magnussen,renault,17,76716.0,76716.0,,,,0
947,2016,pascal-wehrlein,manor,18,76717.0,76717.0,,,,0
947,2016,daniil-kvyat,toro-rosso,19,76876.0,76876.0,,,,0
947,2016,rio-haryanto,manor,20,76977.0,76977.0,,,,0
947,2016,felipe-nasr,sauber,21,77123.0,77123.0,,,,0
947,2016,marcus-ericsson,sauber,22,77238.0,77238.0,,,,0
948,2016,nico-rosberg,mercedes,1,106744.0,108019.0,106999.0,106744.0,,1
948,2016,max-verstappen,red-bull,2,106893.0,108407.0,107163.0,106893.0,149.0,1
948,2016,kimi-raikkonen,ferrari,3,106910.0,107912.0,107664.0,106910.0,166.0,1
948,2016,sebastian-vettel,ferrari,4,107108.0,107802.0,107944.0,107108.0,364.0,1
948,2016,daniel-ricciardo,red-bull,5,107216.0,108407.0,108027.0,107216.0,472.0,1
948,2016,sergio-perez,force-india,6,107407.0,108106.0,107485.0,107407.0,663.0,1
948,2016,nico-hulkenberg,force-india,7,107543.0,108080.0,107317.0,107543.0,799.0,1
948,2016,valtteri-bottas,williams,8,107612.0,108655.0,107918.0,107612.0,868.0,1
948,2016,jenson-button,mclaren,9,108114.0,108700.0,108051.0,108114.0,1370.0,1
948,2016,felipe-massa,williams,10,108263.0,107738.0,107667.0,108263.0,1519.0,1
948,2016,romain-grosjean,haas,11,108316.0,108751.0,108316.0,,,0
948,2016,kevin-magnussen,renault,12,108485.0,108800.0,108485.0,,,0
948,2016,esteban-gutierrez,haas,13,108598.0,108748.0,108598.0,,,0
948,2016,jolyon-palmer,renault,14,108888.0,108901.0,108888.0,,,0
948,2016,carlos-sainz-jr,toro-rosso,15,109038.0,108876.0,109038.0,,,0
948,2016,pascal-wehrlein,manor,16,109320.0,108554.0,109320.0,,,0
948,2016,felipe-nasr,sauber,17,108949.0,108949.0,,,,0
948,2016,esteban-ocon,manor,18,109050.0,109050.0,,,,0
948,2016,daniil-kvyat,toro-rosso,19,109058.0,109058.0,,,,0
948,2016,marcus-ericsson,sauber,20,109071.0,109071.0,,,,0
948,2016,lewis-hamilton,mercedes,21,110033.0,110033.0,,,,0
948,2016,fernando-alonso,mclaren,,,,,,,0
949,2016,lewis-hamilton,mercedes,1,81135.0,81854.0,81498.0,81135.0,,1
949,2016,nico-rosberg,mercedes,2,81613.0,82497.0,81809.0,81613.0,478.0,1
949,2016,sebastian-vettel,ferrari,3,81972.0,83077.0,82275.0,81972.0,837.0,1
949,2016,kimi-raikkonen,ferrari,4,82065.0,83217.0,82568.0,82065.0,930.0,1
949,2016,valtteri-bottas,williams,5,82388.0,83264.0,82499.0,82388.0,1253.0,1
949,2016,daniel-ricciardo,red-bull,6,82389.0,83158.0,82638.0,82389.0,1254.0,1
949,2016,max-verstappen,red-bull,7,82411.0,83229.0,82857.0,82411.0,1276.0,1
949,2016,sergio-perez,force-india,8,82814.0,83439.0,82922.0,82814.0,1679.0,1
949,2016,nico-hulkenberg,force-india,9,82836.0,83259.0,82951.0,82836.0,1701.0,1
949,2016,esteban-gutierrez,haas,10,83184.0,83386.0,82856.0,83184.0,2049.0,1
949,2016,felipe-massa,williams,11,82967.0,83489.0,82967.0,,,0
949,2016,romain-grosjean,haas,12,83092.0,83421.0,83092.0,,,0
949,2016,fernando-alonso,mclaren,13,83273.0,83783.0,83273.0,,,0
949,2016,pascal-wehrlein,manor,14,83315.0,83760.0,83315.0,,,0
949,2016,jenson-button,mclaren,15,83399.0,83666.0,83399.0,,,0
949,2016,carlos-sainz-jr,toro-rosso,16,83496.0,83661.0,83496.0,,,0
949,2016,daniil-kvyat,toro-rosso,17,83825.0,83825.0,,,,0
949,2016,felipe-nasr,sauber,18,83956.0,83956.0,,,,0
949,2016,marcus-ericsson,sauber,19,84087.0,84087.0,,,,0
949,2016,jolyon-palmer,renault,20,84230.0,84230.0,,,,0
949,2016,kevin-magnussen,renault,21,84436.0,84436.0,,,,0
949,2016,esteban-ocon,manor,,,,,,,0
950,2016,nico-rosberg,mercedes,1,102584.0,105316.0,103020.0,102584.0,,1
950,2016,daniel-ricciardo,red-bull,2,103115.0,104255.0,103933.0,103115.0,531.0,1
950,2016,lewis-hamilton,mercedes,3,103288.0,105167.0,103471.0,103288.0,704.0,1
950,2016,max-verstappen,red-bull,4,103328.0,105036.0,104112.0,103328.0,744.0,1
950,2016,kimi-raikkonen,ferrari,5,103540.0,104964.0,104159.0,103540.0,956.0,1
950,2016,carlos-sainz-jr,toro-rosso,6,104197.0,105499.0,104493.0,104197.0,1613.0,1
950,2016,daniil-kvyat,toro-rosso,7,104469.0,105291.0,104475.0,104469.0,1885.0,1
950,2016,nico-hulkenberg,force-india,8,104479.0,106081.0,104737.0,104479.0,1895.0,1
950,2016,fernando-alonso,mclaren,9,104553.0,105373.0,104653.0,104553.0,1969.0,1
950,2016,sergio-perez,force-india,10,104582.0,105204.0,104703.0,104582.0,1998.0,1
950,2016,valtteri-bottas,williams,11,104740.0,106086.0,104740.0,,,0
950,2016,felipe-massa,williams,12,104991.0,106056.0,104991.0,,,0
950,2016,jenson-button,mclaren,13,105144.0,105262.0,105144.0,,,0
950,2016,esteban-gutierrez,haas,14,105593.0,105465.0,105593.0,,,0
950,2016,romain-grosjean,haas,15,105723.0,105609.0,105723.0,,,0
950,2016,marcus-ericsson,sauber,16,107827.0,106427.0,107827.0,,,0
950,2016,kevin-magnussen,renault,17,106825.0,106825.0,,,,0
950,2016,felipe-nasr,sauber,18,106860.0,106860.0,,,,0
950,2016,jolyon-palmer,renault,19,106960.0,106960.0,,,,0
950,2016,pascal-wehrlein,manor,20,107667.0,107667.0,,,,0
950,2016,esteban-ocon,manor,21,108296.0,108296.0,,,,0
950,2016,sebastian-vettel,ferrari,22,109116.0,109116.0,,,,0
951,2016,lewis-hamilton,mercedes,1,92850.0,94444.0,93046.0,92850.0,,1
951,2016,nico-rosberg,mercedes,2,93264.0,94460.0,93609.0,93264.0,414.0,1
951,2016,max-verstappen,red-bull,3,93420.0,95443.0,93775.0,93420.0,570.0,1
951,2016,daniel-ricciardo,red-bull,4,93467.0,95079.0,93888.0,93467.0,617.0,1
951,2016,sebastian-vettel,ferrari,5,93584.0,94557.0,93972.0,93584.0,734.0,1
951,2016,kimi-raikkonen,ferrari,6,93632.0,94556.0,93903.0,93632.0,782.0,1
951,2016,sergio-perez,force-india,7,94319.0,95068.0,94538.0,94319.0,1469.0,1
951,2016,nico-hulkenberg,force-india,8,94489.0,94827.0,94441.0,94489.0,1639.0,1
951,2016,jenson-button,mclaren,9,94518.0,95267.0,94431.0,94518.0,1668.0,1
951,2016,felipe-massa,williams,10,94671.0,95267.0,94422.0,94671.0,1821.0,1
951,2016,valtteri-bottas,williams,11,94577.0,95166.0,94577.0,,,0
951,2016,romain-grosjean,haas,12,95001.0,95400.0,95001.0,,,0
951,2016,esteban-gutierrez,haas,13,95097.0,95658.0,95097.0,,,0
951,2016,kevin-magnussen,renault,14,95277.0,95593.0,95277.0,,,0
951,2016,daniil-kvyat,toro-rosso,15,95369.0,95695.0,95369.0,,,0
951,2016,carlos-sainz-jr,toro-rosso,16,95374.0,95605.0,95374.0,,,0
951,2016,marcus-ericsson,sauber,17,95816.0,95816.0,,,,0
951,2016,felipe-nasr,sauber,18,95949.0,95949.0,,,,0
951,2016,jolyon-palmer,renault,19,95999.0,95999.0,,,,0
951,2016,esteban-ocon,manor,20,96451.0,96451.0,,,,0
951,2016,pascal-wehrlein,manor,21,96587.0,96587.0,,,,0
951,2016,fernando-alonso,mclaren,22,97155.0,97155.0,,,,0
952,2016,nico-rosberg,mercedes,1,90647.0,91858.0,90714.0,90647.0,,1
952,2016,lewis-hamilton,mercedes,2,90660.0,92218.0,91129.0,90660.0,13.0,1
952,2016,kimi-raikkonen,ferrari,3,90949.0,91674.0,91406.0,90949.0,302.0,1
952,2016,sebastian-vettel,ferrari,4,91028.0,91659.0,91227.0,91028.0,381.0,1
952,2016,max-verstappen,red-bull,5,91178.0,92487.0,91489.0,91178.0,531.0,1
952,2016,daniel-ricciardo,red-bull,6,91240.0,92538.0,91719.0,91240.0,593.0,1
952,2016,sergio-perez,force-india,7,91961.0,92682.0,92237.0,91961.0,1314.0,1
952,2016,romain-grosjean,haas,8,91961.0,92458.0,92176.0,91961.0,1314.0,1
952,2016,nico-hulkenberg,force-india,9,92142.0,92448.0,92200.0,92142.0,1495.0,1
952,2016,esteban-gutierrez,haas,10,92547.0,92620.0,92155.0,92547.0,1900.0,1
952,2016,valtteri-bottas,williams,11,92315.0,92383.0,92315.0,,,0
952,2016,felipe-massa,williams,12,92380.0,92562.0,92380.0,,,0
952,2016,daniil-kvyat,toro-rosso,13,92623.0,92645.0,92623.0,,,0
952,2016,carlos-sainz-jr,toro-rosso,14,92685.0,92789.0,92685.0,,,0
952,2016,fernando-alonso,mclaren,15,92689.0,92819.0,92689.0,,,0
952,2016,jolyon-palmer,renault,16,92807.0,92796.0,92807.0,,,0
952,2016,jenson-button,mclaren,17,92851.0,92851.0,,,,0
952,2016,kevin-magnussen,renault,18,93023.0,93023.0,,,,0
952,2016,marcus-ericsson,sauber,19,93222.0,93222.0,,,,0
952,2016,felipe-nasr,sauber,20,93332.0,93332.0,,,,0
952,2016,esteban-ocon,manor,21,93353.0,93353.0,,,,0
952,2016,pascal-wehrlein,manor,22,93561.0,93561.0,,,,0
953,2016,lewis-hamilton,mercedes,1,94999.0,96296.0,96450.0,94999.0,,1
953,2016,nico-rosberg,mercedes,2,95215.0,96397.0,96351.0,95215.0,216.0,1
953,2016,daniel-ricciardo,red-bull,3,95509.0,96759.0,96255.0,95509.0,510.0,1
953,2016,max-verstappen,red-bull,4,95747.0,96613.0,96857.0,95747.0,748.0,1
953,2016,kimi-raikkonen,ferrari,5,96131.0,96985.0,96584.0,96131.0,1132.0,1
953,2016,sebastian-vettel,ferrari,6,96358.0,97151.0,96462.0,96358.0,1359.0,1
953,2016,nico-hulkenberg,force-india,7,96628.0,96950.0,96626.0,96628.0,1629.0,1
953,2016,valtteri-bottas,williams,8,97116.0,97456.0,97202.0,97116.0,2117.0,1
953,2016,felipe-massa,williams,9,97269.0,97402.0,97214.0,97269.0,2270.0,1
953,2016,carlos-sainz-jr,toro-rosso,10,97326.0,97744.0,97175.0,97326.0,2327.0,1
953,2016,sergio-perez,force-india,11,97353.0,97345.0,97353.0,,,0
953,2016,fernando-alonso,mclaren,12,97417.0,97913.0,97417.0,,,0
953,2016,daniil-kvyat,toro-rosso,13,97480.0,97844.0,97480.0,,,0
953,2016,esteban-gutierrez,haas,14,97773.0,98053.0,97773.0,,,0
953,2016,jolyon-palmer,renault,15,97935.0,98084.0,97935.0,,,0
953,2016,marcus-ericsson,sauber,16,99356.0,98040.0,99356.0,,,0
953,2016,romain-grosjean,haas,17,98308.0,98308.0,,,,0
953,2016,kevin-magnussen,renault,18,98317.0,98317.0,,,,0
953,2016,jenson-button,mclaren,19,98327.0,98327.0,,,,0
953,2016,pascal-wehrlein,manor,20,98548.0,98548.0,,,,0
953,2016,felipe-nasr,sauber,21,98583.0,98583.0,,,,0
953,2016,esteban-ocon,manor,22,98806.0,98806.0,,,,0
954,2016,lewis-hamilton,mercedes,1,78704.0,79447.0,79137.0,78704.0,,1
954,2016,nico-rosberg,mercedes,2,78958.0,79996.0,79761.0,78958.0,254.0,1
954,2016,max-verstappen,red-bull,3,79054.0,79874.0,78972.0,79054.0,350.0,1
954,2016,daniel-ricciardo,red-bull,4,79133.0,79713.0,79553.0,79133.0,429.0,1
954,2016,nico-hulkenberg,force-india,5,79330.0,80599.0,79769.0,79330.0,626.0,1
954,2016,kimi-raikkonen,ferrari,6,79376.0,79554.0,79936.0,79376.0,672.0,1
954,2016,sebastian-vettel,ferrari,7,79381.0,79865.0,79385.0,79381.0,677.0,1
954,2016,valtteri-bottas,williams,8,79551.0,80338.0,79958.0,79551.0,847.0,1
954,2016,felipe-massa,williams,9,80032.0,80423.0,80151.0,80032.0,1328.0,1
954,2016,carlos-sainz-jr,toro-rosso,10,80378.0,80457.0,80169.0,80378.0,1674.0,1
954,2016,fernando-alonso,mclaren,11,80282.0,80552.0,80282.0,,,0
954,2016,sergio-perez,force-india,12,80287.0,80308.0,80287.0,,,0
954,2016,jenson-button,mclaren,13,80673.0,81333.0,80673.0,,,0
954,2016,kevin-magnussen,renault,14,81131.0,81254.0,81131.0,,,0
954,2016,marcus-ericsson,sauber,15,81536.0,81062.0,81536.0,,,0
954,2016,pascal-wehrlein,manor,16,81785.0,81363.0,81785.0,,,0
954,2016,esteban-gutierrez,haas,17,81401.0,81401.0,,,,0
954,2016,daniil-kvyat,toro-rosso,18,81454.0,81454.0,,,,0
954,2016,felipe-nasr,sauber,19,81692.0,81692.0,,,,0
954,2016,esteban-ocon,manor,20,81881.0,81881.0,,,,0
954,2016,romain-grosjean,haas,21,81916.0,81916.0,,,,0
954,2016,jolyon-palmer,renault,,,,,,,0
955,2016,lewis-hamilton,mercedes,1,70736.0,71511.0,71238.0,70736.0,,1
955,2016,nico-rosberg,mercedes,2,70838.0,71815.0,71373.0,70838.0,102.0,1
955,2016,kimi-raikkonen,ferrari,3,71404.0,72100.0,72301.0,71404.0,668.0,1
955,2016,max-verstappen,red-bull,4,71485.0,71957.0,71834.0,71485.0,749.0,1
955,2016,sebastian-vettel,ferrari,5,71495.0,72159.0,72010.0,71495.0,759.0,1
955,2016,daniel-ricciardo,red-bull,6,71540.0,72409.0,72047.0,71540.0,804.0,1
955,2016,romain-grosjean,haas,7,71937.0,72893.0,72343.0,71937.0,1201.0,1
955,2016,nico-hulkenberg,force-india,8,72104.0,72428.0,72360.0,72104.0,1368.0,1
955,2016,sergio-perez,force-india,9,72165.0,72684.0,72331.0,72165.0,1429.0,1
955,2016,fernando-alonso,mclaren,10,72266.0,72700.0,72312.0,72266.0,1530.0,1
955,2016,valtteri-bottas,williams,11,72420.0,72680.0,72420.0,,,0
955,2016,esteban-gutierrez,haas,12,72431.0,73052.0,72431.0,,,0
955,2016,felipe-massa,williams,13,72521.0,72432.0,72521.0,,,0
955,2016,daniil-kvyat,toro-rosso,14,72726.0,73071.0,72726.0,,,0
955,2016,carlos-sainz-jr,toro-rosso,15,72920.0,72950.0,72920.0,,,0
955,2016,jolyon-palmer,renault,16,73258.0,73259.0,73258.0,,,0
955,2016,jenson-button,mclaren,17,73276.0,73276.0,,,,0
955,2016,kevin-magnussen,renault,18,73410.0,73410.0,,,,0
955,2016,pascal-wehrlein,manor,19,73427.0,73427.0,,,,0
955,2016,esteban-ocon,manor,20,73432.0,73432.0,,,,0
955,2016,marcus-ericsson,sauber,21,73623.0,73623.0,,,,0
955,2016,felipe-nasr,sauber,22,73681.0,73681.0,,,,0
956,2016,lewis-hamilton,mercedes,1,98755.0,99487.0,99382.0,98755.0,,1
956,2016,nico-rosberg,mercedes,2,99058.0,100511.0,99490.0,99058.0,303.0,1
956,2016,daniel-ricciardo,red-bull,3,99589.0,101002.0,100429.0,99589.0,834.0,1
956,2016,kimi-raikkonen,ferrari,4,99604.0,100338.0,99629.0,99604.0,849.0,1
956,2016,sebastian-vettel,ferrari,5,99661.0,100341.0,100034.0,99661.0,906.0,1
956,2016,max-verstappen,red-bull,6,99818.0,100424.0,99903.0,99818.0,1063.0,1
956,2016,nico-hulkenberg,force-india,7,100501.0,101000.0,100709.0,100501.0,1746.0,1
956,2016,sergio-perez,force-india,8,100519.0,100864.0,100743.0,100519.0,1764.0,1
956,2016,fernando-alonso,mclaren,9,101106.0,101616.0,101044.0,101106.0,2351.0,1
956,2016,felipe-massa,williams,10,101213.0,101157.0,100858.0,101213.0,2458.0,1
956,2016,valtteri-bottas,williams,11,101084.0,101192.0,101084.0,,,0
956,2016,jenson-button,mclaren,12,101272.0,101158.0,101272.0,,,0
956,2016,esteban-gutierrez,haas,13,101480.0,101639.0,101480.0,,,0
956,2016,romain-grosjean,haas,14,101564.0,101467.0,101564.0,,,0
956,2016,jolyon-palmer,renault,15,101820.0,101775.0,101820.0,,,0
956,2016,pascal-wehrlein,manor,16,101995.0,101886.0,101995.0,,,0
956,2016,daniil-kvyat,toro-rosso,17,102003.0,102003.0,,,,0
956,2016,kevin-magnussen,renault,18,102142.0,102142.0,,,,0
956,2016,felipe-nasr,sauber,19,102247.0,102247.0,,,,0
956,2016,esteban-ocon,manor,20,102286.0,102286.0,,,,0
956,2016,carlos-sainz-jr,toro-rosso,21,102393.0,102393.0,,,,0
956,2016,marcus-ericsson,sauber,22,102637.0,102637.0,,,,0
957,2017,lewis-hamilton,mercedes,1,82188.0,84191.0,83251.0,82188.0,,1
957,2017,sebastian-vettel,ferrari,2,82456.0,85210.0,83401.0,82456.0,268.0,1
957,2017,valtteri-bottas,mercedes,3,82481.0,84514.0,83215.0,82481.0,293.0,1
957,2017,kimi-raikkonen,ferrari,4,83033.0,84352.0,83376.0,83033.0,845.0,1
957,2017,max-verstappen,red-bull,5,83485.0,84482.0,84092.0,83485.0,1297.0,1
957,2017,romain-grosjean,haas,6,84074.0,85419.0,84718.0,84074.0,1886.0,1
957,2017,felipe-massa,williams,7,84443.0,85099.0,84597.0,84443.0,2255.0,1
957,2017,carlos-sainz-jr,toro-rosso,8,84487.0,85542.0,84997.0,84487.0,2299.0,1
957,2017,daniil-kvyat,toro-rosso,9,84512.0,85970.0,84864.0,84512.0,2324.0,1
957,2017,daniel-ricciardo,red-bull,10,83989.0,85383.0,83989.0,,,0
957,2017,sergio-perez,force-india,11,85081.0,85064.0,85081.0,,,0
957,2017,nico-hulkenberg,renault,12,85091.0,84975.0,85091.0,,,0
957,2017,fernando-alonso,mclaren,13,85425.0,85872.0,85425.0,,,0
957,2017,esteban-ocon,force-india,14,85568.0,86009.0,85568.0,,,0
957,2017,marcus-ericsson,sauber,15,86465.0,86236.0,86465.0,,,0
957,2017,antonio-giovinazzi,sauber,16,86419.0,86419.0,,,,0
957,2017,kevin-magnussen,haas,17,86847.0,86847.0,,,,0
957,2017,stoffel-vandoorne,mclaren,18,86858.0,86858.0,,,,0
957,2017,lance-stroll,williams,19,87143.0,87143.0,,,,0
957,2017,jolyon-palmer,renault,20,88244.0,88244.0,,,,0
958,2017,lewis-hamilton,mercedes,1,91678.0,93333.0,92406.0,91678.0,,1
958,2017,sebastian-vettel,ferrari,2,91864.0,93078.0,92391.0,91864.0,186.0,1
958,2017,valtteri-bottas,mercedes,3,91865.0,93684.0,92552.0,91865.0,187.0,1
958,2017,kimi-raikkonen,ferrari,4,92140.0,93341.0,92181.0,92140.0,462.0,1
958,2017,daniel-ricciardo,red-bull,5,93033.0,94041.0,93546.0,93033.0,1355.0,1
958,2017,felipe-massa,williams,6,93507.0,94205.0,93759.0,93507.0,1829.0,1
958,2017,nico-hulkenberg,renault,7,93580.0,94453.0,93636.0,93580.0,1902.0,1
958,2017,sergio-perez,force-india,8,93706.0,94657.0,93920.0,93706.0,2028.0,1
958,2017,daniil-kvyat,toro-rosso,9,93719.0,94440.0,94034.0,93719.0,2041.0,1
958,2017,lance-stroll,williams,10,94220.0,93986.0,94090.0,94220.0,2542.0,1
958,2017,carlos-sainz-jr,toro-rosso,11,94150.0,94567.0,94150.0,,,0
958,2017,kevin-magnussen,haas,12,94164.0,94942.0,94164.0,,,0
958,2017,fernando-alonso,mclaren,13,94372.0,94499.0,94372.0,,,0
958,2017,marcus-ericsson,sauber,14,95046.0,94892.0,95046.0,,,0
958,2017,antonio-giovinazzi,sauber,15,94963.0,94963.0,,,,0
958,2017,stoffel-vandoorne,mclaren,16,95023.0,95023.0,,,,0
958,2017,romain-grosjean,haas,17,95223.0,95223.0,,,,0
958,2017,jolyon-palmer,renault,18,95279.0,95279.0,,,,0
958,2017,max-verstappen,red-bull,19,95433.0,95433.0,,,,0
958,2017,esteban-ocon,force-india,20,95496.0,95496.0,,,,0
959,2017,valtteri-bottas,mercedes,1,88769.0,91041.0,89555.0,88769.0,,1
959,2017,lewis-hamilton,mercedes,2,88792.0,90814.0,89535.0,88792.0,23.0,1
959,2017,sebastian-vettel,ferrari,3,89247.0,91037.0,89596.0,89247.0,478.0,1
959,2017,daniel-ricciardo,red-bull,4,89545.0,91667.0,90497.0,89545.0,776.0,1
959,2017,kimi-raikkonen,ferrari,5,89567.0,90988.0,89843.0,89567.0,798.0,1
959,2017,max-verstappen,red-bull,6,89687.0,90904.0,90307.0,89687.0,918.0,1
959,2017,nico-hulkenberg,renault,7,89842.0,91057.0,90169.0,89842.0,1073.0,1
959,2017,felipe-massa,williams,8,90074.0,91373.0,90677.0,90074.0,1305.0,1
959,2017,romain-grosjean,haas,9,90763.0,91691.0,90857.0,90763.0,1994.0,1
959,2017,jolyon-palmer,renault,10,91074.0,91458.0,90899.0,91074.0,2305.0,1
959,2017,daniil-kvyat,toro-rosso,11,90923.0,91531.0,90923.0,,,0
959,2017,lance-stroll,williams,12,91168.0,91748.0,91168.0,,,0
959,2017,pascal-wehrlein,sauber,13,91414.0,91995.0,91414.0,,,0
959,2017,esteban-ocon,force-india,14,91684.0,91774.0,91684.0,,,0
959,2017,fernando-alonso,mclaren,15,92054.0,92054.0,,,,0
959,2017,carlos-sainz-jr,toro-rosso,16,92118.0,92118.0,,,,0
959,2017,stoffel-vandoorne,mclaren,17,92313.0,92313.0,,,,0
959,2017,sergio-perez,force-india,18,92318.0,92318.0,,,,0
959,2017,marcus-ericsson,sauber,19,92543.0,92543.0,,,,0
959,2017,kevin-magnussen,haas,20,92900.0,92900.0,,,,0
960,2017,sebastian-vettel,ferrari,1,93194.0,94493.0,94038.0,93194.0,,1
960,2017,kimi-raikkonen,ferrari,2,93253.0,94953.0,93663.0,93253.0,59.0,1
960,2017,valtteri-bottas,mercedes,3,93289.0,94041.0,93264.0,93289.0,95.0,1
960,2017,lewis-hamilton,mercedes,4,93767.0,94409.0,93760.0,93767.0,573.0,1
960,2017,daniel-ricciardo,red-bull,5,94905.0,95560.0,95483.0,94905.0,1711.0,1
960,2017,felipe-massa,williams,6,95110.0,95828.0,95049.0,95110.0,1916.0,1
960,2017,max-verstappen,red-bull,7,95161.0,95301.0,95221.0,95161.0,1967.0,1
960,2017,nico-hulkenberg,renault,8,95285.0,95507.0,95328.0,95285.0,2091.0,1
960,2017,sergio-perez,force-india,9,95337.0,96185.0,95513.0,95337.0,2143.0,1
960,2017,esteban-ocon,force-india,10,95430.0,95372.0,95729.0,95430.0,2236.0,1
960,2017,carlos-sainz-jr,toro-rosso,11,95948.0,95827.0,95948.0,,,0
960,2017,lance-stroll,williams,12,95964.0,96279.0,95964.0,,,0
960,2017,daniil-kvyat,toro-rosso,13,95968.0,95984.0,95968.0,,,0
960,2017,kevin-magnussen,haas,14,96017.0,96408.0,96017.0,,,0
960,2017,fernando-alonso,mclaren,15,96660.0,96353.0,96660.0,,,0
960,2017,jolyon-palmer,renault,16,96462.0,96462.0,,,,0
960,2017,stoffel-vandoorne,mclaren,17,97070.0,97070.0,,,,0
960,2017,pascal-wehrlein,sauber,18,97332.0,97332.0,,,,0
960,2017,marcus-ericsson,sauber,19,97507.0,97507.0,,,,0
960,2017,romain-grosjean,haas,20,97620.0,97620.0,,,,0
961,2017,lewis-hamilton,mercedes,1,79149.0,80511.0,80210.0,79149.0,,1
961,2017,sebastian-vettel,ferrari,2,79200.0,80939.0,80295.0,79200.0,51.0,1
961,2017,valtteri-bottas,mercedes,3,79373.0,80991.0,80300.0,79373.0,224.0,1
961,2017,kimi-raikkonen,ferrari,4,79439.0,80742.0,80621.0,79439.0,290.0,1
961,2017,max-verstappen,red-bull,5,79706.0,81430.0,80722.0,79706.0,557.0,1
961,2017,daniel-ricciardo,red-bull,6,80175.0,81704.0,80855.0,80175.0,1026.0,1
961,2017,fernando-alonso,mclaren,7,81048.0,82015.0,81251.0,81048.0,1899.0,1
961,2017,sergio-perez,force-india,8,81070.0,81998.0,81239.0,81070.0,1921.0,1
961,2017,felipe-massa,williams,9,81232.0,82138.0,81222.0,81232.0,2083.0,1
961,2017,esteban-ocon,force-india,10,81272.0,81901.0,81148.0,81272.0,2123.0,1
961,2017,kevin-magnussen,haas,11,81329.0,81945.0,81329.0,,,0
961,2017,carlos-sainz-jr,toro-rosso,12,81371.0,81941.0,81371.0,,,0
961,2017,nico-hulkenberg,renault,13,81397.0,82091.0,81397.0,,,0
961,2017,romain-grosjean,haas,14,81517.0,81822.0,81517.0,,,0
961,2017,pascal-wehrlein,sauber,15,81803.0,82327.0,81803.0,,,0
961,2017,marcus-ericsson,sauber,16,82332.0,82332.0,,,,0
961,2017,jolyon-palmer,renault,17,82401.0,82401.0,,,,0
961,2017,lance-stroll,williams,18,82411.0,82411.0,,,,0
961,2017,stoffel-vandoorne,mclaren,19,82532.0,82532.0,,,,0
961,2017,daniil-kvyat,toro-rosso,20,82746.0,82746.0,,,,0
962,2017,kimi-raikkonen,ferrari,1,72178.0,73117.0,72231.0,72178.0,,1
962,2017,sebastian-vettel,ferrari,2,72221.0,73090.0,72449.0,72221.0,43.0,1
962,2017,valtteri-bottas,mercedes,3,72223.0,73325.0,72901.0,72223.0,45.0,1
962,2017,max-verstappen,red-bull,4,72496.0,73078.0,72697.0,72496.0,318.0,1
962,2017,daniel-ricciardo,red-bull,5,72998.0,73219.0,73011.0,72998.0,820.0,1
962,2017,carlos-sainz-jr,toro-rosso,6,73162.0,73526.0,73397.0,73162.0,984.0,1
962,2017,sergio-perez,force-india,7,73329.0,73530.0,73430.0,73329.0,1151.0,1
962,2017,romain-grosjean,haas,8,73349.0,73786.0,73203.0,73349.0,1171.0,1
962,2017,jenson-button,mclaren,9,73613.0,73723.0,73453.0,73613.0,1435.0,1
962,2017,stoffel-vandoorne,mclaren,10,73249.0,73476.0,73249.0,,,0
962,2017,daniil-kvyat,toro-rosso,11,73516.0,73899.0,73516.0,,,0
962,2017,nico-hulkenberg,renault,12,73628.0,73787.0,73628.0,,,0
962,2017,kevin-magnussen,haas,13,73959.0,73531.0,73959.0,,,0
962,2017,lewis-hamilton,mercedes,14,74106.0,73640.0,74106.0,,,0
962,2017,felipe-massa,williams,15,80529.0,73796.0,80529.0,,,0
962,2017,esteban-ocon,force-india,16,74101.0,74101.0,,,,0
962,2017,jolyon-palmer,renault,17,74696.0,74696.0,,,,0
962,2017,lance-stroll,williams,18,74893.0,74893.0,,,,0
962,2017,pascal-wehrlein,sauber,19,75159.0,75159.0,,,,0
962,2017,marcus-ericsson,sauber,20,75276.0,75276.0,,,,0
963,2017,lewis-hamilton,mercedes,1,71459.0,72692.0,72496.0,71459.0,,1
963,2017,sebastian-vettel,ferrari,2,71789.0,73046.0,72749.0,71789.0,330.0,1
963,2017,valtteri-bottas,mercedes,3,72177.0,72685.0,72563.0,72177.0,718.0,1
963,2017,kimi-raikkonen,ferrari,4,72252.0,73548.0,72580.0,72252.0,793.0,1
963,2017,max-verstappen,red-bull,5,72403.0,73177.0,72751.0,72403.0,944.0,1
963,2017,daniel-ricciardo,red-bull,6,72557.0,73543.0,72810.0,72557.0,1098.0,1
963,2017,felipe-massa,williams,7,72858.0,73435.0,73012.0,72858.0,1399.0,1
963,2017,sergio-perez,force-india,8,73018.0,73470.0,73262.0,73018.0,1559.0,1
963,2017,esteban-ocon,force-india,9,73135.0,73520.0,73320.0,73135.0,1676.0,1
963,2017,nico-hulkenberg,renault,10,73271.0,73804.0,73406.0,73271.0,1812.0,1
963,2017,daniil-kvyat,toro-rosso,11,73690.0,73802.0,73690.0,,,0
963,2017,fernando-alonso,mclaren,12,73693.0,73669.0,73693.0,,,0
963,2017,carlos-sainz-jr,toro-rosso,13,73756.0,74051.0,73756.0,,,0
963,2017,romain-grosjean,haas,14,73839.0,73780.0,73839.0,,,0
963,2017,jolyon-palmer,renault,15,74293.0,73990.0,74293.0,,,0
963,2017,stoffel-vandoorne,mclaren,16,74182.0,74182.0,,,,0
963,2017,lance-stroll,williams,17,74209.0,74209.0,,,,0
963,2017,kevin-magnussen,haas,18,74318.0,74318.0,,,,0
963,2017,marcus-ericsson,sauber,19,74495.0,74495.0,,,,0
963,2017,pascal-wehrlein,sauber,20,74810.0,74810.0,,,,0
964,2017,lewis-hamilton,mercedes,1,100593.0,101983.0,101275.0,100593.0,,1
964,2017,valtteri-bottas,mercedes,2,101027.0,103026.0,101502.0,101027.0,434.0,1
964,2017,kimi-raikkonen,ferrari,3,101693.0,102678.0,102090.0,101693.0,1100.0,1
964,2017,sebastian-vettel,ferrari,4,101841.0,102952.0,101911.0,101841.0,1248.0,1
964,2017,max-verstappen,red-bull,5,101879.0,102544.0,101961.0,101879.0,1286.0,1
964,2017,sergio-perez,force-india,6,102111.0,103162.0,102467.0,102111.0,1518.0,1
964,2017,esteban-ocon,force-india,7,102186.0,103051.0,102751.0,102186.0,1593.0,1
964,2017,lance-stroll,williams,8,102753.0,103613.0,102284.0,102753.0,2160.0,1
964,2017,felipe-massa,williams,9,102798.0,103165.0,102735.0,102798.0,2205.0,1
964,2017,daniel-ricciardo,red-bull,10,103414.0,102857.0,102215.0,103414.0,2821.0,1
964,2017,daniil-kvyat,toro-rosso,11,103186.0,102927.0,103186.0,,,0
964,2017,carlos-sainz-jr,toro-rosso,12,103347.0,103489.0,103347.0,,,0
964,2017,kevin-magnussen,haas,13,103796.0,104029.0,103796.0,,,0
964,2017,nico-hulkenberg,renault,14,104267.0,103930.0,104267.0,,,0
964,2017,pascal-wehrlein,sauber,15,104603.0,104317.0,104603.0,,,0
964,2017,fernando-alonso,mclaren,16,104334.0,104334.0,,,,0
964,2017,romain-grosjean,haas,17,104468.0,104468.0,,,,0
964,2017,marcus-ericsson,sauber,18,104795.0,104795.0,,,,0
964,2017,stoffel-vandoorne,mclaren,19,105030.0,105030.0,,,,0
964,2017,jolyon-palmer,renault,,,,,,,0
965,2017,valtteri-bottas,mercedes,1,64251.0,65760.0,64316.0,64251.0,,1
965,2017,sebastian-vettel,ferrari,2,64293.0,65585.0,64772.0,64293.0,42.0,1
965,2017,lewis-hamilton,mercedes,3,64424.0,65064.0,64800.0,64424.0,173.0,1
965,2017,kimi-raikkonen,ferrari,4,64779.0,65148.0,65004.0,64779.0,528.0,1
965,2017,daniel-ricciardo,red-bull,5,64896.0,65854.0,65161.0,64896.0,645.0,1
965,2017,max-verstappen,red-bull,6,64983.0,65779.0,64948.0,64983.0,732.0,1
965,2017,romain-grosjean,haas,7,65480.0,65902.0,65319.0,65480.0,1229.0,1
965,2017,sergio-perez,force-india,8,65605.0,65975.0,65435.0,65605.0,1354.0,1
965,2017,esteban-ocon,force-india,9,65674.0,66033.0,65550.0,65674.0,1423.0,1
965,2017,carlos-sainz-jr,toro-rosso,10,65726.0,65675.0,65544.0,65726.0,1475.0,1
965,2017,nico-hulkenberg,renault,11,65597.0,66174.0,65597.0,,,0
965,2017,fernando-alonso,mclaren,12,65602.0,66158.0,65602.0,,,0
965,2017,stoffel-vandoorne,mclaren,13,65741.0,66316.0,65741.0,,,0
965,2017,daniil-kvyat,toro-rosso,14,65884.0,65990.0,65884.0,,,0
965,2017,kevin-magnussen,haas,15,66143.0,66143.0,,,,0
965,2017,jolyon-palmer,renault,16,66345.0,66345.0,,,,0
965,2017,felipe-massa,williams,17,66534.0,66534.0,,,,0
965,2017,lance-stroll,williams,18,66608.0,66608.0,,,,0
965,2017,marcus-ericsson,sauber,19,66857.0,66857.0,,,,0
965,2017,pascal-wehrlein,sauber,20,67011.0,67011.0,,,,0
966,2017,lewis-hamilton,mercedes,1,86600.0,99069.0,87893.0,86600.0,,1
966,2017,kimi-raikkonen,ferrari,2,87147.0,100455.0,88992.0,87147.0,547.0,1
966,2017,sebastian-vettel,ferrari,3,87356.0,99962.0,88978.0,87356.0,756.0,1
966,2017,valtteri-bottas,mercedes,4,87376.0,99698.0,88732.0,87376.0,776.0,1
966,2017,max-verstappen,red-bull,5,88130.0,98912.0,89431.0,88130.0,1530.0,1
966,2017,nico-hulkenberg,renault,6,88856.0,99201.0,89340.0,88856.0,2256.0,1
966,2017,sergio-perez,force-india,7,88902.0,102009.0,89824.0,88902.0,2302.0,1
966,2017,esteban-ocon,force-india,8,89074.0,99738.0,89701.0,89074.0,2474.0,1
966,2017,stoffel-vandoorne,mclaren,9,89418.0,100011.0,90105.0,89418.0,2818.0,1
966,2017,romain-grosjean,haas,10,89549.0,102042.0,89966.0,89549.0,2949.0,1
966,2017,jolyon-palmer,renault,11,90193.0,101404.0,90193.0,,,0
966,2017,daniil-kvyat,toro-rosso,12,90355.0,101726.0,90355.0,,,0
966,2017,fernando-alonso,mclaren,13,90600.0,97598.0,90600.0,,,0
966,2017,carlos-sainz-jr,toro-rosso,14,91368.0,101114.0,91368.0,,,0
966,2017,felipe-massa,williams,15,91482.0,101874.0,91482.0,,,0
966,2017,lance-stroll,williams,16,102573.0,102573.0,,,,0
966,2017,kevin-magnussen,haas,17,102577.0,102577.0,,,,0
966,2017,pascal-wehrlein,sauber,18,102593.0,102593.0,,,,0
966,2017,marcus-ericsson,sauber,19,102633.0,102633.0,,,,0
966,2017,daniel-ricciardo,red-bull,20,102966.0,102966.0,,,,0
967,2017,sebastian-vettel,ferrari,1,76276.0,77244.0,76802.0,76276.0,,1
967,2017,kimi-raikkonen,ferrari,2,76444.0,77364.0,77207.0,76444.0,168.0,1
967,2017,valtteri-bottas,mercedes,3,76530.0,78058.0,77362.0,76530.0,254.0,1
967,2017,lewis-hamilton,mercedes,4,76707.0,77492.0,76693.0,76707.0,431.0,1
967,2017,max-verstappen,red-bull,5,76797.0,77266.0,77028.0,76797.0,521.0,1
967,2017,daniel-ricciardo,red-bull,6,76818.0,77702.0,77698.0,76818.0,542.0,1
967,2017,nico-hulkenberg,renault,7,77468.0,78137.0,77655.0,77468.0,1192.0,1
967,2017,fernando-alonso,mclaren,8,77549.0,78395.0,77919.0,77549.0,1273.0,1
967,2017,stoffel-vandoorne,mclaren,9,77894.0,78479.0,78000.0,77894.0,1618.0,1
967,2017,carlos-sainz-jr,toro-rosso,10,78912.0,78948.0,78311.0,78912.0,2636.0,1
967,2017,jolyon-palmer,renault,11,78415.0,78699.0,78415.0,,,0
967,2017,esteban-ocon,force-india,12,78495.0,78843.0,78495.0,,,0
967,2017,daniil-kvyat,toro-rosso,13,78538.0,78702.0,78538.0,,,0
967,2017,sergio-perez,force-india,14,78639.0,79095.0,78639.0,,,0
967,2017,romain-grosjean,haas,15,78771.0,79085.0,78771.0,,,0
967,2017,kevin-magnussen,haas,16,79095.0,79095.0,,,,0
967,2017,lance-stroll,williams,17,79102.0,79102.0,,,,0
967,2017,pascal-wehrlein,sauber,18,79839.0,79839.0,,,,0
967,2017,paul-di-resta,williams,19,79868.0,79868.0,,,,0
967,2017,marcus-ericsson,sauber,20,79972.0,79972.0,,,,0
968,2017,lewis-hamilton,mercedes,1,102553.0,104184.0,102927.0,102553.0,,1
968,2017,sebastian-vettel,ferrari,2,102795.0,104275.0,103987.0,102795.0,242.0,1
968,2017,valtteri-bottas,mercedes,3,103094.0,104773.0,103249.0,103094.0,541.0,1
968,2017,kimi-raikkonen,ferrari,4,103270.0,104729.0,103700.0,103270.0,717.0,1
968,2017,max-verstappen,red-bull,5,103380.0,104535.0,103940.0,103380.0,827.0,1
968,2017,daniel-ricciardo,red-bull,6,103863.0,105114.0,104224.0,103863.0,1310.0,1
968,2017,nico-hulkenberg,renault,7,104982.0,105280.0,104988.0,104982.0,2429.0,1
968,2017,sergio-perez,force-india,8,105244.0,105591.0,104894.0,105244.0,2691.0,1
968,2017,esteban-ocon,force-india,9,105369.0,105277.0,105006.0,105369.0,2816.0,1
968,2017,jolyon-palmer,renault,10,104685.0,105447.0,104685.0,,,0
968,2017,fernando-alonso,mclaren,11,105090.0,105668.0,105090.0,,,0
968,2017,romain-grosjean,haas,12,105133.0,105728.0,105133.0,,,0
968,2017,kevin-magnussen,haas,13,105400.0,105535.0,105400.0,,,0
968,2017,carlos-sainz-jr,toro-rosso,14,105439.0,105374.0,105439.0,,,0
968,2017,stoffel-vandoorne,mclaren,15,105441.0,105441.0,,,,0
968,2017,felipe-massa,williams,16,105823.0,105823.0,,,,0
968,2017,daniil-kvyat,toro-rosso,17,106028.0,106028.0,,,,0
968,2017,lance-stroll,williams,18,106915.0,106915.0,,,,0
968,2017,marcus-ericsson,sauber,19,107214.0,107214.0,,,,0
968,2017,pascal-wehrlein,sauber,20,107679.0,107679.0,,,,0
969,2017,lewis-hamilton,mercedes,1,95554.0,96009.0,94660.0,95554.0,,1
969,2017,max-verstappen,red-bull,2,96702.0,97344.0,96113.0,96702.0,1148.0,1
969,2017,daniel-ricciardo,red-bull,3,96841.0,98304.0,97313.0,96841.0,1287.0,1
969,2017,lance-stroll,williams,4,97032.0,97653.0,97002.0,97032.0,1478.0,1
969,2017,esteban-ocon,force-india,5,97719.0,98775.0,97580.0,97719.0,2165.0,1
969,2017,valtteri-bottas,mercedes,6,97833.0,95716.0,95396.0,97833.0,2279.0,1
969,2017,kimi-raikkonen,ferrari,7,97987.0,98235.0,97031.0,97987.0,2433.0,1
969,2017,sebastian-vettel,ferrari,8,98064.0,97198.0,96223.0,98064.0,2510.0,1
969,2017,felipe-massa,williams,9,98251.0,98338.0,97456.0,98251.0,2697.0,1
969,2017,stoffel-vandoorne,mclaren,10,99157.0,98767.0,97471.0,99157.0,3603.0,1
969,2017,sergio-perez,force-india,11,97582.0,98511.0,97582.0,,,0
969,2017,nico-hulkenberg,renault,12,98059.0,99242.0,98059.0,,,0
969,2017,fernando-alonso,mclaren,13,98202.0,99134.0,98202.0,,,0
969,2017,daniil-kvyat,toro-rosso,14,98245.0,99183.0,98245.0,,,0
969,2017,carlos-sainz-jr,toro-rosso,15,98526.0,99788.0,98526.0,,,0
969,2017,kevin-magnussen,haas,16,100489.0,100489.0,,,,0
969,2017,jolyon-palmer,renault,17,100646.0,100646.0,,,,0
969,2017,marcus-ericsson,sauber,18,101732.0,101732.0,,,,0
969,2017,pascal-wehrlein,sauber,19,101875.0,101875.0,,,,0
969,2017,romain-grosjean,haas,,103355.0,103355.0,,,,0
970,2017,sebastian-vettel,ferrari,1,99491.0,103336.0,100529.0,99491.0,,1
970,2017,max-verstappen,red-bull,2,99814.0,102010.0,100332.0,99814.0,323.0,1
970,2017,daniel-ricciardo,red-bull,3,99840.0,102063.0,100385.0,99840.0,349.0,1
970,2017,kimi-raikkonen,ferrari,4,100069.0,103328.0,100525.0,100069.0,578.0,1
970,2017,lewis-hamilton,mercedes,5,100126.0,102455.0,100577.0,100126.0,635.0,1
970,2017,valtteri-bottas,mercedes,6,100810.0,103137.0,101409.0,100810.0,1319.0,1
970,2017,nico-hulkenberg,renault,7,101013.0,102586.0,101277.0,101013.0,1522.0,1
970,2017,fernando-alonso,mclaren,8,101179.0,102086.0,101442.0,101179.0,1688.0,1
970,2017,stoffel-vandoorne,mclaren,9,101398.0,102222.0,101227.0,101398.0,1907.0,1
970,2017,carlos-sainz-jr,toro-rosso,10,102056.0,102176.0,101826.0,102056.0,2565.0,1
970,2017,jolyon-palmer,renault,11,102107.0,102472.0,102107.0,,,0
970,2017,sergio-perez,force-india,12,102246.0,103594.0,102246.0,,,0
970,2017,daniil-kvyat,toro-rosso,13,102338.0,102544.0,102338.0,,,0
970,2017,esteban-ocon,force-india,14,102760.0,103626.0,102760.0,,,0
970,2017,romain-grosjean,haas,15,103883.0,103627.0,103883.0,,,0
970,2017,kevin-magnussen,haas,16,103756.0,103756.0,,,,0
970,2017,felipe-massa,williams,17,104014.0,104014.0,,,,0
970,2017,lance-stroll,williams,18,104728.0,104728.0,,,,0
970,2017,pascal-wehrlein,sauber,19,105059.0,105059.0,,,,0
970,2017,marcus-ericsson,sauber,20,105570.0,105570.0,,,,0
971,2017,lewis-hamilton,mercedes,1,90076.0,91605.0,90977.0,90076.0,,1
971,2017,kimi-raikkonen,ferrari,2,90121.0,92259.0,90926.0,90121.0,45.0,1
971,2017,max-verstappen,red-bull,3,90541.0,91920.0,90931.0,90541.0,465.0,1
971,2017,daniel-ricciardo,red-bull,4,90595.0,92416.0,91061.0,90595.0,519.0,1
971,2017,valtteri-bottas,mercedes,5,90758.0,92254.0,90803.0,90758.0,682.0,1
971,2017,esteban-ocon,force-india,6,91478.0,92527.0,91651.0,91478.0,1402.0,1
971,2017,stoffel-vandoorne,mclaren,7,91582.0,92838.0,91848.0,91582.0,1506.0,1
971,2017,nico-hulkenberg,renault,8,91607.0,92586.0,91778.0,91607.0,1531.0,1
971,2017,sergio-perez,force-india,9,91658.0,92768.0,91484.0,91658.0,1582.0,1
971,2017,fernando-alonso,mclaren,10,91704.0,93049.0,92010.0,91704.0,1628.0,1
971,2017,felipe-massa,williams,11,92034.0,92267.0,92034.0,,,0
971,2017,jolyon-palmer,renault,12,92100.0,92576.0,92100.0,,,0
971,2017,lance-stroll,williams,13,92307.0,93000.0,92307.0,,,0
971,2017,carlos-sainz-jr,toro-rosso,14,92402.0,92650.0,92402.0,,,0
971,2017,pierre-gasly,toro-rosso,15,92558.0,92547.0,92558.0,,,0
971,2017,romain-grosjean,haas,16,93308.0,93308.0,,,,0
971,2017,kevin-magnussen,haas,17,93434.0,93434.0,,,,0
971,2017,pascal-wehrlein,sauber,18,93483.0,93483.0,,,,0
971,2017,marcus-ericsson,sauber,19,93970.0,93970.0,,,,0
971,2017,sebastian-vettel,ferrari,,,,,,,0
972,2017,lewis-hamilton,mercedes,1,87319.0,89047.0,87819.0,87319.0,,1
972,2017,valtteri-bottas,mercedes,2,87651.0,89332.0,88543.0,87651.0,332.0,1
972,2017,sebastian-vettel,ferrari,3,87791.0,89352.0,88225.0,87791.0,472.0,1
972,2017,daniel-ricciardo,red-bull,4,88306.0,89475.0,88935.0,88306.0,987.0,1
972,2017,max-verstappen,red-bull,5,88332.0,89181.0,88747.0,88332.0,1013.0,1
972,2017,kimi-raikkonen,ferrari,6,88498.0,89163.0,89079.0,88498.0,1179.0,1
972,2017,esteban-ocon,force-india,7,89111.0,90115.0,89199.0,89111.0,1792.0,1
972,2017,sergio-perez,force-india,8,89260.0,89696.0,89343.0,89260.0,1941.0,1
972,2017,felipe-massa,williams,9,89480.0,90352.0,89687.0,89480.0,2161.0,1
972,2017,fernando-alonso,mclaren,10,90687.0,90525.0,89749.0,90687.0,3368.0,1
972,2017,stoffel-vandoorne,mclaren,11,89778.0,90654.0,89778.0,,,0
972,2017,nico-hulkenberg,renault,12,89879.0,90252.0,89879.0,,,0
972,2017,kevin-magnussen,haas,13,89972.0,90774.0,89972.0,,,0
972,2017,jolyon-palmer,renault,14,90022.0,90516.0,90022.0,,,0
972,2017,carlos-sainz-jr,toro-rosso,15,90413.0,90565.0,90413.0,,,0
972,2017,romain-grosjean,haas,16,90849.0,90849.0,,,,0
972,2017,pierre-gasly,toro-rosso,17,91317.0,91317.0,,,,0
972,2017,lance-stroll,williams,18,91409.0,91409.0,,,,0
972,2017,marcus-ericsson,sauber,19,91597.0,91597.0,,,,0
972,2017,pascal-wehrlein,sauber,20,91885.0,91885.0,,,,0
973,2017,lewis-hamilton,mercedes,1,93108.0,94822.0,93437.0,93108.0,,1
973,2017,sebastian-vettel,ferrari,2,93347.0,95420.0,94103.0,93347.0,239.0,1
973,2017,valtteri-bottas,mercedes,3,93568.0,95309.0,93769.0,93568.0,460.0,1
973,2017,daniel-ricciardo,red-bull,4,93577.0,95991.0,94495.0,93577.0,469.0,1
973,2017,kimi-raikkonen,ferrari,5,93577.0,95649.0,93840.0,93577.0,469.0,1
973,2017,max-verstappen,red-bull,6,93658.0,94899.0,94716.0,93658.0,550.0,1
973,2017,esteban-ocon,force-india,7,94647.0,95849.0,95113.0,94647.0,1539.0,1
973,2017,carlos-sainz-jr,renault,8,94852.0,95517.0,94899.0,94852.0,1744.0,1
973,2017,fernando-alonso,mclaren,9,95007.0,95712.0,95046.0,95007.0,1899.0,1
973,2017,sergio-perez,force-india,10,95148.0,96358.0,94789.0,95148.0,2040.0,1
973,2017,felipe-massa,williams,11,95155.0,95603.0,95155.0,,,0
973,2017,daniil-kvyat,toro-rosso,12,95529.0,96073.0,95529.0,,,0
973,2017,stoffel-vandoorne,mclaren,13,95641.0,96286.0,95641.0,,,0
973,2017,romain-grosjean,haas,14,95870.0,96835.0,95870.0,,,0
973,2017,nico-hulkenberg,renault,15,95740.0,95740.0,,,,0
973,2017,marcus-ericsson,sauber,16,96842.0,96842.0,,,,0
973,2017,lance-stroll,williams,17,96868.0,96868.0,,,,0
973,2017,brendon-hartley,toro-rosso,18,96889.0,96889.0,,,,0
973,2017,pascal-wehrlein,sauber,19,97179.0,97179.0,,,,0
973,2017,kevin-magnussen,haas,20,97394.0,97394.0,,,,0
974,2017,sebastian-vettel,ferrari,1,76488.0,77665.0,76870.0,76488.0,,1
974,2017,max-verstappen,red-bull,2,76574.0,77630.0,76524.0,76574.0,86.0,1
974,2017,lewis-hamilton,mercedes,3,76934.0,77518.0,77035.0,76934.0,446.0,1
974,2017,valtteri-bottas,mercedes,4,76958.0,77578.0,77161.0,76958.0,470.0,1
974,2017,kimi-raikkonen,ferrari,5,77238.0,78148.0,77534.0,77238.0,750.0,1
974,2017,esteban-ocon,force-india,6,77437.0,78336.0,77827.0,77437.0,949.0,1
974,2017,daniel-ricciardo,red-bull,7,77447.0,78208.0,77631.0,77447.0,959.0,1
974,2017,nico-hulkenberg,renault,8,77466.0,78322.0,77792.0,77466.0,978.0,1
974,2017,carlos-sainz-jr,renault,9,77794.0,78405.0,77753.0,77794.0,1306.0,1
974,2017,sergio-perez,force-india,10,77807.0,78020.0,77868.0,77807.0,1319.0,1
974,2017,felipe-massa,williams,11,78099.0,78570.0,78099.0,,,0
974,2017,lance-stroll,williams,12,79159.0,78902.0,79159.0,,,0
974,2017,brendon-hartley,toro-rosso,13,78683.0,78683.0,,,,0
974,2017,fernando-alonso,mclaren,14,77710.0,77710.0,,,,0
974,2017,stoffel-vandoorne,mclaren,15,78578.0,78578.0,,,,0
974,2017,marcus-ericsson,sauber,16,79176.0,79176.0,,,,0
974,2017,pascal-wehrlein,sauber,17,79333.0,79333.0,,,,0
974,2017,kevin-magnussen,haas,18,79443.0,79443.0,,,,0
974,2017,romain-grosjean,haas,19,79473.0,79473.0,,,,0
974,2017,pierre-gasly,toro-rosso,19,,,,,,0
975,2017,valtteri-bottas,mercedes,1,68322.0,69452.0,68638.0,68322.0,,1
975,2017,sebastian-vettel,ferrari,2,68360.0,69643.0,68494.0,68360.0,38.0,1
975,2017,kimi-raikkonen,ferrari,3,68538.0,69405.0,69116.0,68538.0,216.0,1
975,2017,max-verstappen,red-bull,4,68925.0,69820.0,69050.0,68925.0,603.0,1
975,2017,daniel-ricciardo,red-bull,5,69330.0,69828.0,69533.0,69330.0,1008.0,1
975,2017,sergio-perez,force-india,6,69598.0,70145.0,69760.0,69598.0,1276.0,1
975,2017,fernando-alonso,mclaren,7,69617.0,70172.0,69593.0,69617.0,1295.0,1
975,2017,nico-hulkenberg,renault,8,69703.0,70078.0,69726.0,69703.0,1381.0,1
975,2017,carlos-sainz-jr,renault,9,69805.0,70227.0,69768.0,69805.0,1483.0,1
975,2017,felipe-massa,williams,10,69841.0,69789.0,69612.0,69841.0,1519.0,1
975,2017,esteban-ocon,force-india,11,69830.0,70168.0,69830.0,,,0
975,2017,romain-grosjean,haas,12,69879.0,70148.0,69879.0,,,0
975,2017,stoffel-vandoorne,mclaren,13,70116.0,70286.0,70116.0,,,0
975,2017,kevin-magnussen,haas,14,70154.0,70521.0,70154.0,,,0
975,2017,brendon-hartley,toro-rosso,15,70625.0,70625.0,,,,0
975,2017,pascal-wehrlein,sauber,16,70678.0,70678.0,,,,0
975,2017,pierre-gasly,toro-rosso,17,70686.0,70686.0,,,,0
975,2017,lance-stroll,williams,18,70776.0,70776.0,,,,0
975,2017,marcus-ericsson,sauber,19,70875.0,70875.0,,,,0
975,2017,lewis-hamilton,mercedes,,,,,,,0
976,2017,valtteri-bottas,mercedes,1,96231.0,97356.0,96822.0,96231.0,,1
976,2017,lewis-hamilton,mercedes,2,96403.0,97391.0,96742.0,96403.0,172.0,1
976,2017,sebastian-vettel,ferrari,3,96777.0,97817.0,97023.0,96777.0,546.0,1
976,2017,daniel-ricciardo,red-bull,4,96959.0,98016.0,97583.0,96959.0,728.0,1
976,2017,kimi-raikkonen,ferrari,5,96985.0,97453.0,97302.0,96985.0,754.0,1
976,2017,max-verstappen,red-bull,6,97328.0,98021.0,97777.0,97328.0,1097.0,1
976,2017,nico-hulkenberg,renault,7,98282.0,98781.0,98138.0,98282.0,2051.0,1
976,2017,sergio-perez,force-india,8,98374.0,98601.0,98359.0,98374.0,2143.0,1
976,2017,esteban-ocon,force-india,9,98397.0,98896.0,98392.0,98397.0,2166.0,1
976,2017,felipe-massa,williams,10,98550.0,98629.0,98565.0,98550.0,2319.0,1
976,2017,fernando-alonso,mclaren,11,98636.0,98820.0,98636.0,,,0
976,2017,carlos-sainz-jr,renault,12,98725.0,98810.0,98725.0,,,0
976,2017,stoffel-vandoorne,mclaren,13,98808.0,98777.0,98808.0,,,0
976,2017,kevin-magnussen,haas,14,99298.0,99395.0,99298.0,,,0
976,2017,lance-stroll,williams,15,99646.0,99503.0,99646.0,,,0
976,2017,romain-grosjean,haas,16,99516.0,99516.0,,,,0
976,2017,pierre-gasly,toro-rosso,17,99724.0,99724.0,,,,0
976,2017,pascal-wehrlein,sauber,18,99930.0,99930.0,,,,0
976,2017,marcus-ericsson,sauber,19,99994.0,99994.0,,,,0
976,2017,brendon-hartley,toro-rosso,20,100471.0,100471.0,,,,0
977,2018,lewis-hamilton,mercedes,1,81164.0,82824.0,82051.0,81164.0,,1
977,2018,kimi-raikkonen,ferrari,2,81828.0,83096.0,82507.0,81828.0,664.0,1
977,2018,sebastian-vettel,ferrari,3,81838.0,83348.0,81944.0,81838.0,674.0,1
977,2018,max-verstappen,red-bull,4,81879.0,83483.0,82416.0,81879.0,715.0,1
977,2018,daniel-ricciardo,red-bull,5,82152.0,83494.0,82897.0,82152.0,988.0,1
977,2018,kevin-magnussen,haas,6,83187.0,83909.0,83300.0,83187.0,2023.0,1
977,2018,romain-grosjean,haas,7,83339.0,83671.0,83468.0,83339.0,2175.0,1
977,2018,nico-hulkenberg,renault,8,83532.0,83782.0,83544.0,83532.0,2368.0,1
977,2018,carlos-sainz-jr,renault,9,83577.0,83529.0,83061.0,83577.0,2413.0,1
977,2018,valtteri-bottas,mercedes,10,82089.0,83686.0,82089.0,,,0
977,2018,fernando-alonso,mclaren,11,83692.0,83597.0,83692.0,,,0
977,2018,stoffel-vandoorne,mclaren,12,83853.0,84073.0,83853.0,,,0
977,2018,sergio-perez,force-india,13,84005.0,84344.0,84005.0,,,0
977,2018,lance-stroll,williams,14,84230.0,84464.0,84230.0,,,0
977,2018,esteban-ocon,force-india,15,84786.0,84503.0,84786.0,,,0
977,2018,brendon-hartley,toro-rosso,16,84532.0,84532.0,,,,0
977,2018,marcus-ericsson,sauber,17,84556.0,84556.0,,,,0
977,2018,charles-leclerc,sauber,18,84636.0,84636.0,,,,0
977,2018,sergey-sirotkin,williams,19,84922.0,84922.0,,,,0
977,2018,pierre-gasly,toro-rosso,20,85295.0,85295.0,,,,0
978,2018,sebastian-vettel,ferrari,1,87958.0,89060.0,88341.0,87958.0,,1
978,2018,kimi-raikkonen,ferrari,2,88101.0,88951.0,88515.0,88101.0,143.0,1
978,2018,valtteri-bottas,mercedes,3,88124.0,89275.0,88794.0,88124.0,166.0,1
978,2018,lewis-hamilton,mercedes,4,88220.0,89396.0,88458.0,88220.0,262.0,1
978,2018,daniel-ricciardo,red-bull,5,88398.0,89552.0,88962.0,88398.0,440.0,1
978,2018,pierre-gasly,toro-rosso,6,89329.0,90121.0,89836.0,89329.0,1371.0,1
978,2018,kevin-magnussen,haas,7,89358.0,89594.0,89623.0,89358.0,1400.0,1
978,2018,nico-hulkenberg,renault,8,89570.0,90260.0,89187.0,89570.0,1612.0,1
978,2018,esteban-ocon,force-india,9,89874.0,90338.0,90009.0,89874.0,1916.0,1
978,2018,carlos-sainz-jr,renault,10,89986.0,89893.0,89802.0,89986.0,2028.0,1
978,2018,brendon-hartley,toro-rosso,11,90105.0,90412.0,90105.0,,,0
978,2018,sergio-perez,force-india,12,90156.0,90218.0,90156.0,,,0
978,2018,fernando-alonso,mclaren,13,90212.0,90530.0,90212.0,,,0
978,2018,stoffel-vandoorne,mclaren,14,90525.0,90479.0,90525.0,,,0
978,2018,max-verstappen,red-bull,15,89374.0,89374.0,,,,0
978,2018,romain-grosjean,haas,16,90530.0,90530.0,,,,0
978,2018,marcus-ericsson,sauber,17,91063.0,91063.0,,,,0
978,2018,sergey-sirotkin,williams,18,91414.0,91414.0,,,,0
978,2018,charles-leclerc,sauber,19,91420.0,91420.0,,,,0
978,2018,lance-stroll,williams,20,91503.0,91503.0,,,,0
979,2018,sebastian-vettel,ferrari,1,91095.0,92171.0,92385.0,91095.0,,1
979,2018,kimi-raikkonen,ferrari,2,91182.0,92474.0,92286.0,91182.0,87.0,1
979,2018,valtteri-bottas,mercedes,3,91625.0,92921.0,92063.0,91625.0,530.0,1
979,2018,lewis-hamilton,mercedes,4,91675.0,93283.0,91914.0,91675.0,580.0,1
979,2018,max-verstappen,red-bull,5,91796.0,92932.0,92809.0,91796.0,701.0,1
979,2018,daniel-ricciardo,red-bull,6,91948.0,93877.0,92688.0,91948.0,853.0,1
979,2018,nico-hulkenberg,renault,7,92532.0,93545.0,92494.0,92532.0,1437.0,1
979,2018,sergio-perez,force-india,8,92758.0,93464.0,92931.0,92758.0,1663.0,1
979,2018,carlos-sainz-jr,renault,9,92819.0,93315.0,92970.0,92819.0,1724.0,1
979,2018,romain-grosjean,haas,10,92855.0,93238.0,92524.0,92855.0,1760.0,1
979,2018,kevin-magnussen,haas,11,92986.0,93359.0,92986.0,,,0
979,2018,esteban-ocon,force-india,12,93057.0,93585.0,93057.0,,,0
979,2018,fernando-alonso,mclaren,13,93232.0,93428.0,93232.0,,,0
979,2018,stoffel-vandoorne,mclaren,14,93505.0,93824.0,93505.0,,,0
979,2018,brendon-hartley,toro-rosso,15,93795.0,94013.0,93795.0,,,0
979,2018,sergey-sirotkin,williams,16,94062.0,94062.0,,,,0
979,2018,pierre-gasly,toro-rosso,17,94101.0,94101.0,,,,0
979,2018,lance-stroll,williams,18,94285.0,94285.0,,,,0
979,2018,charles-leclerc,sauber,19,94454.0,94454.0,,,,0
979,2018,marcus-ericsson,sauber,20,94914.0,94914.0,,,,0
980,2018,sebastian-vettel,ferrari,1,101498.0,102762.0,103015.0,101498.0,,1
980,2018,lewis-hamilton,mercedes,2,101677.0,102693.0,102676.0,101677.0,179.0,1
980,2018,valtteri-bottas,mercedes,3,101837.0,103355.0,102679.0,101837.0,339.0,1
980,2018,daniel-ricciardo,red-bull,4,101911.0,102857.0,103482.0,101911.0,413.0,1
980,2018,max-verstappen,red-bull,5,101994.0,102642.0,102901.0,101994.0,496.0,1
980,2018,kimi-raikkonen,ferrari,6,102490.0,102538.0,102510.0,102490.0,992.0,1
980,2018,esteban-ocon,force-india,7,102523.0,103021.0,102967.0,102523.0,1025.0,1
980,2018,sergio-perez,force-india,8,102547.0,103992.0,103366.0,102547.0,1049.0,1
980,2018,nico-hulkenberg,renault,9,103066.0,103746.0,103232.0,103066.0,1568.0,1
980,2018,carlos-sainz-jr,renault,10,103351.0,103426.0,103464.0,103351.0,1853.0,1
980,2018,lance-stroll,williams,11,103585.0,104359.0,103585.0,,,0
980,2018,sergey-sirotkin,williams,12,103886.0,104261.0,103886.0,,,0
980,2018,fernando-alonso,mclaren,13,104019.0,104010.0,104019.0,,,0
980,2018,charles-leclerc,sauber,14,104074.0,103752.0,104074.0,,,0
980,2018,kevin-magnussen,haas,15,104759.0,103674.0,104759.0,,,0
980,2018,stoffel-vandoorne,mclaren,16,104489.0,104489.0,,,,0
980,2018,pierre-gasly,toro-rosso,17,104496.0,104496.0,,,,0
980,2018,marcus-ericsson,sauber,18,105541.0,105541.0,,,,0
980,2018,brendon-hartley,toro-rosso,,117354.0,117354.0,,,,0
980,2018,romain-grosjean,haas,,,,,,,0
981,2018,lewis-hamilton,mercedes,1,76173.0,77633.0,77166.0,76173.0,,1
981,2018,valtteri-bottas,mercedes,2,76213.0,77674.0,77111.0,76213.0,40.0,1
981,2018,sebastian-vettel,ferrari,3,76305.0,77031.0,76802.0,76305.0,132.0,1
981,2018,kimi-raikkonen,ferrari,4,76612.0,77483.0,77071.0,76612.0,439.0,1
981,2018,max-verstappen,red-bull,5,76816.0,77411.0,77266.0,76816.0,643.0,1
981,2018,daniel-ricciardo,red-bull,6,76818.0,77623.0,77638.0,76818.0,645.0,1
981,2018,kevin-magnussen,haas,7,77676.0,78169.0,77618.0,77676.0,1503.0,1
981,2018,fernando-alonso,mclaren,8,77721.0,78276.0,78100.0,77721.0,1548.0,1
981,2018,carlos-sainz-jr,renault,9,77790.0,78480.0,77803.0,77790.0,1617.0,1
981,2018,romain-grosjean,haas,10,77835.0,78305.0,77699.0,77835.0,1662.0,1
981,2018,stoffel-vandoorne,mclaren,11,78323.0,78885.0,78323.0,,,0
981,2018,pierre-gasly,toro-rosso,12,78463.0,78550.0,78463.0,,,0
981,2018,esteban-ocon,force-india,13,78696.0,78813.0,78696.0,,,0
981,2018,charles-leclerc,sauber,14,78910.0,78661.0,78910.0,,,0
981,2018,sergio-perez,force-india,15,79098.0,78740.0,79098.0,,,0
981,2018,nico-hulkenberg,renault,16,78923.0,78923.0,,,,0
981,2018,marcus-ericsson,sauber,17,79493.0,79493.0,,,,0
981,2018,sergey-sirotkin,williams,18,79695.0,79695.0,,,,0
981,2018,lance-stroll,williams,19,80225.0,80225.0,,,,0
982,2018,daniel-ricciardo,red-bull,1,70810.0,72013.0,71278.0,70810.0,,1
982,2018,sebastian-vettel,ferrari,2,71039.0,72415.0,71518.0,71039.0,229.0,1
982,2018,lewis-hamilton,mercedes,3,71232.0,72460.0,71584.0,71232.0,422.0,1
982,2018,kimi-raikkonen,ferrari,4,71266.0,72639.0,71391.0,71266.0,456.0,1
982,2018,valtteri-bottas,mercedes,5,71441.0,72434.0,72002.0,71441.0,631.0,1
982,2018,esteban-ocon,force-india,6,72061.0,73028.0,72188.0,72061.0,1251.0,1
982,2018,fernando-alonso,mclaren,7,72110.0,72657.0,72269.0,72110.0,1300.0,1
982,2018,carlos-sainz-jr,renault,8,72130.0,72950.0,72286.0,72130.0,1320.0,1
982,2018,sergio-perez,force-india,9,72154.0,72848.0,72194.0,72154.0,1344.0,1
982,2018,pierre-gasly,toro-rosso,10,72221.0,72941.0,72313.0,72221.0,1411.0,1
982,2018,nico-hulkenberg,renault,11,72411.0,73065.0,72411.0,,,0
982,2018,stoffel-vandoorne,mclaren,12,72440.0,72463.0,72440.0,,,0
982,2018,sergey-sirotkin,williams,13,72521.0,72706.0,72521.0,,,0
982,2018,charles-leclerc,sauber,14,72714.0,72829.0,72714.0,,,0
982,2018,romain-grosjean,haas,15,72728.0,72930.0,72728.0,,,0
982,2018,brendon-hartley,toro-rosso,16,73179.0,73179.0,,,,0
982,2018,marcus-ericsson,sauber,17,73265.0,73265.0,,,,0
982,2018,lance-stroll,williams,18,73323.0,73323.0,,,,0
982,2018,kevin-magnussen,haas,19,73393.0,73393.0,,,,0
983,2018,sebastian-vettel,ferrari,1,70764.0,71710.0,71524.0,70764.0,,1
983,2018,valtteri-bottas,mercedes,2,70857.0,71950.0,71514.0,70857.0,93.0,1
983,2018,max-verstappen,red-bull,3,70937.0,72008.0,71472.0,70937.0,173.0,1
983,2018,lewis-hamilton,mercedes,4,70996.0,71835.0,71740.0,70996.0,232.0,1
983,2018,kimi-raikkonen,ferrari,5,71095.0,71725.0,71620.0,71095.0,331.0,1
983,2018,daniel-ricciardo,red-bull,6,71116.0,72459.0,71434.0,71116.0,352.0,1
983,2018,nico-hulkenberg,renault,7,71973.0,72795.0,71916.0,71973.0,1209.0,1
983,2018,esteban-ocon,force-india,8,72084.0,72577.0,72141.0,72084.0,1320.0,1
983,2018,carlos-sainz-jr,renault,9,72168.0,72689.0,72097.0,72168.0,1404.0,1
983,2018,sergio-perez,force-india,10,72671.0,72702.0,72395.0,72671.0,1907.0,1
983,2018,kevin-magnussen,haas,11,72606.0,72680.0,72606.0,,,0
983,2018,brendon-hartley,toro-rosso,12,72635.0,72587.0,72635.0,,,0
983,2018,charles-leclerc,sauber,13,72661.0,72945.0,72661.0,,,0
983,2018,fernando-alonso,mclaren,14,72856.0,72979.0,72856.0,,,0
983,2018,stoffel-vandoorne,mclaren,15,72865.0,72998.0,72865.0,,,0
983,2018,pierre-gasly,toro-rosso,16,73047.0,73047.0,,,,0
983,2018,lance-stroll,williams,17,73590.0,73590.0,,,,0
983,2018,sergey-sirotkin,williams,18,73643.0,73643.0,,,,0
983,2018,marcus-ericsson,sauber,19,74593.0,74593.0,,,,0
984,2018,lewis-hamilton,mercedes,1,90029.0,91271.0,90645.0,90029.0,,1
984,2018,valtteri-bottas,mercedes,2,90147.0,91776.0,91227.0,90147.0,118.0,1
984,2018,sebastian-vettel,ferrari,3,90400.0,91820.0,90751.0,90400.0,371.0,1
984,2018,max-verstappen,red-bull,4,90705.0,91531.0,90818.0,90705.0,676.0,1
984,2018,daniel-ricciardo,red-bull,5,90895.0,91910.0,91538.0,90895.0,866.0,1
984,2018,kimi-raikkonen,ferrari,6,91057.0,91567.0,90772.0,91057.0,1028.0,1
984,2018,carlos-sainz-jr,renault,7,92126.0,92394.0,92016.0,92126.0,2097.0,1
984,2018,charles-leclerc,sauber,8,92635.0,92538.0,92055.0,92635.0,2606.0,1
984,2018,kevin-magnussen,haas,9,92930.0,92169.0,91510.0,92930.0,2901.0,1
984,2018,romain-grosjean,haas,10,91472.0,92083.0,91472.0,,,0
984,2018,esteban-ocon,force-india,11,92075.0,92786.0,92075.0,,,0
984,2018,nico-hulkenberg,renault,12,92115.0,92949.0,92115.0,,,0
984,2018,sergio-perez,force-india,13,92454.0,92692.0,92454.0,,,0
984,2018,pierre-gasly,toro-rosso,14,92460.0,92447.0,92460.0,,,0
984,2018,marcus-ericsson,sauber,15,92820.0,92804.0,92820.0,,,0
984,2018,fernando-alonso,mclaren,16,92976.0,92976.0,,,,0
984,2018,brendon-hartley,toro-rosso,17,93025.0,93025.0,,,,0
984,2018,stoffel-vandoorne,mclaren,18,93162.0,93162.0,,,,0
984,2018,sergey-sirotkin,williams,19,93636.0,93636.0,,,,0
984,2018,lance-stroll,williams,20,93729.0,93729.0,,,,0
985,2018,valtteri-bottas,mercedes,1,63130.0,64175.0,63756.0,63130.0,,1
985,2018,lewis-hamilton,mercedes,2,63149.0,64080.0,63577.0,63149.0,19.0,1
985,2018,sebastian-vettel,ferrari,3,63464.0,64347.0,63544.0,63464.0,334.0,1
985,2018,kimi-raikkonen,ferrari,4,63660.0,64234.0,63975.0,63660.0,530.0,1
985,2018,max-verstappen,red-bull,5,63840.0,64273.0,64001.0,63840.0,710.0,1
985,2018,romain-grosjean,haas,6,63892.0,64242.0,64059.0,63892.0,762.0,1
985,2018,daniel-ricciardo,red-bull,7,63996.0,64723.0,64403.0,63996.0,866.0,1
985,2018,kevin-magnussen,haas,8,64051.0,64460.0,64291.0,64051.0,921.0,1
985,2018,carlos-sainz-jr,renault,9,64725.0,64948.0,64561.0,64725.0,1595.0,1
985,2018,nico-hulkenberg,renault,10,65019.0,64864.0,64676.0,65019.0,1889.0,1
985,2018,esteban-ocon,force-india,11,64845.0,65148.0,64845.0,,,0
985,2018,pierre-gasly,toro-rosso,12,64874.0,65011.0,64874.0,,,0
985,2018,charles-leclerc,sauber,13,64979.0,64967.0,64979.0,,,0
985,2018,fernando-alonso,mclaren,14,65058.0,64965.0,65058.0,,,0
985,2018,lance-stroll,williams,15,65286.0,65264.0,65286.0,,,0
985,2018,stoffel-vandoorne,mclaren,16,65271.0,65271.0,,,,0
985,2018,sergio-perez,force-india,17,65279.0,65279.0,,,,0
985,2018,sergey-sirotkin,williams,18,65322.0,65322.0,,,,0
985,2018,brendon-hartley,toro-rosso,19,65366.0,65366.0,,,,0
985,2018,marcus-ericsson,sauber,20,65479.0,65479.0,,,,0
986,2018,lewis-hamilton,mercedes,1,85892.0,86818.0,86256.0,85892.0,,1
986,2018,sebastian-vettel,ferrari,2,85936.0,86585.0,86372.0,85936.0,44.0,1
986,2018,kimi-raikkonen,ferrari,3,85990.0,87549.0,86483.0,85990.0,98.0,1
986,2018,valtteri-bottas,mercedes,4,86217.0,87025.0,86413.0,86217.0,325.0,1
986,2018,max-verstappen,red-bull,5,86602.0,87309.0,87013.0,86602.0,710.0,1
986,2018,daniel-ricciardo,red-bull,6,87099.0,87979.0,87369.0,87099.0,1207.0,1
986,2018,kevin-magnussen,haas,7,87244.0,88143.0,87730.0,87244.0,1352.0,1
986,2018,romain-grosjean,haas,8,87455.0,88086.0,87522.0,87455.0,1563.0,1
986,2018,charles-leclerc,sauber,9,87879.0,87962.0,87790.0,87879.0,1987.0,1
986,2018,esteban-ocon,force-india,10,88194.0,88279.0,87843.0,88194.0,2302.0,1
986,2018,nico-hulkenberg,renault,11,87901.0,88017.0,87901.0,,,0
986,2018,sergio-perez,force-india,12,87928.0,88210.0,87928.0,,,0
986,2018,fernando-alonso,mclaren,13,88139.0,88187.0,88139.0,,,0
986,2018,pierre-gasly,toro-rosso,14,88343.0,88399.0,88343.0,,,0
986,2018,marcus-ericsson,sauber,15,88391.0,88249.0,88391.0,,,0
986,2018,carlos-sainz-jr,renault,16,88456.0,88456.0,,,,0
986,2018,stoffel-vandoorne,mclaren,17,89096.0,89096.0,,,,0
986,2018,sergey-sirotkin,williams,18,89252.0,89252.0,,,,0
986,2018,lance-stroll,williams,,,,,,,0
987,2018,sebastian-vettel,ferrari,1,71212.0,72538.0,72505.0,71212.0,,1
987,2018,valtteri-bottas,mercedes,2,71416.0,72962.0,72152.0,71416.0,204.0,1
987,2018,kimi-raikkonen,ferrari,3,71547.0,72505.0,72336.0,71547.0,335.0,1
987,2018,max-verstappen,red-bull,4,71822.0,73127.0,72188.0,71822.0,610.0,1
987,2018,kevin-magnussen,haas,5,72200.0,73105.0,72523.0,72200.0,988.0,1
987,2018,romain-grosjean,haas,6,72544.0,72986.0,72722.0,72544.0,1332.0,1
987,2018,nico-hulkenberg,renault,7,72560.0,73479.0,72946.0,72560.0,1348.0,1
987,2018,carlos-sainz-jr,renault,8,72692.0,73324.0,73032.0,72692.0,1480.0,1
987,2018,charles-leclerc,sauber,9,72717.0,73077.0,72995.0,72717.0,1505.0,1
987,2018,sergio-perez,force-india,10,72774.0,73427.0,73072.0,72774.0,1562.0,1
987,2018,fernando-alonso,mclaren,11,73657.0,73614.0,73657.0,,,0
987,2018,sergey-sirotkin,williams,12,73702.0,73708.0,73702.0,,,0
987,2018,marcus-ericsson,sauber,13,73736.0,73562.0,73736.0,,,0
987,2018,lewis-hamilton,mercedes,14,73012.0,73012.0,,,,0
987,2018,daniel-ricciardo,red-bull,15,73318.0,73318.0,,,,0
987,2018,esteban-ocon,force-india,16,73720.0,73720.0,,,,0
987,2018,pierre-gasly,toro-rosso,17,73749.0,73749.0,,,,0
987,2018,brendon-hartley,toro-rosso,18,74045.0,74045.0,,,,0
987,2018,lance-stroll,williams,19,74206.0,74206.0,,,,0
987,2018,stoffel-vandoorne,mclaren,20,74401.0,74401.0,,,,0
988,2018,lewis-hamilton,mercedes,1,95658.0,77419.0,91242.0,95658.0,,1
988,2018,valtteri-bottas,mercedes,2,95918.0,77123.0,92081.0,95918.0,260.0,1
988,2018,kimi-raikkonen,ferrari,3,96186.0,77526.0,92762.0,96186.0,528.0,1
988,2018,sebastian-vettel,ferrari,4,96210.0,76666.0,88636.0,96210.0,552.0,1
988,2018,carlos-sainz-jr,renault,5,96743.0,77829.0,90771.0,96743.0,1085.0,1
988,2018,pierre-gasly,toro-rosso,6,97591.0,78577.0,91286.0,97591.0,1933.0,1
988,2018,max-verstappen,red-bull,7,98032.0,76940.0,91178.0,98032.0,2374.0,1
988,2018,brendon-hartley,toro-rosso,8,98128.0,78429.0,92590.0,98128.0,2470.0,1
988,2018,kevin-magnussen,haas,9,99858.0,78314.0,92968.0,99858.0,4200.0,1
988,2018,romain-grosjean,haas,10,100593.0,77901.0,93650.0,100593.0,4935.0,1
988,2018,fernando-alonso,mclaren,11,95214.0,78208.0,95214.0,,,0
988,2018,daniel-ricciardo,red-bull,12,96442.0,78540.0,96442.0,,,0
988,2018,nico-hulkenberg,renault,13,96506.0,77905.0,96506.0,,,0
988,2018,marcus-ericsson,sauber,14,97075.0,78641.0,97075.0,,,0
988,2018,lance-stroll,williams,15,78560.0,78560.0,,,,0
988,2018,stoffel-vandoorne,mclaren,16,78782.0,78782.0,,,,0
988,2018,charles-leclerc,sauber,17,78817.0,78817.0,,,,0
988,2018,esteban-ocon,force-india,18,79142.0,79142.0,,,,0
988,2018,sergio-perez,force-india,19,79200.0,79200.0,,,,0
988,2018,sergey-sirotkin,williams,20,79301.0,79301.0,,,,0
989,2018,lewis-hamilton,mercedes,1,118179.0,102977.0,101553.0,118179.0,,1
989,2018,sebastian-vettel,ferrari,2,118905.0,103035.0,101501.0,118905.0,726.0,1
989,2018,esteban-ocon,force-india,3,121851.0,104003.0,103302.0,121851.0,3672.0,1
989,2018,sergio-perez,force-india,4,121894.0,104004.0,103014.0,121894.0,3715.0,1
989,2018,romain-grosjean,haas,5,122122.0,103597.0,103042.0,122122.0,3943.0,1
989,2018,kimi-raikkonen,ferrari,6,122671.0,102585.0,101533.0,122671.0,4492.0,1
989,2018,max-verstappen,red-bull,7,122769.0,103199.0,102554.0,122769.0,4590.0,1
989,2018,daniel-ricciardo,red-bull,8,122939.0,103604.0,103126.0,122939.0,4760.0,1
989,2018,kevin-magnussen,haas,9,124933.0,103834.0,103320.0,124933.0,6754.0,1
989,2018,valtteri-bottas,mercedes,10,102191.0,102805.0,102191.0,,,0
989,2018,pierre-gasly,toro-rosso,11,103844.0,104221.0,103844.0,,,0
989,2018,brendon-hartley,toro-rosso,12,103865.0,104153.0,103865.0,,,0
989,2018,charles-leclerc,sauber,13,104062.0,103654.0,104062.0,,,0
989,2018,marcus-ericsson,sauber,14,104301.0,103846.0,104301.0,,,0
989,2018,nico-hulkenberg,renault,15,104145.0,104145.0,,,,0
989,2018,carlos-sainz-jr,renault,16,104489.0,104489.0,,,,0
989,2018,fernando-alonso,mclaren,17,104917.0,104917.0,,,,0
989,2018,sergey-sirotkin,williams,18,104998.0,104998.0,,,,0
989,2018,lance-stroll,williams,19,105134.0,105134.0,,,,0
989,2018,stoffel-vandoorne,mclaren,20,105307.0,105307.0,,,,0
990,2018,kimi-raikkonen,ferrari,1,79119.0,80722.0,79846.0,79119.0,,1
990,2018,sebastian-vettel,ferrari,2,79280.0,80542.0,79629.0,79280.0,161.0,1
990,2018,lewis-hamilton,mercedes,3,79294.0,80810.0,79798.0,79294.0,175.0,1
990,2018,valtteri-bottas,mercedes,4,79656.0,81381.0,80427.0,79656.0,537.0,1
990,2018,max-verstappen,red-bull,5,80615.0,81381.0,80333.0,80615.0,1496.0,1
990,2018,romain-grosjean,haas,6,80936.0,81887.0,81239.0,80936.0,1817.0,1
990,2018,carlos-sainz-jr,renault,7,81041.0,81732.0,81552.0,81041.0,1922.0,1
990,2018,esteban-ocon,force-india,8,81099.0,81570.0,81315.0,81099.0,1980.0,1
990,2018,pierre-gasly,toro-rosso,9,81350.0,81834.0,81667.0,81350.0,2231.0,1
990,2018,lance-stroll,williams,10,81627.0,81838.0,81494.0,81627.0,2508.0,1
990,2018,kevin-magnussen,haas,11,81669.0,81783.0,81669.0,,,0
990,2018,sergey-sirotkin,williams,12,81732.0,81813.0,81732.0,,,0
990,2018,fernando-alonso,mclaren,13,82568.0,81850.0,82568.0,,,0
990,2018,nico-hulkenberg,renault,14,81801.0,81801.0,,,,0
990,2018,daniel-ricciardo,red-bull,15,81280.0,81280.0,,,,0
990,2018,sergio-perez,force-india,16,81888.0,81888.0,,,,0
990,2018,charles-leclerc,sauber,17,81889.0,81889.0,,,,0
990,2018,brendon-hartley,toro-rosso,18,81934.0,81934.0,,,,0
990,2018,marcus-ericsson,sauber,19,82048.0,82048.0,,,,0
990,2018,stoffel-vandoorne,mclaren,20,82085.0,82085.0,,,,0
991,2018,lewis-hamilton,mercedes,1,96015.0,99403.0,97344.0,96015.0,,1
991,2018,max-verstappen,red-bull,2,96334.0,98751.0,97214.0,96334.0,319.0,1
991,2018,sebastian-vettel,ferrari,3,96628.0,98218.0,97876.0,96628.0,613.0,1
991,2018,valtteri-bottas,mercedes,4,96702.0,99291.0,97254.0,96702.0,687.0,1
991,2018,kimi-raikkonen,ferrari,5,96794.0,98534.0,97194.0,96794.0,779.0,1
991,2018,daniel-ricciardo,red-bull,6,96996.0,98153.0,97406.0,96996.0,981.0,1
991,2018,sergio-perez,force-india,7,97985.0,98814.0,98342.0,97985.0,1970.0,1
991,2018,romain-grosjean,haas,8,98320.0,98685.0,98367.0,98320.0,2305.0,1
991,2018,esteban-ocon,force-india,9,98365.0,98912.0,98534.0,98365.0,2350.0,1
991,2018,nico-hulkenberg,renault,10,98588.0,98932.0,98450.0,98588.0,2573.0,1
991,2018,fernando-alonso,mclaren,11,98641.0,99022.0,98641.0,,,0
991,2018,carlos-sainz-jr,renault,12,98716.0,99103.0,98716.0,,,0
991,2018,charles-leclerc,sauber,13,98747.0,99206.0,98747.0,,,0
991,2018,marcus-ericsson,sauber,14,99453.0,99366.0,99453.0,,,0
991,2018,pierre-gasly,toro-rosso,15,99691.0,99614.0,99691.0,,,0
991,2018,kevin-magnussen,haas,16,99644.0,99644.0,,,,0
991,2018,brendon-hartley,toro-rosso,17,99809.0,99809.0,,,,0
991,2018,stoffel-vandoorne,mclaren,18,99864.0,99864.0,,,,0
991,2018,sergey-sirotkin,williams,19,101263.0,101263.0,,,,0
991,2018,lance-stroll,williams,20,101334.0,101334.0,,,,0
992,2018,valtteri-bottas,mercedes,1,91387.0,92964.0,92744.0,91387.0,,1
992,2018,lewis-hamilton,mercedes,2,91532.0,92410.0,92595.0,91532.0,145.0,1
992,2018,sebastian-vettel,ferrari,3,91943.0,93476.0,93045.0,91943.0,556.0,1
992,2018,kimi-raikkonen,ferrari,4,92237.0,93341.0,93065.0,92237.0,850.0,1
992,2018,kevin-magnussen,haas,5,93181.0,94078.0,93747.0,93181.0,1794.0,1
992,2018,esteban-ocon,force-india,6,93413.0,94290.0,93596.0,93413.0,2026.0,1
992,2018,charles-leclerc,sauber,7,93419.0,93924.0,93488.0,93419.0,2032.0,1
992,2018,sergio-perez,force-india,8,93563.0,94084.0,93923.0,93563.0,2176.0,1
992,2018,romain-grosjean,haas,9,93704.0,94022.0,93517.0,93704.0,2317.0,1
992,2018,marcus-ericsson,sauber,10,95196.0,94170.0,93995.0,95196.0,3809.0,1
992,2018,max-verstappen,red-bull,11,93048.0,93048.0,,,,0
992,2018,daniel-ricciardo,red-bull,12,93247.0,93247.0,,,,0
992,2018,pierre-gasly,toro-rosso,13,94383.0,94383.0,,,,0
992,2018,carlos-sainz-jr,renault,14,94626.0,94626.0,,,,0
992,2018,nico-hulkenberg,renault,15,94655.0,94655.0,,,,0
992,2018,brendon-hartley,toro-rosso,16,95037.0,95037.0,,,,0
992,2018,fernando-alonso,mclaren,17,95504.0,95504.0,,,,0
992,2018,sergey-sirotkin,williams,18,95612.0,95612.0,,,,0
992,2018,stoffel-vandoorne,mclaren,19,95977.0,95977.0,,,,0
992,2018,lance-stroll,williams,20,96437.0,96437.0,,,,0
993,2018,lewis-hamilton,mercedes,1,87760.0,88702.0,88017.0,87760.0,,1
993,2018,valtteri-bottas,mercedes,2,88059.0,89297.0,87987.0,88059.0,299.0,1
993,2018,max-verstappen,red-bull,3,89057.0,89480.0,88849.0,89057.0,1297.0,1
993,2018,kimi-raikkonen,ferrari,4,89521.0,89631.0,88595.0,89521.0,1761.0,1
993,2018,romain-grosjean,haas,5,89761.0,89724.0,89678.0,89761.0,2001.0,1
993,2018,brendon-hartley,toro-rosso,6,90023.0,90248.0,89848.0,90023.0,2263.0,1
993,2018,pierre-gasly,toro-rosso,7,90093.0,90137.0,89810.0,90093.0,2333.0,1
993,2018,esteban-ocon,force-india,8,90126.0,89899.0,89538.0,90126.0,2366.0,1
993,2018,sebastian-vettel,ferrari,9,92192.0,89049.0,88279.0,92192.0,4432.0,1
993,2018,sergio-perez,force-india,10,97229.0,90247.0,89567.0,97229.0,9469.0,1
993,2018,charles-leclerc,sauber,11,89864.0,89706.0,89864.0,,,0
993,2018,kevin-magnussen,haas,12,90226.0,90219.0,90226.0,,,0
993,2018,carlos-sainz-jr,renault,13,90490.0,90236.0,90490.0,,,0
993,2018,lance-stroll,williams,14,90714.0,90317.0,90714.0,,,0
993,2018,daniel-ricciardo,red-bull,15,89806.0,89806.0,,,,0
993,2018,nico-hulkenberg,renault,16,90361.0,90361.0,,,,0
993,2018,sergey-sirotkin,williams,17,90372.0,90372.0,,,,0
993,2018,fernando-alonso,mclaren,18,90573.0,90573.0,,,,0
993,2018,stoffel-vandoorne,mclaren,19,91041.0,91041.0,,,,0
993,2018,marcus-ericsson,sauber,20,91213.0,91213.0,,,,0
994,2018,lewis-hamilton,mercedes,1,92237.0,94130.0,93480.0,92237.0,,1
994,2018,sebastian-vettel,ferrari,2,92298.0,94569.0,93079.0,92298.0,61.0,1
994,2018,kimi-raikkonen,ferrari,3,92307.0,94703.0,92884.0,92307.0,70.0,1
994,2018,valtteri-bottas,mercedes,4,92616.0,94518.0,93702.0,92616.0,379.0,1
994,2018,daniel-ricciardo,red-bull,5,93494.0,94755.0,94185.0,93494.0,1257.0,1
994,2018,esteban-ocon,force-india,6,94145.0,94876.0,94522.0,94145.0,1908.0,1
994,2018,nico-hulkenberg,renault,7,94215.0,94932.0,94564.0,94215.0,1978.0,1
994,2018,romain-grosjean,haas,8,94250.0,94892.0,94419.0,94250.0,2013.0,1
994,2018,charles-leclerc,sauber,9,94420.0,95069.0,94255.0,94420.0,2183.0,1
994,2018,sergio-perez,force-india,10,94594.0,95193.0,94525.0,94594.0,2357.0,1
994,2018,carlos-sainz-jr,renault,11,94566.0,94891.0,94566.0,,,0
994,2018,kevin-magnussen,haas,12,94732.0,94972.0,94732.0,,,0
994,2018,pierre-gasly,toro-rosso,13,94850.0,94850.0,,,,0
994,2018,brendon-hartley,toro-rosso,14,95206.0,95206.0,,,,0
994,2018,max-verstappen,red-bull,15,94766.0,94766.0,,,,0
994,2018,fernando-alonso,mclaren,16,95294.0,95294.0,,,,0
994,2018,sergey-sirotkin,williams,17,95362.0,95362.0,,,,0
994,2018,lance-stroll,williams,18,95480.0,95480.0,,,,0
994,2018,marcus-ericsson,sauber,19,95536.0,95536.0,,,,0
994,2018,stoffel-vandoorne,mclaren,20,95735.0,95735.0,,,,0
995,2018,daniel-ricciardo,red-bull,1,74759.0,75866.0,75845.0,74759.0,,1
995,2018,max-verstappen,red-bull,2,74785.0,75756.0,75640.0,74785.0,26.0,1
995,2018,lewis-hamilton,mercedes,3,74894.0,75673.0,75644.0,74894.0,135.0,1
995,2018,sebastian-vettel,ferrari,4,74970.0,76089.0,75715.0,74970.0,211.0,1
995,2018,valtteri-bottas,mercedes,5,75160.0,75580.0,75923.0,75160.0,401.0,1
995,2018,kimi-raikkonen,ferrari,6,75330.0,76446.0,75996.0,75330.0,571.0,1
995,2018,nico-hulkenberg,renault,7,75827.0,76498.0,76126.0,75827.0,1068.0,1
995,2018,carlos-sainz-jr,renault,8,76084.0,76813.0,76188.0,76084.0,1325.0,1
995,2018,charles-leclerc,sauber,9,76189.0,76862.0,76320.0,76189.0,1430.0,1
995,2018,marcus-ericsson,sauber,10,76513.0,76701.0,76633.0,76513.0,1754.0,1
995,2018,esteban-ocon,force-india,11,76844.0,76252.0,76844.0,,,0
995,2018,fernando-alonso,mclaren,12,76871.0,76857.0,76871.0,,,0
995,2018,sergio-perez,force-india,13,77167.0,76242.0,77167.0,,,0
995,2018,brendon-hartley,toro-rosso,14,77184.0,76682.0,77184.0,,,0
995,2018,pierre-gasly,toro-rosso,15,76828.0,76828.0,,,,0
995,2018,romain-grosjean,haas,16,76911.0,76911.0,,,,0
995,2018,stoffel-vandoorne,mclaren,17,76966.0,76966.0,,,,0
995,2018,kevin-magnussen,haas,18,77599.0,77599.0,,,,0
995,2018,lance-stroll,williams,19,77689.0,77689.0,,,,0
995,2018,sergey-sirotkin,williams,20,77886.0,77886.0,,,,0
996,2018,lewis-hamilton,mercedes,1,67281.0,68464.0,67795.0,67281.0,,1
996,2018,sebastian-vettel,ferrari,2,67374.0,68452.0,67776.0,67374.0,93.0,1
996,2018,valtteri-bottas,mercedes,3,67441.0,68492.0,67727.0,67441.0,160.0,1
996,2018,kimi-raikkonen,ferrari,4,67456.0,68452.0,68028.0,67456.0,175.0,1
996,2018,max-verstappen,red-bull,5,67778.0,68205.0,68017.0,67778.0,497.0,1
996,2018,daniel-ricciardo,red-bull,6,67780.0,68544.0,68055.0,67780.0,499.0,1
996,2018,marcus-ericsson,sauber,7,68296.0,68754.0,68579.0,68296.0,1015.0,1
996,2018,charles-leclerc,sauber,8,68492.0,68667.0,68335.0,68492.0,1211.0,1
996,2018,romain-grosjean,haas,9,68517.0,68735.0,68239.0,68517.0,1236.0,1
996,2018,pierre-gasly,toro-rosso,10,69029.0,69046.0,68616.0,69029.0,1748.0,1
996,2018,kevin-magnussen,haas,11,68659.0,68474.0,68659.0,,,0
996,2018,sergio-perez,force-india,12,68741.0,69217.0,68741.0,,,0
996,2018,esteban-ocon,force-india,13,68770.0,69264.0,68770.0,,,0
996,2018,nico-hulkenberg,renault,14,68834.0,69009.0,68834.0,,,0
996,2018,sergey-sirotkin,williams,15,70381.0,69259.0,70381.0,,,0
996,2018,carlos-sainz-jr,renault,16,69269.0,69269.0,,,,0
996,2018,brendon-hartley,toro-rosso,17,69280.0,69280.0,,,,0
996,2018,fernando-alonso,mclaren,18,69402.0,69402.0,,,,0
996,2018,lance-stroll,williams,19,69441.0,69441.0,,,,0
996,2018,stoffel-vandoorne,mclaren,20,69601.0,69601.0,,,,0
997,2018,lewis-hamilton,mercedes,1,94794.0,96828.0,95693.0,94794.0,,1
997,2018,valtteri-bottas,mercedes,2,94956.0,96789.0,96392.0,94956.0,162.0,1
997,2018,sebastian-vettel,ferrari,3,95125.0,96775.0,96345.0,95125.0,331.0,1
997,2018,kimi-raikkonen,ferrari,4,95365.0,97010.0,96735.0,95365.0,571.0,1
997,2018,daniel-ricciardo,red-bull,5,95401.0,97117.0,96964.0,95401.0,607.0,1
997,2018,max-verstappen,red-bull,6,95589.0,97195.0,96144.0,95589.0,795.0,1
997,2018,romain-grosjean,haas,7,96192.0,97575.0,96732.0,96192.0,1398.0,1
997,2018,charles-leclerc,sauber,8,96237.0,97124.0,96580.0,96237.0,1443.0,1
997,2018,esteban-ocon,force-india,9,96540.0,96936.0,96814.0,96540.0,1746.0,1
997,2018,nico-hulkenberg,renault,10,96542.0,97569.0,96630.0,96542.0,1748.0,1
997,2018,carlos-sainz-jr,renault,11,96982.0,97757.0,96982.0,,,0
997,2018,marcus-ericsson,sauber,12,97132.0,97619.0,97132.0,,,0
997,2018,kevin-magnussen,haas,13,97309.0,97934.0,97309.0,,,0
997,2018,sergio-perez,force-india,14,97541.0,97255.0,97541.0,,,0
997,2018,fernando-alonso,mclaren,15,97743.0,97890.0,97743.0,,,0
997,2018,brendon-hartley,toro-rosso,16,97994.0,97994.0,,,,0
997,2018,pierre-gasly,toro-rosso,17,98166.0,98166.0,,,,0
997,2018,stoffel-vandoorne,mclaren,18,98577.0,98577.0,,,,0
997,2018,sergey-sirotkin,williams,19,98635.0,98635.0,,,,0
997,2018,lance-stroll,williams,20,98682.0,98682.0,,,,0
998,2019,lewis-hamilton,mercedes,1,80486.0,82043.0,81014.0,80486.0,,1
998,2019,valtteri-bottas,mercedes,2,80598.0,82367.0,81193.0,80598.0,112.0,1
998,2019,sebastian-vettel,ferrari,3,81190.0,82885.0,81912.0,81190.0,704.0,1
998,2019,max-verstappen,red-bull,4,81320.0,82876.0,81678.0,81320.0,834.0,1
998,2019,charles-leclerc,ferrari,5,81442.0,82017.0,81739.0,81442.0,956.0,1
998,2019,romain-grosjean,haas,6,81826.0,82959.0,81870.0,81826.0,1340.0,1
998,2019,kevin-magnussen,haas,7,82099.0,82519.0,82221.0,82099.0,1613.0,1
998,2019,lando-norris,mclaren,8,82304.0,82702.0,82423.0,82304.0,1818.0,1
998,2019,kimi-raikkonen,alfa-romeo,9,82314.0,82966.0,82349.0,82314.0,1828.0,1
998,2019,sergio-perez,racing-point,10,82781.0,82908.0,82532.0,82781.0,2295.0,1
998,2019,nico-hulkenberg,renault,11,82562.0,82540.0,82562.0,,,0
998,2019,daniel-ricciardo,renault,12,82570.0,82921.0,82570.0,,,0
998,2019,alexander-albon,toro-rosso,13,82636.0,82757.0,82636.0,,,0
998,2019,antonio-giovinazzi,alfa-romeo,14,82714.0,82431.0,82714.0,,,0
998,2019,daniil-kvyat,toro-rosso,15,82774.0,82511.0,82774.0,,,0
998,2019,lance-stroll,racing-point,16,83017.0,83017.0,,,,0
998,2019,pierre-gasly,red-bull,17,83020.0,83020.0,,,,0
998,2019,carlos-sainz-jr,mclaren,18,83084.0,83084.0,,,,0
998,2019,george-russell,williams,19,84360.0,84360.0,,,,0
998,2019,robert-kubica,williams,20,86067.0,86067.0,,,,0
999,2019,charles-leclerc,ferrari,1,87866.0,88495.0,88046.0,87866.0,,1
999,2019,sebastian-vettel,ferrari,2,88160.0,88733.0,88356.0,88160.0,294.0,1
999,2019,lewis-hamilton,mercedes,3,88190.0,89262.0,88578.0,88190.0,324.0,1
999,2019,valtteri-bottas,mercedes,4,88256.0,89498.0,88830.0,88256.0,390.0,1
999,2019,max-verstappen,red-bull,5,88752.0,89579.0,89109.0,88752.0,886.0,1
999,2019,kevin-magnussen,haas,6,88757.0,89532.0,89017.0,88757.0,891.0,1
999,2019,carlos-sainz-jr,mclaren,7,88813.0,89528.0,89055.0,88813.0,947.0,1
999,2019,romain-grosjean,haas,8,89015.0,89688.0,89249.0,89015.0,1149.0,1
999,2019,kimi-raikkonen,alfa-romeo,9,89022.0,89959.0,89471.0,89022.0,1156.0,1
999,2019,lando-norris,mclaren,10,89043.0,89381.0,89258.0,89043.0,1177.0,1
999,2019,daniel-ricciardo,renault,11,89488.0,89859.0,89488.0,,,0
999,2019,alexander-albon,toro-rosso,12,89513.0,89514.0,89513.0,,,0
999,2019,pierre-gasly,red-bull,13,89526.0,89900.0,89526.0,,,0
999,2019,sergio-perez,racing-point,14,89756.0,89893.0,89756.0,,,0
999,2019,daniil-kvyat,toro-rosso,15,89854.0,89876.0,89854.0,,,0
999,2019,antonio-giovinazzi,alfa-romeo,16,90026.0,90026.0,,,,0
999,2019,nico-hulkenberg,renault,17,90034.0,90034.0,,,,0
999,2019,lance-stroll,racing-point,18,90217.0,90217.0,,,,0
999,2019,george-russell,williams,19,91759.0,91759.0,,,,0
999,2019,robert-kubica,williams,20,91799.0,91799.0,,,,0
1000,2019,valtteri-bottas,mercedes,1,91547.0,92658.0,91728.0,91547.0,,1
1000,2019,lewis-hamilton,mercedes,2,91570.0,93115.0,91637.0,91570.0,23.0,1
1000,2019,sebastian-vettel,ferrari,3,91848.0,93557.0,92232.0,91848.0,301.0,1
1000,2019,charles-leclerc,ferrari,4,91865.0,92712.0,92324.0,91865.0,318.0,1
1000,2019,max-verstappen,red-bull,5,92089.0,93274.0,92369.0,92089.0,542.0,1
1000,2019,pierre-gasly,red-bull,6,92930.0,93863.0,92948.0,92930.0,1383.0,1
1000,2019,daniel-ricciardo,renault,7,92958.0,93709.0,93214.0,92958.0,1411.0,1
1000,2019,nico-hulkenberg,renault,8,92962.0,93644.0,92968.0,92962.0,1415.0,1
1000,2019,kevin-magnussen,haas,9,93150.0,94036.0,93150.0,,,0
1000,2019,romain-grosjean,haas,10,93156.0,93752.0,93156.0,,,0
1000,2019,daniil-kvyat,toro-rosso,11,93236.0,93783.0,93236.0,,,0
1000,2019,sergio-perez,racing-point,12,93299.0,94026.0,93299.0,,,0
1000,2019,kimi-raikkonen,alfa-romeo,13,93419.0,94125.0,93419.0,,,0
1000,2019,carlos-sainz-jr,mclaren,14,93523.0,93686.0,93523.0,,,0
1000,2019,lando-norris,mclaren,15,93967.0,94148.0,93967.0,,,0
1000,2019,lance-stroll,racing-point,16,94292.0,94292.0,,,,0
1000,2019,george-russell,williams,17,95253.0,95253.0,,,,0
1000,2019,robert-kubica,williams,18,95281.0,95281.0,,,,0
1000,2019,antonio-giovinazzi,alfa-romeo,,,,,,,0
1001,2019,valtteri-bottas,mercedes,1,100495.0,102026.0,101500.0,100495.0,,1
1001,2019,lewis-hamilton,mercedes,2,100554.0,101614.0,101580.0,100554.0,59.0,1
1001,2019,sebastian-vettel,ferrari,3,100797.0,102042.0,101889.0,100797.0,302.0,1
1001,2019,max-verstappen,red-bull,4,101069.0,101727.0,101388.0,101069.0,574.0,1
1001,2019,sergio-perez,racing-point,5,101593.0,102249.0,101870.0,101593.0,1098.0,1
1001,2019,daniil-kvyat,toro-rosso,6,101681.0,102324.0,102221.0,101681.0,1186.0,1
1001,2019,lando-norris,mclaren,7,101886.0,102371.0,102084.0,101886.0,1391.0,1
1001,2019,antonio-giovinazzi,alfa-romeo,8,102424.0,102140.0,102381.0,102424.0,1929.0,1
1001,2019,charles-leclerc,ferrari,9,101995.0,101426.0,101995.0,,,0
1001,2019,carlos-sainz-jr,mclaren,10,102398.0,101936.0,102398.0,,,0
1001,2019,daniel-ricciardo,renault,11,102477.0,102486.0,102477.0,,,0
1001,2019,alexander-albon,toro-rosso,12,102494.0,102154.0,102494.0,,,0
1001,2019,kevin-magnussen,haas,13,102699.0,102382.0,102699.0,,,0
1001,2019,lance-stroll,racing-point,14,102630.0,102630.0,,,,0
1001,2019,romain-grosjean,haas,15,103407.0,103407.0,,,,0
1001,2019,nico-hulkenberg,renault,16,103427.0,103427.0,,,,0
1001,2019,george-russell,williams,17,105062.0,105062.0,,,,0
1001,2019,robert-kubica,williams,18,105455.0,105455.0,,,,0
1001,2019,kimi-raikkonen,alfa-romeo,,103068.0,102059.0,102082.0,103068.0,,1
1001,2019,pierre-gasly,red-bull,,101335.0,101335.0,,,,0
1002,2019,valtteri-bottas,mercedes,1,75406.0,76979.0,75924.0,75406.0,,1
1002,2019,lewis-hamilton,mercedes,2,76040.0,77292.0,76038.0,76040.0,634.0,1
1002,2019,sebastian-vettel,ferrari,3,76272.0,77425.0,76667.0,76272.0,866.0,1
1002,2019,max-verstappen,red-bull,4,76357.0,77244.0,76726.0,76357.0,951.0,1
1002,2019,charles-leclerc,ferrari,5,76588.0,77388.0,76714.0,76588.0,1182.0,1
1002,2019,pierre-gasly,red-bull,6,76708.0,77862.0,76932.0,76708.0,1302.0,1
1002,2019,romain-grosjean,haas,7,76911.0,78042.0,77066.0,76911.0,1505.0,1
1002,2019,kevin-magnussen,haas,8,76922.0,77669.0,77272.0,76922.0,1516.0,1
1002,2019,daniil-kvyat,toro-rosso,9,77573.0,77914.0,77243.0,77573.0,2167.0,1
1002,2019,daniel-ricciardo,renault,10,78106.0,78385.0,77299.0,78106.0,2700.0,1
1002,2019,lando-norris,mclaren,11,77338.0,77611.0,77338.0,,,0
1002,2019,alexander-albon,toro-rosso,12,77445.0,77796.0,77445.0,,,0
1002,2019,carlos-sainz-jr,mclaren,13,77599.0,77760.0,77599.0,,,0
1002,2019,kimi-raikkonen,alfa-romeo,14,77788.0,78132.0,77788.0,,,0
1002,2019,sergio-perez,racing-point,15,77886.0,78286.0,77886.0,,,0
1002,2019,nico-hulkenberg,renault,16,78404.0,78404.0,,,,0
1002,2019,lance-stroll,racing-point,17,78471.0,78471.0,,,,0
1002,2019,antonio-giovinazzi,alfa-romeo,18,78664.0,78664.0,,,,0
1002,2019,george-russell,williams,19,79072.0,79072.0,,,,0
1002,2019,robert-kubica,williams,20,80254.0,80254.0,,,,0
1003,2019,lewis-hamilton,mercedes,1,70166.0,71542.0,70835.0,70166.0,,1
1003,2019,valtteri-bottas,mercedes,2,70252.0,71562.0,70701.0,70252.0,86.0,1
1003,2019,max-verstappen,red-bull,3,70641.0,71597.0,70618.0,70641.0,475.0,1
1003,2019,sebastian-vettel,ferrari,4,70947.0,71434.0,71227.0,70947.0,781.0,1
1003,2019,pierre-gasly,red-bull,5,71041.0,71740.0,71457.0,71041.0,875.0,1
1003,2019,kevin-magnussen,haas,6,71109.0,71865.0,71363.0,71109.0,943.0,1
1003,2019,daniel-ricciardo,renault,7,71218.0,71767.0,71543.0,71218.0,1052.0,1
1003,2019,daniil-kvyat,toro-rosso,8,71271.0,71602.0,71412.0,71271.0,1105.0,1
1003,2019,carlos-sainz-jr,mclaren,9,71417.0,71872.0,71608.0,71417.0,1251.0,1
1003,2019,alexander-albon,toro-rosso,10,71653.0,72007.0,71429.0,71653.0,1487.0,1
1003,2019,nico-hulkenberg,renault,11,71670.0,72097.0,71670.0,,,0
1003,2019,lando-norris,mclaren,12,71724.0,71845.0,71724.0,,,0
1003,2019,romain-grosjean,haas,13,72027.0,71837.0,72027.0,,,0
1003,2019,kimi-raikkonen,alfa-romeo,14,72115.0,71993.0,72115.0,,,0
1003,2019,antonio-giovinazzi,alfa-romeo,15,72185.0,71976.0,72185.0,,,0
1003,2019,charles-leclerc,ferrari,16,72149.0,72149.0,,,,0
1003,2019,sergio-perez,racing-point,17,72233.0,72233.0,,,,0
1003,2019,lance-stroll,racing-point,18,72846.0,72846.0,,,,0
1003,2019,george-russell,williams,19,73477.0,73477.0,,,,0
1003,2019,robert-kubica,williams,20,73751.0,73751.0,,,,0
1004,2019,sebastian-vettel,ferrari,1,70240.0,71200.0,71142.0,70240.0,,1
1004,2019,lewis-hamilton,mercedes,2,70446.0,71518.0,71010.0,70446.0,206.0,1
1004,2019,charles-leclerc,ferrari,3,70920.0,71214.0,71205.0,70920.0,680.0,1
1004,2019,daniel-ricciardo,renault,4,71071.0,71837.0,71532.0,71071.0,831.0,1
1004,2019,pierre-gasly,red-bull,5,71079.0,72023.0,71196.0,71079.0,839.0,1
1004,2019,valtteri-bottas,mercedes,6,71101.0,71229.0,71095.0,71101.0,861.0,1
1004,2019,nico-hulkenberg,renault,7,71324.0,71720.0,71553.0,71324.0,1084.0,1
1004,2019,lando-norris,mclaren,8,71863.0,71780.0,71735.0,71863.0,1623.0,1
1004,2019,carlos-sainz-jr,mclaren,9,73981.0,71750.0,71572.0,73981.0,3741.0,1
1004,2019,kevin-magnussen,haas,10,71786.0,72107.0,71786.0,,,0
1004,2019,max-verstappen,red-bull,11,71800.0,71619.0,71800.0,,,0
1004,2019,daniil-kvyat,toro-rosso,12,71921.0,71965.0,71921.0,,,0
1004,2019,antonio-giovinazzi,alfa-romeo,13,72136.0,72122.0,72136.0,,,0
1004,2019,alexander-albon,toro-rosso,14,72193.0,72020.0,72193.0,,,0
1004,2019,romain-grosjean,haas,15,72109.0,72109.0,,,,0
1004,2019,sergio-perez,racing-point,16,72197.0,72197.0,,,,0
1004,2019,kimi-raikkonen,alfa-romeo,17,72230.0,72230.0,,,,0
1004,2019,lance-stroll,racing-point,18,72266.0,72266.0,,,,0
1004,2019,george-russell,williams,19,73617.0,73617.0,,,,0
1004,2019,robert-kubica,williams,20,74393.0,74393.0,,,,0
1005,2019,lewis-hamilton,mercedes,1,88319.0,90609.0,89520.0,88319.0,,1
1005,2019,valtteri-bottas,mercedes,2,88605.0,90550.0,89437.0,88605.0,286.0,1
1005,2019,charles-leclerc,ferrari,3,88965.0,90647.0,89699.0,88965.0,646.0,1
1005,2019,max-verstappen,red-bull,4,89409.0,91327.0,90099.0,89409.0,1090.0,1
1005,2019,lando-norris,mclaren,5,89418.0,90989.0,90019.0,89418.0,1099.0,1
1005,2019,carlos-sainz-jr,mclaren,6,89522.0,91073.0,90319.0,89522.0,1203.0,1
1005,2019,sebastian-vettel,ferrari,7,89799.0,91075.0,89506.0,89799.0,1480.0,1
1005,2019,daniel-ricciardo,renault,8,89918.0,90954.0,90369.0,89918.0,1599.0,1
1005,2019,pierre-gasly,red-bull,9,90184.0,91152.0,90421.0,90184.0,1865.0,1
1005,2019,antonio-giovinazzi,alfa-romeo,10,93420.0,91180.0,90408.0,93420.0,5101.0,1
1005,2019,alexander-albon,toro-rosso,11,90461.0,91445.0,90461.0,,,0
1005,2019,kimi-raikkonen,alfa-romeo,12,90533.0,90972.0,90533.0,,,0
1005,2019,nico-hulkenberg,renault,13,90544.0,90865.0,90544.0,,,0
1005,2019,sergio-perez,racing-point,14,90738.0,90964.0,90738.0,,,0
1005,2019,kevin-magnussen,haas,15,91440.0,91166.0,91440.0,,,0
1005,2019,daniil-kvyat,toro-rosso,16,91564.0,91564.0,,,,0
1005,2019,romain-grosjean,haas,17,91626.0,91626.0,,,,0
1005,2019,lance-stroll,racing-point,18,91726.0,91726.0,,,,0
1005,2019,george-russell,williams,19,92789.0,92789.0,,,,0
1005,2019,robert-kubica,williams,20,93205.0,93205.0,,,,0
1006,2019,charles-leclerc,ferrari,1,63003.0,64138.0,63378.0,63003.0,,1
1006,2019,lewis-hamilton,mercedes,2,63262.0,63818.0,63803.0,63262.0,259.0,1
1006,2019,max-verstappen,red-bull,3,63439.0,63807.0,63835.0,63439.0,436.0,1
1006,2019,valtteri-bottas,mercedes,4,63537.0,64084.0,63863.0,63537.0,534.0,1
1006,2019,kevin-magnussen,haas,5,64072.0,64778.0,64466.0,64072.0,1069.0,1
1006,2019,lando-norris,mclaren,6,64099.0,64361.0,64211.0,64099.0,1096.0,1
1006,2019,kimi-raikkonen,alfa-romeo,7,64166.0,64615.0,64056.0,64166.0,1163.0,1
1006,2019,antonio-giovinazzi,alfa-romeo,8,64179.0,64450.0,64194.0,64179.0,1176.0,1
1006,2019,pierre-gasly,red-bull,9,64199.0,64412.0,63988.0,64199.0,1196.0,1
1006,2019,sebastian-vettel,ferrari,10,63667.0,64340.0,63667.0,,,0
1006,2019,romain-grosjean,haas,11,64490.0,64552.0,64490.0,,,0
1006,2019,nico-hulkenberg,renault,12,64516.0,64733.0,64516.0,,,0
1006,2019,alexander-albon,toro-rosso,13,64665.0,64708.0,64665.0,,,0
1006,2019,daniel-ricciardo,renault,14,64790.0,64647.0,64790.0,,,0
1006,2019,carlos-sainz-jr,mclaren,15,73601.0,64453.0,73601.0,,,0
1006,2019,sergio-perez,racing-point,16,64789.0,64789.0,,,,0
1006,2019,lance-stroll,racing-point,17,64832.0,64832.0,,,,0
1006,2019,daniil-kvyat,toro-rosso,18,65324.0,65324.0,,,,0
1006,2019,george-russell,williams,19,65904.0,65904.0,,,,0
1006,2019,robert-kubica,williams,20,66206.0,66206.0,,,,0
1007,2019,valtteri-bottas,mercedes,1,85093.0,85750.0,85672.0,85093.0,,1
1007,2019,lewis-hamilton,mercedes,2,85099.0,85513.0,85840.0,85099.0,6.0,1
1007,2019,charles-leclerc,ferrari,3,85172.0,85533.0,85546.0,85172.0,79.0,1
1007,2019,max-verstappen,red-bull,4,85276.0,85700.0,85848.0,85276.0,183.0,1
1007,2019,pierre-gasly,red-bull,5,85590.0,86273.0,86038.0,85590.0,497.0,1
1007,2019,sebastian-vettel,ferrari,6,85787.0,85898.0,86023.0,85787.0,694.0,1
1007,2019,daniel-ricciardo,renault,7,86182.0,86428.0,86283.0,86182.0,1089.0,1
1007,2019,lando-norris,mclaren,8,86224.0,86079.0,86385.0,86224.0,1131.0,1
1007,2019,alexander-albon,toro-rosso,9,86345.0,86482.0,86403.0,86345.0,1252.0,1
1007,2019,nico-hulkenberg,renault,10,86386.0,86568.0,86397.0,86386.0,1293.0,1
1007,2019,antonio-giovinazzi,alfa-romeo,11,86519.0,86449.0,86519.0,,,0
1007,2019,kimi-raikkonen,alfa-romeo,12,86546.0,86558.0,86546.0,,,0
1007,2019,carlos-sainz-jr,mclaren,13,86578.0,86203.0,86578.0,,,0
1007,2019,romain-grosjean,haas,14,86757.0,86347.0,86757.0,,,0
1007,2019,sergio-perez,racing-point,15,86928.0,86649.0,86928.0,,,0
1007,2019,kevin-magnussen,haas,16,86662.0,86662.0,,,,0
1007,2019,daniil-kvyat,toro-rosso,17,86721.0,86721.0,,,,0
1007,2019,lance-stroll,racing-point,18,86762.0,86762.0,,,,0
1007,2019,george-russell,williams,19,87789.0,87789.0,,,,0
1007,2019,robert-kubica,williams,20,88257.0,88257.0,,,,0
1008,2019,lewis-hamilton,mercedes,1,71767.0,72852.0,72149.0,71767.0,,1
1008,2019,max-verstappen,red-bull,2,72113.0,72593.0,72427.0,72113.0,346.0,1
1008,2019,valtteri-bottas,mercedes,3,72129.0,73075.0,72424.0,72129.0,362.0,1
1008,2019,pierre-gasly,red-bull,4,72522.0,72991.0,72385.0,72522.0,755.0,1
1008,2019,kimi-raikkonen,alfa-romeo,5,72538.0,73066.0,72519.0,72538.0,771.0,1
1008,2019,romain-grosjean,haas,6,72851.0,73146.0,72769.0,72851.0,1084.0,1
1008,2019,carlos-sainz-jr,mclaren,7,72897.0,73221.0,72632.0,72897.0,1130.0,1
1008,2019,sergio-perez,racing-point,8,73065.0,73194.0,72776.0,73065.0,1298.0,1
1008,2019,nico-hulkenberg,renault,9,73126.0,73186.0,72766.0,73126.0,1359.0,1
1008,2019,charles-leclerc,ferrari,10,72344.0,72229.0,72344.0,,,0
1008,2019,antonio-giovinazzi,alfa-romeo,11,72786.0,73170.0,72786.0,,,0
1008,2019,kevin-magnussen,haas,12,72789.0,73103.0,72789.0,,,0
1008,2019,daniel-ricciardo,renault,13,72799.0,73131.0,72799.0,,,0
1008,2019,daniil-kvyat,toro-rosso,14,73135.0,73278.0,73135.0,,,0
1008,2019,lance-stroll,racing-point,15,73450.0,73256.0,73450.0,,,0
1008,2019,lando-norris,mclaren,16,73333.0,73333.0,,,,0
1008,2019,alexander-albon,toro-rosso,17,73461.0,73461.0,,,,0
1008,2019,george-russell,williams,18,74721.0,74721.0,,,,0
1008,2019,robert-kubica,williams,19,74839.0,74839.0,,,,0
1008,2019,sebastian-vettel,ferrari,,,,,,,0
1009,2019,max-verstappen,red-bull,1,74572.0,75817.0,75573.0,74572.0,,1
1009,2019,valtteri-bottas,mercedes,2,74590.0,76078.0,75669.0,74590.0,18.0,1
1009,2019,lewis-hamilton,mercedes,3,74769.0,76068.0,75548.0,74769.0,197.0,1
1009,2019,charles-leclerc,ferrari,4,75043.0,76337.0,75792.0,75043.0,471.0,1
1009,2019,sebastian-vettel,ferrari,5,75071.0,76452.0,75885.0,75071.0,499.0,1
1009,2019,pierre-gasly,red-bull,6,75450.0,76716.0,76393.0,75450.0,878.0,1
1009,2019,lando-norris,mclaren,7,75800.0,76697.0,76060.0,75800.0,1228.0,1
1009,2019,carlos-sainz-jr,mclaren,8,75852.0,76493.0,76308.0,75852.0,1280.0,1
1009,2019,romain-grosjean,haas,9,76013.0,76978.0,76319.0,76013.0,1441.0,1
1009,2019,kimi-raikkonen,alfa-romeo,10,76041.0,76506.0,76518.0,76041.0,1469.0,1
1009,2019,nico-hulkenberg,renault,11,76565.0,76790.0,76565.0,,,0
1009,2019,alexander-albon,toro-rosso,12,76687.0,76912.0,76687.0,,,0
1009,2019,daniil-kvyat,toro-rosso,13,76692.0,76750.0,76692.0,,,0
1009,2019,antonio-giovinazzi,alfa-romeo,14,76804.0,76894.0,76804.0,,,0
1009,2019,kevin-magnussen,haas,15,77081.0,76122.0,77081.0,,,0
1009,2019,george-russell,williams,16,77031.0,77031.0,,,,0
1009,2019,sergio-perez,racing-point,17,77109.0,77109.0,,,,0
1009,2019,daniel-ricciardo,renault,18,77257.0,77257.0,,,,0
1009,2019,lance-stroll,racing-point,19,77542.0,77542.0,,,,0
1009,2019,robert-kubica,williams,20,78324.0,78324.0,,,,0
1010,2019,charles-leclerc,ferrari,1,102519.0,103587.0,102938.0,102519.0,,1
1010,2019,sebastian-vettel,ferrari,2,103267.0,104109.0,103037.0,103267.0,748.0,1
1010,2019,lewis-hamilton,mercedes,3,103282.0,105260.0,103592.0,103282.0,763.0,1
1010,2019,valtteri-bottas,mercedes,4,103415.0,105141.0,103980.0,103415.0,896.0,1
1010,2019,max-verstappen,red-bull,5,103690.0,104622.0,104132.0,103690.0,1171.0,1
1010,2019,daniel-ricciardo,renault,6,104257.0,105560.0,104103.0,104257.0,1738.0,1
1010,2019,nico-hulkenberg,renault,7,104542.0,105899.0,104549.0,104542.0,2023.0,1
1010,2019,kimi-raikkonen,alfa-romeo,8,104557.0,105842.0,104140.0,104557.0,2038.0,1
1010,2019,sergio-perez,racing-point,9,104706.0,105732.0,104707.0,104706.0,2187.0,1
1010,2019,kevin-magnussen,haas,10,105086.0,105839.0,104738.0,105086.0,2567.0,1
1010,2019,romain-grosjean,haas,11,104797.0,105694.0,104797.0,,,0
1010,2019,lando-norris,mclaren,12,104847.0,106154.0,104847.0,,,0
1010,2019,lance-stroll,racing-point,13,105047.0,106000.0,105047.0,,,0
1010,2019,alexander-albon,red-bull,14,105799.0,105528.0,105799.0,,,0
1010,2019,antonio-giovinazzi,alfa-romeo,15,105637.0,105637.0,,,,0
1010,2019,pierre-gasly,toro-rosso,16,106435.0,106435.0,,,,0
1010,2019,carlos-sainz-jr,mclaren,17,106507.0,106507.0,,,,0
1010,2019,daniil-kvyat,toro-rosso,18,106518.0,106518.0,,,,0
1010,2019,george-russell,williams,19,107548.0,107548.0,,,,0
1010,2019,robert-kubica,williams,,,,,,,0
1011,2019,charles-leclerc,ferrari,1,79307.0,80126.0,79553.0,79307.0,,1
1011,2019,lewis-hamilton,mercedes,2,79346.0,80272.0,79464.0,79346.0,39.0,1
1011,2019,valtteri-bottas,mercedes,3,79354.0,80156.0,80018.0,79354.0,47.0,1
1011,2019,sebastian-vettel,ferrari,4,79457.0,80378.0,79715.0,79457.0,150.0,1
1011,2019,daniel-ricciardo,renault,5,79839.0,80374.0,79833.0,79839.0,532.0,1
1011,2019,nico-hulkenberg,renault,6,80049.0,80155.0,80275.0,80049.0,742.0,1
1011,2019,carlos-sainz-jr,mclaren,7,80455.0,80413.0,80202.0,80455.0,1148.0,1
1011,2019,alexander-albon,red-bull,8,80021.0,80382.0,80021.0,,,0
1011,2019,lance-stroll,racing-point,9,80498.0,80643.0,80498.0,,,0
1011,2019,kimi-raikkonen,alfa-romeo,10,80515.0,80634.0,80515.0,,,0
1011,2019,antonio-giovinazzi,alfa-romeo,11,80517.0,80657.0,80517.0,,,0
1011,2019,kevin-magnussen,haas,12,80615.0,80616.0,80615.0,,,0
1011,2019,daniil-kvyat,toro-rosso,13,80630.0,80723.0,80630.0,,,0
1011,2019,lando-norris,mclaren,14,81068.0,80646.0,81068.0,,,0
1011,2019,pierre-gasly,toro-rosso,15,81125.0,80508.0,81125.0,,,0
1011,2019,romain-grosjean,haas,16,80784.0,80784.0,,,,0
1011,2019,sergio-perez,racing-point,17,81291.0,81291.0,,,,0
1011,2019,george-russell,williams,18,81800.0,81800.0,,,,0
1011,2019,robert-kubica,williams,19,82356.0,82356.0,,,,0
1011,2019,max-verstappen,red-bull,,,,,,,0
1012,2019,charles-leclerc,ferrari,1,96217.0,98014.0,96650.0,96217.0,,1
1012,2019,lewis-hamilton,mercedes,2,96408.0,97565.0,96933.0,96408.0,191.0,1
1012,2019,sebastian-vettel,ferrari,3,96437.0,98374.0,96720.0,96437.0,220.0,1
1012,2019,max-verstappen,red-bull,4,96813.0,98540.0,97089.0,96813.0,596.0,1
1012,2019,valtteri-bottas,mercedes,5,97146.0,97317.0,97142.0,97146.0,929.0,1
1012,2019,alexander-albon,red-bull,6,97411.0,99106.0,97865.0,97411.0,1194.0,1
1012,2019,carlos-sainz-jr,mclaren,7,97818.0,98882.0,97982.0,97818.0,1601.0,1
1012,2019,nico-hulkenberg,renault,8,98264.0,99001.0,98580.0,98264.0,2047.0,1
1012,2019,lando-norris,mclaren,9,98329.0,98606.0,97572.0,98329.0,2112.0,1
1012,2019,sergio-perez,racing-point,10,98620.0,99909.0,98620.0,,,0
1012,2019,antonio-giovinazzi,alfa-romeo,11,98697.0,99272.0,98697.0,,,0
1012,2019,pierre-gasly,toro-rosso,12,98699.0,99085.0,98699.0,,,0
1012,2019,kimi-raikkonen,alfa-romeo,13,98858.0,99454.0,98858.0,,,0
1012,2019,kevin-magnussen,haas,14,99650.0,99942.0,99650.0,,,0
1012,2019,daniil-kvyat,toro-rosso,15,99957.0,99957.0,,,,0
1012,2019,lance-stroll,racing-point,16,99979.0,99979.0,,,,0
1012,2019,romain-grosjean,haas,17,100277.0,100277.0,,,,0
1012,2019,george-russell,williams,18,100867.0,100867.0,,,,0
1012,2019,robert-kubica,williams,19,101186.0,101186.0,,,,0
1012,2019,daniel-ricciardo,renault,,98095.0,99362.0,98399.0,98095.0,,1
1013,2019,charles-leclerc,ferrari,1,91628.0,93613.0,92434.0,91628.0,,1
1013,2019,lewis-hamilton,mercedes,2,92030.0,93230.0,93134.0,92030.0,402.0,1
1013,2019,sebastian-vettel,ferrari,3,92053.0,93032.0,92536.0,92053.0,425.0,1
1013,2019,max-verstappen,red-bull,4,92310.0,93368.0,92634.0,92310.0,682.0,1
1013,2019,valtteri-bottas,mercedes,5,92632.0,93413.0,93281.0,92632.0,1004.0,1
1013,2019,carlos-sainz-jr,mclaren,6,93222.0,94184.0,93807.0,93222.0,1594.0,1
1013,2019,nico-hulkenberg,renault,7,93289.0,94236.0,93898.0,93289.0,1661.0,1
1013,2019,lando-norris,mclaren,8,93301.0,94201.0,93725.0,93301.0,1673.0,1
1013,2019,romain-grosjean,haas,9,93517.0,94283.0,93643.0,93517.0,1889.0,1
1013,2019,daniel-ricciardo,renault,10,93661.0,94138.0,93862.0,93661.0,2033.0,1
1013,2019,pierre-gasly,toro-rosso,11,93950.0,94456.0,93950.0,,,0
1013,2019,sergio-perez,racing-point,12,93958.0,94336.0,93958.0,,,0
1013,2019,antonio-giovinazzi,alfa-romeo,13,94037.0,94755.0,94037.0,,,0
1013,2019,kevin-magnussen,haas,14,94082.0,93889.0,94082.0,,,0
1013,2019,lance-stroll,racing-point,15,94233.0,94287.0,94233.0,,,0
1013,2019,kimi-raikkonen,alfa-romeo,16,94840.0,94840.0,,,,0
1013,2019,george-russell,williams,17,95356.0,95356.0,,,,0
1013,2019,robert-kubica,williams,18,96474.0,96474.0,,,,0
1013,2019,alexander-albon,red-bull,19,99197.0,99197.0,,,,0
1013,2019,daniil-kvyat,toro-rosso,,,,,,,0
1014,2019,sebastian-vettel,ferrari,1,87064.0,88988.0,88174.0,87064.0,,1
1014,2019,charles-leclerc,ferrari,2,87253.0,88405.0,88179.0,87253.0,189.0,1
1014,2019,valtteri-bottas,mercedes,3,87293.0,88896.0,87688.0,87293.0,229.0,1
1014,2019,lewis-hamilton,mercedes,4,87302.0,88735.0,87826.0,87302.0,238.0,1
1014,2019,max-verstappen,red-bull,5,87851.0,88754.0,88499.0,87851.0,787.0,1
1014,2019,alexander-albon,red-bull,6,87851.0,89351.0,88156.0,87851.0,787.0,1
1014,2019,carlos-sainz-jr,mclaren,7,88304.0,89018.0,88577.0,88304.0,1240.0,1
1014,2019,lando-norris,mclaren,8,88464.0,88873.0,88571.0,88464.0,1400.0,1
1014,2019,pierre-gasly,toro-rosso,9,88836.0,89411.0,88779.0,88836.0,1772.0,1
1014,2019,romain-grosjean,haas,10,89341.0,89572.0,89144.0,89341.0,2277.0,1
1014,2019,antonio-giovinazzi,alfa-romeo,11,89254.0,89604.0,89254.0,,,0
1014,2019,lance-stroll,racing-point,12,89345.0,89594.0,89345.0,,,0
1014,2019,kimi-raikkonen,alfa-romeo,13,89358.0,89636.0,89358.0,,,0
1014,2019,daniil-kvyat,toro-rosso,14,89563.0,89723.0,89563.0,,,0
1014,2019,nico-hulkenberg,renault,15,90112.0,89619.0,90112.0,,,0
1014,2019,daniel-ricciardo,renault,16,89822.0,89822.0,,,,0
1014,2019,sergio-perez,racing-point,17,90344.0,90344.0,,,,0
1014,2019,george-russell,williams,18,90364.0,90364.0,,,,0
1014,2019,kevin-magnussen,haas,,,,,,,0
1014,2019,robert-kubica,williams,,,,,,,0
1015,2019,max-verstappen,red-bull,1,74758.0,75949.0,76136.0,74758.0,,1
1015,2019,charles-leclerc,ferrari,2,75024.0,76364.0,76219.0,75024.0,266.0,1
1015,2019,sebastian-vettel,ferrari,3,75170.0,76696.0,75914.0,75170.0,412.0,1
1015,2019,lewis-hamilton,mercedes,4,75262.0,76424.0,75721.0,75262.0,504.0,1
1015,2019,alexander-albon,red-bull,5,75336.0,76175.0,76574.0,75336.0,578.0,1
1015,2019,valtteri-bottas,mercedes,6,75338.0,77062.0,75852.0,75338.0,580.0,1
1015,2019,carlos-sainz-jr,mclaren,7,76014.0,77044.0,76267.0,76014.0,1256.0,1
1015,2019,lando-norris,mclaren,8,76322.0,77092.0,76447.0,76322.0,1564.0,1
1015,2019,daniil-kvyat,toro-rosso,9,76469.0,77041.0,76657.0,76469.0,1711.0,1
1015,2019,pierre-gasly,toro-rosso,10,76586.0,77065.0,76679.0,76586.0,1828.0,1
1015,2019,sergio-perez,racing-point,11,76687.0,77465.0,76687.0,,,0
1015,2019,nico-hulkenberg,renault,12,76885.0,77608.0,76885.0,,,0
1015,2019,daniel-ricciardo,renault,13,76933.0,77270.0,76933.0,,,0
1015,2019,kimi-raikkonen,alfa-romeo,14,76967.0,77225.0,76967.0,,,0
1015,2019,antonio-giovinazzi,alfa-romeo,15,77269.0,77794.0,77269.0,,,0
1015,2019,lance-stroll,racing-point,16,78065.0,78065.0,,,,0
1015,2019,kevin-magnussen,haas,17,78436.0,78436.0,,,,0
1015,2019,romain-grosjean,haas,18,78599.0,78599.0,,,,0
1015,2019,george-russell,williams,19,78823.0,78823.0,,,,0
1015,2019,robert-kubica,williams,20,80179.0,80179.0,,,,0
1016,2019,valtteri-bottas,mercedes,1,92029.0,93750.0,93160.0,92029.0,,1
1016,2019,sebastian-vettel,ferrari,2,92041.0,93766.0,92782.0,92041.0,12.0,1
1016,2019,max-verstappen,red-bull,3,92096.0,93549.0,93120.0,92096.0,67.0,1
1016,2019,charles-leclerc,ferrari,4,92137.0,93988.0,92760.0,92137.0,108.0,1
1016,2019,lewis-hamilton,mercedes,5,92321.0,93454.0,93045.0,92321.0,292.0,1
1016,2019,alexander-albon,red-bull,6,92548.0,93984.0,92898.0,92548.0,519.0,1
1016,2019,carlos-sainz-jr,mclaren,7,92847.0,93916.0,93422.0,92847.0,818.0,1
1016,2019,lando-norris,mclaren,8,93175.0,93353.0,93316.0,93175.0,1146.0,1
1016,2019,daniel-ricciardo,renault,9,93488.0,93835.0,93608.0,93488.0,1459.0,1
1016,2019,pierre-gasly,toro-rosso,10,93601.0,93556.0,93715.0,93601.0,1572.0,1
1016,2019,nico-hulkenberg,renault,11,93815.0,94092.0,93815.0,,,0
1016,2019,kevin-magnussen,haas,12,93979.0,93812.0,93979.0,,,0
1016,2019,daniil-kvyat,toro-rosso,13,93989.0,94138.0,93989.0,,,0
1016,2019,lance-stroll,racing-point,14,94100.0,93921.0,94100.0,,,0
1016,2019,romain-grosjean,haas,15,94158.0,94161.0,94158.0,,,0
1016,2019,antonio-giovinazzi,alfa-romeo,16,94226.0,94226.0,,,,0
1016,2019,kimi-raikkonen,alfa-romeo,17,94369.0,94369.0,,,,0
1016,2019,george-russell,williams,18,95372.0,95372.0,,,,0
1016,2019,sergio-perez,racing-point,19,95808.0,95808.0,,,,0
1016,2019,robert-kubica,williams,20,95889.0,95889.0,,,,0
1017,2019,max-verstappen,red-bull,1,67508.0,68242.0,67503.0,67508.0,,1
1017,2019,sebastian-vettel,ferrari,2,67631.0,68556.0,68050.0,67631.0,123.0,1
1017,2019,lewis-hamilton,mercedes,3,67699.0,68614.0,68088.0,67699.0,191.0,1
1017,2019,charles-leclerc,ferrari,4,67728.0,68496.0,67888.0,67728.0,220.0,1
1017,2019,valtteri-bottas,mercedes,5,67874.0,68545.0,68232.0,67874.0,366.0,1
1017,2019,alexander-albon,red-bull,6,67935.0,68503.0,68117.0,67935.0,427.0,1
1017,2019,pierre-gasly,toro-rosso,7,68837.0,68909.0,68770.0,68837.0,1329.0,1
1017,2019,romain-grosjean,haas,8,68854.0,69197.0,68705.0,68854.0,1346.0,1
1017,2019,kimi-raikkonen,alfa-romeo,9,68984.0,69276.0,68858.0,68984.0,1476.0,1
1017,2019,kevin-magnussen,haas,10,69037.0,68875.0,68803.0,69037.0,1529.0,1
1017,2019,lando-norris,mclaren,11,68868.0,68891.0,68868.0,,,0
1017,2019,daniel-ricciardo,renault,12,68903.0,69086.0,68903.0,,,0
1017,2019,antonio-giovinazzi,alfa-romeo,13,68919.0,69175.0,68919.0,,,0
1017,2019,nico-hulkenberg,renault,14,68921.0,69050.0,68921.0,,,0
1017,2019,sergio-perez,racing-point,15,69035.0,69288.0,69035.0,,,0
1017,2019,daniil-kvyat,toro-rosso,16,69320.0,69320.0,,,,0
1017,2019,lance-stroll,racing-point,17,69536.0,69536.0,,,,0
1017,2019,george-russell,williams,18,70126.0,70126.0,,,,0
1017,2019,robert-kubica,williams,19,70614.0,70614.0,,,,0
1017,2019,carlos-sainz-jr,mclaren,,,,,,,0
1018,2019,lewis-hamilton,mercedes,1,94779.0,95851.0,95634.0,94779.0,,1
1018,2019,valtteri-bottas,mercedes,2,94973.0,96200.0,95674.0,94973.0,194.0,1
1018,2019,max-verstappen,red-bull,3,95139.0,96390.0,96275.0,95139.0,360.0,1
1018,2019,charles-leclerc,ferrari,4,95219.0,96478.0,95543.0,95219.0,440.0,1
1018,2019,sebastian-vettel,ferrari,5,95339.0,96963.0,95786.0,95339.0,560.0,1
1018,2019,alexander-albon,red-bull,6,95682.0,96102.0,96718.0,95682.0,903.0,1
1018,2019,lando-norris,mclaren,7,96436.0,97545.0,96764.0,96436.0,1657.0,1
1018,2019,daniel-ricciardo,renault,8,96456.0,97106.0,96785.0,96456.0,1677.0,1
1018,2019,carlos-sainz-jr,mclaren,9,96459.0,97358.0,96308.0,96459.0,1680.0,1
1018,2019,nico-hulkenberg,renault,10,96710.0,97506.0,96859.0,96710.0,1931.0,1
1018,2019,sergio-perez,racing-point,11,97055.0,96961.0,97055.0,,,0
1018,2019,pierre-gasly,toro-rosso,12,97089.0,97198.0,97089.0,,,0
1018,2019,lance-stroll,racing-point,13,97103.0,97528.0,97103.0,,,0
1018,2019,daniil-kvyat,toro-rosso,14,97141.0,97683.0,97141.0,,,0
1018,2019,kevin-magnussen,haas,15,97254.0,97710.0,97254.0,,,0
1018,2019,romain-grosjean,haas,16,98051.0,98051.0,,,,0
1018,2019,antonio-giovinazzi,alfa-romeo,17,98114.0,98114.0,,,,0
1018,2019,kimi-raikkonen,alfa-romeo,18,98383.0,98383.0,,,,0
1018,2019,george-russell,williams,19,98717.0,98717.0,,,,0
1018,2019,robert-kubica,williams,20,99236.0,99236.0,,,,0
1019,2020,valtteri-bottas,mercedes,1,62939.0,64111.0,63015.0,62939.0,,1
1019,2020,lewis-hamilton,mercedes,2,62951.0,64198.0,63096.0,62951.0,12.0,1
1019,2020,max-verstappen,red-bull,3,63477.0,64024.0,64000.0,63477.0,538.0,1
1019,2020,lando-norris,mclaren,4,63626.0,64606.0,63819.0,63626.0,687.0,1
1019,2020,alexander-albon,red-bull,5,63868.0,64661.0,63746.0,63868.0,929.0,1
1019,2020,sergio-perez,racing-point,6,63868.0,64543.0,63860.0,63868.0,929.0,1
1019,2020,charles-leclerc,ferrari,7,63923.0,64500.0,64041.0,63923.0,984.0,1
1019,2020,carlos-sainz-jr,mclaren,8,63971.0,64537.0,63971.0,63971.0,1032.0,1
1019,2020,lance-stroll,racing-point,9,64029.0,64309.0,63955.0,64029.0,1090.0,1
1019,2020,daniel-ricciardo,renault,10,64239.0,64556.0,64023.0,64239.0,1300.0,1
1019,2020,sebastian-vettel,ferrari,11,64206.0,64554.0,64206.0,,,0
1019,2020,pierre-gasly,alphatauri,12,64305.0,64603.0,64305.0,,,0
1019,2020,daniil-kvyat,alphatauri,13,64431.0,65031.0,64431.0,,,0
1019,2020,esteban-ocon,renault,14,64643.0,64933.0,64643.0,,,0
1019,2020,romain-grosjean,haas,15,64691.0,65094.0,64691.0,,,0
1019,2020,kevin-magnussen,haas,16,65164.0,65164.0,,,,0
1019,2020,george-russell,williams,17,65167.0,65167.0,,,,0
1019,2020,antonio-giovinazzi,alfa-romeo,18,65175.0,65175.0,,,,0
1019,2020,kimi-raikkonen,alfa-romeo,19,65224.0,65224.0,,,,0
1019,2020,nicholas-latifi,williams,20,65757.0,65757.0,,,,0
1020,2020,lewis-hamilton,mercedes,1,79273.0,78188.0,77825.0,79273.0,,1
1020,2020,max-verstappen,red-bull,2,80489.0,78297.0,77938.0,80489.0,1216.0,1
1020,2020,carlos-sainz-jr,mclaren,3,80671.0,78590.0,78836.0,80671.0,1398.0,1
1020,2020,valtteri-bottas,mercedes,4,80701.0,78791.0,78657.0,80701.0,1428.0,1
1020,2020,esteban-ocon,renault,5,80922.0,79687.0,78764.0,80922.0,1649.0,1
1020,2020,lando-norris,mclaren,6,80925.0,78504.0,78448.0,80925.0,1652.0,1
1020,2020,alexander-albon,red-bull,7,81011.0,80882.0,79014.0,81011.0,1738.0,1
1020,2020,pierre-gasly,alphatauri,8,81028.0,80192.0,78744.0,81028.0,1755.0,1
1020,2020,daniel-ricciardo,renault,9,81192.0,79662.0,79229.0,81192.0,1919.0,1
1020,2020,sebastian-vettel,ferrari,10,81651.0,80243.0,79545.0,81651.0,2378.0,1
1020,2020,charles-leclerc,ferrari,11,79628.0,80871.0,79628.0,,,0
1020,2020,george-russell,williams,12,79636.0,80382.0,79636.0,,,0
1020,2020,lance-stroll,racing-point,13,79645.0,79697.0,79645.0,,,0
1020,2020,daniil-kvyat,alphatauri,14,79717.0,79824.0,79717.0,,,0
1020,2020,kevin-magnussen,haas,15,80211.0,81140.0,80211.0,,,0
1020,2020,kimi-raikkonen,alfa-romeo,16,81372.0,81372.0,,,,0
1020,2020,sergio-perez,racing-point,17,81607.0,81607.0,,,,0
1020,2020,nicholas-latifi,williams,18,81759.0,81759.0,,,,0
1020,2020,antonio-giovinazzi,alfa-romeo,19,81831.0,81831.0,,,,0
1020,2020,romain-grosjean,haas,20,,,,,,0
1021,2020,lewis-hamilton,mercedes,1,73447.0,74907.0,74261.0,73447.0,,1
1021,2020,valtteri-bottas,mercedes,2,73554.0,75474.0,74530.0,73554.0,107.0,1
1021,2020,lance-stroll,racing-point,3,74377.0,74895.0,75176.0,74377.0,930.0,1
1021,2020,sergio-perez,racing-point,4,74545.0,74681.0,75394.0,74545.0,1098.0,1
1021,2020,sebastian-vettel,ferrari,5,74774.0,75455.0,75131.0,74774.0,1327.0,1
1021,2020,charles-leclerc,ferrari,6,74817.0,75793.0,75006.0,74817.0,1370.0,1
1021,2020,max-verstappen,red-bull,7,74849.0,75495.0,74976.0,74849.0,1402.0,1
1021,2020,lando-norris,mclaren,8,74966.0,75444.0,75085.0,74966.0,1519.0,1
1021,2020,carlos-sainz-jr,mclaren,9,75027.0,75281.0,75267.0,75027.0,1580.0,1
1021,2020,pierre-gasly,alphatauri,10,75508.0,75767.0,75508.0,,,0
1021,2020,daniel-ricciardo,renault,11,75661.0,75848.0,75661.0,,,0
1021,2020,george-russell,williams,12,75698.0,75585.0,75698.0,,,0
1021,2020,alexander-albon,red-bull,13,75715.0,75722.0,75715.0,,,0
1021,2020,esteban-ocon,renault,14,75742.0,75719.0,75742.0,,,0
1021,2020,nicholas-latifi,williams,15,76544.0,76105.0,76544.0,,,0
1021,2020,kevin-magnussen,haas,16,76152.0,76152.0,,,,0
1021,2020,daniil-kvyat,alphatauri,17,76204.0,76204.0,,,,0
1021,2020,romain-grosjean,haas,18,76407.0,76407.0,,,,0
1021,2020,antonio-giovinazzi,alfa-romeo,19,76506.0,76506.0,,,,0
1021,2020,kimi-raikkonen,alfa-romeo,20,76614.0,76614.0,,,,0
1022,2020,lewis-hamilton,mercedes,1,84303.0,85900.0,85347.0,84303.0,,1
1022,2020,valtteri-bottas,mercedes,2,84616.0,85801.0,85015.0,84616.0,313.0,1
1022,2020,max-verstappen,red-bull,3,85325.0,86115.0,86144.0,85325.0,1022.0,1
1022,2020,charles-leclerc,ferrari,4,85427.0,86550.0,86203.0,85427.0,1124.0,1
1022,2020,lando-norris,mclaren,5,85782.0,86855.0,86420.0,85782.0,1479.0,1
1022,2020,lance-stroll,racing-point,6,85839.0,86243.0,86501.0,85839.0,1536.0,1
1022,2020,carlos-sainz-jr,mclaren,7,85965.0,86715.0,86149.0,85965.0,1662.0,1
1022,2020,daniel-ricciardo,renault,8,86009.0,86677.0,86339.0,86009.0,1706.0,1
1022,2020,esteban-ocon,renault,9,86209.0,86396.0,86252.0,86209.0,1906.0,1
1022,2020,sebastian-vettel,ferrari,10,86339.0,86469.0,86455.0,86339.0,2036.0,1
1022,2020,pierre-gasly,alphatauri,11,86501.0,86343.0,86501.0,,,0
1022,2020,alexander-albon,red-bull,12,86545.0,86565.0,86545.0,,,0
1022,2020,nico-hulkenberg,racing-point,13,86566.0,86327.0,86566.0,,,0
1022,2020,daniil-kvyat,alphatauri,14,86744.0,86774.0,86744.0,,,0
1022,2020,george-russell,williams,15,87092.0,86732.0,87092.0,,,0
1022,2020,kevin-magnussen,haas,16,87158.0,87158.0,,,,0
1022,2020,antonio-giovinazzi,alfa-romeo,17,87164.0,87164.0,,,,0
1022,2020,kimi-raikkonen,alfa-romeo,18,87366.0,87366.0,,,,0
1022,2020,romain-grosjean,haas,19,87643.0,87643.0,,,,0
1022,2020,nicholas-latifi,williams,20,87705.0,87705.0,,,,0
1023,2020,valtteri-bottas,mercedes,1,85154.0,86738.0,85785.0,85154.0,,1
1023,2020,lewis-hamilton,mercedes,2,85217.0,86818.0,86266.0,85217.0,63.0,1
1023,2020,nico-hulkenberg,racing-point,3,86082.0,87279.0,86261.0,86082.0,928.0,1
1023,2020,max-verstappen,red-bull,4,86176.0,87154.0,86779.0,86176.0,1022.0,1
1023,2020,daniel-ricciardo,renault,5,86297.0,87442.0,86636.0,86297.0,1143.0,1
1023,2020,lance-stroll,racing-point,6,86428.0,87187.0,86674.0,86428.0,1274.0,1
1023,2020,pierre-gasly,alphatauri,7,86534.0,87154.0,86523.0,86534.0,1380.0,1
1023,2020,charles-leclerc,ferrari,8,86614.0,87427.0,86709.0,86614.0,1460.0,1
1023,2020,alexander-albon,red-bull,9,86669.0,87153.0,86642.0,86669.0,1515.0,1
1023,2020,lando-norris,mclaren,10,86778.0,87217.0,86885.0,86778.0,1624.0,1
1023,2020,esteban-ocon,renault,11,87011.0,87278.0,87011.0,,,0
1023,2020,sebastian-vettel,ferrari,12,87078.0,87612.0,87078.0,,,0
1023,2020,carlos-sainz-jr,mclaren,13,87083.0,87450.0,87083.0,,,0
1023,2020,romain-grosjean,haas,14,87254.0,87519.0,87254.0,,,0
1023,2020,george-russell,williams,15,87455.0,87757.0,87455.0,,,0
1023,2020,daniil-kvyat,alphatauri,16,87882.0,87882.0,,,,0
1023,2020,kevin-magnussen,haas,17,88236.0,88236.0,,,,0
1023,2020,nicholas-latifi,williams,18,88430.0,88430.0,,,,0
1023,2020,antonio-giovinazzi,alfa-romeo,19,88433.0,88433.0,,,,0
1023,2020,kimi-raikkonen,alfa-romeo,20,88493.0,88493.0,,,,0
1024,2020,lewis-hamilton,mercedes,1,75584.0,76872.0,76013.0,75584.0,,1
1024,2020,valtteri-bottas,mercedes,2,75643.0,77243.0,76152.0,75643.0,59.0,1
1024,2020,max-verstappen,red-bull,3,76292.0,77213.0,76518.0,76292.0,708.0,1
1024,2020,sergio-perez,racing-point,4,76482.0,77117.0,76936.0,76482.0,898.0,1
1024,2020,lance-stroll,racing-point,5,76589.0,77316.0,76666.0,76589.0,1005.0,1
1024,2020,alexander-albon,red-bull,6,77029.0,77419.0,77163.0,77029.0,1445.0,1
1024,2020,carlos-sainz-jr,mclaren,7,77044.0,77438.0,76876.0,77044.0,1460.0,1
1024,2020,lando-norris,mclaren,8,77084.0,77577.0,77166.0,77084.0,1500.0,1
1024,2020,charles-leclerc,ferrari,9,77087.0,77256.0,76953.0,77087.0,1503.0,1
1024,2020,pierre-gasly,alphatauri,10,77136.0,77356.0,76800.0,77136.0,1552.0,1
1024,2020,sebastian-vettel,ferrari,11,77168.0,77573.0,77168.0,,,0
1024,2020,daniil-kvyat,alphatauri,12,77192.0,77676.0,77192.0,,,0
1024,2020,daniel-ricciardo,renault,13,77198.0,77667.0,77198.0,,,0
1024,2020,kimi-raikkonen,alfa-romeo,14,77386.0,77797.0,77386.0,,,0
1024,2020,esteban-ocon,renault,15,77567.0,77765.0,77567.0,,,0
1024,2020,kevin-magnussen,haas,16,77908.0,77908.0,,,,0
1024,2020,romain-grosjean,haas,17,78089.0,78089.0,,,,0
1024,2020,george-russell,williams,18,78099.0,78099.0,,,,0
1024,2020,nicholas-latifi,williams,19,78532.0,78532.0,,,,0
1024,2020,antonio-giovinazzi,alfa-romeo,20,78697.0,78697.0,,,,0
1025,2020,lewis-hamilton,mercedes,1,101252.0,102323.0,102014.0,101252.0,,1
1025,2020,valtteri-bottas,mercedes,2,101763.0,102534.0,102126.0,101763.0,511.0,1
1025,2020,max-verstappen,red-bull,3,101778.0,103197.0,102473.0,101778.0,526.0,1
1025,2020,daniel-ricciardo,renault,4,102061.0,103309.0,102487.0,102061.0,809.0,1
1025,2020,alexander-albon,red-bull,5,102264.0,103418.0,102193.0,102264.0,1012.0,1
1025,2020,esteban-ocon,renault,6,102396.0,103505.0,102534.0,102396.0,1144.0,1
1025,2020,carlos-sainz-jr,mclaren,7,102438.0,103322.0,102478.0,102438.0,1186.0,1
1025,2020,sergio-perez,racing-point,8,102532.0,103349.0,102670.0,102532.0,1280.0,1
1025,2020,lance-stroll,racing-point,9,102603.0,103265.0,102491.0,102603.0,1351.0,1
1025,2020,lando-norris,mclaren,10,102657.0,103514.0,102722.0,102657.0,1405.0,1
1025,2020,daniil-kvyat,alphatauri,11,102730.0,103267.0,102730.0,,,0
1025,2020,pierre-gasly,alphatauri,12,102745.0,103262.0,102745.0,,,0
1025,2020,charles-leclerc,ferrari,13,102996.0,103656.0,102996.0,,,0
1025,2020,sebastian-vettel,ferrari,14,103261.0,103567.0,103261.0,,,0
1025,2020,george-russell,williams,15,103468.0,103630.0,103468.0,,,0
1025,2020,kimi-raikkonen,alfa-romeo,16,103743.0,103743.0,,,,0
1025,2020,romain-grosjean,haas,17,103838.0,103838.0,,,,0
1025,2020,antonio-giovinazzi,alfa-romeo,18,103950.0,103950.0,,,,0
1025,2020,nicholas-latifi,williams,19,104138.0,104138.0,,,,0
1025,2020,kevin-magnussen,haas,20,104314.0,104314.0,,,,0
1026,2020,lewis-hamilton,mercedes,1,78887.0,79514.0,79092.0,78887.0,,1
1026,2020,valtteri-bottas,mercedes,2,78956.0,79786.0,78952.0,78956.0,69.0,1
1026,2020,carlos-sainz-jr,mclaren,3,79695.0,80099.0,79705.0,79695.0,808.0,1
1026,2020,sergio-perez,racing-point,4,79720.0,80048.0,79718.0,79720.0,833.0,1
1026,2020,max-verstappen,red-bull,5,79795.0,80193.0,79780.0,79795.0,908.0,1
1026,2020,lando-norris,mclaren,6,79820.0,80344.0,79962.0,79820.0,933.0,1
1026,2020,daniel-ricciardo,renault,7,79864.0,80548.0,80031.0,79864.0,977.0,1
1026,2020,lance-stroll,racing-point,8,80049.0,80400.0,79924.0,80049.0,1162.0,1
1026,2020,alexander-albon,red-bull,9,80090.0,81104.0,80064.0,80090.0,1203.0,1
1026,2020,pierre-gasly,alphatauri,10,80177.0,80145.0,79909.0,80177.0,1290.0,1
1026,2020,daniil-kvyat,alphatauri,11,80169.0,80307.0,80169.0,,,0
1026,2020,esteban-ocon,renault,12,80234.0,80747.0,80234.0,,,0
1026,2020,charles-leclerc,ferrari,13,80273.0,80443.0,80273.0,,,0
1026,2020,kimi-raikkonen,alfa-romeo,14,80926.0,81010.0,80926.0,,,0
1026,2020,kevin-magnussen,haas,15,81573.0,80869.0,81573.0,,,0
1026,2020,romain-grosjean,haas,16,81139.0,81139.0,,,,0
1026,2020,sebastian-vettel,ferrari,17,81151.0,81151.0,,,,0
1026,2020,antonio-giovinazzi,alfa-romeo,18,81206.0,81206.0,,,,0
1026,2020,george-russell,williams,19,81587.0,81587.0,,,,0
1026,2020,nicholas-latifi,williams,20,81717.0,81717.0,,,,0
1027,2020,lewis-hamilton,mercedes,1,75144.0,75778.0,75309.0,75144.0,,1
1027,2020,valtteri-bottas,mercedes,2,75203.0,75749.0,75322.0,75203.0,59.0,1
1027,2020,max-verstappen,red-bull,3,75509.0,76335.0,75471.0,75509.0,365.0,1
1027,2020,alexander-albon,red-bull,4,75954.0,76527.0,75914.0,75954.0,810.0,1
1027,2020,charles-leclerc,ferrari,5,76270.0,76698.0,76324.0,76270.0,1126.0,1
1027,2020,sergio-perez,racing-point,6,76311.0,76596.0,76489.0,76311.0,1167.0,1
1027,2020,lance-stroll,racing-point,7,76356.0,76701.0,76271.0,76356.0,1212.0,1
1027,2020,daniel-ricciardo,renault,8,76543.0,76981.0,76243.0,76543.0,1399.0,1
1027,2020,carlos-sainz-jr,mclaren,9,77870.0,76993.0,76522.0,77870.0,2726.0,1
1027,2020,esteban-ocon,renault,10,76297.0,76825.0,76297.0,,,0
1027,2020,lando-norris,mclaren,11,76640.0,76895.0,76640.0,,,0
1027,2020,daniil-kvyat,alphatauri,12,76854.0,76928.0,76854.0,,,0
1027,2020,kimi-raikkonen,alfa-romeo,13,76854.0,77059.0,76854.0,,,0
1027,2020,sebastian-vettel,ferrari,14,76858.0,77072.0,76858.0,,,0
1027,2020,romain-grosjean,haas,15,77254.0,77069.0,77254.0,,,0
1027,2020,pierre-gasly,alphatauri,16,77125.0,77125.0,,,,0
1027,2020,antonio-giovinazzi,alfa-romeo,17,77220.0,77220.0,,,,0
1027,2020,george-russell,williams,18,77232.0,77232.0,,,,0
1027,2020,nicholas-latifi,williams,19,77320.0,77320.0,,,,0
1027,2020,kevin-magnussen,haas,20,77348.0,77348.0,,,,0
1028,2020,lewis-hamilton,mercedes,1,91304.0,92983.0,92835.0,91304.0,,1
1028,2020,max-verstappen,red-bull,2,91867.0,93630.0,93157.0,91867.0,563.0,1
1028,2020,valtteri-bottas,mercedes,3,91956.0,92656.0,92405.0,91956.0,652.0,1
1028,2020,sergio-perez,racing-point,4,92317.0,93704.0,93038.0,92317.0,1013.0,1
1028,2020,daniel-ricciardo,renault,5,92364.0,93650.0,92218.0,92364.0,1060.0,1
1028,2020,carlos-sainz-jr,mclaren,6,92550.0,93967.0,92757.0,92550.0,1246.0,1
1028,2020,esteban-ocon,renault,7,92624.0,93557.0,93196.0,92624.0,1320.0,1
1028,2020,lando-norris,mclaren,8,92847.0,93804.0,93081.0,92847.0,1543.0,1
1028,2020,pierre-gasly,alphatauri,9,93000.0,93734.0,93139.0,93000.0,1696.0,1
1028,2020,alexander-albon,red-bull,10,93008.0,93919.0,93153.0,93008.0,1704.0,1
1028,2020,charles-leclerc,ferrari,11,93239.0,94071.0,93239.0,,,0
1028,2020,daniil-kvyat,alphatauri,12,93249.0,93511.0,93249.0,,,0
1028,2020,lance-stroll,racing-point,13,93364.0,93852.0,93364.0,,,0
1028,2020,george-russell,williams,14,93583.0,94020.0,93583.0,,,0
1028,2020,sebastian-vettel,ferrari,15,93609.0,94134.0,93609.0,,,0
1028,2020,romain-grosjean,haas,16,94592.0,94592.0,,,,0
1028,2020,antonio-giovinazzi,alfa-romeo,17,94594.0,94594.0,,,,0
1028,2020,kevin-magnussen,haas,18,94681.0,94681.0,,,,0
1028,2020,nicholas-latifi,williams,19,95066.0,95066.0,,,,0
1028,2020,kimi-raikkonen,alfa-romeo,20,95267.0,95267.0,,,,0
1029,2020,valtteri-bottas,mercedes,1,85269.0,86573.0,85971.0,85269.0,,1
1029,2020,lewis-hamilton,mercedes,2,85525.0,86620.0,85390.0,85525.0,256.0,1
1029,2020,max-verstappen,red-bull,3,85562.0,86319.0,85467.0,85562.0,293.0,1
1029,2020,charles-leclerc,ferrari,4,86035.0,86857.0,86240.0,86035.0,766.0,1
1029,2020,alexander-albon,red-bull,5,86047.0,87126.0,86285.0,86047.0,778.0,1
1029,2020,daniel-ricciardo,renault,6,86223.0,86836.0,86096.0,86223.0,954.0,1
1029,2020,esteban-ocon,renault,7,86242.0,87086.0,86364.0,86242.0,973.0,1
1029,2020,lando-norris,mclaren,8,86458.0,86829.0,86316.0,86458.0,1189.0,1
1029,2020,sergio-perez,racing-point,9,86704.0,87120.0,86330.0,86704.0,1435.0,1
1029,2020,carlos-sainz-jr,mclaren,10,86709.0,87378.0,86361.0,86709.0,1440.0,1
1029,2020,sebastian-vettel,ferrari,11,86738.0,87107.0,86738.0,,,0
1029,2020,pierre-gasly,alphatauri,12,86776.0,87072.0,86776.0,,,0
1029,2020,daniil-kvyat,alphatauri,13,86848.0,87285.0,86848.0,,,0
1029,2020,antonio-giovinazzi,alfa-romeo,14,86936.0,87532.0,86936.0,,,0
1029,2020,kevin-magnussen,haas,15,87125.0,87231.0,87125.0,,,0
1029,2020,romain-grosjean,haas,16,87552.0,87552.0,,,,0
1029,2020,george-russell,williams,17,87564.0,87564.0,,,,0
1029,2020,nicholas-latifi,williams,18,87812.0,87812.0,,,,0
1029,2020,kimi-raikkonen,alfa-romeo,19,87817.0,87817.0,,,,0
1029,2020,nico-hulkenberg,racing-point,20,88021.0,88021.0,,,,0
1030,2020,lewis-hamilton,mercedes,1,76652.0,76828.0,76824.0,76652.0,,1
1030,2020,valtteri-bottas,mercedes,2,76754.0,76945.0,76466.0,76754.0,102.0,1
1030,2020,max-verstappen,red-bull,3,76904.0,76879.0,77038.0,76904.0,252.0,1
1030,2020,charles-leclerc,ferrari,4,77090.0,77421.0,77367.0,77090.0,438.0,1
1030,2020,sergio-perez,racing-point,5,77223.0,77370.0,77129.0,77223.0,571.0,1
1030,2020,alexander-albon,red-bull,6,77437.0,77435.0,77411.0,77437.0,785.0,1
1030,2020,carlos-sainz-jr,mclaren,7,77520.0,77627.0,77183.0,77520.0,868.0,1
1030,2020,lando-norris,mclaren,8,77525.0,77547.0,77321.0,77525.0,873.0,1
1030,2020,pierre-gasly,alphatauri,9,77803.0,77209.0,77367.0,77803.0,1151.0,1
1030,2020,daniel-ricciardo,renault,10,77481.0,77621.0,77481.0,,,0
1030,2020,esteban-ocon,renault,11,77614.0,77775.0,77614.0,,,0
1030,2020,lance-stroll,racing-point,12,77626.0,77667.0,77626.0,,,0
1030,2020,daniil-kvyat,alphatauri,13,77728.0,77841.0,77728.0,,,0
1030,2020,george-russell,williams,14,77788.0,77931.0,77788.0,,,0
1030,2020,sebastian-vettel,ferrari,15,77919.0,77446.0,77919.0,,,0
1030,2020,kimi-raikkonen,alfa-romeo,16,78201.0,78201.0,,,,0
1030,2020,antonio-giovinazzi,alfa-romeo,17,78323.0,78323.0,,,,0
1030,2020,romain-grosjean,haas,18,78364.0,78364.0,,,,0
1030,2020,kevin-magnussen,haas,19,78508.0,78508.0,,,,0
1030,2020,nicholas-latifi,williams,20,78777.0,78777.0,,,,0
1031,2020,valtteri-bottas,mercedes,1,73609.0,74221.0,74585.0,73609.0,,1
1031,2020,lewis-hamilton,mercedes,2,73706.0,74229.0,74643.0,73706.0,97.0,1
1031,2020,max-verstappen,red-bull,3,74176.0,75034.0,74974.0,74176.0,567.0,1
1031,2020,pierre-gasly,alphatauri,4,74502.0,75183.0,74681.0,74502.0,893.0,1
1031,2020,daniel-ricciardo,renault,5,74520.0,75474.0,74953.0,74520.0,911.0,1
1031,2020,alexander-albon,red-bull,6,74572.0,75402.0,74745.0,74572.0,963.0,1
1031,2020,charles-leclerc,ferrari,7,74616.0,75123.0,75017.0,74616.0,1007.0,1
1031,2020,daniil-kvyat,alphatauri,8,74696.0,75412.0,75022.0,74696.0,1087.0,1
1031,2020,lando-norris,mclaren,9,74814.0,75274.0,75051.0,74814.0,1205.0,1
1031,2020,carlos-sainz-jr,mclaren,10,74911.0,75528.0,75027.0,74911.0,1302.0,1
1031,2020,sergio-perez,racing-point,11,75061.0,75407.0,75061.0,,,0
1031,2020,esteban-ocon,renault,12,75201.0,75352.0,75201.0,,,0
1031,2020,george-russell,williams,13,75323.0,75760.0,75323.0,,,0
1031,2020,sebastian-vettel,ferrari,14,75385.0,75571.0,75385.0,,,0
1031,2020,lance-stroll,racing-point,15,75494.0,75822.0,75494.0,,,0
1031,2020,romain-grosjean,haas,16,75918.0,75918.0,,,,0
1031,2020,kevin-magnussen,haas,17,75939.0,75939.0,,,,0
1031,2020,kimi-raikkonen,alfa-romeo,18,75953.0,75953.0,,,,0
1031,2020,nicholas-latifi,williams,19,75987.0,75987.0,,,,0
1031,2020,antonio-giovinazzi,alfa-romeo,20,76208.0,76208.0,,,,0
1032,2020,lance-stroll,racing-point,1,107765.0,127467.0,113372.0,107765.0,,1
1032,2020,max-verstappen,red-bull,2,108055.0,117485.0,110293.0,108055.0,290.0,1
1032,2020,sergio-perez,racing-point,3,109321.0,127614.0,114097.0,109321.0,1556.0,1
1032,2020,alexander-albon,red-bull,4,110448.0,119431.0,112282.0,110448.0,2683.0,1
1032,2020,daniel-ricciardo,renault,5,111595.0,125598.0,114278.0,111595.0,3830.0,1
1032,2020,lewis-hamilton,mercedes,6,112560.0,127599.0,112709.0,112560.0,4795.0,1
1032,2020,esteban-ocon,renault,7,112622.0,126115.0,113657.0,112622.0,4857.0,1
1032,2020,kimi-raikkonen,alfa-romeo,8,112745.0,121249.0,113793.0,112745.0,4980.0,1
1032,2020,valtteri-bottas,mercedes,9,113258.0,127001.0,113767.0,113258.0,5493.0,1
1032,2020,antonio-giovinazzi,alfa-romeo,10,117226.0,127341.0,113431.0,117226.0,9461.0,1
1032,2020,lando-norris,mclaren,11,114945.0,127167.0,114945.0,,,0
1032,2020,sebastian-vettel,ferrari,12,115169.0,123356.0,115169.0,,,0
1032,2020,carlos-sainz-jr,mclaren,13,115410.0,127489.0,115410.0,,,0
1032,2020,charles-leclerc,ferrari,14,116696.0,124464.0,116696.0,,,0
1032,2020,pierre-gasly,alphatauri,15,118556.0,125579.0,118556.0,,,0
1032,2020,kevin-magnussen,haas,16,128007.0,128007.0,,,,0
1032,2020,daniil-kvyat,alphatauri,17,129070.0,129070.0,,,,0
1032,2020,george-russell,williams,18,130017.0,130017.0,,,,0
1032,2020,romain-grosjean,haas,19,132909.0,132909.0,,,,0
1032,2020,nicholas-latifi,williams,20,141611.0,141611.0,,,,0
1033,2020,lewis-hamilton,mercedes,1,87264.0,88343.0,87586.0,87264.0,,1
1033,2020,valtteri-bottas,mercedes,2,87553.0,88767.0,88063.0,87553.0,289.0,1
1033,2020,max-verstappen,red-bull,3,87678.0,88885.0,88025.0,87678.0,414.0,1
1033,2020,alexander-albon,red-bull,4,88274.0,88732.0,88749.0,88274.0,1010.0,1
1033,2020,sergio-perez,racing-point,5,88322.0,89178.0,88894.0,88322.0,1058.0,1
1033,2020,daniel-ricciardo,renault,6,88417.0,89005.0,88648.0,88417.0,1153.0,1
1033,2020,esteban-ocon,renault,7,88419.0,89203.0,88937.0,88419.0,1155.0,1
1033,2020,pierre-gasly,alphatauri,8,88448.0,88971.0,89008.0,88448.0,1184.0,1
1033,2020,lando-norris,mclaren,9,88542.0,89464.0,88877.0,88542.0,1278.0,1
1033,2020,daniil-kvyat,alphatauri,10,88618.0,89158.0,88944.0,88618.0,1354.0,1
1033,2020,sebastian-vettel,ferrari,11,89149.0,89142.0,89149.0,,,0
1033,2020,charles-leclerc,ferrari,12,89165.0,89137.0,89165.0,,,0
1033,2020,lance-stroll,racing-point,13,89557.0,88679.0,89557.0,,,0
1033,2020,george-russell,williams,14,91218.0,89294.0,91218.0,,,0
1033,2020,carlos-sainz-jr,mclaren,15,88975.0,88975.0,,,,0
1033,2020,antonio-giovinazzi,alfa-romeo,16,89491.0,89491.0,,,,0
1033,2020,kimi-raikkonen,alfa-romeo,17,89810.0,89810.0,,,,0
1033,2020,kevin-magnussen,haas,18,90111.0,90111.0,,,,0
1033,2020,romain-grosjean,haas,19,90138.0,90138.0,,,,0
1033,2020,nicholas-latifi,williams,20,90182.0,90182.0,,,,0
1034,2020,valtteri-bottas,mercedes,1,53377.0,53904.0,53803.0,53377.0,,1
1034,2020,george-russell,mercedes,2,53403.0,54160.0,53819.0,53403.0,26.0,1
1034,2020,max-verstappen,red-bull,3,53433.0,54037.0,53647.0,53433.0,56.0,1
1034,2020,charles-leclerc,ferrari,4,53613.0,54249.0,53825.0,53613.0,236.0,1
1034,2020,sergio-perez,racing-point,5,53790.0,54236.0,53787.0,53790.0,413.0,1
1034,2020,daniil-kvyat,alphatauri,6,53906.0,54346.0,53856.0,53906.0,529.0,1
1034,2020,daniel-ricciardo,renault,7,53957.0,54388.0,53871.0,53957.0,580.0,1
1034,2020,carlos-sainz-jr,mclaren,8,54010.0,54450.0,53818.0,54010.0,633.0,1
1034,2020,pierre-gasly,alphatauri,9,54154.0,54207.0,53941.0,54154.0,777.0,1
1034,2020,lance-stroll,racing-point,10,54200.0,54595.0,53840.0,54200.0,823.0,1
1034,2020,esteban-ocon,renault,11,53995.0,54309.0,53995.0,,,0
1034,2020,alexander-albon,red-bull,12,54026.0,54620.0,54026.0,,,0
1034,2020,sebastian-vettel,ferrari,13,54175.0,54301.0,54175.0,,,0
1034,2020,antonio-giovinazzi,alfa-romeo,14,54377.0,54523.0,54377.0,,,0
1034,2020,lando-norris,mclaren,15,54693.0,54194.0,54693.0,,,0
1034,2020,kevin-magnussen,haas,16,54705.0,54705.0,,,,0
1034,2020,nicholas-latifi,williams,17,54796.0,54796.0,,,,0
1034,2020,jack-aitken,williams,18,54892.0,54892.0,,,,0
1034,2020,kimi-raikkonen,alfa-romeo,19,54963.0,54963.0,,,,0
1034,2020,pietro-fittipaldi,haas,20,55426.0,55426.0,,,,0
1035,2020,max-verstappen,red-bull,1,95246.0,95993.0,95641.0,95246.0,,1
1035,2020,valtteri-bottas,mercedes,2,95271.0,95699.0,95527.0,95271.0,25.0,1
1035,2020,lewis-hamilton,mercedes,3,95332.0,95528.0,95466.0,95332.0,86.0,1
1035,2020,lando-norris,mclaren,4,95497.0,96016.0,95849.0,95497.0,251.0,1
1035,2020,alexander-albon,red-bull,5,95571.0,96106.0,95654.0,95571.0,325.0,1
1035,2020,carlos-sainz-jr,mclaren,6,95815.0,96517.0,96192.0,95815.0,569.0,1
1035,2020,daniil-kvyat,alphatauri,7,95963.0,96459.0,96214.0,95963.0,717.0,1
1035,2020,lance-stroll,racing-point,8,96046.0,96502.0,96143.0,96046.0,800.0,1
1035,2020,charles-leclerc,ferrari,9,96065.0,95881.0,95932.0,96065.0,819.0,1
1035,2020,pierre-gasly,alphatauri,10,96242.0,96545.0,96282.0,96242.0,996.0,1
1035,2020,esteban-ocon,renault,11,96359.0,96783.0,96359.0,,,0
1035,2020,daniel-ricciardo,renault,12,96406.0,96704.0,96406.0,,,0
1035,2020,sebastian-vettel,ferrari,13,96631.0,96655.0,96631.0,,,0
1035,2020,antonio-giovinazzi,alfa-romeo,14,98248.0,97075.0,98248.0,,,0
1035,2020,sergio-perez,racing-point,15,96034.0,96034.0,,,,0
1035,2020,kimi-raikkonen,alfa-romeo,16,97555.0,97555.0,,,,0
1035,2020,kevin-magnussen,haas,17,97863.0,97863.0,,,,0
1035,2020,george-russell,williams,18,98045.0,98045.0,,,,0
1035,2020,pietro-fittipaldi,haas,19,98173.0,98173.0,,,,0
1035,2020,nicholas-latifi,williams,20,98443.0,98443.0,,,,0
1036,2021,max-verstappen,red-bull,1,88997.0,90499.0,90318.0,88997.0,,1
1036,2021,lewis-hamilton,mercedes,2,89385.0,90617.0,90085.0,89385.0,388.0,1
1036,2021,valtteri-bottas,mercedes,3,89586.0,91200.0,90186.0,89586.0,589.0,1
1036,2021,charles-leclerc,ferrari,4,89678.0,90691.0,90010.0,89678.0,681.0,1
1036,2021,pierre-gasly,alphatauri,5,89809.0,90848.0,90513.0,89809.0,812.0,1
1036,2021,daniel-ricciardo,mclaren,6,89927.0,90795.0,90222.0,89927.0,930.0,1
1036,2021,lando-norris,mclaren,7,89974.0,90902.0,90099.0,89974.0,977.0,1
1036,2021,carlos-sainz-jr,ferrari,8,90215.0,91653.0,90009.0,90215.0,1218.0,1
1036,2021,fernando-alonso,alpine,9,90249.0,90863.0,90595.0,90249.0,1252.0,1
1036,2021,lance-stroll,aston-martin,10,90601.0,91261.0,90624.0,90601.0,1604.0,1
1036,2021,sergio-perez,red-bull,11,90659.0,91165.0,90659.0,,,0
1036,2021,antonio-giovinazzi,alfa-romeo,12,90708.0,90998.0,90708.0,,,0
1036,2021,yuki-tsunoda,alphatauri,13,91203.0,90607.0,91203.0,,,0
1036,2021,kimi-raikkonen,alfa-romeo,14,91238.0,91547.0,91238.0,,,0
1036,2021,george-russell,williams,15,93430.0,91316.0,93430.0,,,0
1036,2021,esteban-ocon,alpine,16,91724.0,91724.0,,,,0
1036,2021,nicholas-latifi,williams,17,91936.0,91936.0,,,,0
1036,2021,sebastian-vettel,aston-martin,18,92056.0,92056.0,,,,0
1036,2021,mick-schumacher,haas,19,92449.0,92449.0,,,,0
1036,2021,nikita-mazepin,haas,20,93273.0,93273.0,,,,0
1037,2021,lewis-hamilton,mercedes,1,74411.0,74823.0,74817.0,74411.0,,1
1037,2021,sergio-perez,red-bull,2,74446.0,75395.0,74716.0,74446.0,35.0,1
1037,2021,max-verstappen,red-bull,3,74498.0,75109.0,74884.0,74498.0,87.0,1
1037,2021,charles-leclerc,ferrari,4,74740.0,75413.0,74808.0,74740.0,329.0,1
1037,2021,pierre-gasly,alphatauri,5,74790.0,75548.0,74927.0,74790.0,379.0,1
1037,2021,daniel-ricciardo,mclaren,6,74826.0,75669.0,75033.0,74826.0,415.0,1
1037,2021,lando-norris,mclaren,7,74875.0,75009.0,74718.0,74875.0,464.0,1
1037,2021,valtteri-bottas,mercedes,8,74898.0,74672.0,74905.0,74898.0,487.0,1
1037,2021,esteban-ocon,alpine,9,75210.0,75385.0,75117.0,75210.0,799.0,1
1037,2021,lance-stroll,aston-martin,10,75138.0,75522.0,75138.0,,,0
1037,2021,carlos-sainz-jr,ferrari,11,75199.0,75406.0,75199.0,,,0
1037,2021,george-russell,williams,12,75261.0,75826.0,75261.0,,,0
1037,2021,sebastian-vettel,aston-martin,13,75394.0,75459.0,75394.0,,,0
1037,2021,nicholas-latifi,williams,14,75593.0,75653.0,75593.0,,,0
1037,2021,fernando-alonso,alpine,15,75593.0,75832.0,75593.0,,,0
1037,2021,kimi-raikkonen,alfa-romeo,16,75974.0,75974.0,,,,0
1037,2021,antonio-giovinazzi,alfa-romeo,17,76122.0,76122.0,,,,0
1037,2021,mick-schumacher,haas,18,76279.0,76279.0,,,,0
1037,2021,nikita-mazepin,haas,19,76797.0,76797.0,,,,0
1037,2021,yuki-tsunoda,alphatauri,,,,,,,0
1038,2021,valtteri-bottas,mercedes,1,78348.0,78722.0,78458.0,78348.0,,1
1038,2021,lewis-hamilton,mercedes,2,78355.0,78857.0,77968.0,78355.0,7.0,1
1038,2021,max-verstappen,red-bull,3,78746.0,79485.0,78650.0,78746.0,398.0,1
1038,2021,sergio-perez,red-bull,4,78890.0,79337.0,78845.0,78890.0,542.0,1
1038,2021,carlos-sainz-jr,ferrari,5,79039.0,79309.0,78813.0,79039.0,691.0,1
1038,2021,esteban-ocon,alpine,6,79042.0,79092.0,78586.0,79042.0,694.0,1
1038,2021,lando-norris,mclaren,7,79116.0,78794.0,78481.0,79116.0,768.0,1
1038,2021,charles-leclerc,ferrari,8,79306.0,79373.0,78769.0,79306.0,958.0,1
1038,2021,pierre-gasly,alphatauri,9,79475.0,79464.0,79052.0,79475.0,1127.0,1
1038,2021,sebastian-vettel,aston-martin,10,79659.0,79403.0,78970.0,79659.0,1311.0,1
1038,2021,george-russell,williams,11,79109.0,79797.0,79109.0,,,0
1038,2021,antonio-giovinazzi,alfa-romeo,12,79216.0,79410.0,79216.0,,,0
1038,2021,fernando-alonso,alpine,13,79456.0,79728.0,79456.0,,,0
1038,2021,yuki-tsunoda,alphatauri,14,79463.0,79684.0,79463.0,,,0
1038,2021,kimi-raikkonen,alfa-romeo,15,79812.0,79748.0,79812.0,,,0
1038,2021,daniel-ricciardo,mclaren,16,79839.0,79839.0,,,,0
1038,2021,lance-stroll,aston-martin,17,79913.0,79913.0,,,,0
1038,2021,nicholas-latifi,williams,18,80285.0,80285.0,,,,0
1038,2021,mick-schumacher,haas,19,80452.0,80452.0,,,,0
1038,2021,nikita-mazepin,haas,20,80912.0,80912.0,,,,0
1039,2021,lewis-hamilton,mercedes,1,76741.0,78245.0,77166.0,76741.0,,1
1039,2021,max-verstappen,red-bull,2,76777.0,78090.0,76922.0,76777.0,36.0,1
1039,2021,valtteri-bottas,mercedes,3,76873.0,78005.0,77142.0,76873.0,132.0,1
1039,2021,charles-leclerc,ferrari,4,77510.0,78041.0,77717.0,77510.0,769.0,1
1039,2021,esteban-ocon,alpine,5,77580.0,78281.0,77743.0,77580.0,839.0,1
1039,2021,carlos-sainz-jr,ferrari,6,77620.0,78205.0,77656.0,77620.0,879.0,1
1039,2021,daniel-ricciardo,mclaren,7,77622.0,78264.0,77719.0,77622.0,881.0,1
1039,2021,sergio-perez,red-bull,8,77701.0,78203.0,77669.0,77701.0,960.0,1
1039,2021,lando-norris,mclaren,9,78010.0,77821.0,77696.0,78010.0,1269.0,1
1039,2021,fernando-alonso,alpine,10,78147.0,78281.0,77966.0,78147.0,1406.0,1
1039,2021,lance-stroll,aston-martin,11,77974.0,78241.0,77974.0,,,0
1039,2021,pierre-gasly,alphatauri,12,77982.0,78190.0,77982.0,,,0
1039,2021,sebastian-vettel,aston-martin,13,78079.0,78289.0,78079.0,,,0
1039,2021,antonio-giovinazzi,alfa-romeo,14,78356.0,78549.0,78356.0,,,0
1039,2021,george-russell,williams,15,79154.0,78445.0,79154.0,,,0
1039,2021,yuki-tsunoda,alphatauri,16,78556.0,78556.0,,,,0
1039,2021,kimi-raikkonen,alfa-romeo,17,78917.0,78917.0,,,,0
1039,2021,mick-schumacher,haas,18,79117.0,79117.0,,,,0
1039,2021,nicholas-latifi,williams,19,79219.0,79219.0,,,,0
1039,2021,nikita-mazepin,haas,20,79807.0,79807.0,,,,0
1040,2021,charles-leclerc,ferrari,1,70346.0,71113.0,70597.0,70346.0,,1
1040,2021,max-verstappen,red-bull,2,70576.0,71124.0,70650.0,70576.0,230.0,1
1040,2021,valtteri-bottas,mercedes,3,70601.0,70938.0,70695.0,70601.0,255.0,1
1040,2021,carlos-sainz-jr,ferrari,4,70611.0,71324.0,70806.0,70611.0,265.0,1
1040,2021,lando-norris,mclaren,5,70620.0,71321.0,71031.0,70620.0,274.0,1
1040,2021,pierre-gasly,alphatauri,6,70900.0,71560.0,71179.0,70900.0,554.0,1
1040,2021,lewis-hamilton,mercedes,7,71095.0,71622.0,71116.0,71095.0,749.0,1
1040,2021,sebastian-vettel,aston-martin,8,71419.0,72078.0,71309.0,71419.0,1073.0,1
1040,2021,sergio-perez,red-bull,9,71573.0,71644.0,71019.0,71573.0,1227.0,1
1040,2021,antonio-giovinazzi,alfa-romeo,10,71779.0,71658.0,71409.0,71779.0,1433.0,1
1040,2021,esteban-ocon,alpine,11,71486.0,71740.0,71486.0,,,0
1040,2021,daniel-ricciardo,mclaren,12,71598.0,71747.0,71598.0,,,0
1040,2021,lance-stroll,aston-martin,13,71600.0,71979.0,71600.0,,,0
1040,2021,kimi-raikkonen,alfa-romeo,14,71642.0,71899.0,71642.0,,,0
1040,2021,george-russell,williams,15,71830.0,72016.0,71830.0,,,0
1040,2021,yuki-tsunoda,alphatauri,16,72096.0,72096.0,,,,0
1040,2021,fernando-alonso,alpine,17,72205.0,72205.0,,,,0
1040,2021,nicholas-latifi,williams,18,72366.0,72366.0,,,,0
1040,2021,nikita-mazepin,haas,19,72958.0,72958.0,,,,0
1041,2021,charles-leclerc,ferrari,1,101218.0,102241.0,101659.0,101218.0,,1
1041,2021,lewis-hamilton,mercedes,2,101450.0,101545.0,101634.0,101450.0,232.0,1
1041,2021,max-verstappen,red-bull,3,101563.0,101760.0,101625.0,101563.0,345.0,1
1041,2021,pierre-gasly,alphatauri,4,101565.0,102288.0,101932.0,101565.0,347.0,1
1041,2021,carlos-sainz-jr,ferrari,5,101576.0,102121.0,101740.0,101576.0,358.0,1
1041,2021,lando-norris,mclaren,6,101747.0,102167.0,101813.0,101747.0,529.0,1
1041,2021,sergio-perez,red-bull,7,101917.0,101968.0,101630.0,101917.0,699.0,1
1041,2021,yuki-tsunoda,alphatauri,8,102211.0,102521.0,101654.0,102211.0,993.0,1
1041,2021,fernando-alonso,alpine,9,102327.0,102934.0,102195.0,102327.0,1109.0,1
1041,2021,valtteri-bottas,mercedes,10,102659.0,102701.0,102106.0,102659.0,1441.0,1
1041,2021,sebastian-vettel,aston-martin,11,102224.0,102460.0,102224.0,,,0
1041,2021,esteban-ocon,alpine,12,102273.0,102426.0,102273.0,,,0
1041,2021,daniel-ricciardo,mclaren,13,102558.0,102304.0,102558.0,,,0
1041,2021,kimi-raikkonen,alfa-romeo,14,102587.0,102923.0,102587.0,,,0
1041,2021,george-russell,williams,15,102758.0,102728.0,102758.0,,,0
1041,2021,nicholas-latifi,williams,16,103128.0,103128.0,,,,0
1041,2021,mick-schumacher,haas,17,104158.0,104158.0,,,,0
1041,2021,nikita-mazepin,haas,18,104238.0,104238.0,,,,0
1041,2021,lance-stroll,aston-martin,,,,,,,0
1041,2021,antonio-giovinazzi,alfa-romeo,,,,,,,0
1042,2021,max-verstappen,red-bull,1,89990.0,91001.0,91080.0,89990.0,,1
1042,2021,lewis-hamilton,mercedes,2,90248.0,91237.0,90788.0,90248.0,258.0,1
1042,2021,valtteri-bottas,mercedes,3,90376.0,91669.0,90735.0,90376.0,386.0,1
1042,2021,sergio-perez,red-bull,4,90445.0,91560.0,90971.0,90445.0,455.0,1
1042,2021,carlos-sainz-jr,ferrari,5,90840.0,92079.0,91146.0,90840.0,850.0,1
1042,2021,pierre-gasly,alphatauri,6,90868.0,91898.0,91353.0,90868.0,878.0,1
1042,2021,charles-leclerc,ferrari,7,90987.0,92209.0,91567.0,90987.0,997.0,1
1042,2021,lando-norris,mclaren,8,91252.0,91733.0,91542.0,91252.0,1262.0,1
1042,2021,fernando-alonso,alpine,9,91340.0,92158.0,91549.0,91340.0,1350.0,1
1042,2021,daniel-ricciardo,mclaren,10,91382.0,92181.0,91615.0,91382.0,1392.0,1
1042,2021,esteban-ocon,alpine,11,91736.0,92139.0,91736.0,,,0
1042,2021,sebastian-vettel,aston-martin,12,91767.0,92132.0,91767.0,,,0
1042,2021,antonio-giovinazzi,alfa-romeo,13,91813.0,92722.0,91813.0,,,0
1042,2021,george-russell,williams,14,92065.0,93060.0,92065.0,,,0
1042,2021,mick-schumacher,haas,15,92942.0,92942.0,,,,0
1042,2021,nicholas-latifi,williams,16,93062.0,93062.0,,,,0
1042,2021,kimi-raikkonen,alfa-romeo,17,93354.0,93354.0,,,,0
1042,2021,nikita-mazepin,haas,18,93554.0,93554.0,,,,0
1042,2021,lance-stroll,aston-martin,,132584.0,132584.0,,,,0
1042,2021,yuki-tsunoda,alphatauri,,,,,,,0
1043,2021,max-verstappen,red-bull,1,63841.0,64489.0,64433.0,63841.0,,1
1043,2021,valtteri-bottas,mercedes,2,64035.0,64537.0,64443.0,64035.0,194.0,1
1043,2021,lewis-hamilton,mercedes,3,64067.0,64672.0,64512.0,64067.0,226.0,1
1043,2021,lando-norris,mclaren,4,64120.0,64584.0,64298.0,64120.0,279.0,1
1043,2021,sergio-perez,red-bull,5,64168.0,64638.0,64197.0,64168.0,327.0,1
1043,2021,pierre-gasly,alphatauri,6,64236.0,64765.0,64429.0,64236.0,395.0,1
1043,2021,charles-leclerc,ferrari,7,64472.0,64745.0,64646.0,64472.0,631.0,1
1043,2021,yuki-tsunoda,alphatauri,8,64514.0,64608.0,64631.0,64514.0,673.0,1
1043,2021,fernando-alonso,alpine,9,64574.0,64971.0,64582.0,64574.0,733.0,1
1043,2021,lance-stroll,aston-martin,10,64708.0,64821.0,64663.0,64708.0,867.0,1
1043,2021,george-russell,williams,11,64671.0,65033.0,64671.0,,,0
1043,2021,carlos-sainz-jr,ferrari,12,64800.0,64859.0,64800.0,,,0
1043,2021,daniel-ricciardo,mclaren,13,64808.0,65142.0,64808.0,,,0
1043,2021,sebastian-vettel,aston-martin,14,64875.0,65051.0,64875.0,,,0
1043,2021,antonio-giovinazzi,alfa-romeo,15,64913.0,65092.0,64913.0,,,0
1043,2021,nicholas-latifi,williams,16,65175.0,65175.0,,,,0
1043,2021,esteban-ocon,alpine,17,65217.0,65217.0,,,,0
1043,2021,kimi-raikkonen,alfa-romeo,18,65429.0,65429.0,,,,0
1043,2021,mick-schumacher,haas,19,66041.0,66041.0,,,,0
1043,2021,nikita-mazepin,haas,20,66192.0,66192.0,,,,0
1044,2021,max-verstappen,red-bull,1,63720.0,64249.0,63927.0,63720.0,,1
1044,2021,lando-norris,mclaren,2,63768.0,64345.0,64415.0,63768.0,48.0,1
1044,2021,sergio-perez,red-bull,3,63990.0,64833.0,64483.0,63990.0,270.0,1
1044,2021,lewis-hamilton,mercedes,4,64014.0,64506.0,64258.0,64014.0,294.0,1
1044,2021,valtteri-bottas,mercedes,5,64049.0,64563.0,64376.0,64049.0,329.0,1
1044,2021,pierre-gasly,alphatauri,6,64107.0,64841.0,64412.0,64107.0,387.0,1
1044,2021,yuki-tsunoda,alphatauri,7,64273.0,64967.0,64518.0,64273.0,553.0,1
1044,2021,sebastian-vettel,aston-martin,8,64570.0,64846.0,64493.0,64570.0,850.0,1
1044,2021,george-russell,williams,9,64591.0,64907.0,64553.0,64591.0,871.0,1
1044,2021,lance-stroll,aston-martin,10,64618.0,64927.0,64547.0,64618.0,898.0,1
1044,2021,carlos-sainz-jr,ferrari,11,64559.0,64596.0,64559.0,,,0
1044,2021,charles-leclerc,ferrari,12,64600.0,64906.0,64600.0,,,0
1044,2021,daniel-ricciardo,mclaren,13,64719.0,64977.0,64719.0,,,0
1044,2021,fernando-alonso,alpine,14,64856.0,64472.0,64856.0,,,0
1044,2021,antonio-giovinazzi,alfa-romeo,15,65083.0,64782.0,65083.0,,,0
1044,2021,kimi-raikkonen,alfa-romeo,16,65009.0,65009.0,,,,0
1044,2021,esteban-ocon,alpine,17,65051.0,65051.0,,,,0
1044,2021,nicholas-latifi,williams,18,65195.0,65195.0,,,,0
1044,2021,mick-schumacher,haas,19,65427.0,65427.0,,,,0
1044,2021,nikita-mazepin,haas,20,65951.0,65951.0,,,,0
1045,2021,lewis-hamilton,mercedes,1,86134.0,86786.0,86023.0,86134.0,,1
1045,2021,max-verstappen,red-bull,2,86209.0,86751.0,86315.0,86209.0,75.0,1
1045,2021,valtteri-bottas,mercedes,3,86328.0,87487.0,86764.0,86328.0,194.0,1
1045,2021,charles-leclerc,ferrari,4,86828.0,87051.0,86919.0,86828.0,694.0,1
1045,2021,sergio-perez,red-bull,5,86844.0,87121.0,87073.0,86844.0,710.0,1
1045,2021,lando-norris,mclaren,6,86897.0,87444.0,87220.0,86897.0,763.0,1
1045,2021,daniel-ricciardo,mclaren,7,86899.0,87323.0,87125.0,86899.0,765.0,1
1045,2021,george-russell,williams,8,86971.0,87671.0,87080.0,86971.0,837.0,1
1045,2021,carlos-sainz-jr,ferrari,9,87007.0,87337.0,86848.0,87007.0,873.0,1
1045,2021,sebastian-vettel,aston-martin,10,87179.0,87493.0,87103.0,87179.0,1045.0,1
1045,2021,fernando-alonso,alpine,11,87245.0,87580.0,87245.0,,,0
1045,2021,pierre-gasly,alphatauri,12,87273.0,87600.0,87273.0,,,0
1045,2021,esteban-ocon,alpine,13,87340.0,87415.0,87340.0,,,0
1045,2021,antonio-giovinazzi,alfa-romeo,14,87617.0,87595.0,87617.0,,,0
1045,2021,lance-stroll,aston-martin,15,87665.0,88017.0,87665.0,,,0
1045,2021,yuki-tsunoda,alphatauri,16,88043.0,88043.0,,,,0
1045,2021,kimi-raikkonen,alfa-romeo,17,88062.0,88062.0,,,,0
1045,2021,nicholas-latifi,williams,18,88254.0,88254.0,,,,0
1045,2021,mick-schumacher,haas,19,88738.0,88738.0,,,,0
1045,2021,nikita-mazepin,haas,20,89051.0,89051.0,,,,0
1046,2021,lewis-hamilton,mercedes,1,75419.0,76424.0,76553.0,75419.0,,1
1046,2021,valtteri-bottas,mercedes,2,75734.0,76569.0,76702.0,75734.0,315.0,1
1046,2021,max-verstappen,red-bull,3,75840.0,76214.0,75650.0,75840.0,421.0,1
1046,2021,sergio-perez,red-bull,4,76421.0,77233.0,76443.0,76421.0,1002.0,1
1046,2021,pierre-gasly,alphatauri,5,76483.0,76874.0,76394.0,76483.0,1064.0,1
1046,2021,lando-norris,mclaren,6,76489.0,77081.0,76385.0,76489.0,1070.0,1
1046,2021,charles-leclerc,ferrari,7,76496.0,77084.0,76574.0,76496.0,1077.0,1
1046,2021,esteban-ocon,alpine,8,76653.0,77367.0,76766.0,76653.0,1234.0,1
1046,2021,fernando-alonso,alpine,9,76715.0,77123.0,76541.0,76715.0,1296.0,1
1046,2021,sebastian-vettel,aston-martin,10,76750.0,77105.0,76794.0,76750.0,1331.0,1
1046,2021,daniel-ricciardo,mclaren,11,76871.0,77664.0,76871.0,,,0
1046,2021,lance-stroll,aston-martin,12,76893.0,77038.0,76893.0,,,0
1046,2021,kimi-raikkonen,alfa-romeo,13,77564.0,77553.0,77564.0,,,0
1046,2021,antonio-giovinazzi,alfa-romeo,14,77583.0,77776.0,77583.0,,,0
1046,2021,carlos-sainz-jr,ferrari,15,76649.0,76649.0,,,,0
1046,2021,yuki-tsunoda,alphatauri,16,77919.0,77919.0,,,,0
1046,2021,george-russell,williams,17,77944.0,77944.0,,,,0
1046,2021,nicholas-latifi,williams,18,78036.0,78036.0,,,,0
1046,2021,nikita-mazepin,haas,19,78922.0,78922.0,,,,0
1047,2021,max-verstappen,red-bull,1,119765.0,118717.0,116559.0,119765.0,,1
1047,2021,george-russell,williams,2,120086.0,119864.0,116950.0,120086.0,321.0,1
1047,2021,lewis-hamilton,mercedes,3,120099.0,119218.0,116229.0,120099.0,334.0,1
1047,2021,daniel-ricciardo,mclaren,4,120864.0,121583.0,117127.0,120864.0,1099.0,1
1047,2021,sebastian-vettel,aston-martin,5,120935.0,120175.0,116814.0,120935.0,1170.0,1
1047,2021,pierre-gasly,alphatauri,6,121164.0,120387.0,116440.0,121164.0,1399.0,1
1047,2021,sergio-perez,red-bull,7,122112.0,119334.0,116886.0,122112.0,2347.0,1
1047,2021,valtteri-bottas,mercedes,8,122502.0,119870.0,116295.0,122502.0,2737.0,1
1047,2021,esteban-ocon,alpine,9,123513.0,121824.0,117354.0,123513.0,3748.0,1
1047,2021,lando-norris,mclaren,10,116025.0,118301.0,116025.0,,,0
1047,2021,charles-leclerc,ferrari,11,117721.0,120728.0,117721.0,,,0
1047,2021,nicholas-latifi,williams,12,118056.0,120966.0,118056.0,,,0
1047,2021,carlos-sainz-jr,ferrari,13,118137.0,121184.0,118137.0,,,0
1047,2021,fernando-alonso,alpine,14,118205.0,121653.0,118205.0,,,0
1047,2021,lance-stroll,aston-martin,15,118231.0,121597.0,118231.0,,,0
1047,2021,antonio-giovinazzi,alfa-romeo,16,122306.0,122306.0,,,,0
1047,2021,yuki-tsunoda,alphatauri,17,122413.0,122413.0,,,,0
1047,2021,mick-schumacher,haas,18,123973.0,123973.0,,,,0
1047,2021,kimi-raikkonen,alfa-romeo,19,124452.0,124452.0,,,,0
1047,2021,nikita-mazepin,haas,20,124939.0,124939.0,,,,0
1048,2021,max-verstappen,red-bull,1,68885.0,70036.0,69071.0,68885.0,,1
1048,2021,lewis-hamilton,mercedes,2,68923.0,70114.0,69726.0,68923.0,38.0,1
1048,2021,valtteri-bottas,mercedes,3,69222.0,70219.0,69769.0,69222.0,337.0,1
1048,2021,pierre-gasly,alphatauri,4,69478.0,70274.0,69541.0,69478.0,593.0,1
1048,2021,charles-leclerc,ferrari,5,69527.0,69829.0,69437.0,69527.0,642.0,1
1048,2021,carlos-sainz-jr,ferrari,6,69537.0,70022.0,69870.0,69537.0,652.0,1
1048,2021,antonio-giovinazzi,alfa-romeo,7,69590.0,70050.0,70033.0,69590.0,705.0,1
1048,2021,esteban-ocon,alpine,8,69933.0,70179.0,69919.0,69933.0,1048.0,1
1048,2021,fernando-alonso,alpine,9,69956.0,70435.0,70020.0,69956.0,1071.0,1
1048,2021,daniel-ricciardo,mclaren,10,70166.0,70255.0,69865.0,70166.0,1281.0,1
1048,2021,george-russell,williams,11,70332.0,70382.0,70332.0,,,0
1048,2021,lance-stroll,aston-martin,12,70367.0,70438.0,70367.0,,,0
1048,2021,lando-norris,mclaren,13,70406.0,70489.0,70406.0,,,0
1048,2021,nicholas-latifi,williams,14,71161.0,70093.0,71161.0,,,0
1048,2021,yuki-tsunoda,alphatauri,15,71314.0,70462.0,71314.0,,,0
1048,2021,sergio-perez,red-bull,16,70530.0,70530.0,,,,0
1048,2021,sebastian-vettel,aston-martin,17,70731.0,70731.0,,,,0
1048,2021,robert-kubica,alfa-romeo,18,71301.0,71301.0,,,,0
1048,2021,mick-schumacher,haas,19,71387.0,71387.0,,,,0
1048,2021,nikita-mazepin,haas,20,71875.0,71875.0,,,,0
1049,2021,valtteri-bottas,mercedes,1,79555.0,80685.0,80032.0,79555.0,,1
1049,2021,lewis-hamilton,mercedes,2,79651.0,80543.0,79936.0,79651.0,96.0,1
1049,2021,max-verstappen,red-bull,3,79966.0,81035.0,80229.0,79966.0,411.0,1
1049,2021,lando-norris,mclaren,4,79989.0,80916.0,80059.0,79989.0,434.0,1
1049,2021,daniel-ricciardo,mclaren,5,79995.0,81292.0,80435.0,79995.0,440.0,1
1049,2021,pierre-gasly,alphatauri,6,80260.0,81440.0,80556.0,80260.0,705.0,1
1049,2021,carlos-sainz-jr,ferrari,7,80462.0,81118.0,80750.0,80462.0,907.0,1
1049,2021,charles-leclerc,ferrari,8,80510.0,81219.0,80767.0,80510.0,955.0,1
1049,2021,sergio-perez,red-bull,9,80611.0,81308.0,80882.0,80611.0,1056.0,1
1049,2021,antonio-giovinazzi,alfa-romeo,10,80808.0,81197.0,80726.0,80808.0,1253.0,1
1049,2021,sebastian-vettel,aston-martin,11,80913.0,81394.0,80913.0,,,0
1049,2021,lance-stroll,aston-martin,12,81020.0,81415.0,81020.0,,,0
1049,2021,fernando-alonso,alpine,13,81069.0,81487.0,81069.0,,,0
1049,2021,esteban-ocon,alpine,14,81103.0,81500.0,81103.0,,,0
1049,2021,george-russell,williams,15,81392.0,81890.0,81392.0,,,0
1049,2021,nicholas-latifi,williams,16,81925.0,81925.0,,,,0
1049,2021,yuki-tsunoda,alphatauri,17,81973.0,81973.0,,,,0
1049,2021,mick-schumacher,haas,18,82248.0,82248.0,,,,0
1049,2021,robert-kubica,alfa-romeo,19,82530.0,82530.0,,,,0
1049,2021,nikita-mazepin,haas,20,82716.0,82716.0,,,,0
1050,2021,lando-norris,mclaren,1,101993.0,107238.0,105827.0,101993.0,,1
1050,2021,carlos-sainz-jr,ferrari,2,102510.0,107924.0,106521.0,102510.0,517.0,1
1050,2021,george-russell,williams,3,102983.0,108303.0,106435.0,102983.0,990.0,1
1050,2021,lewis-hamilton,mercedes,4,104050.0,105992.0,105129.0,104050.0,2057.0,1
1050,2021,daniel-ricciardo,mclaren,5,104156.0,108345.0,106361.0,104156.0,2163.0,1
1050,2021,fernando-alonso,alpine,6,104204.0,107877.0,105514.0,104204.0,2211.0,1
1050,2021,valtteri-bottas,mercedes,7,104710.0,106396.0,105306.0,104710.0,2717.0,1
1050,2021,lance-stroll,aston-martin,8,104956.0,108322.0,106360.0,104956.0,2963.0,1
1050,2021,sergio-perez,red-bull,9,105337.0,106455.0,105834.0,105337.0,3344.0,1
1050,2021,esteban-ocon,alpine,10,105865.0,108099.0,106070.0,105865.0,3872.0,1
1050,2021,sebastian-vettel,aston-martin,11,106573.0,107205.0,106573.0,,,0
1050,2021,pierre-gasly,alphatauri,12,106641.0,107828.0,106641.0,,,0
1050,2021,yuki-tsunoda,alphatauri,13,106751.0,108854.0,106751.0,,,0
1050,2021,nicholas-latifi,williams,14,108252.0,108252.0,,,,0
1050,2021,charles-leclerc,ferrari,15,108470.0,108470.0,,,,0
1050,2021,kimi-raikkonen,alfa-romeo,16,109586.0,109586.0,,,,0
1050,2021,mick-schumacher,haas,17,109830.0,109830.0,,,,0
1050,2021,antonio-giovinazzi,alfa-romeo,18,111023.0,111023.0,,,,0
1050,2021,nikita-mazepin,haas,19,113764.0,113764.0,,,,0
1050,2021,max-verstappen,red-bull,20,,,,,,0
1051,2021,lewis-hamilton,mercedes,1,82868.0,84585.0,83082.0,82868.0,,1
1051,2021,valtteri-bottas,mercedes,2,82998.0,85047.0,83579.0,82998.0,130.0,1
1051,2021,max-verstappen,red-bull,3,83196.0,84592.0,83732.0,83196.0,328.0,1
1051,2021,charles-leclerc,ferrari,4,83265.0,84869.0,84015.0,83265.0,397.0,1
1051,2021,pierre-gasly,alphatauri,5,83326.0,84704.0,83817.0,83326.0,458.0,1
1051,2021,fernando-alonso,alpine,6,83477.0,85174.0,83914.0,83477.0,609.0,1
1051,2021,sergio-perez,red-bull,7,83706.0,84963.0,83961.0,83706.0,838.0,1
1051,2021,lando-norris,mclaren,8,83954.0,85138.0,84642.0,83954.0,1086.0,1
1051,2021,lance-stroll,aston-martin,9,84305.0,85511.0,84601.0,84305.0,1437.0,1
1051,2021,yuki-tsunoda,alphatauri,10,84368.0,85409.0,84054.0,84368.0,1500.0,1
1051,2021,sebastian-vettel,aston-martin,11,84795.0,85787.0,84795.0,,,0
1051,2021,esteban-ocon,alpine,12,84842.0,85422.0,84842.0,,,0
1051,2021,george-russell,williams,13,85007.0,85417.0,85007.0,,,0
1051,2021,mick-schumacher,haas,14,85200.0,85555.0,85200.0,,,0
1051,2021,carlos-sainz-jr,ferrari,15,85177.0,85177.0,,,,0
1051,2021,daniel-ricciardo,mclaren,16,85881.0,85881.0,,,,0
1051,2021,nicholas-latifi,williams,17,86086.0,86086.0,,,,0
1051,2021,antonio-giovinazzi,alfa-romeo,18,86430.0,86430.0,,,,0
1051,2021,kimi-raikkonen,alfa-romeo,19,87525.0,87525.0,,,,0
1051,2021,nikita-mazepin,haas,20,88449.0,88449.0,,,,0
1052,2021,max-verstappen,red-bull,1,92910.0,94352.0,93464.0,92910.0,,1
1052,2021,lewis-hamilton,mercedes,2,93119.0,94579.0,93797.0,93119.0,209.0,1
1052,2021,sergio-perez,red-bull,3,93134.0,94369.0,94178.0,93134.0,224.0,1
1052,2021,valtteri-bottas,mercedes,4,93475.0,94590.0,93959.0,93475.0,565.0,1
1052,2021,charles-leclerc,ferrari,5,93606.0,94153.0,93928.0,93606.0,696.0,1
1052,2021,carlos-sainz-jr,ferrari,6,93792.0,94558.0,94126.0,93792.0,882.0,1
1052,2021,daniel-ricciardo,mclaren,7,93808.0,94407.0,94643.0,93808.0,898.0,1
1052,2021,lando-norris,mclaren,8,93887.0,94551.0,93880.0,93887.0,977.0,1
1052,2021,pierre-gasly,alphatauri,9,94118.0,94567.0,94583.0,94118.0,1208.0,1
1052,2021,yuki-tsunoda,alphatauri,10,94918.0,95360.0,95137.0,94918.0,2008.0,1
1052,2021,esteban-ocon,alpine,11,95377.0,95747.0,95377.0,,,0
1052,2021,sebastian-vettel,aston-martin,12,95500.0,95281.0,95500.0,,,0
1052,2021,antonio-giovinazzi,alfa-romeo,13,95794.0,95920.0,95794.0,,,0
1052,2021,fernando-alonso,alpine,14,104549.0,95756.0,104549.0,,,0
1052,2021,george-russell,williams,15,95746.0,95746.0,,,,0
1052,2021,lance-stroll,aston-martin,16,95983.0,95983.0,,,,0
1052,2021,nicholas-latifi,williams,17,95995.0,95995.0,,,,0
1052,2021,kimi-raikkonen,alfa-romeo,18,96311.0,96311.0,,,,0
1052,2021,mick-schumacher,haas,19,96499.0,96499.0,,,,0
1052,2021,nikita-mazepin,haas,20,96796.0,96796.0,,,,0
1053,2021,valtteri-bottas,mercedes,1,75875.0,76727.0,76864.0,75875.0,,1
1053,2021,lewis-hamilton,mercedes,2,76020.0,77207.0,76474.0,76020.0,145.0,1
1053,2021,max-verstappen,red-bull,3,76225.0,76788.0,76483.0,76225.0,350.0,1
1053,2021,sergio-perez,red-bull,4,76342.0,77003.0,77055.0,76342.0,467.0,1
1053,2021,pierre-gasly,alphatauri,5,76456.0,76908.0,76955.0,76456.0,581.0,1
1053,2021,carlos-sainz-jr,ferrari,6,76761.0,77517.0,77248.0,76761.0,886.0,1
1053,2021,daniel-ricciardo,mclaren,7,76763.0,77719.0,77092.0,76763.0,888.0,1
1053,2021,charles-leclerc,ferrari,8,76837.0,76748.0,77034.0,76837.0,962.0,1
1053,2021,yuki-tsunoda,alphatauri,9,77158.0,77330.0,76701.0,77158.0,1283.0,1
1053,2021,lando-norris,mclaren,10,96830.0,77569.0,77473.0,96830.0,20955.0,1
1053,2021,sebastian-vettel,aston-martin,11,77746.0,77502.0,77746.0,,,0
1053,2021,kimi-raikkonen,alfa-romeo,12,77958.0,77606.0,77958.0,,,0
1053,2021,george-russell,williams,13,78172.0,77958.0,78172.0,,,0
1053,2021,antonio-giovinazzi,alfa-romeo,14,78290.0,77897.0,78290.0,,,0
1053,2021,esteban-ocon,alpine,15,78405.0,78126.0,78405.0,,,0
1053,2021,fernando-alonso,alpine,16,78452.0,78452.0,,,,0
1053,2021,nicholas-latifi,williams,17,78756.0,78756.0,,,,0
1053,2021,mick-schumacher,haas,18,78858.0,78858.0,,,,0
1053,2021,nikita-mazepin,haas,19,79303.0,79303.0,,,,0
1053,2021,lance-stroll,aston-martin,20,80873.0,80873.0,,,,0
1054,2021,max-verstappen,red-bull,1,68372.0,69329.0,68499.0,68372.0,438.0,1
1054,2021,valtteri-bottas,mercedes,2,68469.0,69040.0,68426.0,68469.0,535.0,1
1054,2021,sergio-perez,red-bull,3,68483.0,69172.0,68973.0,68483.0,549.0,1
1054,2021,pierre-gasly,alphatauri,4,68777.0,69347.0,68903.0,68777.0,843.0,1
1054,2021,carlos-sainz-jr,ferrari,5,68826.0,69046.0,69031.0,68826.0,892.0,1
1054,2021,charles-leclerc,ferrari,6,68960.0,69155.0,68859.0,68960.0,1026.0,1
1054,2021,lando-norris,mclaren,7,68980.0,69365.0,69030.0,68980.0,1046.0,1
1054,2021,daniel-ricciardo,mclaren,8,69039.0,69374.0,69093.0,69039.0,1105.0,1
1054,2021,fernando-alonso,alpine,9,69113.0,69391.0,69137.0,69113.0,1179.0,1
1054,2021,esteban-ocon,alpine,10,69189.0,69430.0,69189.0,,,0
1054,2021,sebastian-vettel,aston-martin,11,69399.0,69451.0,69399.0,,,0
1054,2021,yuki-tsunoda,alphatauri,12,69483.0,69350.0,69483.0,,,0
1054,2021,kimi-raikkonen,alfa-romeo,13,69503.0,69598.0,69503.0,,,0
1054,2021,antonio-giovinazzi,alfa-romeo,14,70227.0,69342.0,70227.0,,,0
1054,2021,lance-stroll,aston-martin,15,69663.0,69663.0,,,,0
1054,2021,nicholas-latifi,williams,16,69897.0,69897.0,,,,0
1054,2021,george-russell,williams,17,69953.0,69953.0,,,,0
1054,2021,mick-schumacher,haas,18,70329.0,70329.0,,,,0
1054,2021,nikita-mazepin,haas,19,70589.0,70589.0,,,,0
1054,2021,lewis-hamilton,mercedes,,67934.0,68733.0,68068.0,67934.0,,1
1055,2021,lewis-hamilton,mercedes,1,80827.0,81901.0,81682.0,80827.0,,1
1055,2021,max-verstappen,red-bull,2,81424.0,81996.0,81984.0,81424.0,597.0,1
1055,2021,valtteri-bottas,mercedes,3,81478.0,82016.0,81991.0,81478.0,651.0,1
1055,2021,pierre-gasly,alphatauri,4,81640.0,82535.0,81728.0,81640.0,813.0,1
1055,2021,fernando-alonso,alpine,5,81670.0,82422.0,81894.0,81670.0,843.0,1
1055,2021,lando-norris,mclaren,6,81731.0,82839.0,82216.0,81731.0,904.0,1
1055,2021,carlos-sainz-jr,ferrari,7,81840.0,82304.0,82241.0,81840.0,1013.0,1
1055,2021,yuki-tsunoda,alphatauri,8,81881.0,82458.0,82058.0,81881.0,1054.0,1
1055,2021,esteban-ocon,alpine,9,82028.0,82565.0,82012.0,82028.0,1201.0,1
1055,2021,sebastian-vettel,aston-martin,10,82785.0,82549.0,82146.0,82785.0,1958.0,1
1055,2021,sergio-perez,red-bull,11,82346.0,82398.0,82346.0,,,0
1055,2021,lance-stroll,aston-martin,12,82460.0,82551.0,82460.0,,,0
1055,2021,charles-leclerc,ferrari,13,82463.0,82742.0,82463.0,,,0
1055,2021,daniel-ricciardo,mclaren,14,82597.0,82688.0,82597.0,,,0
1055,2021,george-russell,williams,15,82756.0,82863.0,82756.0,,,0
1055,2021,kimi-raikkonen,alfa-romeo,16,83156.0,83156.0,,,,0
1055,2021,nicholas-latifi,williams,17,83213.0,83213.0,,,,0
1055,2021,antonio-giovinazzi,alfa-romeo,18,83262.0,83262.0,,,,0
1055,2021,mick-schumacher,haas,19,83407.0,83407.0,,,,0
1055,2021,nikita-mazepin,haas,20,85859.0,85859.0,,,,0
1056,2021,lewis-hamilton,mercedes,1,87511.0,88466.0,87712.0,87511.0,,1
1056,2021,valtteri-bottas,mercedes,2,87622.0,88057.0,88054.0,87622.0,111.0,1
1056,2021,max-verstappen,red-bull,3,87653.0,88285.0,87953.0,87653.0,142.0,1
1056,2021,charles-leclerc,ferrari,4,88054.0,88310.0,88459.0,88054.0,543.0,1
1056,2021,sergio-perez,red-bull,5,88123.0,88021.0,87946.0,88123.0,612.0,1
1056,2021,pierre-gasly,alphatauri,6,88125.0,88401.0,88314.0,88125.0,614.0,1
1056,2021,lando-norris,mclaren,7,88180.0,88338.0,88344.0,88180.0,669.0,1
1056,2021,yuki-tsunoda,alphatauri,8,88442.0,88503.0,88222.0,88442.0,931.0,1
1056,2021,esteban-ocon,alpine,9,88647.0,88752.0,88574.0,88647.0,1136.0,1
1056,2021,antonio-giovinazzi,alfa-romeo,10,88754.0,88899.0,88616.0,88754.0,1243.0,1
1056,2021,daniel-ricciardo,mclaren,11,88668.0,88216.0,88668.0,,,0
1056,2021,kimi-raikkonen,alfa-romeo,12,88885.0,88856.0,88885.0,,,0
1056,2021,fernando-alonso,alpine,13,88920.0,88944.0,88920.0,,,0
1056,2021,george-russell,williams,14,89054.0,88926.0,89054.0,,,0
1056,2021,carlos-sainz-jr,ferrari,15,113652.0,88237.0,113652.0,,,0
1056,2021,nicholas-latifi,williams,16,89177.0,89177.0,,,,0
1056,2021,sebastian-vettel,aston-martin,17,89198.0,89198.0,,,,0
1056,2021,lance-stroll,aston-martin,18,89368.0,89368.0,,,,0
1056,2021,mick-schumacher,haas,19,89464.0,89464.0,,,,0
1056,2021,nikita-mazepin,haas,20,90473.0,90473.0,,,,0
1057,2021,max-verstappen,red-bull,1,82109.0,83322.0,82800.0,82109.0,,1
1057,2021,lewis-hamilton,mercedes,2,82480.0,82845.0,83145.0,82480.0,371.0,1
1057,2021,lando-norris,mclaren,3,82931.0,83553.0,83256.0,82931.0,822.0,1
1057,2021,sergio-perez,red-bull,4,82947.0,83350.0,83135.0,82947.0,838.0,1
1057,2021,carlos-sainz-jr,ferrari,5,82992.0,83624.0,83174.0,82992.0,883.0,1
1057,2021,valtteri-bottas,mercedes,6,83036.0,83117.0,83246.0,83036.0,927.0,1
1057,2021,charles-leclerc,ferrari,7,83122.0,83467.0,83202.0,83122.0,1013.0,1
1057,2021,yuki-tsunoda,alphatauri,8,83220.0,83428.0,83404.0,83220.0,1111.0,1
1057,2021,esteban-ocon,alpine,9,83389.0,83764.0,83420.0,83389.0,1280.0,1
1057,2021,daniel-ricciardo,mclaren,10,83409.0,83829.0,83448.0,83409.0,1300.0,1
1057,2021,fernando-alonso,alpine,11,83460.0,83846.0,83460.0,,,0
1057,2021,pierre-gasly,alphatauri,12,84043.0,83489.0,84043.0,,,0
1057,2021,lance-stroll,aston-martin,13,84066.0,84061.0,84066.0,,,0
1057,2021,antonio-giovinazzi,alfa-romeo,14,84251.0,84118.0,84251.0,,,0
1057,2021,sebastian-vettel,aston-martin,15,84305.0,84225.0,84305.0,,,0
1057,2021,nicholas-latifi,williams,16,84338.0,84338.0,,,,0
1057,2021,george-russell,williams,17,84423.0,84423.0,,,,0
1057,2021,kimi-raikkonen,alfa-romeo,18,84779.0,84779.0,,,,0
1057,2021,mick-schumacher,haas,19,84906.0,84906.0,,,,0
1057,2021,nikita-mazepin,haas,20,85685.0,85685.0,,,,0
1058,2022,charles-leclerc,ferrari,1,90558.0,91471.0,90932.0,90558.0,,1
1058,2022,max-verstappen,red-bull,2,90681.0,91785.0,90757.0,90681.0,123.0,1
1058,2022,carlos-sainz-jr,ferrari,3,90687.0,91567.0,90787.0,90687.0,129.0,1
1058,2022,sergio-perez,red-bull,4,90921.0,92311.0,91008.0,90921.0,363.0,1
1058,2022,lewis-hamilton,mercedes,5,91238.0,92285.0,91048.0,91238.0,680.0,1
1058,2022,valtteri-bottas,alfa-romeo,6,91560.0,91919.0,91717.0,91560.0,1002.0,1
1058,2022,kevin-magnussen,haas,7,91808.0,91955.0,91461.0,91808.0,1250.0,1
1058,2022,fernando-alonso,alpine,8,92195.0,92346.0,91621.0,92195.0,1637.0,1
1058,2022,george-russell,mercedes,9,92216.0,92269.0,91252.0,92216.0,1658.0,1
1058,2022,pierre-gasly,alphatauri,10,92338.0,92096.0,91635.0,92338.0,1780.0,1
1058,2022,esteban-ocon,alpine,11,91782.0,92041.0,91782.0,,,0
1058,2022,mick-schumacher,haas,12,91998.0,92380.0,91998.0,,,0
1058,2022,lando-norris,mclaren,13,92008.0,92239.0,92008.0,,,0
1058,2022,alexander-albon,williams,14,92664.0,92726.0,92664.0,,,0
1058,2022,guanyu-zhou,alfa-romeo,15,93543.0,92493.0,93543.0,,,0
1058,2022,yuki-tsunoda,alphatauri,16,92750.0,92750.0,,,,0
1058,2022,nico-hulkenberg,aston-martin,17,92777.0,92777.0,,,,0
1058,2022,daniel-ricciardo,mclaren,18,92945.0,92945.0,,,,0
1058,2022,lance-stroll,aston-martin,19,93032.0,93032.0,,,,0
1058,2022,nicholas-latifi,williams,20,93634.0,93634.0,,,,0
1059,2022,sergio-perez,red-bull,1,88200.0,89705.0,88924.0,88200.0,,1
1059,2022,charles-leclerc,ferrari,2,88225.0,89039.0,88780.0,88225.0,25.0,1
1059,2022,carlos-sainz-jr,ferrari,3,88402.0,88855.0,88686.0,88402.0,202.0,1
1059,2022,max-verstappen,red-bull,4,88461.0,88928.0,88945.0,88461.0,261.0,1
1059,2022,esteban-ocon,alpine,5,89068.0,90093.0,89584.0,89068.0,868.0,1
1059,2022,george-russell,mercedes,6,89104.0,89680.0,89618.0,89104.0,904.0,1
1059,2022,fernando-alonso,alpine,7,89147.0,89978.0,89295.0,89147.0,947.0,1
1059,2022,valtteri-bottas,alfa-romeo,8,89183.0,89683.0,89404.0,89183.0,983.0,1
1059,2022,pierre-gasly,alphatauri,9,89254.0,89891.0,89418.0,89254.0,1054.0,1
1059,2022,kevin-magnussen,haas,10,89588.0,89831.0,89546.0,89588.0,1388.0,1
1059,2022,lando-norris,mclaren,11,89651.0,89957.0,89651.0,,,0
1059,2022,daniel-ricciardo,mclaren,12,89773.0,90009.0,89773.0,,,0
1059,2022,guanyu-zhou,alfa-romeo,13,89819.0,89978.0,89819.0,,,0
1059,2022,mick-schumacher,haas,14,89920.0,90167.0,89920.0,,,0
1059,2022,lance-stroll,aston-martin,15,91009.0,90256.0,91009.0,,,0
1059,2022,lewis-hamilton,mercedes,16,90343.0,90343.0,,,,0
1059,2022,alexander-albon,williams,17,90492.0,90492.0,,,,0
1059,2022,nico-hulkenberg,aston-martin,18,90543.0,90543.0,,,,0
1059,2022,nicholas-latifi,williams,19,91817.0,91817.0,,,,0
1059,2022,yuki-tsunoda,alphatauri,,,,,,,0
1060,2022,charles-leclerc,ferrari,1,77868.0,78881.0,78606.0,77868.0,,1
1060,2022,max-verstappen,red-bull,2,78154.0,78580.0,78611.0,78154.0,286.0,1
1060,2022,sergio-perez,red-bull,3,78240.0,78834.0,78340.0,78240.0,372.0,1
1060,2022,lando-norris,mclaren,4,78703.0,79280.0,79066.0,78703.0,835.0,1
1060,2022,lewis-hamilton,mercedes,5,78825.0,79401.0,79106.0,78825.0,957.0,1
1060,2022,george-russell,mercedes,6,78933.0,79405.0,79076.0,78933.0,1065.0,1
1060,2022,daniel-ricciardo,mclaren,7,79032.0,79665.0,79130.0,79032.0,1164.0,1
1060,2022,esteban-ocon,alpine,8,79061.0,79605.0,79136.0,79061.0,1193.0,1
1060,2022,carlos-sainz-jr,ferrari,9,79408.0,78983.0,78469.0,79408.0,1540.0,1
1060,2022,fernando-alonso,alpine,10,78815.0,79192.0,78815.0,,,0
1060,2022,pierre-gasly,alphatauri,11,79226.0,79580.0,79226.0,,,0
1060,2022,valtteri-bottas,alfa-romeo,12,79410.0,79251.0,79410.0,,,0
1060,2022,yuki-tsunoda,alphatauri,13,79424.0,79742.0,79424.0,,,0
1060,2022,guanyu-zhou,alfa-romeo,14,80155.0,79910.0,80155.0,,,0
1060,2022,mick-schumacher,haas,15,80465.0,80104.0,80465.0,,,0
1060,2022,kevin-magnussen,haas,16,80254.0,80254.0,,,,0
1060,2022,sebastian-vettel,aston-martin,17,81149.0,81149.0,,,,0
1060,2022,nicholas-latifi,williams,18,81372.0,81372.0,,,,0
1060,2022,lance-stroll,aston-martin,,,,,,,0
1060,2022,alexander-albon,williams,,80135.0,80135.0,,,,0
1061,2022,max-verstappen,red-bull,1,87999.0,79295.0,78793.0,87999.0,,1
1061,2022,charles-leclerc,ferrari,2,88778.0,78796.0,79584.0,88778.0,779.0,1
1061,2022,lando-norris,mclaren,3,89131.0,80168.0,79294.0,89131.0,1132.0,1
1061,2022,kevin-magnussen,haas,4,89164.0,80147.0,79902.0,89164.0,1165.0,1
1061,2022,fernando-alonso,alpine,5,89202.0,80198.0,79595.0,89202.0,1203.0,1
1061,2022,daniel-ricciardo,mclaren,6,89742.0,79980.0,80031.0,89742.0,1743.0,1
1061,2022,sergio-perez,red-bull,7,89808.0,79773.0,79296.0,89808.0,1809.0,1
1061,2022,valtteri-bottas,alfa-romeo,8,90439.0,80419.0,80192.0,90439.0,2440.0,1
1061,2022,sebastian-vettel,aston-martin,9,91062.0,80364.0,79957.0,91062.0,3063.0,1
1061,2022,carlos-sainz-jr,ferrari,10,78990.0,79305.0,78990.0,,,0
1061,2022,george-russell,mercedes,11,80757.0,80383.0,80757.0,,,0
1061,2022,mick-schumacher,haas,12,80916.0,80422.0,80916.0,,,0
1061,2022,lewis-hamilton,mercedes,13,81138.0,80470.0,81138.0,,,0
1061,2022,guanyu-zhou,alfa-romeo,14,81434.0,79730.0,81434.0,,,0
1061,2022,lance-stroll,aston-martin,15,88119.0,80342.0,88119.0,,,0
1061,2022,yuki-tsunoda,alphatauri,16,80474.0,80474.0,,,,0
1061,2022,pierre-gasly,alphatauri,17,80732.0,80732.0,,,,0
1061,2022,nicholas-latifi,williams,18,81971.0,81971.0,,,,0
1061,2022,esteban-ocon,alpine,19,82338.0,82338.0,,,,0
1061,2022,alexander-albon,williams,,,,,,,0
1062,2022,charles-leclerc,ferrari,1,88796.0,89474.0,89130.0,88796.0,,1
1062,2022,carlos-sainz-jr,ferrari,2,88986.0,90079.0,89729.0,88986.0,190.0,1
1062,2022,max-verstappen,red-bull,3,88991.0,89836.0,89202.0,88991.0,195.0,1
1062,2022,sergio-perez,red-bull,4,89036.0,90055.0,89673.0,89036.0,240.0,1
1062,2022,valtteri-bottas,alfa-romeo,5,89475.0,90845.0,89751.0,89475.0,679.0,1
1062,2022,lewis-hamilton,mercedes,6,89625.0,90388.0,89797.0,89625.0,829.0,1
1062,2022,pierre-gasly,alphatauri,7,89690.0,90779.0,90128.0,89690.0,894.0,1
1062,2022,lando-norris,mclaren,8,89750.0,90761.0,89634.0,89750.0,954.0,1
1062,2022,yuki-tsunoda,alphatauri,9,89932.0,90485.0,90031.0,89932.0,1136.0,1
1062,2022,lance-stroll,aston-martin,10,90676.0,90441.0,89996.0,90676.0,1880.0,1
1062,2022,fernando-alonso,alpine,11,90160.0,90407.0,90160.0,,,0
1062,2022,george-russell,mercedes,12,90173.0,90490.0,90173.0,,,0
1062,2022,sebastian-vettel,aston-martin,13,90214.0,90677.0,90214.0,,,0
1062,2022,daniel-ricciardo,mclaren,14,90310.0,90583.0,90310.0,,,0
1062,2022,mick-schumacher,haas,15,90423.0,90645.0,90423.0,,,0
1062,2022,kevin-magnussen,haas,16,90975.0,90975.0,,,,0
1062,2022,guanyu-zhou,alfa-romeo,17,91020.0,91020.0,,,,0
1062,2022,alexander-albon,williams,18,91266.0,91266.0,,,,0
1062,2022,nicholas-latifi,williams,19,91325.0,91325.0,,,,0
1063,2022,charles-leclerc,ferrari,1,78750.0,79861.0,79969.0,78750.0,,1
1063,2022,max-verstappen,red-bull,2,79073.0,80091.0,79219.0,79073.0,323.0,1
1063,2022,carlos-sainz-jr,ferrari,3,79166.0,79892.0,79453.0,79166.0,416.0,1
1063,2022,george-russell,mercedes,4,79393.0,80218.0,79470.0,79393.0,643.0,1
1063,2022,sergio-perez,red-bull,5,79420.0,80447.0,79830.0,79420.0,670.0,1
1063,2022,lewis-hamilton,mercedes,6,79512.0,80252.0,79794.0,79512.0,762.0,1
1063,2022,valtteri-bottas,alfa-romeo,7,79608.0,80355.0,80053.0,79608.0,858.0,1
1063,2022,kevin-magnussen,haas,8,79682.0,80227.0,79810.0,79682.0,932.0,1
1063,2022,daniel-ricciardo,mclaren,9,80297.0,80549.0,80287.0,80297.0,1547.0,1
1063,2022,mick-schumacher,haas,10,80368.0,80683.0,80436.0,80368.0,1618.0,1
1063,2022,lando-norris,mclaren,11,80471.0,80838.0,80471.0,,,0
1063,2022,esteban-ocon,alpine,12,80638.0,80880.0,80638.0,,,0
1063,2022,yuki-tsunoda,alphatauri,13,80639.0,80707.0,80639.0,,,0
1063,2022,pierre-gasly,alphatauri,14,80861.0,80719.0,80861.0,,,0
1063,2022,guanyu-zhou,alfa-romeo,15,81094.0,80476.0,81094.0,,,0
1063,2022,sebastian-vettel,aston-martin,16,80954.0,80954.0,,,,0
1063,2022,fernando-alonso,alpine,17,81043.0,81043.0,,,,0
1063,2022,lance-stroll,aston-martin,18,81418.0,81418.0,,,,0
1063,2022,alexander-albon,williams,19,81645.0,81645.0,,,,0
1063,2022,nicholas-latifi,williams,20,81915.0,81915.0,,,,0
1064,2022,charles-leclerc,ferrari,1,71376.0,72569.0,71864.0,71376.0,,1
1064,2022,carlos-sainz-jr,ferrari,2,71601.0,72616.0,72074.0,71601.0,225.0,1
1064,2022,sergio-perez,red-bull,3,71629.0,73004.0,71954.0,71629.0,253.0,1
1064,2022,max-verstappen,red-bull,4,71666.0,72993.0,72117.0,71666.0,290.0,1
1064,2022,lando-norris,mclaren,5,71849.0,72927.0,72266.0,71849.0,473.0,1
1064,2022,george-russell,mercedes,6,72112.0,72787.0,72617.0,72112.0,736.0,1
1064,2022,fernando-alonso,alpine,7,72247.0,73394.0,72688.0,72247.0,871.0,1
1064,2022,lewis-hamilton,mercedes,8,72560.0,73444.0,72595.0,72560.0,1184.0,1
1064,2022,sebastian-vettel,aston-martin,9,72732.0,73313.0,72613.0,72732.0,1356.0,1
1064,2022,esteban-ocon,alpine,10,73047.0,72848.0,72528.0,73047.0,1671.0,1
1064,2022,yuki-tsunoda,alphatauri,11,72797.0,73110.0,72797.0,,,0
1064,2022,valtteri-bottas,alfa-romeo,12,72909.0,73541.0,72909.0,,,0
1064,2022,kevin-magnussen,haas,13,72921.0,73069.0,72921.0,,,0
1064,2022,daniel-ricciardo,mclaren,14,72964.0,73338.0,72964.0,,,0
1064,2022,mick-schumacher,haas,15,73081.0,73469.0,73081.0,,,0
1064,2022,alexander-albon,williams,16,73611.0,73611.0,,,,0
1064,2022,pierre-gasly,alphatauri,17,73660.0,73660.0,,,,0
1064,2022,lance-stroll,aston-martin,18,73678.0,73678.0,,,,0
1064,2022,nicholas-latifi,williams,19,74403.0,74403.0,,,,0
1064,2022,guanyu-zhou,alfa-romeo,20,75606.0,75606.0,,,,0
1065,2022,charles-leclerc,ferrari,1,101359.0,102865.0,102046.0,101359.0,,1
1065,2022,sergio-perez,red-bull,2,101641.0,102733.0,101955.0,101641.0,282.0,1
1065,2022,max-verstappen,red-bull,3,101706.0,102722.0,102227.0,101706.0,347.0,1
1065,2022,carlos-sainz-jr,ferrari,4,101814.0,102957.0,102088.0,101814.0,455.0,1
1065,2022,george-russell,mercedes,5,102712.0,103754.0,103281.0,102712.0,1353.0,1
1065,2022,pierre-gasly,alphatauri,6,102845.0,103268.0,103129.0,102845.0,1486.0,1
1065,2022,lewis-hamilton,mercedes,7,102924.0,103939.0,103182.0,102924.0,1565.0,1
1065,2022,yuki-tsunoda,alphatauri,8,103056.0,103595.0,103376.0,103056.0,1697.0,1
1065,2022,sebastian-vettel,aston-martin,9,103091.0,103279.0,103268.0,103091.0,1732.0,1
1065,2022,fernando-alonso,alpine,10,103173.0,104083.0,103360.0,103173.0,1814.0,1
1065,2022,lando-norris,mclaren,11,103398.0,104237.0,103398.0,,,0
1065,2022,daniel-ricciardo,mclaren,12,103574.0,104437.0,103574.0,,,0
1065,2022,esteban-ocon,alpine,13,103585.0,103903.0,103585.0,,,0
1065,2022,guanyu-zhou,alfa-romeo,14,103790.0,103777.0,103790.0,,,0
1065,2022,valtteri-bottas,alfa-romeo,15,104444.0,104478.0,104444.0,,,0
1065,2022,kevin-magnussen,haas,16,104643.0,104643.0,,,,0
1065,2022,alexander-albon,williams,17,104719.0,104719.0,,,,0
1065,2022,nicholas-latifi,williams,18,105367.0,105367.0,,,,0
1065,2022,lance-stroll,aston-martin,19,105371.0,105371.0,,,,0
1065,2022,mick-schumacher,haas,20,105775.0,105775.0,,,,0
1066,2022,max-verstappen,red-bull,1,81299.0,92219.0,83746.0,81299.0,,1
1066,2022,fernando-alonso,alpine,2,81944.0,92277.0,84848.0,81944.0,645.0,1
1066,2022,carlos-sainz-jr,ferrari,3,82096.0,92781.0,85197.0,82096.0,797.0,1
1066,2022,lewis-hamilton,mercedes,4,82891.0,93841.0,85543.0,82891.0,1592.0,1
1066,2022,kevin-magnussen,haas,5,82960.0,92957.0,86254.0,82960.0,1661.0,1
1066,2022,mick-schumacher,haas,6,83356.0,93707.0,85684.0,83356.0,2057.0,1
1066,2022,esteban-ocon,alpine,7,83529.0,93012.0,86135.0,83529.0,2230.0,1
1066,2022,george-russell,mercedes,8,83557.0,93160.0,84950.0,83557.0,2258.0,1
1066,2022,daniel-ricciardo,mclaren,9,83749.0,93636.0,86375.0,83749.0,2450.0,1
1066,2022,guanyu-zhou,alfa-romeo,10,84030.0,93692.0,86116.0,84030.0,2731.0,1
1066,2022,valtteri-bottas,alfa-romeo,11,86788.0,93689.0,86788.0,,,0
1066,2022,alexander-albon,williams,12,86858.0,94047.0,86858.0,,,0
1066,2022,sergio-perez,red-bull,13,93127.0,93929.0,93127.0,,,0
1066,2022,lando-norris,mclaren,14,94066.0,94066.0,,,,0
1066,2022,charles-leclerc,ferrari,15,93008.0,93008.0,,,,0
1066,2022,pierre-gasly,alphatauri,16,94492.0,94492.0,,,,0
1066,2022,sebastian-vettel,aston-martin,17,94512.0,94512.0,,,,0
1066,2022,lance-stroll,aston-martin,18,95532.0,95532.0,,,,0
1066,2022,nicholas-latifi,williams,19,95660.0,95660.0,,,,0
1066,2022,yuki-tsunoda,alphatauri,20,96575.0,96575.0,,,,0
1067,2022,carlos-sainz-jr,ferrari,1,100983.0,100190.0,101602.0,100983.0,,1
1067,2022,max-verstappen,red-bull,2,101055.0,99129.0,100655.0,101055.0,72.0,1
1067,2022,charles-leclerc,ferrari,3,101298.0,99846.0,101247.0,101298.0,315.0,1
1067,2022,sergio-perez,red-bull,4,101616.0,100521.0,102513.0,101616.0,633.0,1
1067,2022,lewis-hamilton,mercedes,5,101995.0,100428.0,101062.0,101995.0,1012.0,1
1067,2022,lando-norris,mclaren,6,102084.0,101515.0,101821.0,102084.0,1101.0,1
1067,2022,fernando-alonso,alpine,7,102116.0,101598.0,102209.0,102116.0,1133.0,1
1067,2022,george-russell,mercedes,8,102161.0,100028.0,101725.0,102161.0,1178.0,1
1067,2022,guanyu-zhou,alfa-romeo,9,102719.0,100791.0,102640.0,102719.0,1736.0,1
1067,2022,nicholas-latifi,williams,10,123095.0,101998.0,103273.0,123095.0,22112.0,1
1067,2022,pierre-gasly,alphatauri,11,103702.0,101680.0,103702.0,,,0
1067,2022,valtteri-bottas,alfa-romeo,12,104232.0,101396.0,104232.0,,,0
1067,2022,yuki-tsunoda,alphatauri,13,104311.0,101893.0,104311.0,,,0
1067,2022,daniel-ricciardo,mclaren,14,104355.0,101933.0,104355.0,,,0
1067,2022,esteban-ocon,alpine,15,105190.0,101730.0,105190.0,,,0
1067,2022,alexander-albon,williams,16,102078.0,102078.0,,,,0
1067,2022,kevin-magnussen,haas,17,102159.0,102159.0,,,,0
1067,2022,sebastian-vettel,aston-martin,18,102666.0,102666.0,,,,0
1067,2022,mick-schumacher,haas,19,102708.0,102708.0,,,,0
1067,2022,lance-stroll,aston-martin,20,103430.0,103430.0,,,,0
1068,2022,max-verstappen,red-bull,1,64984.0,65852.0,65374.0,64984.0,,1
1068,2022,charles-leclerc,ferrari,2,65013.0,65419.0,65287.0,65013.0,29.0,1
1068,2022,carlos-sainz-jr,ferrari,3,65066.0,65660.0,65576.0,65066.0,82.0,1
1068,2022,george-russell,mercedes,4,65431.0,66235.0,65697.0,65431.0,447.0,1
1068,2022,esteban-ocon,alpine,5,65726.0,66468.0,65993.0,65726.0,742.0,1
1068,2022,kevin-magnussen,haas,6,65879.0,66366.0,65894.0,65879.0,895.0,1
1068,2022,mick-schumacher,haas,7,66011.0,66405.0,66151.0,66011.0,1027.0,1
1068,2022,fernando-alonso,alpine,8,66103.0,66016.0,66082.0,66103.0,1119.0,1
1068,2022,lewis-hamilton,mercedes,9,73151.0,66079.0,65475.0,73151.0,8167.0,1
1068,2022,pierre-gasly,alphatauri,10,66160.0,66589.0,66160.0,,,0
1068,2022,alexander-albon,williams,11,66230.0,66516.0,66230.0,,,0
1068,2022,valtteri-bottas,alfa-romeo,12,66319.0,66442.0,66319.0,,,0
1068,2022,sergio-perez,red-bull,13,66458.0,66143.0,66458.0,,,0
1068,2022,yuki-tsunoda,alphatauri,14,66851.0,66463.0,66851.0,,,0
1068,2022,lando-norris,mclaren,15,85847.0,66330.0,85847.0,,,0
1068,2022,daniel-ricciardo,mclaren,16,66613.0,66613.0,,,,0
1068,2022,lance-stroll,aston-martin,17,66847.0,66847.0,,,,0
1068,2022,guanyu-zhou,alfa-romeo,18,66901.0,66901.0,,,,0
1068,2022,nicholas-latifi,williams,19,67003.0,67003.0,,,,0
1068,2022,sebastian-vettel,aston-martin,20,67083.0,67083.0,,,,0
1069,2022,charles-leclerc,ferrari,1,90872.0,91727.0,91216.0,90872.0,,1
1069,2022,max-verstappen,red-bull,2,91176.0,91891.0,91990.0,91176.0,304.0,1
1069,2022,sergio-perez,red-bull,3,91335.0,92354.0,92120.0,91335.0,463.0,1
1069,2022,lewis-hamilton,mercedes,4,91765.0,93041.0,92274.0,91765.0,893.0,1
1069,2022,lando-norris,mclaren,5,92032.0,92672.0,92777.0,92032.0,1160.0,1
1069,2022,george-russell,mercedes,6,92131.0,93109.0,92633.0,92131.0,1259.0,1
1069,2022,fernando-alonso,alpine,7,92552.0,92819.0,92631.0,92552.0,1680.0,1
1069,2022,yuki-tsunoda,alphatauri,8,92780.0,93394.0,92836.0,92780.0,1908.0,1
1069,2022,carlos-sainz-jr,ferrari,9,91081.0,92297.0,91081.0,,,0
1069,2022,kevin-magnussen,haas,10,92649.0,92756.0,92649.0,,,0
1069,2022,daniel-ricciardo,mclaren,11,92922.0,93404.0,92922.0,,,0
1069,2022,esteban-ocon,alpine,12,93048.0,93346.0,93048.0,,,0
1069,2022,valtteri-bottas,alfa-romeo,13,93052.0,93034.0,93052.0,,,0
1069,2022,sebastian-vettel,aston-martin,14,93276.0,93285.0,93276.0,,,0
1069,2022,alexander-albon,williams,15,93307.0,93423.0,93307.0,,,0
1069,2022,pierre-gasly,alphatauri,16,93439.0,93439.0,,,,0
1069,2022,lance-stroll,aston-martin,17,93439.0,93439.0,,,,0
1069,2022,guanyu-zhou,alfa-romeo,18,93674.0,93674.0,,,,0
1069,2022,mick-schumacher,haas,19,93701.0,93701.0,,,,0
1069,2022,nicholas-latifi,williams,20,93794.0,93794.0,,,,0
1070,2022,george-russell,mercedes,1,77377.0,78407.0,78154.0,77377.0,,1
1070,2022,carlos-sainz-jr,ferrari,2,77421.0,78434.0,77946.0,77421.0,44.0,1
1070,2022,charles-leclerc,ferrari,3,77567.0,78806.0,77768.0,77567.0,190.0,1
1070,2022,lando-norris,mclaren,4,77769.0,78653.0,78121.0,77769.0,392.0,1
1070,2022,esteban-ocon,alpine,5,78018.0,78866.0,78216.0,78018.0,641.0,1
1070,2022,fernando-alonso,alpine,6,78078.0,78716.0,77904.0,78078.0,701.0,1
1070,2022,lewis-hamilton,mercedes,7,78142.0,78374.0,78035.0,78142.0,765.0,1
1070,2022,valtteri-bottas,alfa-romeo,8,78157.0,78935.0,78445.0,78157.0,780.0,1
1070,2022,daniel-ricciardo,mclaren,9,78379.0,78775.0,78198.0,78379.0,1002.0,1
1070,2022,max-verstappen,red-bull,10,78823.0,78509.0,77703.0,78823.0,1446.0,1
1070,2022,sergio-perez,red-bull,11,78516.0,79118.0,78516.0,,,0
1070,2022,guanyu-zhou,alfa-romeo,12,78573.0,78973.0,78573.0,,,0
1070,2022,kevin-magnussen,haas,13,78825.0,78993.0,78825.0,,,0
1070,2022,lance-stroll,aston-martin,14,79137.0,79205.0,79137.0,,,0
1070,2022,mick-schumacher,haas,15,79202.0,79164.0,79202.0,,,0
1070,2022,yuki-tsunoda,alphatauri,16,79240.0,79240.0,,,,0
1070,2022,alexander-albon,williams,17,79256.0,79256.0,,,,0
1070,2022,sebastian-vettel,aston-martin,18,79273.0,79273.0,,,,0
1070,2022,pierre-gasly,alphatauri,19,79527.0,79527.0,,,,0
1070,2022,nicholas-latifi,williams,20,79570.0,79570.0,,,,0
1071,2022,max-verstappen,red-bull,1,103665.0,104581.0,104723.0,103665.0,,1
1071,2022,carlos-sainz-jr,ferrari,2,104297.0,105050.0,105418.0,104297.0,632.0,1
1071,2022,sergio-perez,red-bull,3,104462.0,105377.0,104794.0,104462.0,797.0,1
1071,2022,charles-leclerc,ferrari,4,104553.0,105572.0,104551.0,104553.0,888.0,1
1071,2022,esteban-ocon,alpine,5,105180.0,106039.0,105475.0,105180.0,1515.0,1
1071,2022,fernando-alonso,alpine,6,105368.0,106075.0,105552.0,105368.0,1703.0,1
1071,2022,lewis-hamilton,mercedes,7,105503.0,105736.0,105420.0,105503.0,1838.0,1
1071,2022,george-russell,mercedes,8,105776.0,105650.0,105461.0,105776.0,2111.0,1
1071,2022,alexander-albon,williams,9,105837.0,105672.0,105675.0,105837.0,2172.0,1
1071,2022,lando-norris,mclaren,10,106178.0,105745.0,105603.0,106178.0,2513.0,1
1071,2022,daniel-ricciardo,mclaren,11,105767.0,106212.0,105767.0,,,0
1071,2022,pierre-gasly,alphatauri,12,105827.0,106183.0,105827.0,,,0
1071,2022,guanyu-zhou,alfa-romeo,13,106085.0,106178.0,106085.0,,,0
1071,2022,lance-stroll,aston-martin,14,106611.0,106256.0,106611.0,,,0
1071,2022,mick-schumacher,haas,15,107718.0,106342.0,107718.0,,,0
1071,2022,sebastian-vettel,aston-martin,16,106344.0,106344.0,,,,0
1071,2022,nicholas-latifi,williams,17,106401.0,106401.0,,,,0
1071,2022,kevin-magnussen,haas,18,106557.0,106557.0,,,,0
1071,2022,yuki-tsunoda,alphatauri,19,106692.0,106692.0,,,,0
1071,2022,valtteri-bottas,alfa-romeo,20,107866.0,107866.0,,,,0
1072,2022,max-verstappen,red-bull,1,70342.0,71317.0,70927.0,70342.0,,1
1072,2022,charles-leclerc,ferrari,2,70363.0,71443.0,70988.0,70363.0,21.0,1
1072,2022,carlos-sainz-jr,ferrari,3,70434.0,71767.0,70814.0,70434.0,92.0,1
1072,2022,lewis-hamilton,mercedes,4,70648.0,71331.0,71075.0,70648.0,306.0,1
1072,2022,sergio-perez,red-bull,5,71077.0,71641.0,71314.0,71077.0,735.0,1
1072,2022,george-russell,mercedes,6,71147.0,71561.0,70824.0,71147.0,805.0,1
1072,2022,lando-norris,mclaren,7,71174.0,71556.0,71116.0,71174.0,832.0,1
1072,2022,mick-schumacher,haas,8,71442.0,71741.0,71420.0,71442.0,1100.0,1
1072,2022,yuki-tsunoda,alphatauri,9,72556.0,71427.0,71428.0,72556.0,2214.0,1
1072,2022,lance-stroll,aston-martin,10,71416.0,71568.0,71416.0,,,0
1072,2022,pierre-gasly,alphatauri,11,71512.0,71705.0,71512.0,,,0
1072,2022,esteban-ocon,alpine,12,71605.0,71748.0,71605.0,,,0
1072,2022,fernando-alonso,alpine,13,71613.0,71667.0,71613.0,,,0
1072,2022,guanyu-zhou,alfa-romeo,14,71704.0,71826.0,71704.0,,,0
1072,2022,alexander-albon,williams,15,71802.0,71695.0,71802.0,,,0
1072,2022,valtteri-bottas,alfa-romeo,16,71961.0,71961.0,,,,0
1072,2022,daniel-ricciardo,mclaren,17,72081.0,72081.0,,,,0
1072,2022,kevin-magnussen,haas,18,72319.0,72319.0,,,,0
1072,2022,sebastian-vettel,aston-martin,19,72391.0,72391.0,,,,0
1072,2022,nicholas-latifi,williams,20,73353.0,73353.0,,,,0
1073,2022,charles-leclerc,ferrari,1,80161.0,81280.0,81208.0,80161.0,,1
1073,2022,max-verstappen,red-bull,2,80306.0,80922.0,81265.0,80306.0,145.0,1
1073,2022,carlos-sainz-jr,ferrari,3,80429.0,81348.0,80878.0,80429.0,268.0,1
1073,2022,sergio-perez,red-bull,4,81206.0,81495.0,81358.0,81206.0,1045.0,1
1073,2022,lewis-hamilton,mercedes,5,81524.0,82048.0,81708.0,81524.0,1363.0,1
1073,2022,george-russell,mercedes,6,81542.0,81785.0,81747.0,81542.0,1381.0,1
1073,2022,lando-norris,mclaren,7,81584.0,82130.0,81831.0,81584.0,1423.0,1
1073,2022,daniel-ricciardo,mclaren,8,81925.0,82139.0,81855.0,81925.0,1764.0,1
1073,2022,pierre-gasly,alphatauri,9,82648.0,82010.0,82062.0,82648.0,2487.0,1
1073,2022,fernando-alonso,alpine,10,81861.0,82089.0,81861.0,,,0
1073,2022,esteban-ocon,alpine,11,82130.0,82166.0,82130.0,,,0
1073,2022,valtteri-bottas,alfa-romeo,12,82235.0,82254.0,82235.0,,,0
1073,2022,nyck-de-vries,williams,13,82471.0,82567.0,82471.0,,,0
1073,2022,guanyu-zhou,alfa-romeo,14,82577.0,82003.0,82577.0,,,0
1073,2022,yuki-tsunoda,alphatauri,15,82020.0,82020.0,,,,0
1073,2022,nicholas-latifi,williams,16,82587.0,82587.0,,,,0
1073,2022,sebastian-vettel,aston-martin,17,82636.0,82636.0,,,,0
1073,2022,lance-stroll,aston-martin,18,82748.0,82748.0,,,,0
1073,2022,kevin-magnussen,haas,19,82908.0,82908.0,,,,0
1073,2022,mick-schumacher,haas,20,83005.0,83005.0,,,,0
1074,2022,charles-leclerc,ferrari,1,109412.0,114129.0,112343.0,109412.0,,1
1074,2022,sergio-perez,red-bull,2,109434.0,114404.0,112818.0,109434.0,22.0,1
1074,2022,lewis-hamilton,mercedes,3,109466.0,113161.0,112691.0,109466.0,54.0,1
1074,2022,carlos-sainz-jr,ferrari,4,109583.0,114559.0,113219.0,109583.0,171.0,1
1074,2022,fernando-alonso,alpine,5,109966.0,115360.0,113127.0,109966.0,554.0,1
1074,2022,lando-norris,mclaren,6,110584.0,115914.0,113942.0,110584.0,1172.0,1
1074,2022,pierre-gasly,alphatauri,7,111211.0,115606.0,113546.0,111211.0,1799.0,1
1074,2022,max-verstappen,red-bull,8,111395.0,113057.0,112723.0,111395.0,1983.0,1
1074,2022,kevin-magnussen,haas,9,111573.0,115103.0,114006.0,111573.0,2161.0,1
1074,2022,yuki-tsunoda,alphatauri,10,111983.0,115314.0,113848.0,111983.0,2571.0,1
1074,2022,george-russell,mercedes,11,114012.0,114633.0,114012.0,,,0
1074,2022,lance-stroll,aston-martin,12,114211.0,115629.0,114211.0,,,0
1074,2022,mick-schumacher,haas,13,114370.0,115736.0,114370.0,,,0
1074,2022,sebastian-vettel,aston-martin,14,114380.0,115602.0,114380.0,,,0
1074,2022,guanyu-zhou,alfa-romeo,15,115518.0,115375.0,115518.0,,,0
1074,2022,valtteri-bottas,alfa-romeo,16,116083.0,116083.0,,,,0
1074,2022,daniel-ricciardo,mclaren,17,116226.0,116226.0,,,,0
1074,2022,esteban-ocon,alpine,18,116337.0,116337.0,,,,0
1074,2022,alexander-albon,williams,19,116985.0,116985.0,,,,0
1074,2022,nicholas-latifi,williams,20,117532.0,117532.0,,,,0
1075,2022,max-verstappen,red-bull,1,89304.0,90224.0,90346.0,89304.0,,1
1075,2022,charles-leclerc,ferrari,2,89314.0,90402.0,90486.0,89314.0,10.0,1
1075,2022,carlos-sainz-jr,ferrari,3,89361.0,90336.0,90444.0,89361.0,57.0,1
1075,2022,sergio-perez,red-bull,4,89709.0,90622.0,89925.0,89709.0,405.0,1
1075,2022,esteban-ocon,alpine,5,90165.0,90696.0,90357.0,90165.0,861.0,1
1075,2022,lewis-hamilton,mercedes,6,90261.0,90906.0,90443.0,90261.0,957.0,1
1075,2022,fernando-alonso,alpine,7,90322.0,90603.0,90343.0,90322.0,1018.0,1
1075,2022,george-russell,mercedes,8,90389.0,90865.0,90465.0,90389.0,1085.0,1
1075,2022,sebastian-vettel,aston-martin,9,90554.0,91256.0,90656.0,90554.0,1250.0,1
1075,2022,lando-norris,mclaren,10,91003.0,90881.0,90473.0,91003.0,1699.0,1
1075,2022,daniel-ricciardo,mclaren,11,90659.0,90880.0,90659.0,,,0
1075,2022,valtteri-bottas,alfa-romeo,12,90709.0,91226.0,90709.0,,,0
1075,2022,yuki-tsunoda,alphatauri,13,90808.0,91130.0,90808.0,,,0
1075,2022,guanyu-zhou,alfa-romeo,14,90953.0,90894.0,90953.0,,,0
1075,2022,mick-schumacher,haas,15,91439.0,91152.0,91439.0,,,0
1075,2022,alexander-albon,williams,16,91311.0,91311.0,,,,0
1075,2022,pierre-gasly,alphatauri,17,91322.0,91322.0,,,,0
1075,2022,kevin-magnussen,haas,18,91352.0,91352.0,,,,0
1075,2022,lance-stroll,aston-martin,19,91419.0,91419.0,,,,0
1075,2022,nicholas-latifi,williams,20,91511.0,91511.0,,,,0
1076,2022,carlos-sainz-jr,ferrari,1,94356.0,95297.0,95590.0,94356.0,,1
1076,2022,charles-leclerc,ferrari,2,94421.0,95795.0,95246.0,94421.0,65.0,1
1076,2022,max-verstappen,red-bull,3,94448.0,95864.0,95294.0,94448.0,92.0,1
1076,2022,sergio-perez,red-bull,4,94645.0,96163.0,95864.0,94645.0,289.0,1
1076,2022,lewis-hamilton,mercedes,5,94947.0,96148.0,95732.0,94947.0,591.0,1
1076,2022,george-russell,mercedes,6,94988.0,96195.0,95692.0,94988.0,632.0,1
1076,2022,lance-stroll,aston-martin,7,95598.0,96860.0,96032.0,95598.0,1242.0,1
1076,2022,lando-norris,mclaren,8,95690.0,96465.0,96341.0,95690.0,1334.0,1
1076,2022,fernando-alonso,alpine,9,95876.0,96446.0,95988.0,95876.0,1520.0,1
1076,2022,valtteri-bottas,alfa-romeo,10,96319.0,96746.0,96321.0,96319.0,1963.0,1
1076,2022,alexander-albon,williams,11,96368.0,96932.0,96368.0,,,0
1076,2022,sebastian-vettel,aston-martin,12,96398.0,96695.0,96398.0,,,0
1076,2022,pierre-gasly,alphatauri,13,96740.0,96577.0,96740.0,,,0
1076,2022,guanyu-zhou,alfa-romeo,14,96970.0,96656.0,96970.0,,,0
1076,2022,yuki-tsunoda,alphatauri,15,97147.0,96808.0,97147.0,,,0
1076,2022,kevin-magnussen,haas,16,96949.0,96949.0,,,,0
1076,2022,daniel-ricciardo,mclaren,17,97046.0,97046.0,,,,0
1076,2022,esteban-ocon,alpine,18,97068.0,97068.0,,,,0
1076,2022,mick-schumacher,haas,19,97111.0,97111.0,,,,0
1076,2022,nicholas-latifi,williams,20,97244.0,97244.0,,,,0
1077,2022,max-verstappen,red-bull,1,77775.0,79222.0,78566.0,77775.0,,1
1077,2022,george-russell,mercedes,2,78079.0,79583.0,78565.0,78079.0,304.0,1
1077,2022,lewis-hamilton,mercedes,3,78084.0,79169.0,78552.0,78084.0,309.0,1
1077,2022,sergio-perez,red-bull,4,78128.0,79706.0,78615.0,78128.0,353.0,1
1077,2022,carlos-sainz-jr,ferrari,5,78351.0,79566.0,78560.0,78351.0,576.0,1
1077,2022,valtteri-bottas,alfa-romeo,6,78401.0,79523.0,78762.0,78401.0,626.0,1
1077,2022,charles-leclerc,ferrari,7,78555.0,79505.0,79109.0,78555.0,780.0,1
1077,2022,lando-norris,mclaren,8,78721.0,79857.0,79119.0,78721.0,946.0,1
1077,2022,fernando-alonso,alpine,9,78939.0,80006.0,79272.0,78939.0,1164.0,1
1077,2022,esteban-ocon,alpine,10,79010.0,79945.0,79081.0,79010.0,1235.0,1
1077,2022,daniel-ricciardo,mclaren,11,79325.0,80279.0,79325.0,,,0
1077,2022,guanyu-zhou,alfa-romeo,12,79476.0,80283.0,79476.0,,,0
1077,2022,yuki-tsunoda,alphatauri,13,79589.0,79907.0,79589.0,,,0
1077,2022,pierre-gasly,alphatauri,14,79672.0,80256.0,79672.0,,,0
1077,2022,kevin-magnussen,haas,15,79833.0,80293.0,79833.0,,,0
1077,2022,mick-schumacher,haas,16,80419.0,80419.0,,,,0
1077,2022,sebastian-vettel,aston-martin,17,80419.0,80419.0,,,,0
1077,2022,lance-stroll,aston-martin,18,80520.0,80520.0,,,,0
1077,2022,alexander-albon,williams,19,80859.0,80859.0,,,,0
1077,2022,nicholas-latifi,williams,20,81167.0,81167.0,,,,0
1078,2022,kevin-magnussen,haas,1,71674.0,73954.0,71410.0,71674.0,,1
1078,2022,max-verstappen,red-bull,2,71877.0,73625.0,70881.0,71877.0,203.0,1
1078,2022,george-russell,mercedes,3,72059.0,74427.0,71318.0,72059.0,385.0,1
1078,2022,lando-norris,mclaren,4,72263.0,73106.0,71377.0,72263.0,589.0,1
1078,2022,carlos-sainz-jr,ferrari,5,72357.0,74680.0,70890.0,72357.0,683.0,1
1078,2022,esteban-ocon,alpine,6,72425.0,74663.0,71587.0,72425.0,751.0,1
1078,2022,fernando-alonso,alpine,7,72504.0,73542.0,71394.0,72504.0,830.0,1
1078,2022,lewis-hamilton,mercedes,8,72611.0,73403.0,71539.0,72611.0,937.0,1
1078,2022,sergio-perez,red-bull,9,75601.0,73613.0,71456.0,75601.0,3927.0,1
1078,2022,charles-leclerc,ferrari,10,70950.0,74486.0,70950.0,,,0
1078,2022,alexander-albon,williams,11,71631.0,74324.0,71631.0,,,0
1078,2022,pierre-gasly,alphatauri,12,71675.0,74371.0,71675.0,,,0
1078,2022,sebastian-vettel,aston-martin,13,71678.0,73597.0,71678.0,,,0
1078,2022,daniel-ricciardo,mclaren,14,72140.0,74931.0,72140.0,,,0
1078,2022,lance-stroll,aston-martin,15,72210.0,74398.0,72210.0,,,0
1078,2022,nicholas-latifi,williams,16,75095.0,75095.0,,,,0
1078,2022,guanyu-zhou,alfa-romeo,17,75197.0,75197.0,,,,0
1078,2022,valtteri-bottas,alfa-romeo,18,75486.0,75486.0,,,,0
1078,2022,yuki-tsunoda,alphatauri,19,76264.0,76264.0,,,,0
1078,2022,mick-schumacher,haas,20,76361.0,76361.0,,,,0
1079,2022,max-verstappen,red-bull,1,83824.0,84754.0,84622.0,83824.0,,1
1079,2022,sergio-perez,red-bull,2,84052.0,84820.0,84419.0,84052.0,228.0,1
1079,2022,charles-leclerc,ferrari,3,84092.0,85211.0,84517.0,84092.0,268.0,1
1079,2022,carlos-sainz-jr,ferrari,4,84242.0,85090.0,84521.0,84242.0,418.0,1
1079,2022,lewis-hamilton,mercedes,5,84508.0,85594.0,84774.0,84508.0,684.0,1
1079,2022,george-russell,mercedes,6,84511.0,85545.0,84940.0,84511.0,687.0,1
1079,2022,lando-norris,mclaren,7,84769.0,85387.0,84903.0,84769.0,945.0,1
1079,2022,esteban-ocon,alpine,8,84830.0,85735.0,85007.0,84830.0,1006.0,1
1079,2022,sebastian-vettel,aston-martin,9,84961.0,85523.0,84974.0,84961.0,1137.0,1
1079,2022,daniel-ricciardo,mclaren,10,85045.0,85766.0,85068.0,85045.0,1221.0,1
1079,2022,fernando-alonso,alpine,11,85096.0,85782.0,85096.0,,,0
1079,2022,yuki-tsunoda,alphatauri,12,85219.0,85630.0,85219.0,,,0
1079,2022,mick-schumacher,haas,13,85225.0,85711.0,85225.0,,,0
1079,2022,lance-stroll,aston-martin,14,85359.0,85741.0,85359.0,,,0
1079,2022,guanyu-zhou,alfa-romeo,15,85408.0,85594.0,85408.0,,,0
1079,2022,kevin-magnussen,haas,16,85834.0,85834.0,,,,0
1079,2022,pierre-gasly,alphatauri,17,85859.0,85859.0,,,,0
1079,2022,valtteri-bottas,alfa-romeo,18,85892.0,85892.0,,,,0
1079,2022,alexander-albon,williams,19,86028.0,86028.0,,,,0
1079,2022,nicholas-latifi,williams,20,86054.0,86054.0,,,,0
1080,2023,max-verstappen,red-bull,1,89708.0,91295.0,90503.0,89708.0,,1
1080,2023,sergio-perez,red-bull,2,89846.0,91479.0,90746.0,89846.0,138.0,1
1080,2023,charles-leclerc,ferrari,3,90000.0,91094.0,90282.0,90000.0,292.0,1
1080,2023,carlos-sainz-jr,ferrari,4,90154.0,90993.0,90515.0,90154.0,446.0,1
1080,2023,fernando-alonso,aston-martin,5,90336.0,91158.0,90645.0,90336.0,628.0,1
1080,2023,george-russell,mercedes,6,90340.0,91057.0,90507.0,90340.0,632.0,1
1080,2023,lewis-hamilton,mercedes,7,90384.0,91543.0,90513.0,90384.0,676.0,1
1080,2023,lance-stroll,aston-martin,8,90836.0,91184.0,91127.0,90836.0,1128.0,1
1080,2023,esteban-ocon,alpine,9,90984.0,91508.0,90914.0,90984.0,1276.0,1
1080,2023,nico-hulkenberg,haas,10,90809.0,91204.0,90809.0,,,0
1080,2023,lando-norris,mclaren,11,91381.0,91652.0,91381.0,,,0
1080,2023,valtteri-bottas,alfa-romeo,12,91443.0,91504.0,91443.0,,,0
1080,2023,guanyu-zhou,alfa-romeo,13,91473.0,91615.0,91473.0,,,0
1080,2023,yuki-tsunoda,alphatauri,14,92510.0,91400.0,92510.0,,,0
1080,2023,alexander-albon,williams,15,91461.0,91461.0,,,,0
1080,2023,logan-sargeant,williams,16,91652.0,91652.0,,,,0
1080,2023,kevin-magnussen,haas,17,91892.0,91892.0,,,,0
1080,2023,oscar-piastri,mclaren,18,92101.0,92101.0,,,,0
1080,2023,nyck-de-vries,alphatauri,19,92121.0,92121.0,,,,0
1080,2023,pierre-gasly,alpine,20,92181.0,92181.0,,,,0
1081,2023,sergio-perez,red-bull,1,88265.0,89244.0,88635.0,88265.0,,1
1081,2023,charles-leclerc,ferrari,2,88420.0,89376.0,88903.0,88420.0,155.0,1
1081,2023,fernando-alonso,aston-martin,3,88730.0,89298.0,88757.0,88730.0,465.0,1
1081,2023,george-russell,mercedes,4,88857.0,89592.0,89132.0,88857.0,592.0,1
1081,2023,carlos-sainz-jr,ferrari,5,88931.0,89411.0,88957.0,88931.0,666.0,1
1081,2023,lance-stroll,aston-martin,6,88945.0,89335.0,88962.0,88945.0,680.0,1
1081,2023,esteban-ocon,alpine,7,89078.0,89707.0,89255.0,89078.0,813.0,1
1081,2023,lewis-hamilton,mercedes,8,89223.0,89689.0,89374.0,89223.0,958.0,1
1081,2023,oscar-piastri,mclaren,9,89243.0,89706.0,89378.0,89243.0,978.0,1
1081,2023,pierre-gasly,alpine,10,89357.0,89890.0,89411.0,89357.0,1092.0,1
1081,2023,nico-hulkenberg,haas,11,89451.0,89547.0,89451.0,,,0
1081,2023,guanyu-zhou,alfa-romeo,12,89461.0,89654.0,89461.0,,,0
1081,2023,kevin-magnussen,haas,13,89634.0,89744.0,89634.0,,,0
1081,2023,valtteri-bottas,alfa-romeo,14,89668.0,89929.0,89668.0,,,0
1081,2023,max-verstappen,red-bull,15,109953.0,88761.0,109953.0,,,0
1081,2023,yuki-tsunoda,alphatauri,16,89939.0,89939.0,,,,0
1081,2023,alexander-albon,williams,17,89994.0,89994.0,,,,0
1081,2023,nyck-de-vries,alphatauri,18,90244.0,90244.0,,,,0
1081,2023,lando-norris,mclaren,19,90447.0,90447.0,,,,0
1081,2023,logan-sargeant,williams,,128510.0,128510.0,,,,0
1082,2023,max-verstappen,red-bull,1,76732.0,77384.0,77056.0,76732.0,,1
1082,2023,george-russell,mercedes,2,76968.0,77654.0,77513.0,76968.0,236.0,1
1082,2023,lewis-hamilton,mercedes,3,77104.0,77689.0,77551.0,77104.0,372.0,1
1082,2023,fernando-alonso,aston-martin,4,77139.0,77832.0,77283.0,77139.0,407.0,1
1082,2023,carlos-sainz-jr,ferrari,5,77270.0,77928.0,77349.0,77270.0,538.0,1
1082,2023,lance-stroll,aston-martin,6,77308.0,77873.0,77616.0,77308.0,576.0,1
1082,2023,charles-leclerc,ferrari,7,77369.0,78218.0,77390.0,77369.0,637.0,1
1082,2023,alexander-albon,williams,8,77609.0,77962.0,77761.0,77609.0,877.0,1
1082,2023,pierre-gasly,alpine,9,77675.0,78312.0,77574.0,77675.0,943.0,1
1082,2023,nico-hulkenberg,haas,10,77735.0,78029.0,77412.0,77735.0,1003.0,1
1082,2023,esteban-ocon,alpine,11,77768.0,77770.0,77768.0,,,0
1082,2023,yuki-tsunoda,alphatauri,12,78099.0,78471.0,78099.0,,,0
1082,2023,lando-norris,mclaren,13,78119.0,78243.0,78119.0,,,0
1082,2023,kevin-magnussen,haas,14,78129.0,78159.0,78129.0,,,0
1082,2023,nyck-de-vries,alphatauri,15,78335.0,78450.0,78335.0,,,0
1082,2023,oscar-piastri,mclaren,16,78517.0,78517.0,,,,0
1082,2023,guanyu-zhou,alfa-romeo,17,78540.0,78540.0,,,,0
1082,2023,logan-sargeant,williams,18,78557.0,78557.0,,,,0
1082,2023,valtteri-bottas,alfa-romeo,19,78714.0,78714.0,,,,0
1082,2023,sergio-perez,red-bull,,,,,,,0
1083,2023,charles-leclerc,ferrari,1,100203.0,101269.0,101037.0,100203.0,,1
1083,2023,max-verstappen,red-bull,2,100391.0,101398.0,100822.0,100391.0,188.0,1
1083,2023,sergio-perez,red-bull,3,100495.0,101756.0,101131.0,100495.0,292.0,1
1083,2023,carlos-sainz-jr,ferrari,4,101016.0,102197.0,101369.0,101016.0,813.0,1
1083,2023,lewis-hamilton,mercedes,5,101177.0,102113.0,101650.0,101177.0,974.0,1
1083,2023,fernando-alonso,aston-martin,6,101253.0,101720.0,101370.0,101253.0,1050.0,1
1083,2023,lando-norris,mclaren,7,101281.0,102154.0,101485.0,101281.0,1078.0,1
1083,2023,yuki-tsunoda,alphatauri,8,101581.0,102234.0,101569.0,101581.0,1378.0,1
1083,2023,lance-stroll,aston-martin,9,101611.0,102524.0,101576.0,101611.0,1408.0,1
1083,2023,oscar-piastri,mclaren,10,101611.0,102455.0,101636.0,101611.0,1408.0,1
1083,2023,george-russell,mercedes,11,101654.0,102073.0,101654.0,,,0
1083,2023,esteban-ocon,alpine,12,101798.0,102622.0,101798.0,,,0
1083,2023,alexander-albon,williams,13,101818.0,102171.0,101818.0,,,0
1083,2023,valtteri-bottas,alfa-romeo,14,102259.0,102582.0,102259.0,,,0
1083,2023,logan-sargeant,williams,15,102395.0,102242.0,102395.0,,,0
1083,2023,guanyu-zhou,alfa-romeo,16,102642.0,102642.0,,,,0
1083,2023,nico-hulkenberg,haas,17,102755.0,102755.0,,,,0
1083,2023,kevin-magnussen,haas,18,103417.0,103417.0,,,,0
1083,2023,pierre-gasly,alpine,19,104853.0,104853.0,,,,0
1083,2023,nyck-de-vries,alphatauri,,115282.0,115282.0,,,,0
1084,2023,sergio-perez,red-bull,1,86841.0,87713.0,87328.0,86841.0,,1
1084,2023,fernando-alonso,aston-martin,2,87202.0,88179.0,87097.0,87202.0,361.0,1
1084,2023,carlos-sainz-jr,ferrari,3,87349.0,87686.0,87148.0,87349.0,508.0,1
1084,2023,kevin-magnussen,haas,4,87767.0,87809.0,87673.0,87767.0,926.0,1
1084,2023,pierre-gasly,alpine,5,87786.0,88061.0,87612.0,87786.0,945.0,1
1084,2023,george-russell,mercedes,6,87804.0,88086.0,87743.0,87804.0,963.0,1
1084,2023,charles-leclerc,ferrari,7,87861.0,87713.0,86964.0,87861.0,1020.0,1
1084,2023,esteban-ocon,alpine,8,87935.0,87872.0,87444.0,87935.0,1094.0,1
1084,2023,max-verstappen,red-bull,9,86814.0,87363.0,86814.0,,,0
1084,2023,valtteri-bottas,alfa-romeo,10,87564.0,87864.0,87564.0,,,0
1084,2023,alexander-albon,williams,11,87795.0,88234.0,87795.0,,,0
1084,2023,nico-hulkenberg,haas,12,87903.0,87945.0,87903.0,,,0
1084,2023,lewis-hamilton,mercedes,13,87975.0,87846.0,87975.0,,,0
1084,2023,guanyu-zhou,alfa-romeo,14,88091.0,88180.0,88091.0,,,0
1084,2023,nyck-de-vries,alphatauri,15,88395.0,88325.0,88395.0,,,0
1084,2023,lando-norris,mclaren,16,88394.0,88394.0,,,,0
1084,2023,yuki-tsunoda,alphatauri,17,88429.0,88429.0,,,,0
1084,2023,lance-stroll,aston-martin,18,88476.0,88476.0,,,,0
1084,2023,oscar-piastri,mclaren,19,88484.0,88484.0,,,,0
1084,2023,logan-sargeant,williams,20,88577.0,88577.0,,,,0
1085,2023,max-verstappen,red-bull,1,71365.0,72386.0,71908.0,71365.0,,1
1085,2023,fernando-alonso,aston-martin,2,71449.0,72886.0,72107.0,71449.0,84.0,1
1085,2023,charles-leclerc,ferrari,3,71471.0,72912.0,72103.0,71471.0,106.0,1
1085,2023,esteban-ocon,alpine,4,71553.0,72967.0,72248.0,71553.0,188.0,1
1085,2023,carlos-sainz-jr,ferrari,5,71630.0,72717.0,72210.0,71630.0,265.0,1
1085,2023,lewis-hamilton,mercedes,6,71725.0,72872.0,72156.0,71725.0,360.0,1
1085,2023,pierre-gasly,alpine,7,71933.0,73033.0,72169.0,71933.0,568.0,1
1085,2023,george-russell,mercedes,8,71964.0,72769.0,72151.0,71964.0,599.0,1
1085,2023,yuki-tsunoda,alphatauri,9,72082.0,72642.0,72249.0,72082.0,717.0,1
1085,2023,lando-norris,mclaren,10,72254.0,72877.0,72377.0,72254.0,889.0,1
1085,2023,oscar-piastri,mclaren,11,72395.0,73006.0,72395.0,,,0
1085,2023,nyck-de-vries,alphatauri,12,72428.0,73054.0,72428.0,,,0
1085,2023,alexander-albon,williams,13,72527.0,72706.0,72527.0,,,0
1085,2023,lance-stroll,aston-martin,14,72623.0,72722.0,72623.0,,,0
1085,2023,valtteri-bottas,alfa-romeo,15,72625.0,73038.0,72625.0,,,0
1085,2023,logan-sargeant,williams,16,73113.0,73113.0,,,,0
1085,2023,kevin-magnussen,haas,17,73270.0,73270.0,,,,0
1085,2023,nico-hulkenberg,haas,18,73279.0,73279.0,,,,0
1085,2023,guanyu-zhou,alfa-romeo,19,73523.0,73523.0,,,,0
1085,2023,sergio-perez,red-bull,20,73850.0,73850.0,,,,0
1086,2023,max-verstappen,red-bull,1,72272.0,73615.0,72760.0,72272.0,,1
1086,2023,carlos-sainz-jr,ferrari,2,72734.0,73411.0,72790.0,72734.0,462.0,1
1086,2023,lando-norris,mclaren,3,72792.0,73295.0,72776.0,72792.0,520.0,1
1086,2023,pierre-gasly,alpine,4,72816.0,73471.0,73186.0,72816.0,544.0,1
1086,2023,lewis-hamilton,mercedes,5,72818.0,72937.0,72999.0,72818.0,546.0,1
1086,2023,lance-stroll,aston-martin,6,72994.0,73766.0,73082.0,72994.0,722.0,1
1086,2023,esteban-ocon,alpine,7,73083.0,73433.0,73001.0,73083.0,811.0,1
1086,2023,nico-hulkenberg,haas,8,73229.0,73420.0,73283.0,73229.0,957.0,1
1086,2023,fernando-alonso,aston-martin,9,73507.0,73747.0,73098.0,73507.0,1235.0,1
1086,2023,oscar-piastri,mclaren,10,73682.0,73691.0,73059.0,73682.0,1410.0,1
1086,2023,sergio-perez,red-bull,11,73334.0,73874.0,73334.0,,,0
1086,2023,george-russell,mercedes,12,73447.0,73326.0,73447.0,,,0
1086,2023,guanyu-zhou,alfa-romeo,13,73521.0,73677.0,73521.0,,,0
1086,2023,nyck-de-vries,alphatauri,14,74083.0,73581.0,74083.0,,,0
1086,2023,yuki-tsunoda,alphatauri,15,74477.0,73862.0,74477.0,,,0
1086,2023,valtteri-bottas,alfa-romeo,16,73977.0,73977.0,,,,0
1086,2023,kevin-magnussen,haas,17,74042.0,74042.0,,,,0
1086,2023,alexander-albon,williams,18,74063.0,74063.0,,,,0
1086,2023,charles-leclerc,ferrari,19,74079.0,74079.0,,,,0
1086,2023,logan-sargeant,williams,20,74699.0,74699.0,,,,0
1087,2023,max-verstappen,red-bull,1,85858.0,80851.0,79092.0,85858.0,,1
1087,2023,nico-hulkenberg,haas,2,87102.0,82730.0,80305.0,87102.0,1244.0,1
1087,2023,fernando-alonso,aston-martin,3,87286.0,81481.0,79776.0,87286.0,1428.0,1
1087,2023,lewis-hamilton,mercedes,4,87627.0,81554.0,80426.0,87627.0,1769.0,1
1087,2023,george-russell,mercedes,5,87893.0,81798.0,80098.0,87893.0,2035.0,1
1087,2023,esteban-ocon,alpine,6,87945.0,82114.0,80406.0,87945.0,2087.0,1
1087,2023,lando-norris,mclaren,7,88046.0,81998.0,79347.0,88046.0,2188.0,1
1087,2023,carlos-sainz-jr,ferrari,8,89294.0,82248.0,79856.0,89294.0,3436.0,1
1087,2023,oscar-piastri,mclaren,9,91349.0,82190.0,79659.0,91349.0,5491.0,1
1087,2023,alexander-albon,williams,10,78725.0,81938.0,78725.0,,,0
1087,2023,charles-leclerc,ferrari,11,80615.0,81843.0,80615.0,,,0
1087,2023,sergio-perez,red-bull,12,80959.0,82151.0,80959.0,,,0
1087,2023,lance-stroll,aston-martin,13,81484.0,82677.0,81484.0,,,0
1087,2023,kevin-magnussen,haas,14,81678.0,82351.0,81678.0,,,0
1087,2023,valtteri-bottas,alfa-romeo,15,81821.0,82332.0,81821.0,,,0
1087,2023,yuki-tsunoda,alphatauri,16,82746.0,82746.0,,,,0
1087,2023,pierre-gasly,alpine,17,82886.0,82886.0,,,,0
1087,2023,nyck-de-vries,alphatauri,18,83137.0,83137.0,,,,0
1087,2023,logan-sargeant,williams,19,83337.0,83337.0,,,,0
1087,2023,guanyu-zhou,alfa-romeo,20,83342.0,83342.0,,,,0
1088,2023,max-verstappen,red-bull,1,64391.0,65116.0,64951.0,64391.0,,1
1088,2023,charles-leclerc,ferrari,2,64439.0,65577.0,65087.0,64439.0,48.0,1
1088,2023,carlos-sainz-jr,ferrari,3,64581.0,65339.0,64975.0,64581.0,190.0,1
1088,2023,lando-norris,mclaren,4,64658.0,65617.0,65038.0,64658.0,267.0,1
1088,2023,lewis-hamilton,mercedes,5,64819.0,65673.0,65188.0,64819.0,428.0,1
1088,2023,lance-stroll,aston-martin,6,64893.0,65710.0,65121.0,64893.0,502.0,1
1088,2023,fernando-alonso,aston-martin,7,64911.0,65655.0,65181.0,64911.0,520.0,1
1088,2023,nico-hulkenberg,haas,8,65090.0,65740.0,65362.0,65090.0,699.0,1
1088,2023,pierre-gasly,alpine,9,65170.0,65515.0,65308.0,65170.0,779.0,1
1088,2023,alexander-albon,williams,10,65823.0,65673.0,65387.0,65823.0,1432.0,1
1088,2023,george-russell,mercedes,11,65428.0,65686.0,65428.0,,,0
1088,2023,esteban-ocon,alpine,12,65453.0,65729.0,65453.0,,,0
1088,2023,oscar-piastri,mclaren,13,65605.0,65683.0,65605.0,,,0
1088,2023,valtteri-bottas,alfa-romeo,14,65680.0,65763.0,65680.0,,,0
1088,2023,sergio-perez,red-bull,15,126688.0,65177.0,126688.0,,,0
1088,2023,yuki-tsunoda,alphatauri,16,65784.0,65784.0,,,,0
1088,2023,guanyu-zhou,alfa-romeo,17,65818.0,65818.0,,,,0
1088,2023,logan-sargeant,williams,18,65948.0,65948.0,,,,0
1088,2023,kevin-magnussen,haas,19,65971.0,65971.0,,,,0
1088,2023,nyck-de-vries,alphatauri,20,65974.0,65974.0,,,,0
1089,2023,max-verstappen,red-bull,1,86720.0,89428.0,87702.0,86720.0,,1
1089,2023,lando-norris,mclaren,2,86961.0,88917.0,88042.0,86961.0,241.0,1
1089,2023,oscar-piastri,mclaren,3,87092.0,89874.0,87845.0,87092.0,372.0,1
1089,2023,charles-leclerc,ferrari,4,87136.0,89143.0,88361.0,87136.0,416.0,1
1089,2023,carlos-sainz-jr,ferrari,5,87148.0,89865.0,88265.0,87148.0,428.0,1
1089,2023,george-russell,mercedes,6,87155.0,89412.0,88782.0,87155.0,435.0,1
1089,2023,lewis-hamilton,mercedes,7,87211.0,89415.0,88545.0,87211.0,491.0,1
1089,2023,alexander-albon,williams,8,87530.0,89466.0,88067.0,87530.0,810.0,1
1089,2023,fernando-alonso,aston-martin,9,87659.0,89949.0,88368.0,87659.0,939.0,1
1089,2023,pierre-gasly,alpine,10,87689.0,89533.0,88751.0,87689.0,969.0,1
1089,2023,nico-hulkenberg,haas,11,88896.0,89603.0,88896.0,,,0
1089,2023,lance-stroll,aston-martin,12,88935.0,89448.0,88935.0,,,0
1089,2023,esteban-ocon,alpine,13,88956.0,89700.0,88956.0,,,0
1089,2023,logan-sargeant,williams,14,89031.0,89873.0,89031.0,,,0
1089,2023,valtteri-bottas,alfa-romeo,,89798.0,89798.0,,,,0
1089,2023,sergio-perez,red-bull,15,89968.0,89968.0,,,,0
1089,2023,yuki-tsunoda,alphatauri,16,90025.0,90025.0,,,,0
1089,2023,guanyu-zhou,alfa-romeo,17,90123.0,90123.0,,,,0
1089,2023,nyck-de-vries,alphatauri,18,90513.0,90513.0,,,,0
1089,2023,kevin-magnussen,haas,19,92378.0,92378.0,,,,0
1089,2023,valtteri-bottas,alfa-romeo,,,,,,,0
1090,2023,lewis-hamilton,mercedes,1,76609.0,78577.0,77427.0,76609.0,,1
1090,2023,max-verstappen,red-bull,2,76612.0,78318.0,77547.0,76612.0,3.0,1
1090,2023,lando-norris,mclaren,3,76694.0,78697.0,77328.0,76694.0,85.0,1
1090,2023,oscar-piastri,mclaren,4,76905.0,78464.0,77571.0,76905.0,296.0,1
1090,2023,guanyu-zhou,alfa-romeo,5,76971.0,78143.0,77700.0,76971.0,362.0,1
1090,2023,charles-leclerc,ferrari,6,76992.0,78440.0,77580.0,76992.0,383.0,1
1090,2023,valtteri-bottas,alfa-romeo,7,77034.0,78775.0,77563.0,77034.0,425.0,1
1090,2023,fernando-alonso,aston-martin,8,77035.0,78580.0,77701.0,77035.0,426.0,1
1090,2023,sergio-perez,red-bull,9,77045.0,78360.0,77675.0,77045.0,436.0,1
1090,2023,nico-hulkenberg,haas,10,77186.0,78695.0,77652.0,77186.0,577.0,1
1090,2023,carlos-sainz-jr,ferrari,11,77703.0,78393.0,77703.0,,,0
1090,2023,esteban-ocon,alpine,12,77841.0,78854.0,77841.0,,,0
1090,2023,daniel-ricciardo,alphatauri,13,78002.0,78906.0,78002.0,,,0
1090,2023,lance-stroll,aston-martin,14,78144.0,78782.0,78144.0,,,0
1090,2023,pierre-gasly,alpine,15,78217.0,78743.0,78217.0,,,0
1090,2023,alexander-albon,williams,16,78917.0,78917.0,,,,0
1090,2023,yuki-tsunoda,alphatauri,17,78919.0,78919.0,,,,0
1090,2023,george-russell,mercedes,18,79027.0,79027.0,,,,0
1090,2023,kevin-magnussen,haas,19,79206.0,79206.0,,,,0
1090,2023,logan-sargeant,williams,20,79248.0,79248.0,,,,0
1091,2023,max-verstappen,red-bull,1,106168.0,118515.0,112784.0,106168.0,,1
1091,2023,charles-leclerc,ferrari,2,106988.0,118300.0,112017.0,106988.0,820.0,1
1091,2023,sergio-perez,red-bull,3,107045.0,118899.0,112353.0,107045.0,877.0,1
1091,2023,lewis-hamilton,mercedes,4,107087.0,118563.0,112345.0,107087.0,919.0,1
1091,2023,carlos-sainz-jr,ferrari,5,107152.0,118688.0,111711.0,107152.0,984.0,1
1091,2023,oscar-piastri,mclaren,6,107365.0,118872.0,111534.0,107365.0,1197.0,1
1091,2023,lando-norris,mclaren,7,107669.0,119981.0,112252.0,107669.0,1501.0,1
1091,2023,george-russell,mercedes,8,107805.0,119035.0,112605.0,107805.0,1637.0,1
1091,2023,fernando-alonso,aston-martin,9,107843.0,118834.0,112751.0,107843.0,1675.0,1
1091,2023,lance-stroll,aston-martin,10,108841.0,119663.0,112193.0,108841.0,2673.0,1
1091,2023,yuki-tsunoda,alphatauri,11,113148.0,119044.0,113148.0,,,0
1091,2023,pierre-gasly,alpine,12,113671.0,119511.0,113671.0,,,0
1091,2023,kevin-magnussen,haas,13,114160.0,120020.0,114160.0,,,0
1091,2023,valtteri-bottas,alfa-romeo,14,114694.0,119484.0,114694.0,,,0
1091,2023,esteban-ocon,alpine,15,116372.0,119634.0,116372.0,,,0
1091,2023,alexander-albon,williams,16,120314.0,120314.0,,,,0
1091,2023,guanyu-zhou,alfa-romeo,17,120832.0,120832.0,,,,0
1091,2023,logan-sargeant,williams,18,121535.0,121535.0,,,,0
1091,2023,daniel-ricciardo,alphatauri,19,122159.0,122159.0,,,,0
1091,2023,nico-hulkenberg,haas,20,123166.0,123166.0,,,,0
1092,2023,max-verstappen,red-bull,1,70567.0,80965.0,78856.0,70567.0,,1
1092,2023,lando-norris,mclaren,2,71104.0,81276.0,79769.0,71104.0,537.0,1
1092,2023,george-russell,mercedes,3,71294.0,81345.0,79620.0,71294.0,727.0,1
1092,2023,alexander-albon,williams,4,71419.0,80939.0,79399.0,71419.0,852.0,1
1092,2023,fernando-alonso,aston-martin,5,71506.0,81840.0,79429.0,71506.0,939.0,1
1092,2023,carlos-sainz-jr,ferrari,6,71754.0,81321.0,79929.0,71754.0,1187.0,1
1092,2023,sergio-perez,red-bull,7,71880.0,81972.0,79856.0,71880.0,1313.0,1
1092,2023,oscar-piastri,mclaren,8,71938.0,81231.0,79392.0,71938.0,1371.0,1
1092,2023,charles-leclerc,ferrari,9,72665.0,82019.0,79600.0,72665.0,2098.0,1
1092,2023,logan-sargeant,williams,10,76748.0,82036.0,80067.0,76748.0,6181.0,1
1092,2023,lance-stroll,aston-martin,11,80121.0,81570.0,80121.0,,,0
1092,2023,pierre-gasly,alpine,12,80128.0,81735.0,80128.0,,,0
1092,2023,lewis-hamilton,mercedes,13,80151.0,81919.0,80151.0,,,0
1092,2023,yuki-tsunoda,alphatauri,14,80230.0,81781.0,80230.0,,,0
1092,2023,nico-hulkenberg,haas,15,80250.0,81891.0,80250.0,,,0
1092,2023,guanyu-zhou,alfa-romeo,16,82067.0,82067.0,,,,0
1092,2023,esteban-ocon,alpine,17,82110.0,82110.0,,,,0
1092,2023,kevin-magnussen,haas,18,82192.0,82192.0,,,,0
1092,2023,valtteri-bottas,alfa-romeo,19,82260.0,82260.0,,,,0
1092,2023,liam-lawson,alphatauri,20,83420.0,83420.0,,,,0
1093,2023,carlos-sainz-jr,ferrari,1,80294.0,81965.0,80991.0,80294.0,,1
1093,2023,max-verstappen,red-bull,2,80307.0,81573.0,80937.0,80307.0,13.0,1
1093,2023,charles-leclerc,ferrari,3,80361.0,81788.0,80977.0,80361.0,67.0,1
1093,2023,george-russell,mercedes,4,80671.0,82148.0,81382.0,80671.0,377.0,1
1093,2023,sergio-perez,red-bull,5,80688.0,81911.0,81240.0,80688.0,394.0,1
1093,2023,alexander-albon,williams,6,80760.0,81661.0,81272.0,80760.0,466.0,1
1093,2023,oscar-piastri,mclaren,7,80785.0,82106.0,81527.0,80785.0,491.0,1
1093,2023,lewis-hamilton,mercedes,8,80820.0,81977.0,81369.0,80820.0,526.0,1
1093,2023,lando-norris,mclaren,9,80979.0,81995.0,81581.0,80979.0,685.0,1
1093,2023,fernando-alonso,aston-martin,10,81417.0,82043.0,81543.0,81417.0,1123.0,1
1093,2023,yuki-tsunoda,alphatauri,11,81594.0,81852.0,81594.0,,,0
1093,2023,liam-lawson,alphatauri,12,81758.0,82112.0,81758.0,,,0
1093,2023,nico-hulkenberg,haas,13,81776.0,82343.0,81776.0,,,0
1093,2023,valtteri-bottas,alfa-romeo,14,81940.0,82249.0,81940.0,,,0
1093,2023,logan-sargeant,williams,15,81944.0,81930.0,81944.0,,,0
1093,2023,guanyu-zhou,alfa-romeo,16,82390.0,82390.0,,,,0
1093,2023,pierre-gasly,alpine,17,82545.0,82545.0,,,,0
1093,2023,esteban-ocon,alpine,18,82548.0,82548.0,,,,0
1093,2023,kevin-magnussen,haas,19,82592.0,82592.0,,,,0
1093,2023,lance-stroll,aston-martin,20,82860.0,82860.0,,,,0
1094,2023,carlos-sainz-jr,ferrari,1,90984.0,92339.0,91439.0,90984.0,,1
1094,2023,george-russell,mercedes,2,91056.0,92331.0,91743.0,91056.0,72.0,1
1094,2023,charles-leclerc,ferrari,3,91063.0,92406.0,92012.0,91063.0,79.0,1
1094,2023,lando-norris,mclaren,4,91270.0,92483.0,91951.0,91270.0,286.0,1
1094,2023,lewis-hamilton,mercedes,5,91485.0,92651.0,92019.0,91485.0,501.0,1
1094,2023,kevin-magnussen,haas,6,91575.0,92242.0,91892.0,91575.0,591.0,1
1094,2023,fernando-alonso,aston-martin,7,91615.0,92584.0,91835.0,91615.0,631.0,1
1094,2023,esteban-ocon,alpine,8,91673.0,92369.0,92089.0,91673.0,689.0,1
1094,2023,nico-hulkenberg,haas,9,91808.0,92100.0,91994.0,91808.0,824.0,1
1094,2023,liam-lawson,alphatauri,10,92268.0,92215.0,92166.0,92268.0,1284.0,1
1094,2023,max-verstappen,red-bull,11,92173.0,92398.0,92173.0,,,0
1094,2023,pierre-gasly,alpine,12,92274.0,92452.0,92274.0,,,0
1094,2023,sergio-perez,red-bull,13,92310.0,92099.0,92310.0,,,0
1094,2023,alexander-albon,williams,14,93719.0,92668.0,93719.0,,,0
1094,2023,yuki-tsunoda,alphatauri,15,91991.0,91991.0,,,,0
1094,2023,valtteri-bottas,alfa-romeo,16,92809.0,92809.0,,,,0
1094,2023,oscar-piastri,mclaren,17,92902.0,92902.0,,,,0
1094,2023,logan-sargeant,williams,18,93252.0,93252.0,,,,0
1094,2023,guanyu-zhou,alfa-romeo,19,93258.0,93258.0,,,,0
1094,2023,lance-stroll,aston-martin,20,93397.0,93397.0,,,,0
1095,2023,max-verstappen,red-bull,1,88877.0,89878.0,89964.0,88877.0,,1
1095,2023,oscar-piastri,mclaren,2,89458.0,90439.0,90122.0,89458.0,581.0,1
1095,2023,lando-norris,mclaren,3,89493.0,90063.0,90296.0,89493.0,616.0,1
1095,2023,charles-leclerc,ferrari,4,89542.0,90393.0,89940.0,89542.0,665.0,1
1095,2023,sergio-perez,red-bull,5,89650.0,90652.0,89965.0,89650.0,773.0,1
1095,2023,carlos-sainz-jr,ferrari,6,89850.0,90651.0,90067.0,89850.0,973.0,1
1095,2023,lewis-hamilton,mercedes,7,89908.0,90811.0,90040.0,89908.0,1031.0,1
1095,2023,george-russell,mercedes,8,90219.0,90811.0,90268.0,90219.0,1342.0,1
1095,2023,yuki-tsunoda,alphatauri,9,90303.0,90733.0,90204.0,90303.0,1426.0,1
1095,2023,fernando-alonso,aston-martin,10,90560.0,90971.0,90465.0,90560.0,1683.0,1
1095,2023,liam-lawson,alphatauri,11,90508.0,90425.0,90508.0,,,0
1095,2023,pierre-gasly,alpine,12,90509.0,90843.0,90509.0,,,0
1095,2023,alexander-albon,williams,13,90537.0,90941.0,90537.0,,,0
1095,2023,esteban-ocon,alpine,14,90586.0,90960.0,90586.0,,,0
1095,2023,kevin-magnussen,haas,15,90665.0,90976.0,90665.0,,,0
1095,2023,valtteri-bottas,alfa-romeo,16,91049.0,91049.0,,,,0
1095,2023,lance-stroll,aston-martin,17,91181.0,91181.0,,,,0
1095,2023,nico-hulkenberg,haas,18,91299.0,91299.0,,,,0
1095,2023,guanyu-zhou,alfa-romeo,19,91398.0,91398.0,,,,0
1095,2023,logan-sargeant,williams,,,,,,,0
1096,2023,max-verstappen,red-bull,1,83778.0,85007.0,84483.0,83778.0,,1
1096,2023,george-russell,mercedes,2,84219.0,85334.0,84827.0,84219.0,441.0,1
1096,2023,lewis-hamilton,mercedes,3,84305.0,86076.0,84381.0,84305.0,527.0,1
1096,2023,fernando-alonso,aston-martin,4,84369.0,85223.0,85241.0,84369.0,591.0,1
1096,2023,charles-leclerc,ferrari,5,84424.0,85452.0,85079.0,84424.0,646.0,1
1096,2023,oscar-piastri,mclaren,6,84540.0,85266.0,84724.0,84540.0,762.0,1
1096,2023,pierre-gasly,alpine,7,84553.0,85566.0,84918.0,84553.0,775.0,1
1096,2023,esteban-ocon,alpine,8,84763.0,85711.0,84928.0,84763.0,985.0,1
1096,2023,valtteri-bottas,alfa-romeo,9,85058.0,86038.0,85297.0,85058.0,1280.0,1
1096,2023,lando-norris,mclaren,10,84685.0,85131.0,84685.0,,,0
1096,2023,yuki-tsunoda,alphatauri,11,85301.0,86058.0,85301.0,,,0
1096,2023,carlos-sainz-jr,ferrari,12,85328.0,85808.0,85328.0,,,0
1096,2023,sergio-perez,red-bull,13,85462.0,85991.0,85462.0,,,0
1096,2023,alexander-albon,williams,14,85707.0,86118.0,85707.0,,,0
1096,2023,nico-hulkenberg,haas,15,85783.0,85904.0,85783.0,,,0
1096,2023,logan-sargeant,williams,16,86210.0,86210.0,,,,0
1096,2023,lance-stroll,aston-martin,17,86345.0,86345.0,,,,0
1096,2023,liam-lawson,alphatauri,18,86635.0,86635.0,,,,0
1096,2023,kevin-magnussen,haas,19,87046.0,87046.0,,,,0
1096,2023,guanyu-zhou,alfa-romeo,20,87432.0,87432.0,,,,0
1097,2023,charles-leclerc,ferrari,1,94723.0,96061.0,95004.0,94723.0,,1
1097,2023,lando-norris,mclaren,2,94853.0,95110.0,95441.0,94853.0,130.0,1
1097,2023,lewis-hamilton,mercedes,3,94862.0,95091.0,95240.0,94862.0,139.0,1
1097,2023,carlos-sainz-jr,ferrari,4,94945.0,95824.0,95302.0,94945.0,222.0,1
1097,2023,george-russell,mercedes,5,95079.0,96165.0,95606.0,95079.0,356.0,1
1097,2023,max-verstappen,red-bull,6,95081.0,95346.0,95008.0,95081.0,358.0,1
1097,2023,pierre-gasly,alpine,7,95089.0,96158.0,95496.0,95089.0,366.0,1
1097,2023,esteban-ocon,alpine,8,95154.0,96131.0,95413.0,95154.0,431.0,1
1097,2023,sergio-perez,red-bull,9,95173.0,95989.0,95679.0,95173.0,450.0,1
1097,2023,oscar-piastri,mclaren,10,95467.0,96064.0,95576.0,95467.0,744.0,1
1097,2023,yuki-tsunoda,alphatauri,11,95697.0,95913.0,95697.0,,,0
1097,2023,guanyu-zhou,alfa-romeo,12,95698.0,96052.0,95698.0,,,0
1097,2023,valtteri-bottas,alfa-romeo,13,95858.0,96082.0,95858.0,,,0
1097,2023,kevin-magnussen,haas,14,95880.0,96009.0,95880.0,,,0
1097,2023,daniel-ricciardo,alphatauri,15,95974.0,96213.0,95974.0,,,0
1097,2023,nico-hulkenberg,haas,16,96235.0,96235.0,,,,0
1097,2023,fernando-alonso,aston-martin,17,96268.0,96268.0,,,,0
1097,2023,alexander-albon,williams,18,96315.0,96315.0,,,,0
1097,2023,lance-stroll,aston-martin,19,96589.0,96589.0,,,,0
1097,2023,logan-sargeant,williams,20,96827.0,96827.0,,,,0
1098,2023,charles-leclerc,ferrari,1,77166.0,78401.0,77901.0,77166.0,,1
1098,2023,carlos-sainz-jr,ferrari,2,77233.0,78755.0,78382.0,77233.0,67.0,1
1098,2023,max-verstappen,red-bull,3,77263.0,78099.0,77625.0,77263.0,97.0,1
1098,2023,daniel-ricciardo,alphatauri,4,77382.0,78341.0,77706.0,77382.0,216.0,1
1098,2023,sergio-perez,red-bull,5,77423.0,78553.0,78124.0,77423.0,257.0,1
1098,2023,lewis-hamilton,mercedes,6,77454.0,78677.0,77571.0,77454.0,288.0,1
1098,2023,oscar-piastri,mclaren,7,77623.0,78241.0,77874.0,77623.0,457.0,1
1098,2023,george-russell,mercedes,8,77674.0,78893.0,77673.0,77674.0,508.0,1
1098,2023,valtteri-bottas,alfa-romeo,9,78032.0,78429.0,78016.0,78032.0,866.0,1
1098,2023,guanyu-zhou,alfa-romeo,10,78050.0,79016.0,78440.0,78050.0,884.0,1
1098,2023,pierre-gasly,alpine,11,78521.0,78945.0,78521.0,,,0
1098,2023,nico-hulkenberg,haas,12,78524.0,78969.0,78524.0,,,0
1098,2023,fernando-alonso,aston-martin,13,78738.0,78848.0,78738.0,,,0
1098,2023,alexander-albon,williams,14,79147.0,78828.0,79147.0,,,0
1098,2023,yuki-tsunoda,alphatauri,15,78890.0,78890.0,,,,0
1098,2023,esteban-ocon,alpine,16,79080.0,79080.0,,,,0
1098,2023,kevin-magnussen,haas,17,79163.0,79163.0,,,,0
1098,2023,lance-stroll,aston-martin,18,79227.0,79227.0,,,,0
1098,2023,lando-norris,mclaren,19,81554.0,81554.0,,,,0
1098,2023,logan-sargeant,williams,,,,,,,0
1099,2023,max-verstappen,red-bull,1,70727.0,70436.0,70162.0,70727.0,,1
1099,2023,charles-leclerc,ferrari,2,71021.0,70472.0,70303.0,71021.0,294.0,1
1099,2023,lance-stroll,aston-martin,3,71344.0,70551.0,70375.0,71344.0,617.0,1
1099,2023,fernando-alonso,aston-martin,4,71387.0,70557.0,70237.0,71387.0,660.0,1
1099,2023,lewis-hamilton,mercedes,5,71469.0,70604.0,70266.0,71469.0,742.0,1
1099,2023,george-russell,mercedes,6,71590.0,70340.0,70316.0,71590.0,863.0,1
1099,2023,lando-norris,mclaren,7,71987.0,70623.0,70021.0,71987.0,1260.0,1
1099,2023,carlos-sainz-jr,ferrari,8,71989.0,70624.0,70254.0,71989.0,1262.0,1
1099,2023,sergio-perez,red-bull,9,72321.0,70668.0,70219.0,72321.0,1594.0,1
1099,2023,oscar-piastri,mclaren,10,70330.0,70519.0,70330.0,,,0
1099,2023,nico-hulkenberg,haas,11,70547.0,70475.0,70547.0,,,0
1099,2023,esteban-ocon,alpine,12,70562.0,70763.0,70562.0,,,0
1099,2023,pierre-gasly,alpine,13,70567.0,70793.0,70567.0,,,0
1099,2023,kevin-magnussen,haas,14,70723.0,70602.0,70723.0,,,0
1099,2023,alexander-albon,williams,15,70840.0,70621.0,70840.0,,,0
1099,2023,yuki-tsunoda,alphatauri,16,70837.0,70837.0,,,,0
1099,2023,daniel-ricciardo,alphatauri,17,70843.0,70843.0,,,,0
1099,2023,valtteri-bottas,alfa-romeo,18,70955.0,70955.0,,,,0
1099,2023,logan-sargeant,williams,19,71035.0,71035.0,,,,0
1099,2023,guanyu-zhou,alfa-romeo,20,71275.0,71275.0,,,,0
1100,2023,charles-leclerc,ferrari,1,92726.0,93617.0,92775.0,92726.0,,1
1100,2023,carlos-sainz-jr,ferrari,2,92770.0,93851.0,93338.0,92770.0,44.0,1
1100,2023,max-verstappen,red-bull,3,93104.0,94190.0,93572.0,93104.0,378.0,1
1100,2023,george-russell,mercedes,4,93112.0,94137.0,93351.0,93112.0,386.0,1
1100,2023,pierre-gasly,alpine,5,93239.0,94272.0,93494.0,93239.0,513.0,1
1100,2023,alexander-albon,williams,6,93323.0,94634.0,93588.0,93323.0,597.0,1
1100,2023,logan-sargeant,williams,7,93513.0,94525.0,93733.0,93513.0,787.0,1
1100,2023,valtteri-bottas,alfa-romeo,8,93525.0,94305.0,93809.0,93525.0,799.0,1
1100,2023,kevin-magnussen,haas,9,93537.0,94337.0,93664.0,93537.0,811.0,1
1100,2023,fernando-alonso,aston-martin,10,93555.0,94422.0,93617.0,93555.0,829.0,1
1100,2023,lewis-hamilton,mercedes,11,93837.0,94307.0,93837.0,,,0
1100,2023,sergio-perez,red-bull,12,93855.0,94574.0,93855.0,,,0
1100,2023,nico-hulkenberg,haas,13,93979.0,94265.0,93979.0,,,0
1100,2023,lance-stroll,aston-martin,14,94199.0,94504.0,94199.0,,,0
1100,2023,daniel-ricciardo,alphatauri,15,94308.0,94683.0,94308.0,,,0
1100,2023,lando-norris,mclaren,16,94703.0,94703.0,,,,0
1100,2023,esteban-ocon,alpine,17,94834.0,94834.0,,,,0
1100,2023,guanyu-zhou,alfa-romeo,18,94849.0,94849.0,,,,0
1100,2023,oscar-piastri,mclaren,19,94850.0,94850.0,,,,0
1100,2023,yuki-tsunoda,alphatauri,20,96447.0,96447.0,,,,0
1101,2023,max-verstappen,red-bull,1,83445.0,84160.0,83740.0,83445.0,,1
1101,2023,charles-leclerc,ferrari,2,83584.0,84459.0,83969.0,83584.0,139.0,1
1101,2023,oscar-piastri,mclaren,3,83782.0,84487.0,84278.0,83782.0,337.0,1
1101,2023,george-russell,mercedes,4,83788.0,84337.0,84013.0,83788.0,343.0,1
1101,2023,lando-norris,mclaren,5,83816.0,84368.0,83920.0,83816.0,371.0,1
1101,2023,yuki-tsunoda,alphatauri,6,83968.0,84286.0,84207.0,83968.0,523.0,1
1101,2023,fernando-alonso,aston-martin,7,84084.0,84501.0,84131.0,84084.0,639.0,1
1101,2023,nico-hulkenberg,haas,8,84108.0,84425.0,84213.0,84108.0,663.0,1
1101,2023,sergio-perez,red-bull,9,84171.0,84209.0,84116.0,84171.0,726.0,1
1101,2023,pierre-gasly,alpine,10,84548.0,84600.0,84078.0,84548.0,1103.0,1
1101,2023,lewis-hamilton,mercedes,11,84359.0,84437.0,84359.0,,,0
1101,2023,esteban-ocon,alpine,12,84391.0,84565.0,84391.0,,,0
1101,2023,lance-stroll,aston-martin,13,84422.0,84405.0,84422.0,,,0
1101,2023,alexander-albon,williams,14,84439.0,84298.0,84439.0,,,0
1101,2023,daniel-ricciardo,alphatauri,15,84442.0,84461.0,84442.0,,,0
1101,2023,carlos-sainz-jr,ferrari,16,84738.0,84738.0,,,,0
1101,2023,kevin-magnussen,haas,17,84764.0,84764.0,,,,0
1101,2023,valtteri-bottas,alfa-romeo,18,84788.0,84788.0,,,,0
1101,2023,guanyu-zhou,alfa-romeo,19,85159.0,85159.0,,,,0
1101,2023,logan-sargeant,williams,,,,,,,0
1102,2024,max-verstappen,red-bull,1,89179.0,90031.0,89374.0,89179.0,,1
1102,2024,charles-leclerc,ferrari,2,89407.0,90243.0,89165.0,89407.0,228.0,1
1102,2024,george-russell,mercedes,3,89485.0,90350.0,89922.0,89485.0,306.0,1
1102,2024,carlos-sainz-jr,ferrari,4,89507.0,89909.0,89573.0,89507.0,328.0,1
1102,2024,sergio-perez,red-bull,5,89537.0,90221.0,89932.0,89537.0,358.0,1
1102,2024,fernando-alonso,aston-martin,6,89542.0,90179.0,89801.0,89542.0,363.0,1
1102,2024,lando-norris,mclaren,7,89614.0,90143.0,89941.0,89614.0,435.0,1
1102,2024,oscar-piastri,mclaren,8,89683.0,90531.0,90122.0,89683.0,504.0,1
1102,2024,lewis-hamilton,mercedes,9,89710.0,90451.0,89718.0,89710.0,531.0,1
1102,2024,nico-hulkenberg,haas,10,90502.0,90566.0,89851.0,90502.0,1323.0,1
1102,2024,yuki-tsunoda,rb,11,90129.0,90481.0,90129.0,,,0
1102,2024,lance-stroll,aston-martin,12,90200.0,89965.0,90200.0,,,0
1102,2024,alexander-albon,williams,13,90221.0,90397.0,90221.0,,,0
1102,2024,daniel-ricciardo,rb,14,90278.0,90562.0,90278.0,,,0
1102,2024,kevin-magnussen,haas,15,90529.0,90646.0,90529.0,,,0
1102,2024,valtteri-bottas,kick-sauber,16,90756.0,90756.0,,,,0
1102,2024,guanyu-zhou,kick-sauber,17,90757.0,90757.0,,,,0
1102,2024,logan-sargeant,williams,18,90770.0,90770.0,,,,0
1102,2024,esteban-ocon,alpine,19,90793.0,90793.0,,,,0
1102,2024,pierre-gasly,alpine,20,90948.0,90948.0,,,,0
1103,2024,max-verstappen,red-bull,1,87472.0,88171.0,88033.0,87472.0,,1
1103,2024,charles-leclerc,ferrari,2,87791.0,88318.0,88112.0,87791.0,319.0,1
1103,2024,sergio-perez,red-bull,3,87807.0,88638.0,88467.0,87807.0,335.0,1
1103,2024,fernando-alonso,aston-martin,4,87846.0,88706.0,88122.0,87846.0,374.0,1
1103,2024,oscar-piastri,mclaren,5,88089.0,88755.0,88343.0,88089.0,617.0,1
1103,2024,lando-norris,mclaren,6,88132.0,88805.0,88479.0,88132.0,660.0,1
1103,2024,george-russell,mercedes,7,88316.0,88749.0,88448.0,88316.0,844.0,1
1103,2024,lewis-hamilton,mercedes,8,88460.0,88994.0,88606.0,88460.0,988.0,1
1103,2024,yuki-tsunoda,rb,9,88547.0,88988.0,88564.0,88547.0,1075.0,1
1103,2024,lance-stroll,aston-martin,10,88572.0,88250.0,88578.0,88572.0,1100.0,1
1103,2024,oliver-bearman,ferrari,11,88642.0,88984.0,88642.0,,,0
1103,2024,alexander-albon,williams,12,88980.0,89107.0,88980.0,,,0
1103,2024,kevin-magnussen,haas,13,89020.0,89069.0,89020.0,,,0
1103,2024,daniel-ricciardo,rb,14,89025.0,89065.0,89025.0,,,0
1103,2024,nico-hulkenberg,haas,15,89055.0,89055.0,,,,0
1103,2024,valtteri-bottas,kick-sauber,16,89179.0,89179.0,,,,0
1103,2024,esteban-ocon,alpine,17,89475.0,89475.0,,,,0
1103,2024,pierre-gasly,alpine,18,89479.0,89479.0,,,,0
1103,2024,logan-sargeant,williams,19,89526.0,89526.0,,,,0
1103,2024,guanyu-zhou,kick-sauber,,,,,,,0
1104,2024,max-verstappen,red-bull,1,75915.0,76819.0,76387.0,75915.0,,1
1104,2024,carlos-sainz-jr,ferrari,2,76185.0,76731.0,76189.0,76185.0,270.0,1
1104,2024,sergio-perez,red-bull,3,76274.0,76805.0,76631.0,76274.0,359.0,1
1104,2024,lando-norris,mclaren,4,76315.0,77430.0,76750.0,76315.0,400.0,1
1104,2024,charles-leclerc,ferrari,5,76435.0,76984.0,76304.0,76435.0,520.0,1
1104,2024,oscar-piastri,mclaren,6,76572.0,77369.0,76601.0,76572.0,657.0,1
1104,2024,george-russell,mercedes,7,76724.0,77062.0,76901.0,76724.0,809.0,1
1104,2024,yuki-tsunoda,rb,8,76788.0,77356.0,76791.0,76788.0,873.0,1
1104,2024,lance-stroll,aston-martin,9,77072.0,77376.0,76780.0,77072.0,1157.0,1
1104,2024,fernando-alonso,aston-martin,10,77552.0,76991.0,76710.0,77552.0,1637.0,1
1104,2024,lewis-hamilton,mercedes,11,76960.0,77499.0,76960.0,,,0
1104,2024,alexander-albon,williams,12,77167.0,77130.0,77167.0,,,0
1104,2024,valtteri-bottas,kick-sauber,13,77340.0,77543.0,77340.0,,,0
1104,2024,kevin-magnussen,haas,14,77427.0,77709.0,77427.0,,,0
1104,2024,esteban-ocon,alpine,15,77697.0,77617.0,77697.0,,,0
1104,2024,nico-hulkenberg,haas,16,77976.0,77976.0,,,,0
1104,2024,pierre-gasly,alpine,17,77982.0,77982.0,,,,0
1104,2024,daniel-ricciardo,rb,18,78085.0,78085.0,,,,0
1104,2024,guanyu-zhou,kick-sauber,19,78188.0,78188.0,,,,0
1105,2024,max-verstappen,red-bull,1,88197.0,88866.0,88740.0,88197.0,,1
1105,2024,sergio-perez,red-bull,2,88263.0,89303.0,88752.0,88263.0,66.0,1
1105,2024,lando-norris,mclaren,3,88489.0,89536.0,88940.0,88489.0,292.0,1
1105,2024,carlos-sainz-jr,ferrari,4,88682.0,89513.0,89099.0,88682.0,485.0,1
1105,2024,fernando-alonso,aston-martin,5,88686.0,89254.0,89082.0,88686.0,489.0,1
1105,2024,oscar-piastri,mclaren,6,88760.0,89425.0,89148.0,88760.0,563.0,1
1105,2024,lewis-hamilton,mercedes,7,88766.0,89661.0,88887.0,88766.0,569.0,1
1105,2024,charles-leclerc,ferrari,8,88786.0,89338.0,89196.0,88786.0,589.0,1
1105,2024,george-russell,mercedes,9,89008.0,89799.0,89140.0,89008.0,811.0,1
1105,2024,yuki-tsunoda,rb,10,89413.0,89775.0,89417.0,89413.0,1216.0,1
1105,2024,daniel-ricciardo,rb,11,89472.0,89727.0,89472.0,,,0
1105,2024,nico-hulkenberg,haas,12,89494.0,89821.0,89494.0,,,0
1105,2024,valtteri-bottas,kick-sauber,13,89593.0,89602.0,89593.0,,,0
1105,2024,alexander-albon,williams,14,89714.0,89963.0,89714.0,,,0
1105,2024,esteban-ocon,alpine,15,89816.0,89811.0,89816.0,,,0
1105,2024,lance-stroll,aston-martin,16,90024.0,90024.0,,,,0
1105,2024,pierre-gasly,alpine,17,90119.0,90119.0,,,,0
1105,2024,kevin-magnussen,haas,18,90131.0,90131.0,,,,0
1105,2024,logan-sargeant,williams,19,90139.0,90139.0,,,,0
1105,2024,guanyu-zhou,kick-sauber,20,90143.0,90143.0,,,,0
1106,2024,max-verstappen,red-bull,1,93660.0,94742.0,93794.0,93660.0,,1
1106,2024,sergio-perez,red-bull,2,93982.0,95457.0,94026.0,93982.0,322.0,1
1106,2024,fernando-alonso,aston-martin,3,94148.0,95116.0,94652.0,94148.0,488.0,1
1106,2024,lando-norris,mclaren,4,94165.0,94842.0,94460.0,94165.0,505.0,1
1106,2024,oscar-piastri,mclaren,5,94273.0,95014.0,94659.0,94273.0,613.0,1
1106,2024,charles-leclerc,ferrari,6,94289.0,94797.0,94399.0,94289.0,629.0,1
1106,2024,carlos-sainz-jr,ferrari,7,94297.0,94970.0,94368.0,94297.0,637.0,1
1106,2024,george-russell,mercedes,8,94433.0,95084.0,94609.0,94433.0,773.0,1
1106,2024,nico-hulkenberg,haas,9,94604.0,95068.0,94667.0,94604.0,944.0,1
1106,2024,valtteri-bottas,kick-sauber,10,94665.0,95169.0,94769.0,94665.0,1005.0,1
1106,2024,lance-stroll,aston-martin,11,94838.0,95334.0,94838.0,,,0
1106,2024,daniel-ricciardo,rb,12,94934.0,95443.0,94934.0,,,0
1106,2024,esteban-ocon,alpine,13,95223.0,95356.0,95223.0,,,0
1106,2024,alexander-albon,williams,14,95241.0,95384.0,95241.0,,,0
1106,2024,pierre-gasly,alpine,15,95463.0,95287.0,95463.0,,,0
1106,2024,guanyu-zhou,kick-sauber,16,95505.0,95505.0,,,,0
1106,2024,kevin-magnussen,haas,17,95516.0,95516.0,,,,0
1106,2024,lewis-hamilton,mercedes,18,95573.0,95573.0,,,,0
1106,2024,yuki-tsunoda,rb,19,95746.0,95746.0,,,,0
1106,2024,logan-sargeant,williams,20,96358.0,96358.0,,,,0
1107,2024,max-verstappen,red-bull,1,87241.0,87689.0,87566.0,87241.0,,1
1107,2024,charles-leclerc,ferrari,2,87382.0,88081.0,87533.0,87382.0,141.0,1
1107,2024,carlos-sainz-jr,ferrari,3,87455.0,87937.0,87941.0,87455.0,214.0,1
1107,2024,sergio-perez,red-bull,4,87460.0,87772.0,87839.0,87460.0,219.0,1
1107,2024,lando-norris,mclaren,5,87594.0,87913.0,87871.0,87594.0,353.0,1
1107,2024,oscar-piastri,mclaren,6,87675.0,88032.0,87721.0,87675.0,434.0,1
1107,2024,george-russell,mercedes,7,88067.0,88159.0,88095.0,88067.0,826.0,1
1107,2024,lewis-hamilton,mercedes,8,88107.0,88167.0,87697.0,88107.0,866.0,1
1107,2024,nico-hulkenberg,haas,9,88146.0,88383.0,88200.0,88146.0,905.0,1
1107,2024,yuki-tsunoda,rb,10,88192.0,88324.0,88167.0,88192.0,951.0,1
1107,2024,lance-stroll,aston-martin,11,88222.0,88177.0,88222.0,,,0
1107,2024,pierre-gasly,alpine,12,88324.0,87976.0,88324.0,,,0
1107,2024,esteban-ocon,alpine,13,88371.0,88209.0,88371.0,,,0
1107,2024,alexander-albon,williams,14,88413.0,88343.0,88413.0,,,0
1107,2024,fernando-alonso,aston-martin,15,88427.0,88453.0,88427.0,,,0
1107,2024,valtteri-bottas,kick-sauber,16,88463.0,88463.0,,,,0
1107,2024,logan-sargeant,williams,17,88487.0,88487.0,,,,0
1107,2024,daniel-ricciardo,rb,18,88617.0,88617.0,,,,0
1107,2024,kevin-magnussen,haas,19,88619.0,88619.0,,,,0
1107,2024,guanyu-zhou,kick-sauber,20,88824.0,88824.0,,,,0
1108,2024,max-verstappen,red-bull,1,74746.0,75762.0,75176.0,74746.0,,1
1108,2024,oscar-piastri,mclaren,2,74820.0,75940.0,75407.0,74820.0,74.0,1
1108,2024,lando-norris,mclaren,3,74837.0,75915.0,75371.0,74837.0,91.0,1
1108,2024,charles-leclerc,ferrari,4,74970.0,75823.0,75328.0,74970.0,224.0,1
1108,2024,carlos-sainz-jr,ferrari,5,75233.0,76015.0,75512.0,75233.0,487.0,1
1108,2024,george-russell,mercedes,6,75234.0,76107.0,75671.0,75234.0,488.0,1
1108,2024,yuki-tsunoda,rb,7,75465.0,75894.0,75358.0,75465.0,719.0,1
1108,2024,lewis-hamilton,mercedes,8,75504.0,76604.0,75677.0,75504.0,758.0,1
1108,2024,daniel-ricciardo,rb,9,75674.0,76060.0,75691.0,75674.0,928.0,1
1108,2024,nico-hulkenberg,haas,10,75980.0,75841.0,75569.0,75980.0,1234.0,1
1108,2024,sergio-perez,red-bull,11,75706.0,76404.0,75706.0,,,0
1108,2024,esteban-ocon,alpine,12,75906.0,76361.0,75906.0,,,0
1108,2024,lance-stroll,aston-martin,13,75992.0,76458.0,75992.0,,,0
1108,2024,alexander-albon,williams,14,76200.0,76524.0,76200.0,,,0
1108,2024,pierre-gasly,alpine,15,76381.0,76015.0,76381.0,,,0
1108,2024,valtteri-bottas,kick-sauber,16,76626.0,76626.0,,,,0
1108,2024,guanyu-zhou,kick-sauber,17,76834.0,76834.0,,,,0
1108,2024,kevin-magnussen,haas,18,76854.0,76854.0,,,,0
1108,2024,fernando-alonso,aston-martin,19,76917.0,76917.0,,,,0
1108,2024,logan-sargeant,williams,,,,,,,0
1109,2024,charles-leclerc,ferrari,1,70270.0,71584.0,70825.0,70270.0,,1
1109,2024,oscar-piastri,mclaren,2,70424.0,71500.0,70756.0,70424.0,154.0,1
1109,2024,carlos-sainz-jr,ferrari,3,70518.0,71543.0,71075.0,70518.0,248.0,1
1109,2024,lando-norris,mclaren,4,70542.0,71760.0,70732.0,70542.0,272.0,1
1109,2024,george-russell,mercedes,5,70543.0,71492.0,70929.0,70543.0,273.0,1
1109,2024,max-verstappen,red-bull,6,70567.0,71711.0,70745.0,70567.0,297.0,1
1109,2024,lewis-hamilton,mercedes,7,70621.0,71528.0,71056.0,70621.0,351.0,1
1109,2024,yuki-tsunoda,rb,8,70858.0,71852.0,71106.0,70858.0,588.0,1
1109,2024,alexander-albon,williams,9,70948.0,71623.0,71216.0,70948.0,678.0,1
1109,2024,pierre-gasly,alpine,10,71311.0,71714.0,70896.0,71311.0,1041.0,1
1109,2024,esteban-ocon,alpine,11,71285.0,71887.0,71285.0,,,0
1109,2024,daniel-ricciardo,rb,12,71482.0,71785.0,71482.0,,,0
1109,2024,lance-stroll,aston-martin,13,71563.0,71728.0,71563.0,,,0
1109,2024,fernando-alonso,aston-martin,14,72019.0,72019.0,,,,0
1109,2024,logan-sargeant,williams,15,72020.0,72020.0,,,,0
1109,2024,sergio-perez,red-bull,16,72060.0,72060.0,,,,0
1109,2024,valtteri-bottas,kick-sauber,17,72512.0,72512.0,,,,0
1109,2024,guanyu-zhou,kick-sauber,18,73028.0,73028.0,,,,0
1109,2024,nico-hulkenberg,haas,,71440.0,71876.0,71440.0,,,0
1109,2024,kevin-magnussen,haas,,71725.0,71832.0,71725.0,,,0
1110,2024,george-russell,mercedes,1,72000.0,73013.0,71742.0,72000.0,,1
1110,2024,max-verstappen,red-bull,2,72000.0,72360.0,72549.0,72000.0,0.0,1
1110,2024,lando-norris,mclaren,3,72021.0,72959.0,72201.0,72021.0,21.0,1
1110,2024,oscar-piastri,mclaren,4,72103.0,72907.0,72462.0,72103.0,103.0,1
1110,2024,daniel-ricciardo,rb,5,72178.0,73240.0,72572.0,72178.0,178.0,1
1110,2024,fernando-alonso,aston-martin,6,72228.0,73117.0,72635.0,72228.0,228.0,1
1110,2024,lewis-hamilton,mercedes,7,72280.0,72851.0,71979.0,72280.0,280.0,1
1110,2024,yuki-tsunoda,rb,8,72414.0,72748.0,72303.0,72414.0,414.0,1
1110,2024,lance-stroll,aston-martin,9,72701.0,73088.0,72659.0,72701.0,701.0,1
1110,2024,alexander-albon,williams,10,72796.0,72896.0,72485.0,72796.0,796.0,1
1110,2024,charles-leclerc,ferrari,11,72691.0,73107.0,72691.0,,,0
1110,2024,carlos-sainz-jr,ferrari,12,72728.0,73038.0,72728.0,,,0
1110,2024,logan-sargeant,williams,13,72736.0,73063.0,72736.0,,,0
1110,2024,kevin-magnussen,haas,14,72916.0,73217.0,72916.0,,,0
1110,2024,pierre-gasly,alpine,15,72940.0,73289.0,72940.0,,,0
1110,2024,sergio-perez,red-bull,16,73326.0,73326.0,,,,0
1110,2024,valtteri-bottas,kick-sauber,17,73366.0,73366.0,,,,0
1110,2024,esteban-ocon,alpine,18,73435.0,73435.0,,,,0
1110,2024,nico-hulkenberg,haas,19,73978.0,73978.0,,,,0
1110,2024,guanyu-zhou,kick-sauber,20,74292.0,74292.0,,,,0
1111,2024,lando-norris,mclaren,1,71383.0,72386.0,71872.0,71383.0,,1
1111,2024,max-verstappen,red-bull,2,71403.0,72306.0,71653.0,71403.0,20.0,1
1111,2024,lewis-hamilton,mercedes,3,71701.0,72143.0,71792.0,71701.0,318.0,1
1111,2024,george-russell,mercedes,4,71703.0,72456.0,71812.0,71703.0,320.0,1
1111,2024,charles-leclerc,ferrari,5,71731.0,72257.0,72038.0,71731.0,348.0,1
1111,2024,carlos-sainz-jr,ferrari,6,71736.0,72403.0,71874.0,71736.0,353.0,1
1111,2024,pierre-gasly,alpine,7,71857.0,72651.0,72079.0,71857.0,474.0,1
1111,2024,sergio-perez,red-bull,8,72061.0,72477.0,72054.0,72061.0,678.0,1
1111,2024,esteban-ocon,alpine,9,72125.0,72691.0,72109.0,72125.0,742.0,1
1111,2024,oscar-piastri,mclaren,10,72011.0,72460.0,72011.0,,,0
1111,2024,fernando-alonso,aston-martin,11,72128.0,72505.0,72128.0,,,0
1111,2024,valtteri-bottas,kick-sauber,12,72227.0,72758.0,72227.0,,,0
1111,2024,nico-hulkenberg,haas,13,72310.0,72708.0,72310.0,,,0
1111,2024,lance-stroll,aston-martin,14,72372.0,72881.0,72372.0,,,0
1111,2024,guanyu-zhou,kick-sauber,15,72738.0,72880.0,72738.0,,,0
1111,2024,kevin-magnussen,haas,16,72937.0,72937.0,,,,0
1111,2024,yuki-tsunoda,rb,17,72985.0,72985.0,,,,0
1111,2024,daniel-ricciardo,rb,18,73075.0,73075.0,,,,0
1111,2024,alexander-albon,williams,19,73153.0,73153.0,,,,0
1111,2024,logan-sargeant,williams,20,73509.0,73509.0,,,,0
1112,2024,max-verstappen,red-bull,1,64314.0,65336.0,64469.0,64314.0,,1
1112,2024,lando-norris,mclaren,2,64718.0,65450.0,65103.0,64718.0,404.0,1
1112,2024,george-russell,mercedes,3,64840.0,65585.0,65016.0,64840.0,526.0,1
1112,2024,carlos-sainz-jr,ferrari,4,64851.0,65263.0,65016.0,64851.0,537.0,1
1112,2024,lewis-hamilton,mercedes,5,64903.0,65541.0,65053.0,64903.0,589.0,1
1112,2024,charles-leclerc,ferrari,6,65044.0,65509.0,65104.0,65044.0,730.0,1
1112,2024,oscar-piastri,mclaren,7,65048.0,65311.0,65070.0,65048.0,734.0,1
1112,2024,sergio-perez,red-bull,8,65202.0,65587.0,65144.0,65202.0,888.0,1
1112,2024,nico-hulkenberg,haas,9,65385.0,65596.0,65262.0,65385.0,1071.0,1
1112,2024,esteban-ocon,alpine,10,65883.0,65574.0,65274.0,65883.0,1569.0,1
1112,2024,daniel-ricciardo,rb,11,65289.0,65569.0,65289.0,,,0
1112,2024,kevin-magnussen,haas,12,65347.0,65508.0,65347.0,,,0
1112,2024,pierre-gasly,alpine,13,65359.0,65598.0,65359.0,,,0
1112,2024,yuki-tsunoda,rb,14,65412.0,65563.0,65412.0,,,0
1112,2024,fernando-alonso,aston-martin,15,65639.0,65656.0,65639.0,,,0
1112,2024,alexander-albon,williams,16,65736.0,65736.0,,,,0
1112,2024,lance-stroll,aston-martin,17,65819.0,65819.0,,,,0
1112,2024,valtteri-bottas,kick-sauber,18,65847.0,65847.0,,,,0
1112,2024,logan-sargeant,williams,19,65856.0,65856.0,,,,0
1112,2024,guanyu-zhou,kick-sauber,20,66061.0,66061.0,,,,0
1113,2024,george-russell,mercedes,1,85819.0,90106.0,86723.0,85819.0,,1
1113,2024,lewis-hamilton,mercedes,2,85990.0,89547.0,86770.0,85990.0,171.0,1
1113,2024,lando-norris,mclaren,3,86030.0,91596.0,86559.0,86030.0,211.0,1
1113,2024,max-verstappen,red-bull,4,86203.0,91342.0,86796.0,86203.0,384.0,1
1113,2024,oscar-piastri,mclaren,5,86237.0,90895.0,86733.0,86237.0,418.0,1
1113,2024,nico-hulkenberg,haas,6,86338.0,91929.0,86847.0,86338.0,519.0,1
1113,2024,carlos-sainz-jr,ferrari,7,86509.0,90557.0,86843.0,86509.0,690.0,1
1113,2024,lance-stroll,aston-martin,8,86585.0,91410.0,86938.0,86585.0,766.0,1
1113,2024,alexander-albon,williams,9,86640.0,91135.0,86933.0,86640.0,821.0,1
1113,2024,fernando-alonso,aston-martin,10,86917.0,91264.0,86730.0,86917.0,1098.0,1
1113,2024,charles-leclerc,ferrari,11,87097.0,90496.0,87097.0,,,0
1113,2024,logan-sargeant,williams,12,87175.0,91608.0,87175.0,,,0
1113,2024,yuki-tsunoda,rb,13,87269.0,90994.0,87269.0,,,0
1113,2024,guanyu-zhou,kick-sauber,14,87867.0,91190.0,87867.0,,,0
1113,2024,daniel-ricciardo,rb,15,87949.0,91291.0,87949.0,,,0
1113,2024,valtteri-bottas,kick-sauber,16,92431.0,92431.0,,,,0
1113,2024,kevin-magnussen,haas,17,92905.0,92905.0,,,,0
1113,2024,esteban-ocon,alpine,18,94557.0,94557.0,,,,0
1113,2024,sergio-perez,red-bull,19,98348.0,98348.0,,,,0
1113,2024,pierre-gasly,alpine,20,99804.0,99804.0,,,,0
1114,2024,lando-norris,mclaren,1,75227.0,77755.0,75540.0,75227.0,,1
1114,2024,oscar-piastri,mclaren,2,75249.0,77504.0,75785.0,75249.0,22.0,1
1114,2024,max-verstappen,red-bull,3,75273.0,77087.0,75770.0,75273.0,46.0,1
1114,2024,carlos-sainz-jr,ferrari,4,75696.0,77244.0,75885.0,75696.0,469.0,1
1114,2024,lewis-hamilton,mercedes,5,75854.0,77087.0,76307.0,75854.0,627.0,1
1114,2024,charles-leclerc,ferrari,6,75905.0,77437.0,75891.0,75905.0,678.0,1
1114,2024,fernando-alonso,aston-martin,7,76043.0,77624.0,76117.0,76043.0,816.0,1
1114,2024,lance-stroll,aston-martin,8,76244.0,77405.0,76075.0,76244.0,1017.0,1
1114,2024,daniel-ricciardo,rb,9,76447.0,77050.0,76202.0,76447.0,1220.0,1
1114,2024,yuki-tsunoda,rb,10,76477.0,77436.0,76121.0,76477.0,1250.0,1
1114,2024,nico-hulkenberg,haas,11,76317.0,77362.0,76317.0,,,0
1114,2024,valtteri-bottas,kick-sauber,12,76384.0,77487.0,76384.0,,,0
1114,2024,alexander-albon,williams,13,76429.0,77280.0,76429.0,,,0
1114,2024,logan-sargeant,williams,14,76543.0,77770.0,76543.0,,,0
1114,2024,kevin-magnussen,haas,15,76548.0,77851.0,76548.0,,,0
1114,2024,sergio-perez,red-bull,16,77886.0,77886.0,,,,0
1114,2024,george-russell,mercedes,17,77968.0,77968.0,,,,0
1114,2024,guanyu-zhou,kick-sauber,18,78037.0,78037.0,,,,0
1114,2024,esteban-ocon,alpine,19,78049.0,78049.0,,,,0
1114,2024,pierre-gasly,alpine,20,78166.0,78166.0,,,,0
1115,2024,max-verstappen,red-bull,1,113159.0,114938.0,113837.0,113159.0,,1
1115,2024,charles-leclerc,ferrari,2,113754.0,115349.0,114193.0,113754.0,595.0,1
1115,2024,sergio-perez,red-bull,3,113765.0,115139.0,114470.0,113765.0,606.0,1
1115,2024,lewis-hamilton,mercedes,4,113835.0,115692.0,114037.0,113835.0,676.0,1
1115,2024,lando-norris,mclaren,5,113981.0,115582.0,114358.0,113981.0,822.0,1
1115,2024,oscar-piastri,mclaren,6,114027.0,114835.0,114136.0,114027.0,868.0,1
1115,2024,george-russell,mercedes,7,114184.0,115353.0,114095.0,114184.0,1025.0,1
1115,2024,carlos-sainz-jr,ferrari,8,114477.0,115169.0,114112.0,114477.0,1318.0,1
1115,2024,fernando-alonso,aston-martin,9,114765.0,115489.0,114258.0,114765.0,1606.0,1
1115,2024,esteban-ocon,alpine,10,114810.0,115417.0,114460.0,114810.0,1651.0,1
1115,2024,alexander-albon,williams,11,114473.0,115722.0,114473.0,,,0
1115,2024,pierre-gasly,alpine,12,114635.0,114911.0,114635.0,,,0
1115,2024,daniel-ricciardo,rb,13,114682.0,115451.0,114682.0,,,0
1115,2024,valtteri-bottas,kick-sauber,14,114764.0,115531.0,114764.0,,,0
1115,2024,lance-stroll,aston-martin,15,115716.0,116072.0,115716.0,,,0
1115,2024,nico-hulkenberg,haas,16,116308.0,116308.0,,,,0
1115,2024,kevin-magnussen,haas,17,116500.0,116500.0,,,,0
1115,2024,yuki-tsunoda,rb,18,116593.0,116593.0,,,,0
1115,2024,logan-sargeant,williams,19,117230.0,117230.0,,,,0
1115,2024,guanyu-zhou,kick-sauber,20,117775.0,117775.0,,,,0
1116,2024,lando-norris,mclaren,1,69673.0,71377.0,70496.0,69673.0,,1
1116,2024,max-verstappen,red-bull,2,70029.0,71393.0,70811.0,70029.0,356.0,1
1116,2024,oscar-piastri,mclaren,3,70172.0,71541.0,70505.0,70172.0,499.0,1
1116,2024,george-russell,mercedes,4,70244.0,71049.0,70552.0,70244.0,571.0,1
1116,2024,sergio-perez,red-bull,5,70416.0,71006.0,70678.0,70416.0,743.0,1
1116,2024,charles-leclerc,ferrari,6,70582.0,71370.0,70689.0,70582.0,909.0,1
1116,2024,fernando-alonso,aston-martin,7,70633.0,71493.0,70845.0,70633.0,960.0,1
1116,2024,lance-stroll,aston-martin,8,70857.0,71518.0,70661.0,70857.0,1184.0,1
1116,2024,pierre-gasly,alpine,9,70977.0,71718.0,70815.0,70977.0,1304.0,1
1116,2024,carlos-sainz-jr,ferrari,10,70914.0,71327.0,70914.0,,,0
1116,2024,lewis-hamilton,mercedes,11,70948.0,71375.0,70948.0,,,0
1116,2024,yuki-tsunoda,rb,12,70955.0,71603.0,70955.0,,,0
1116,2024,nico-hulkenberg,haas,13,71215.0,71832.0,71215.0,,,0
1116,2024,kevin-magnussen,haas,14,71295.0,71630.0,71295.0,,,0
1116,2024,daniel-ricciardo,rb,15,71943.0,71943.0,,,,0
1116,2024,esteban-ocon,alpine,16,71995.0,71995.0,,,,0
1116,2024,valtteri-bottas,kick-sauber,17,72168.0,72168.0,,,,0
1116,2024,guanyu-zhou,kick-sauber,18,73261.0,73261.0,,,,0
1116,2024,alexander-albon,williams,,,,,,,0
1117,2024,lando-norris,mclaren,1,79327.0,79911.0,79727.0,79327.0,,1
1117,2024,oscar-piastri,mclaren,2,79436.0,80076.0,79808.0,79436.0,109.0,1
1117,2024,george-russell,mercedes,3,79440.0,80169.0,79877.0,79440.0,113.0,1
1117,2024,charles-leclerc,ferrari,4,79461.0,80074.0,80007.0,79461.0,134.0,1
1117,2024,carlos-sainz-jr,ferrari,5,79467.0,80149.0,79799.0,79467.0,140.0,1
1117,2024,lewis-hamilton,mercedes,6,79513.0,80477.0,79641.0,79513.0,186.0,1
1117,2024,max-verstappen,red-bull,7,80022.0,80226.0,79662.0,80022.0,695.0,1
1117,2024,sergio-perez,red-bull,8,80062.0,80598.0,80216.0,80062.0,735.0,1
1117,2024,alexander-albon,williams,9,80299.0,80542.0,80314.0,80299.0,972.0,1
1117,2024,nico-hulkenberg,haas,10,80339.0,80781.0,80411.0,80339.0,1012.0,1
1117,2024,fernando-alonso,aston-martin,11,80421.0,80617.0,80421.0,,,0
1117,2024,daniel-ricciardo,rb,12,80479.0,80901.0,80479.0,,,0
1117,2024,kevin-magnussen,haas,13,80698.0,80856.0,80698.0,,,0
1117,2024,pierre-gasly,alpine,14,80738.0,80748.0,80738.0,,,0
1117,2024,esteban-ocon,alpine,15,80766.0,80764.0,80766.0,,,0
1117,2024,yuki-tsunoda,rb,16,80945.0,80945.0,,,,0
1117,2024,lance-stroll,aston-martin,17,81013.0,81013.0,,,,0
1117,2024,franco-colapinto,williams,18,81061.0,81061.0,,,,0
1117,2024,valtteri-bottas,kick-sauber,19,81101.0,81101.0,,,,0
1117,2024,guanyu-zhou,kick-sauber,20,81445.0,81445.0,,,,0
1118,2024,charles-leclerc,ferrari,1,101365.0,102775.0,102056.0,101365.0,,1
1118,2024,oscar-piastri,mclaren,2,101686.0,103033.0,102598.0,101686.0,321.0,1
1118,2024,carlos-sainz-jr,ferrari,3,101805.0,103357.0,102503.0,101805.0,440.0,1
1118,2024,sergio-perez,red-bull,4,101813.0,103213.0,102263.0,101813.0,448.0,1
1118,2024,george-russell,mercedes,5,101874.0,103139.0,102329.0,101874.0,509.0,1
1118,2024,max-verstappen,red-bull,6,102023.0,103097.0,102042.0,102023.0,658.0,1
1118,2024,lewis-hamilton,mercedes,7,102289.0,103089.0,102765.0,102289.0,924.0,1
1118,2024,fernando-alonso,aston-martin,8,102369.0,103472.0,102426.0,102369.0,1004.0,1
1118,2024,franco-colapinto,williams,9,102530.0,103138.0,102473.0,102530.0,1165.0,1
1118,2024,alexander-albon,williams,10,102859.0,102899.0,102840.0,102859.0,1494.0,1
1118,2024,oliver-bearman,haas,11,102968.0,103471.0,102968.0,,,0
1118,2024,yuki-tsunoda,rb,12,103035.0,103337.0,103035.0,,,0
1118,2024,nico-hulkenberg,haas,13,103191.0,103101.0,103191.0,,,0
1118,2024,lance-stroll,aston-martin,14,103404.0,103370.0,103404.0,,,0
1118,2024,daniel-ricciardo,rb,15,103547.0,103547.0,,,,0
1118,2024,lando-norris,mclaren,16,103609.0,103609.0,,,,0
1118,2024,valtteri-bottas,kick-sauber,17,103618.0,103618.0,,,,0
1118,2024,guanyu-zhou,kick-sauber,18,104246.0,104246.0,,,,0
1118,2024,esteban-ocon,alpine,19,104504.0,104504.0,,,,0
1118,2024,pierre-gasly,alpine,,,,,,,0
1119,2024,lando-norris,mclaren,1,89525.0,90002.0,90007.0,89525.0,,1
1119,2024,max-verstappen,red-bull,2,89728.0,90157.0,89680.0,89728.0,203.0,1
1119,2024,lewis-hamilton,mercedes,3,89841.0,90393.0,89929.0,89841.0,316.0,1
1119,2024,george-russell,mercedes,4,89867.0,90811.0,90153.0,89867.0,342.0,1
1119,2024,oscar-piastri,mclaren,5,89953.0,90258.0,89640.0,89953.0,428.0,1
1119,2024,nico-hulkenberg,haas,6,90115.0,90724.0,90150.0,90115.0,590.0,1
1119,2024,fernando-alonso,aston-martin,7,90214.0,90684.0,90450.0,90214.0,689.0,1
1119,2024,yuki-tsunoda,rb,8,90354.0,90716.0,90289.0,90354.0,829.0,1
1119,2024,charles-leclerc,ferrari,9,89747.0,90786.0,89747.0,,,0
1119,2024,carlos-sainz-jr,ferrari,10,90108.0,90670.0,90108.0,,,0
1119,2024,alexander-albon,williams,11,90474.0,90679.0,90474.0,,,0
1119,2024,franco-colapinto,williams,12,90481.0,90704.0,90481.0,,,0
1119,2024,sergio-perez,red-bull,13,90579.0,90624.0,90579.0,,,0
1119,2024,kevin-magnussen,haas,14,90653.0,90829.0,90653.0,,,0
1119,2024,esteban-ocon,alpine,15,90769.0,90958.0,90769.0,,,0
1119,2024,daniel-ricciardo,rb,16,91085.0,91085.0,,,,0
1119,2024,lance-stroll,aston-martin,17,91094.0,91094.0,,,,0
1119,2024,pierre-gasly,alpine,18,91312.0,91312.0,,,,0
1119,2024,valtteri-bottas,kick-sauber,19,91572.0,91572.0,,,,0
1119,2024,guanyu-zhou,kick-sauber,20,92054.0,92054.0,,,,0
1120,2024,lando-norris,mclaren,1,92330.0,93616.0,92851.0,92330.0,,1
1120,2024,max-verstappen,red-bull,2,92361.0,93046.0,92584.0,92361.0,31.0,1
1120,2024,carlos-sainz-jr,ferrari,3,92652.0,93556.0,92836.0,92652.0,322.0,1
1120,2024,charles-leclerc,ferrari,4,92740.0,93241.0,92962.0,92740.0,410.0,1
1120,2024,oscar-piastri,mclaren,5,92950.0,93864.0,93057.0,92950.0,620.0,1
1120,2024,george-russell,mercedes,6,92974.0,93536.0,93142.0,92974.0,644.0,1
1120,2024,pierre-gasly,alpine,7,93018.0,93550.0,93162.0,93018.0,688.0,1
1120,2024,fernando-alonso,aston-martin,8,93309.0,93973.0,93429.0,93309.0,979.0,1
1120,2024,kevin-magnussen,haas,9,93481.0,93564.0,93474.0,93481.0,1151.0,1
1120,2024,sergio-perez,red-bull,10,93020.0,93611.0,93020.0,,,0
1120,2024,yuki-tsunoda,rb,11,93506.0,93795.0,93506.0,,,0
1120,2024,nico-hulkenberg,haas,12,93544.0,93601.0,93544.0,,,0
1120,2024,esteban-ocon,alpine,13,93597.0,93986.0,93597.0,,,0
1120,2024,lance-stroll,aston-martin,14,93759.0,94033.0,93759.0,,,0
1120,2024,liam-lawson,rb,15,93339.0,93339.0,,,,0
1120,2024,alexander-albon,williams,16,94051.0,94051.0,,,,0
1120,2024,franco-colapinto,williams,17,94062.0,94062.0,,,,0
1120,2024,valtteri-bottas,kick-sauber,18,94152.0,94152.0,,,,0
1120,2024,lewis-hamilton,mercedes,19,94154.0,94154.0,,,,0
1120,2024,guanyu-zhou,kick-sauber,20,94228.0,94228.0,,,,0
1121,2024,carlos-sainz-jr,ferrari,1,75946.0,76778.0,76515.0,75946.0,,1
1121,2024,max-verstappen,red-bull,2,76171.0,76803.0,76514.0,76171.0,225.0,1
1121,2024,lando-norris,mclaren,3,76260.0,76505.0,76301.0,76260.0,314.0,1
1121,2024,charles-leclerc,ferrari,4,76265.0,76972.0,76641.0,76265.0,319.0,1
1121,2024,george-russell,mercedes,5,76356.0,77194.0,76937.0,76356.0,410.0,1
1121,2024,lewis-hamilton,mercedes,6,76651.0,77306.0,76973.0,76651.0,705.0,1
1121,2024,kevin-magnussen,haas,7,76886.0,77125.0,77003.0,76886.0,940.0,1
1121,2024,pierre-gasly,alpine,8,76892.0,77149.0,77048.0,76892.0,946.0,1
1121,2024,alexander-albon,williams,9,77065.0,77189.0,76988.0,77065.0,1119.0,1
1121,2024,nico-hulkenberg,haas,10,77365.0,77186.0,76995.0,77365.0,1419.0,1
1121,2024,yuki-tsunoda,rb,11,77129.0,77182.0,77129.0,,,0
1121,2024,liam-lawson,rb,12,77162.0,77380.0,77162.0,,,0
1121,2024,fernando-alonso,aston-martin,13,77168.0,77307.0,77168.0,,,0
1121,2024,lance-stroll,aston-martin,14,77294.0,77407.0,77294.0,,,0
1121,2024,valtteri-bottas,kick-sauber,15,77817.0,77393.0,77817.0,,,0
1121,2024,franco-colapinto,williams,16,77558.0,77558.0,,,,0
1121,2024,oscar-piastri,mclaren,17,77597.0,77597.0,,,,0
1121,2024,sergio-perez,red-bull,18,77611.0,77611.0,,,,0
1121,2024,esteban-ocon,alpine,19,77617.0,77617.0,,,,0
1121,2024,guanyu-zhou,kick-sauber,20,78072.0,78072.0,,,,0
1122,2024,lando-norris,mclaren,1,83405.0,90944.0,84844.0,83405.0,,1
1122,2024,george-russell,mercedes,2,83578.0,89121.0,86307.0,83578.0,173.0,1
1122,2024,yuki-tsunoda,rb,3,84111.0,89172.0,86464.0,84111.0,706.0,1
1122,2024,esteban-ocon,alpine,4,84475.0,89171.0,86206.0,84475.0,1070.0,1
1122,2024,liam-lawson,rb,5,84484.0,90758.0,85654.0,84484.0,1079.0,1
1122,2024,charles-leclerc,ferrari,6,84525.0,89839.0,86097.0,84525.0,1120.0,1
1122,2024,alexander-albon,williams,7,84657.0,89072.0,85889.0,84657.0,1252.0,1
1122,2024,oscar-piastri,mclaren,8,84686.0,90114.0,85179.0,84686.0,1281.0,1
1122,2024,fernando-alonso,aston-martin,9,88998.0,90207.0,85035.0,88998.0,5593.0,1
1122,2024,lance-stroll,aston-martin,10,86334.0,90580.0,86334.0,,,0
1122,2024,valtteri-bottas,kick-sauber,11,86472.0,90633.0,86472.0,,,0
1122,2024,max-verstappen,red-bull,12,87771.0,88522.0,87771.0,,,0
1122,2024,sergio-perez,red-bull,13,88158.0,90035.0,88158.0,,,0
1122,2024,carlos-sainz-jr,ferrari,14,89406.0,90303.0,89406.0,,,0
1122,2024,pierre-gasly,alpine,15,89614.0,89420.0,89614.0,,,0
1122,2024,lewis-hamilton,mercedes,16,91150.0,91150.0,,,,0
1122,2024,oliver-bearman,haas,17,91229.0,91229.0,,,,0
1122,2024,franco-colapinto,williams,18,91270.0,91270.0,,,,0
1122,2024,nico-hulkenberg,haas,19,91623.0,91623.0,,,,0
1122,2024,guanyu-zhou,kick-sauber,20,92263.0,92263.0,,,,0
1123,2024,george-russell,mercedes,1,92312.0,93186.0,92779.0,92312.0,,1
1123,2024,carlos-sainz-jr,ferrari,2,92410.0,93484.0,92711.0,92410.0,98.0,1
1123,2024,pierre-gasly,alpine,3,92664.0,93691.0,92879.0,92664.0,352.0,1
1123,2024,charles-leclerc,ferrari,4,92783.0,93446.0,93016.0,92783.0,471.0,1
1123,2024,max-verstappen,red-bull,5,92797.0,93299.0,93085.0,92797.0,485.0,1
1123,2024,lando-norris,mclaren,6,93008.0,93592.0,93099.0,93008.0,696.0,1
1123,2024,yuki-tsunoda,rb,7,93029.0,93789.0,93089.0,93029.0,717.0,1
1123,2024,oscar-piastri,mclaren,8,93033.0,93450.0,93024.0,93033.0,721.0,1
1123,2024,nico-hulkenberg,haas,9,93062.0,93920.0,93114.0,93062.0,750.0,1
1123,2024,lewis-hamilton,mercedes,10,108106.0,93225.0,92567.0,108106.0,15794.0,1
1123,2024,esteban-ocon,alpine,11,93221.0,93968.0,93221.0,,,0
1123,2024,kevin-magnussen,haas,12,93297.0,93991.0,93297.0,,,0
1123,2024,guanyu-zhou,kick-sauber,13,93566.0,94079.0,93566.0,,,0
1123,2024,franco-colapinto,williams,14,93749.0,93746.0,93749.0,,,0
1123,2024,liam-lawson,rb,15,94257.0,94087.0,94257.0,,,0
1123,2024,sergio-perez,red-bull,16,94155.0,94155.0,,,,0
1123,2024,fernando-alonso,aston-martin,17,94258.0,94258.0,,,,0
1123,2024,alexander-albon,williams,18,94425.0,94425.0,,,,0
1123,2024,valtteri-bottas,kick-sauber,19,94430.0,94430.0,,,,0
1123,2024,lance-stroll,aston-martin,20,94484.0,94484.0,,,,0
1124,2024,max-verstappen,red-bull,1,80520.0,81579.0,80687.0,80520.0,,1
1124,2024,george-russell,mercedes,2,80575.0,81241.0,81069.0,80575.0,55.0,1
1124,2024,lando-norris,mclaren,3,80772.0,81578.0,80983.0,80772.0,252.0,1
1124,2024,oscar-piastri,mclaren,4,80829.0,81821.0,81121.0,80829.0,309.0,1
1124,2024,charles-leclerc,ferrari,5,80852.0,81278.0,81000.0,80852.0,332.0,1
1124,2024,lewis-hamilton,mercedes,6,81011.0,81637.0,81095.0,81011.0,491.0,1
1124,2024,carlos-sainz-jr,ferrari,7,81041.0,81447.0,81199.0,81041.0,521.0,1
1124,2024,fernando-alonso,aston-martin,8,81251.0,81608.0,81208.0,81251.0,731.0,1
1124,2024,sergio-perez,red-bull,9,81425.0,81675.0,81425.0,81425.0,905.0,1
1124,2024,kevin-magnussen,haas,10,81500.0,81891.0,81387.0,81500.0,980.0,1
1124,2024,pierre-gasly,alpine,11,81437.0,81843.0,81437.0,,,0
1124,2024,guanyu-zhou,kick-sauber,12,81501.0,82103.0,81501.0,,,0
1124,2024,valtteri-bottas,kick-sauber,13,81731.0,81927.0,81731.0,,,0
1124,2024,yuki-tsunoda,rb,14,81771.0,82364.0,81771.0,,,0
1124,2024,lance-stroll,aston-martin,15,81911.0,82011.0,81911.0,,,0
1124,2024,alexander-albon,williams,16,82390.0,82390.0,,,,0
1124,2024,liam-lawson,rb,17,82411.0,82411.0,,,,0
1124,2024,nico-hulkenberg,haas,18,82442.0,82442.0,,,,0
1124,2024,franco-colapinto,williams,19,82594.0,82594.0,,,,0
1124,2024,esteban-ocon,alpine,20,82714.0,82714.0,,,,0
1125,2024,lando-norris,mclaren,1,82595.0,83682.0,83098.0,82595.0,,1
1125,2024,oscar-piastri,mclaren,2,82804.0,83640.0,83199.0,82804.0,209.0,1
1125,2024,carlos-sainz-jr,ferrari,3,82824.0,83487.0,82985.0,82824.0,229.0,1
1125,2024,nico-hulkenberg,haas,4,82886.0,83722.0,83040.0,82886.0,291.0,1
1125,2024,max-verstappen,red-bull,5,82945.0,83516.0,82998.0,82945.0,350.0,1
1125,2024,pierre-gasly,alpine,6,82984.0,83548.0,83086.0,82984.0,389.0,1
1125,2024,george-russell,mercedes,7,83132.0,83678.0,83283.0,83132.0,537.0,1
1125,2024,fernando-alonso,aston-martin,8,83196.0,83794.0,83268.0,83196.0,601.0,1
1125,2024,valtteri-bottas,kick-sauber,9,83204.0,83481.0,83341.0,83204.0,609.0,1
1125,2024,sergio-perez,red-bull,10,83264.0,83559.0,83379.0,83264.0,669.0,1
1125,2024,yuki-tsunoda,rb,11,83419.0,83735.0,83419.0,,,0
1125,2024,liam-lawson,rb,12,83472.0,83733.0,83472.0,,,0
1125,2024,lance-stroll,aston-martin,13,83784.0,83729.0,83784.0,,,0
1125,2024,charles-leclerc,ferrari,14,83833.0,83302.0,83833.0,,,0
1125,2024,kevin-magnussen,haas,15,83877.0,83632.0,83877.0,,,0
1125,2024,alexander-albon,williams,16,83821.0,83821.0,,,,0
1125,2024,guanyu-zhou,kick-sauber,17,83880.0,83880.0,,,,0
1125,2024,lewis-hamilton,mercedes,18,83887.0,83887.0,,,,0
1125,2024,franco-colapinto,williams,19,83912.0,83912.0,,,,0
1125,2024,jack-doohan,alpine,20,84105.0,84105.0,,,,0
1126,2025,lando-norris,mclaren,1,75096.0,75912.0,75415.0,75096.0,,1
1126,2025,oscar-piastri,mclaren,2,75180.0,76062.0,75468.0,75180.0,84.0,1
1126,2025,max-verstappen,red-bull,3,75481.0,76018.0,75565.0,75481.0,385.0,1
1126,2025,george-russell,mercedes,4,75546.0,75971.0,75798.0,75546.0,450.0,1
1126,2025,yuki-tsunoda,racing-bulls,5,75670.0,76225.0,76009.0,75670.0,574.0,1
1126,2025,alexander-albon,williams,6,75737.0,76245.0,76017.0,75737.0,641.0,1
1126,2025,charles-leclerc,ferrari,7,75755.0,76029.0,75827.0,75755.0,659.0,1
1126,2025,lewis-hamilton,ferrari,8,75973.0,76213.0,75919.0,75973.0,877.0,1
1126,2025,pierre-gasly,alpine,9,75980.0,76328.0,76112.0,75980.0,884.0,1
1126,2025,carlos-sainz-jr,williams,10,76062.0,76360.0,75931.0,76062.0,966.0,1
1126,2025,isack-hadjar,racing-bulls,11,76175.0,76354.0,76175.0,,,0
1126,2025,fernando-alonso,aston-martin,12,76453.0,76288.0,76453.0,,,0
1126,2025,lance-stroll,aston-martin,13,76483.0,76369.0,76483.0,,,0
1126,2025,jack-doohan,alpine,14,76863.0,76315.0,76863.0,,,0
1126,2025,gabriel-bortoleto,kick-sauber,15,77520.0,76516.0,77520.0,,,0
1126,2025,kimi-antonelli,mercedes,16,76525.0,76525.0,,,,0
1126,2025,nico-hulkenberg,kick-sauber,17,76579.0,76579.0,,,,0
1126,2025,liam-lawson,red-bull,18,77094.0,77094.0,,,,0
1126,2025,esteban-ocon,haas,19,77147.0,77147.0,,,,0
1126,2025,oliver-bearman,haas,,,,,,,0
1127,2025,oscar-piastri,mclaren,1,90641.0,91591.0,91200.0,90641.0,,1
1127,2025,george-russell,mercedes,2,90723.0,91295.0,91307.0,90723.0,82.0,1
1127,2025,lando-norris,mclaren,3,90793.0,90983.0,90787.0,90793.0,152.0,1
1127,2025,max-verstappen,red-bull,4,90817.0,91424.0,91142.0,90817.0,176.0,1
1127,2025,lewis-hamilton,ferrari,5,90927.0,91690.0,91501.0,90927.0,286.0,1
1127,2025,charles-leclerc,ferrari,6,91021.0,91579.0,91450.0,91021.0,380.0,1
1127,2025,isack-hadjar,racing-bulls,7,91079.0,91162.0,91253.0,91079.0,438.0,1
1127,2025,kimi-antonelli,mercedes,8,91103.0,91676.0,91590.0,91103.0,462.0,1
1127,2025,yuki-tsunoda,racing-bulls,9,91638.0,91238.0,91260.0,91638.0,997.0,1
1127,2025,alexander-albon,williams,10,91706.0,91503.0,91595.0,91706.0,1065.0,1
1127,2025,esteban-ocon,haas,11,91625.0,91876.0,91625.0,,,0
1127,2025,nico-hulkenberg,kick-sauber,12,91632.0,91921.0,91632.0,,,0
1127,2025,fernando-alonso,aston-martin,13,91688.0,91719.0,91688.0,,,0
1127,2025,lance-stroll,aston-martin,14,91773.0,91923.0,91773.0,,,0
1127,2025,carlos-sainz-jr,williams,15,91840.0,91628.0,91840.0,,,0
1127,2025,pierre-gasly,alpine,16,91992.0,91992.0,,,,0
1127,2025,oliver-bearman,haas,17,92018.0,92018.0,,,,0
1127,2025,jack-doohan,alpine,18,92092.0,92092.0,,,,0
1127,2025,gabriel-bortoleto,kick-sauber,19,92141.0,92141.0,,,,0
1127,2025,liam-lawson,red-bull,20,92174.0,92174.0,,,,0
1128,2025,max-verstappen,red-bull,1,86983.0,87943.0,87502.0,86983.0,,1
1128,2025,lando-norris,mclaren,2,86995.0,87845.0,87146.0,86995.0,12.0,1
1128,2025,oscar-piastri,mclaren,3,87027.0,87687.0,87507.0,87027.0,44.0,1
1128,2025,charles-leclerc,ferrari,4,87299.0,87920.0,87555.0,87299.0,316.0,1
1128,2025,george-russell,mercedes,5,87318.0,87843.0,87400.0,87318.0,335.0,1
1128,2025,kimi-antonelli,mercedes,6,87555.0,87968.0,87639.0,87555.0,572.0,1
1128,2025,isack-hadjar,racing-bulls,7,87569.0,88278.0,87775.0,87569.0,586.0,1
1128,2025,lewis-hamilton,ferrari,8,87610.0,87942.0,87610.0,87610.0,627.0,1
1128,2025,alexander-albon,williams,9,87615.0,88218.0,87783.0,87615.0,632.0,1
1128,2025,oliver-bearman,haas,10,87867.0,88228.0,87711.0,87867.0,884.0,1
1128,2025,pierre-gasly,alpine,11,87822.0,88186.0,87822.0,,,0
1128,2025,carlos-sainz-jr,williams,12,87836.0,88209.0,87836.0,,,0
1128,2025,fernando-alonso,aston-martin,13,87897.0,88337.0,87897.0,,,0
1128,2025,liam-lawson,racing-bulls,14,87906.0,88554.0,87906.0,,,0
1128,2025,yuki-tsunoda,red-bull,15,88000.0,87967.0,88000.0,,,0
1128,2025,nico-hulkenberg,kick-sauber,16,88570.0,88570.0,,,,0
1128,2025,gabriel-bortoleto,kick-sauber,17,88622.0,88622.0,,,,0
1128,2025,esteban-ocon,haas,18,88696.0,88696.0,,,,0
1128,2025,jack-doohan,alpine,19,88877.0,88877.0,,,,0
1128,2025,lance-stroll,aston-martin,20,89271.0,89271.0,,,,0
1129,2025,oscar-piastri,mclaren,1,89841.0,91392.0,90454.0,89841.0,,1
1129,2025,george-russell,mercedes,2,90009.0,91494.0,90664.0,90009.0,168.0,1
1129,2025,charles-leclerc,ferrari,3,90175.0,91454.0,90724.0,90175.0,334.0,1
1129,2025,kimi-antonelli,mercedes,4,90213.0,91415.0,90716.0,90213.0,372.0,1
1129,2025,pierre-gasly,alpine,5,90216.0,91462.0,90643.0,90216.0,375.0,1
1129,2025,lando-norris,mclaren,6,90267.0,91107.0,90560.0,90267.0,426.0,1
1129,2025,max-verstappen,red-bull,7,90423.0,91303.0,91019.0,90423.0,582.0,1
1129,2025,carlos-sainz-jr,williams,8,90680.0,91591.0,90844.0,90680.0,839.0,1
1129,2025,lewis-hamilton,ferrari,9,90772.0,91219.0,91009.0,90772.0,931.0,1
1129,2025,yuki-tsunoda,red-bull,10,91303.0,91751.0,91228.0,91303.0,1462.0,1
1129,2025,jack-doohan,alpine,11,91245.0,91414.0,91245.0,,,0
1129,2025,isack-hadjar,racing-bulls,12,91271.0,91591.0,91271.0,,,0
1129,2025,fernando-alonso,aston-martin,13,91886.0,91634.0,91886.0,,,0
1129,2025,esteban-ocon,haas,14,91594.0,91594.0,,,,0
1129,2025,alexander-albon,williams,15,92040.0,92040.0,,,,0
1129,2025,nico-hulkenberg,kick-sauber,16,92067.0,92067.0,,,,0
1129,2025,liam-lawson,racing-bulls,17,92165.0,92165.0,,,,0
1129,2025,gabriel-bortoleto,kick-sauber,18,92186.0,92186.0,,,,0
1129,2025,lance-stroll,aston-martin,19,92283.0,92283.0,,,,0
1129,2025,oliver-bearman,haas,20,92373.0,92373.0,,,,0
1130,2025,max-verstappen,red-bull,1,87294.0,87778.0,87529.0,87294.0,,1
1130,2025,oscar-piastri,mclaren,2,87304.0,87901.0,87545.0,87304.0,10.0,1
1130,2025,george-russell,mercedes,3,87407.0,88282.0,87599.0,87407.0,113.0,1
1130,2025,charles-leclerc,ferrari,4,87670.0,88552.0,87866.0,87670.0,376.0,1
1130,2025,kimi-antonelli,mercedes,5,87866.0,88128.0,87798.0,87866.0,572.0,1
1130,2025,carlos-sainz-jr,williams,6,88164.0,88354.0,88024.0,88164.0,870.0,1
1130,2025,lewis-hamilton,ferrari,7,88201.0,88372.0,88102.0,88201.0,907.0,1
1130,2025,yuki-tsunoda,red-bull,8,88204.0,88226.0,87990.0,88204.0,910.0,1
1130,2025,pierre-gasly,alpine,9,88367.0,88421.0,88025.0,88367.0,1073.0,1
1130,2025,lando-norris,mclaren,10,87481.0,87805.0,87481.0,,,0
1130,2025,alexander-albon,williams,11,88109.0,88279.0,88109.0,,,0
1130,2025,liam-lawson,racing-bulls,12,88191.0,88561.0,88191.0,,,0
1130,2025,fernando-alonso,aston-martin,13,88303.0,88548.0,88303.0,,,0
1130,2025,isack-hadjar,racing-bulls,14,88418.0,88571.0,88418.0,,,0
1130,2025,oliver-bearman,haas,15,88648.0,88536.0,88648.0,,,0
1130,2025,lance-stroll,aston-martin,16,88645.0,88645.0,,,,0
1130,2025,jack-doohan,alpine,17,88739.0,88739.0,,,,0
1130,2025,nico-hulkenberg,kick-sauber,18,88782.0,88782.0,,,,0
1130,2025,esteban-ocon,haas,19,89092.0,89092.0,,,,0
1130,2025,gabriel-bortoleto,kick-sauber,20,89462.0,89462.0,,,,0
1131,2025,max-verstappen,red-bull,1,86204.0,86870.0,86643.0,86204.0,,1
1131,2025,lando-norris,mclaren,2,86269.0,86955.0,86499.0,86269.0,65.0,1
1131,2025,kimi-antonelli,mercedes,3,86271.0,87077.0,86606.0,86271.0,67.0,1
1131,2025,oscar-piastri,mclaren,4,86375.0,87006.0,86269.0,86375.0,171.0,1
1131,2025,george-russell,mercedes,5,86385.0,87014.0,86575.0,86385.0,181.0,1
1131,2025,carlos-sainz-jr,williams,6,86569.0,87098.0,86847.0,86569.0,365.0,1
1131,2025,alexander-albon,williams,7,86682.0,87042.0,86855.0,86682.0,478.0,1
1131,2025,charles-leclerc,ferrari,8,86754.0,87417.0,86948.0,86754.0,550.0,1
1131,2025,esteban-ocon,haas,9,86824.0,87450.0,86967.0,86824.0,620.0,1
1131,2025,yuki-tsunoda,red-bull,10,86943.0,87298.0,86959.0,86943.0,739.0,1
1131,2025,isack-hadjar,racing-bulls,11,86987.0,87301.0,86987.0,,,0
1131,2025,lewis-hamilton,ferrari,12,87006.0,87279.0,87006.0,,,0
1131,2025,gabriel-bortoleto,kick-sauber,13,87151.0,87343.0,87151.0,,,0
1131,2025,jack-doohan,alpine,14,87186.0,87422.0,87186.0,,,0
1131,2025,liam-lawson,racing-bulls,15,87363.0,87444.0,87363.0,,,0
1131,2025,nico-hulkenberg,kick-sauber,16,87473.0,87473.0,,,,0
1131,2025,fernando-alonso,aston-martin,17,87604.0,87604.0,,,,0
1131,2025,pierre-gasly,alpine,18,87710.0,87710.0,,,,0
1131,2025,lance-stroll,aston-martin,19,87830.0,87830.0,,,,0
1131,2025,oliver-bearman,haas,20,87999.0,87999.0,,,,0
1132,2025,oscar-piastri,mclaren,1,74670.0,75500.0,75214.0,74670.0,,1
1132,2025,max-verstappen,red-bull,2,74704.0,75175.0,75394.0,74704.0,34.0,1
1132,2025,george-russell,mercedes,3,74807.0,75852.0,75334.0,74807.0,137.0,1
1132,2025,lando-norris,mclaren,4,74962.0,75894.0,75261.0,74962.0,292.0,1
1132,2025,fernando-alonso,aston-martin,5,75431.0,75695.0,75442.0,75431.0,761.0,1
1132,2025,carlos-sainz-jr,williams,6,75432.0,75987.0,75198.0,75432.0,762.0,1
1132,2025,alexander-albon,williams,7,75473.0,76123.0,75521.0,75473.0,803.0,1
1132,2025,lance-stroll,aston-martin,8,75581.0,75817.0,75497.0,75581.0,911.0,1
1132,2025,isack-hadjar,racing-bulls,9,75746.0,76253.0,75510.0,75746.0,1076.0,1
1132,2025,pierre-gasly,alpine,10,75787.0,75937.0,75505.0,75787.0,1117.0,1
1132,2025,charles-leclerc,ferrari,11,75604.0,76108.0,75604.0,,,0
1132,2025,lewis-hamilton,ferrari,12,75765.0,76163.0,75765.0,,,0
1132,2025,kimi-antonelli,mercedes,13,75772.0,75943.0,75772.0,,,0
1132,2025,gabriel-bortoleto,kick-sauber,14,76260.0,76340.0,76260.0,,,0
1132,2025,franco-colapinto,alpine,15,76256.0,76256.0,,,,0
1132,2025,liam-lawson,racing-bulls,16,76379.0,76379.0,,,,0
1132,2025,nico-hulkenberg,kick-sauber,17,76518.0,76518.0,,,,0
1132,2025,esteban-ocon,haas,18,76613.0,76613.0,,,,0
1132,2025,oliver-bearman,haas,19,76918.0,76918.0,,,,0
1132,2025,yuki-tsunoda,red-bull,,,,,,,0
1133,2025,lando-norris,mclaren,1,69954.0,71285.0,70570.0,69954.0,,1
1133,2025,charles-leclerc,ferrari,2,70063.0,71229.0,70581.0,70063.0,109.0,1
1133,2025,oscar-piastri,mclaren,3,70129.0,71308.0,70858.0,70129.0,175.0,1
1133,2025,lewis-hamilton,ferrari,4,70382.0,71575.0,70883.0,70382.0,428.0,1
1133,2025,max-verstappen,red-bull,5,70669.0,71431.0,70875.0,70669.0,715.0,1
1133,2025,isack-hadjar,racing-bulls,6,70923.0,71811.0,71040.0,70923.0,969.0,1
1133,2025,fernando-alonso,aston-martin,7,70924.0,71674.0,71182.0,70924.0,970.0,1
1133,2025,esteban-ocon,haas,8,70942.0,71839.0,71262.0,70942.0,988.0,1
1133,2025,liam-lawson,racing-bulls,9,71129.0,71818.0,71250.0,71129.0,1175.0,1
1133,2025,alexander-albon,williams,10,71213.0,71629.0,70732.0,71213.0,1259.0,1
1133,2025,carlos-sainz-jr,williams,11,71362.0,71707.0,71362.0,,,0
1133,2025,yuki-tsunoda,red-bull,12,71415.0,71800.0,71415.0,,,0
1133,2025,nico-hulkenberg,kick-sauber,13,71596.0,71871.0,71596.0,,,0
1133,2025,george-russell,mercedes,14,71507.0,71507.0,,,,0
1133,2025,kimi-antonelli,mercedes,15,71880.0,71880.0,,,,0
1133,2025,gabriel-bortoleto,kick-sauber,16,71902.0,71902.0,,,,0
1133,2025,oliver-bearman,haas,17,71979.0,71979.0,,,,0
1133,2025,pierre-gasly,alpine,18,71994.0,71994.0,,,,0
1133,2025,lance-stroll,aston-martin,19,72563.0,72563.0,,,,0
1133,2025,franco-colapinto,alpine,20,72597.0,72597.0,,,,0
1134,2025,oscar-piastri,mclaren,1,71546.0,72551.0,71998.0,71546.0,,1
1134,2025,lando-norris,mclaren,2,71755.0,72799.0,72056.0,71755.0,209.0,1
1134,2025,max-verstappen,red-bull,3,71848.0,72798.0,72358.0,71848.0,302.0,1
1134,2025,george-russell,mercedes,4,71848.0,72806.0,72407.0,71848.0,302.0,1
1134,2025,lewis-hamilton,ferrari,5,72045.0,73058.0,72447.0,72045.0,499.0,1
1134,2025,kimi-antonelli,mercedes,6,72111.0,72815.0,72585.0,72111.0,565.0,1
1134,2025,charles-leclerc,ferrari,7,72131.0,73014.0,72495.0,72131.0,585.0,1
1134,2025,pierre-gasly,alpine,8,72199.0,73081.0,72611.0,72199.0,653.0,1
1134,2025,isack-hadjar,racing-bulls,9,72252.0,73139.0,72461.0,72252.0,706.0,1
1134,2025,fernando-alonso,aston-martin,10,72284.0,73102.0,72523.0,72284.0,738.0,1
1134,2025,alexander-albon,williams,11,72641.0,73044.0,72641.0,,,0
1134,2025,gabriel-bortoleto,kick-sauber,12,72756.0,73045.0,72756.0,,,0
1134,2025,liam-lawson,racing-bulls,13,72763.0,73039.0,72763.0,,,0
1134,2025,lance-stroll,aston-martin,14,73058.0,73038.0,73058.0,,,0
1134,2025,oliver-bearman,haas,15,73315.0,73074.0,73315.0,,,0
1134,2025,nico-hulkenberg,kick-sauber,16,73190.0,73190.0,,,,0
1134,2025,esteban-ocon,haas,17,73201.0,73201.0,,,,0
1134,2025,carlos-sainz-jr,williams,18,73203.0,73203.0,,,,0
1134,2025,franco-colapinto,alpine,19,73334.0,73334.0,,,,0
1134,2025,yuki-tsunoda,red-bull,20,73385.0,73385.0,,,,0
1135,2025,george-russell,mercedes,1,70899.0,72075.0,71570.0,70899.0,,1
1135,2025,max-verstappen,red-bull,2,71059.0,72054.0,71638.0,71059.0,160.0,1
1135,2025,oscar-piastri,mclaren,3,71120.0,71939.0,71715.0,71120.0,221.0,1
1135,2025,kimi-antonelli,mercedes,4,71391.0,72279.0,71974.0,71391.0,492.0,1
1135,2025,lewis-hamilton,ferrari,5,71526.0,71952.0,71885.0,71526.0,627.0,1
1135,2025,fernando-alonso,aston-martin,6,71586.0,72073.0,71805.0,71586.0,687.0,1
1135,2025,lando-norris,mclaren,7,71625.0,71826.0,71599.0,71625.0,726.0,1
1135,2025,charles-leclerc,ferrari,8,71682.0,72038.0,71626.0,71682.0,783.0,1
1135,2025,isack-hadjar,racing-bulls,9,71867.0,72211.0,72003.0,71867.0,968.0,1
1135,2025,alexander-albon,williams,10,71907.0,72090.0,71892.0,71907.0,1008.0,1
1135,2025,yuki-tsunoda,red-bull,11,72102.0,72334.0,72102.0,,,0
1135,2025,franco-colapinto,alpine,12,72142.0,72234.0,72142.0,,,0
1135,2025,nico-hulkenberg,kick-sauber,13,72183.0,72323.0,72183.0,,,0
1135,2025,oliver-bearman,haas,14,72340.0,72306.0,72340.0,,,0
1135,2025,esteban-ocon,haas,15,72634.0,72378.0,72634.0,,,0
1135,2025,gabriel-bortoleto,kick-sauber,16,72385.0,72385.0,,,,0
1135,2025,carlos-sainz-jr,williams,17,72398.0,72398.0,,,,0
1135,2025,lance-stroll,aston-martin,18,72517.0,72517.0,,,,0
1135,2025,liam-lawson,racing-bulls,19,72525.0,72525.0,,,,0
1135,2025,pierre-gasly,alpine,20,72667.0,72667.0,,,,0
1136,2025,lando-norris,mclaren,1,63971.0,64672.0,64410.0,63971.0,,1
1136,2025,charles-leclerc,ferrari,2,64492.0,65197.0,64734.0,64492.0,521.0,1
1136,2025,oscar-piastri,mclaren,3,64554.0,64966.0,64556.0,64554.0,583.0,1
1136,2025,lewis-hamilton,ferrari,4,64582.0,65115.0,64896.0,64582.0,611.0,1
1136,2025,george-russell,mercedes,5,64763.0,65189.0,64860.0,64763.0,792.0,1
1136,2025,liam-lawson,racing-bulls,6,64926.0,65017.0,65041.0,64926.0,955.0,1
1136,2025,max-verstappen,red-bull,7,64929.0,65106.0,64836.0,64929.0,958.0,1
1136,2025,gabriel-bortoleto,kick-sauber,8,65132.0,65123.0,64846.0,65132.0,1161.0,1
1136,2025,kimi-antonelli,mercedes,9,65276.0,65178.0,65052.0,65276.0,1305.0,1
1136,2025,pierre-gasly,alpine,10,65649.0,65054.0,64846.0,65649.0,1678.0,1
1136,2025,fernando-alonso,aston-martin,11,65128.0,65197.0,65128.0,,,0
1136,2025,alexander-albon,williams,12,65205.0,65143.0,65205.0,,,0
1136,2025,isack-hadjar,racing-bulls,13,65226.0,65063.0,65226.0,,,0
1136,2025,franco-colapinto,alpine,14,65288.0,65278.0,65288.0,,,0
1136,2025,oliver-bearman,haas,15,65312.0,65218.0,65312.0,,,0
1136,2025,lance-stroll,aston-martin,16,65329.0,65329.0,,,,0
1136,2025,esteban-ocon,haas,17,65364.0,65364.0,,,,0
1136,2025,yuki-tsunoda,red-bull,18,65369.0,65369.0,,,,0
1136,2025,carlos-sainz-jr,williams,19,65582.0,65582.0,,,,0
1136,2025,nico-hulkenberg,kick-sauber,20,65606.0,65606.0,,,,0
1137,2025,max-verstappen,red-bull,1,84892.0,85886.0,85316.0,84892.0,,1
1137,2025,oscar-piastri,mclaren,2,84995.0,85963.0,85316.0,84995.0,103.0,1
1137,2025,lando-norris,mclaren,3,85010.0,86123.0,85231.0,85010.0,118.0,1
1137,2025,george-russell,mercedes,4,85029.0,86236.0,85637.0,85029.0,137.0,1
1137,2025,lewis-hamilton,ferrari,5,85095.0,86296.0,85084.0,85095.0,203.0,1
1137,2025,charles-leclerc,ferrari,6,85121.0,86186.0,85133.0,85121.0,229.0,1
1137,2025,kimi-antonelli,mercedes,7,85374.0,86265.0,85620.0,85374.0,482.0,1
1137,2025,oliver-bearman,haas,8,85471.0,86005.0,85534.0,85471.0,579.0,1
1137,2025,fernando-alonso,aston-martin,9,85621.0,86108.0,85593.0,85621.0,729.0,1
1137,2025,pierre-gasly,alpine,10,85785.0,86328.0,85711.0,85785.0,893.0,1
1137,2025,carlos-sainz-jr,williams,11,85746.0,86175.0,85746.0,,,0
1137,2025,yuki-tsunoda,red-bull,12,85826.0,86275.0,85826.0,,,0
1137,2025,isack-hadjar,racing-bulls,13,85864.0,86177.0,85864.0,,,0
1137,2025,alexander-albon,williams,14,85889.0,86093.0,85889.0,,,0
1137,2025,esteban-ocon,haas,15,85950.0,86136.0,85950.0,,,0
1137,2025,liam-lawson,racing-bulls,16,86440.0,86440.0,,,,0
1137,2025,gabriel-bortoleto,kick-sauber,17,86446.0,86446.0,,,,0
1137,2025,lance-stroll,aston-martin,18,86504.0,86504.0,,,,0
1137,2025,nico-hulkenberg,kick-sauber,19,86574.0,86574.0,,,,0
1137,2025,franco-colapinto,alpine,20,87060.0,87060.0,,,,0
1138,2025,lando-norris,mclaren,1,100562.0,101010.0,100715.0,100562.0,,1
1138,2025,oscar-piastri,mclaren,2,100647.0,101201.0,100626.0,100647.0,85.0,1
1138,2025,charles-leclerc,ferrari,3,100900.0,101635.0,101084.0,100900.0,338.0,1
1138,2025,max-verstappen,red-bull,4,100903.0,101334.0,100951.0,100903.0,341.0,1
1138,2025,alexander-albon,williams,5,101201.0,101772.0,101505.0,101201.0,639.0,1
1138,2025,george-russell,mercedes,6,101260.0,101784.0,101254.0,101260.0,698.0,1
1138,2025,yuki-tsunoda,red-bull,7,101284.0,101840.0,101245.0,101284.0,722.0,1
1138,2025,isack-hadjar,racing-bulls,8,101310.0,101572.0,101281.0,101310.0,748.0,1
1138,2025,liam-lawson,racing-bulls,9,101328.0,101748.0,101297.0,101328.0,766.0,1
1138,2025,gabriel-bortoleto,kick-sauber,10,102387.0,101908.0,101336.0,102387.0,1825.0,1
1138,2025,esteban-ocon,haas,11,101525.0,101884.0,101525.0,,,0
1138,2025,oliver-bearman,haas,12,101617.0,101617.0,101617.0,,,0
1138,2025,pierre-gasly,alpine,13,101633.0,101800.0,101633.0,,,0
1138,2025,nico-hulkenberg,kick-sauber,14,101707.0,101844.0,101707.0,,,0
1138,2025,carlos-sainz-jr,williams,15,101758.0,101691.0,101758.0,,,0
1138,2025,lewis-hamilton,ferrari,16,101939.0,101939.0,,,,0
1138,2025,franco-colapinto,alpine,17,102022.0,102022.0,,,,0
1138,2025,kimi-antonelli,mercedes,18,102139.0,102139.0,,,,0
1138,2025,fernando-alonso,aston-martin,19,102385.0,102385.0,,,,0
1138,2025,lance-stroll,aston-martin,20,102502.0,102502.0,,,,0
1139,2025,charles-leclerc,ferrari,1,75372.0,75582.0,75455.0,75372.0,,1
1139,2025,oscar-piastri,mclaren,2,75398.0,75211.0,74941.0,75398.0,26.0,1
1139,2025,lando-norris,mclaren,3,75413.0,75523.0,74890.0,75413.0,41.0,1
1139,2025,george-russell,mercedes,4,75425.0,75627.0,75201.0,75425.0,53.0,1
1139,2025,fernando-alonso,aston-martin,5,75481.0,75281.0,75395.0,75481.0,109.0,1
1139,2025,lance-stroll,aston-martin,6,75498.0,75673.0,75129.0,75498.0,126.0,1
1139,2025,gabriel-bortoleto,kick-sauber,7,75725.0,75586.0,75687.0,75725.0,353.0,1
1139,2025,max-verstappen,red-bull,8,75728.0,75736.0,75547.0,75728.0,356.0,1
1139,2025,liam-lawson,racing-bulls,9,75821.0,75849.0,75630.0,75821.0,449.0,1
1139,2025,isack-hadjar,racing-bulls,10,75915.0,75516.0,75469.0,75915.0,543.0,1
1139,2025,oliver-bearman,haas,11,75694.0,75750.0,75694.0,,,0
1139,2025,lewis-hamilton,ferrari,12,75702.0,75733.0,75702.0,,,0
1139,2025,carlos-sainz-jr,williams,13,75781.0,75652.0,75781.0,,,0
1139,2025,franco-colapinto,alpine,14,76159.0,75875.0,76159.0,,,0
1139,2025,kimi-antonelli,mercedes,15,76386.0,75782.0,76386.0,,,0
1139,2025,yuki-tsunoda,red-bull,16,75899.0,75899.0,,,,0
1139,2025,pierre-gasly,alpine,17,75966.0,75966.0,,,,0
1139,2025,esteban-ocon,haas,18,76023.0,76023.0,,,,0
1139,2025,nico-hulkenberg,kick-sauber,19,76081.0,76081.0,,,,0
1139,2025,alexander-albon,williams,20,76223.0,76223.0,,,,0
1140,2025,oscar-piastri,mclaren,1,68662.0,69338.0,68964.0,68662.0,,1
1140,2025,lando-norris,mclaren,2,68674.0,69469.0,68874.0,68674.0,12.0,1
1140,2025,max-verstappen,red-bull,3,68925.0,69696.0,69122.0,68925.0,263.0,1
1140,2025,isack-hadjar,racing-bulls,4,69208.0,69966.0,69439.0,69208.0,546.0,1
1140,2025,george-russell,mercedes,5,69255.0,69676.0,69313.0,69255.0,593.0,1
1140,2025,charles-leclerc,ferrari,6,69340.0,69906.0,69304.0,69340.0,678.0,1
1140,2025,lewis-hamilton,ferrari,7,69390.0,69900.0,69261.0,69390.0,728.0,1
1140,2025,liam-lawson,racing-bulls,8,69500.0,69779.0,69383.0,69500.0,838.0,1
1140,2025,carlos-sainz-jr,williams,9,69505.0,69980.0,69472.0,69505.0,843.0,1
1140,2025,fernando-alonso,aston-martin,10,69630.0,69950.0,69366.0,69630.0,968.0,1
1140,2025,kimi-antonelli,mercedes,11,69493.0,69845.0,69493.0,,,0
1140,2025,yuki-tsunoda,red-bull,12,69622.0,69954.0,69622.0,,,0
1140,2025,gabriel-bortoleto,kick-sauber,13,69622.0,70037.0,69622.0,,,0
1140,2025,pierre-gasly,alpine,14,69637.0,69894.0,69637.0,,,0
1140,2025,alexander-albon,williams,15,69652.0,69792.0,69652.0,,,0
1140,2025,franco-colapinto,alpine,16,70104.0,70104.0,,,,0
1140,2025,nico-hulkenberg,kick-sauber,17,70195.0,70195.0,,,,0
1140,2025,esteban-ocon,haas,18,70197.0,70197.0,,,,0
1140,2025,oliver-bearman,haas,19,70262.0,70262.0,,,,0
1140,2025,lance-stroll,aston-martin,,,,,,,0
1141,2025,max-verstappen,red-bull,1,78792.0,79455.0,79140.0,78792.0,,1
1141,2025,lando-norris,mclaren,2,78869.0,79517.0,79293.0,78869.0,77.0,1
1141,2025,oscar-piastri,mclaren,3,78982.0,79711.0,79286.0,78982.0,190.0,1
1141,2025,charles-leclerc,ferrari,4,79007.0,79689.0,79310.0,79007.0,215.0,1
1141,2025,lewis-hamilton,ferrari,5,79124.0,79765.0,79371.0,79124.0,332.0,1
1141,2025,george-russell,mercedes,6,79157.0,79414.0,79287.0,79157.0,365.0,1
1141,2025,kimi-antonelli,mercedes,7,79200.0,79747.0,79245.0,79200.0,408.0,1
1141,2025,gabriel-bortoleto,kick-sauber,8,79390.0,79688.0,79323.0,79390.0,598.0,1
1141,2025,fernando-alonso,aston-martin,9,79424.0,79658.0,79362.0,79424.0,632.0,1
1141,2025,yuki-tsunoda,red-bull,10,79519.0,79619.0,79433.0,79519.0,727.0,1
1141,2025,oliver-bearman,haas,11,79446.0,79688.0,79446.0,,,0
1141,2025,nico-hulkenberg,kick-sauber,12,79498.0,79777.0,79498.0,,,0
1141,2025,carlos-sainz-jr,williams,13,79528.0,79644.0,79528.0,,,0
1141,2025,alexander-albon,williams,14,79583.0,79837.0,79583.0,,,0
1141,2025,esteban-ocon,haas,15,79707.0,79816.0,79707.0,,,0
1141,2025,isack-hadjar,racing-bulls,16,79917.0,79917.0,,,,0
1141,2025,lance-stroll,aston-martin,17,79948.0,79948.0,,,,0
1141,2025,franco-colapinto,alpine,18,79992.0,79992.0,,,,0
1141,2025,pierre-gasly,alpine,19,80103.0,80103.0,,,,0
1141,2025,liam-lawson,racing-bulls,20,80279.0,80279.0,,,,0
1142,2025,max-verstappen,red-bull,1,101117.0,101331.0,101255.0,101117.0,,1
1142,2025,carlos-sainz-jr,williams,2,101595.0,102635.0,101675.0,101595.0,478.0,1
1142,2025,liam-lawson,racing-bulls,3,101707.0,102257.0,101537.0,101707.0,590.0,1
1142,2025,kimi-antonelli,mercedes,4,101717.0,102247.0,101464.0,101717.0,600.0,1
1142,2025,george-russell,mercedes,5,102070.0,101646.0,101455.0,102070.0,953.0,1
1142,2025,yuki-tsunoda,red-bull,6,102143.0,102347.0,101788.0,102143.0,1026.0,1
1142,2025,lando-norris,mclaren,7,102239.0,101322.0,101396.0,102239.0,1122.0,1
1142,2025,isack-hadjar,racing-bulls,8,102372.0,101656.0,101647.0,102372.0,1255.0,1
1142,2025,oscar-piastri,mclaren,9,101414.0,101839.0,101414.0,,,0
1142,2025,charles-leclerc,ferrari,10,101519.0,101458.0,101519.0,,,0
1142,2025,fernando-alonso,aston-martin,11,101857.0,102211.0,101857.0,,,0
1142,2025,lewis-hamilton,ferrari,12,102183.0,101821.0,102183.0,,,0
1142,2025,gabriel-bortoleto,kick-sauber,13,102277.0,102511.0,102277.0,,,0
1142,2025,lance-stroll,aston-martin,14,103061.0,102101.0,103061.0,,,0
1142,2025,oliver-bearman,haas,15,102666.0,102666.0,,,,0
1142,2025,franco-colapinto,alpine,16,102779.0,102779.0,,,,0
1142,2025,nico-hulkenberg,kick-sauber,17,102916.0,102916.0,,,,0
1142,2025,pierre-gasly,alpine,18,103139.0,103139.0,,,,0
1142,2025,alexander-albon,williams,19,103778.0,103778.0,,,,0
1142,2025,esteban-ocon,haas,,,,,,,0
1143,2025,george-russell,mercedes,1,89158.0,89928.0,89562.0,89158.0,,1
1143,2025,max-verstappen,red-bull,2,89340.0,90028.0,89572.0,89340.0,182.0,1
1143,2025,oscar-piastri,mclaren,3,89524.0,90313.0,89813.0,89524.0,366.0,1
1143,2025,kimi-antonelli,mercedes,4,89537.0,90036.0,89649.0,89537.0,379.0,1
1143,2025,lando-norris,mclaren,5,89586.0,89932.0,89809.0,89586.0,428.0,1
1143,2025,lewis-hamilton,ferrari,6,89688.0,89765.0,89936.0,89688.0,530.0,1
1143,2025,charles-leclerc,ferrari,7,89784.0,90370.0,89914.0,89784.0,626.0,1
1143,2025,isack-hadjar,racing-bulls,8,89846.0,90214.0,90016.0,89846.0,688.0,1
1143,2025,oliver-bearman,haas,9,89868.0,90420.0,90076.0,89868.0,710.0,1
1143,2025,fernando-alonso,aston-martin,10,89955.0,90745.0,90054.0,89955.0,797.0,1
1143,2025,nico-hulkenberg,kick-sauber,11,90141.0,90715.0,90141.0,,,0
1143,2025,liam-lawson,racing-bulls,12,90320.0,90681.0,90320.0,,,0
1143,2025,yuki-tsunoda,red-bull,13,90353.0,90574.0,90353.0,,,0
1143,2025,gabriel-bortoleto,kick-sauber,14,90820.0,90820.0,,,,0
1143,2025,lance-stroll,aston-martin,15,90949.0,90949.0,,,,0
1143,2025,franco-colapinto,alpine,16,90982.0,90982.0,,,,0
1143,2025,esteban-ocon,haas,17,90989.0,90989.0,,,,0
1143,2025,pierre-gasly,alpine,18,91261.0,91261.0,,,,0
1143,2025,alexander-albon,williams,,90202.0,,90202.0,,,0
1143,2025,carlos-sainz-jr,williams,,90235.0,,90235.0,,,0
1144,2025,max-verstappen,red-bull,1,92510.0,93207.0,92701.0,92510.0,,1
1144,2025,lando-norris,mclaren,2,92801.0,93843.0,92876.0,92801.0,291.0,1
1144,2025,charles-leclerc,ferrari,3,92807.0,93525.0,92869.0,92807.0,297.0,1
1144,2025,george-russell,mercedes,4,92826.0,93311.0,93058.0,92826.0,316.0,1
1144,2025,lewis-hamilton,ferrari,5,92912.0,93685.0,92914.0,92912.0,402.0,1
1144,2025,oscar-piastri,mclaren,6,93084.0,93746.0,93228.0,93084.0,574.0,1
1144,2025,kimi-antonelli,mercedes,7,93114.0,93501.0,93044.0,93114.0,604.0,1
1144,2025,oliver-bearman,haas,8,93139.0,93921.0,93238.0,93139.0,629.0,1
1144,2025,carlos-sainz-jr,williams,9,93150.0,93739.0,93124.0,93150.0,640.0,1
1144,2025,fernando-alonso,aston-martin,10,93160.0,93741.0,93237.0,93160.0,650.0,1
1144,2025,nico-hulkenberg,kick-sauber,11,93334.0,93551.0,93334.0,,,0
1144,2025,liam-lawson,racing-bulls,12,93360.0,93549.0,93360.0,,,0
1144,2025,yuki-tsunoda,red-bull,13,93466.0,93935.0,93466.0,,,0
1144,2025,pierre-gasly,alpine,14,93651.0,93599.0,93651.0,,,0
1144,2025,franco-colapinto,alpine,15,94044.0,94039.0,94044.0,,,0
1144,2025,gabriel-bortoleto,kick-sauber,16,94125.0,94125.0,,,,0
1144,2025,esteban-ocon,haas,17,94136.0,94136.0,,,,0
1144,2025,lance-stroll,aston-martin,18,94540.0,94540.0,,,,0
1144,2025,alexander-albon,williams,19,94690.0,94690.0,,,,0
1144,2025,isack-hadjar,racing-bulls,,,,,,,0
1145,2025,lando-norris,mclaren,1,75586.0,76899.0,76252.0,75586.0,,1
1145,2025,charles-leclerc,ferrari,2,75848.0,77024.0,76658.0,75848.0,262.0,1
1145,2025,lewis-hamilton,ferrari,3,75938.0,76736.0,76458.0,75938.0,352.0,1
1145,2025,george-russell,mercedes,4,76034.0,76895.0,76537.0,76034.0,448.0,1
1145,2025,max-verstappen,red-bull,5,76070.0,77076.0,76605.0,76070.0,484.0,1
1145,2025,kimi-antonelli,mercedes,6,76118.0,77291.0,76773.0,76118.0,532.0,1
1145,2025,carlos-sainz-jr,williams,7,76172.0,77171.0,76607.0,76172.0,586.0,1
1145,2025,oscar-piastri,mclaren,8,76174.0,77158.0,76737.0,76174.0,588.0,1
1145,2025,isack-hadjar,racing-bulls,9,76252.0,76733.0,76804.0,76252.0,666.0,1
1145,2025,oliver-bearman,haas,10,76460.0,77040.0,76787.0,76460.0,874.0,1
1145,2025,yuki-tsunoda,red-bull,11,76816.0,77234.0,76816.0,,,0
1145,2025,esteban-ocon,haas,12,76837.0,76948.0,76837.0,,,0
1145,2025,nico-hulkenberg,kick-sauber,13,77016.0,77251.0,77016.0,,,0
1145,2025,fernando-alonso,aston-martin,14,77103.0,77232.0,77103.0,,,0
1145,2025,liam-lawson,racing-bulls,15,78072.0,76961.0,78072.0,,,0
1145,2025,gabriel-bortoleto,kick-sauber,16,77412.0,77412.0,,,,0
1145,2025,alexander-albon,williams,17,77490.0,77490.0,,,,0
1145,2025,pierre-gasly,alpine,18,77546.0,77546.0,,,,0
1145,2025,lance-stroll,aston-martin,19,77606.0,77606.0,,,,0
1145,2025,franco-colapinto,alpine,20,77670.0,77670.0,,,,0
1146,2025,lando-norris,mclaren,1,69511.0,69656.0,69616.0,69511.0,,1
1146,2025,kimi-antonelli,mercedes,2,69685.0,70192.0,69774.0,69685.0,174.0,1
1146,2025,charles-leclerc,ferrari,3,69805.0,69934.0,69801.0,69805.0,294.0,1
1146,2025,oscar-piastri,mclaren,4,69886.0,69928.0,69835.0,69886.0,375.0,1
1146,2025,isack-hadjar,racing-bulls,5,69931.0,70083.0,69970.0,69931.0,420.0,1
1146,2025,george-russell,mercedes,6,69942.0,69935.0,69880.0,69942.0,431.0,1
1146,2025,liam-lawson,racing-bulls,7,69962.0,70108.0,69950.0,69962.0,451.0,1
1146,2025,oliver-bearman,haas,8,69977.0,69891.0,69755.0,69977.0,466.0,1
1146,2025,pierre-gasly,alpine,9,70002.0,69885.0,69857.0,70002.0,491.0,1
1146,2025,nico-hulkenberg,kick-sauber,10,70039.0,70337.0,69985.0,70039.0,528.0,1
1146,2025,fernando-alonso,aston-martin,11,70001.0,70181.0,70001.0,,,0
1146,2025,alexander-albon,williams,12,70053.0,70115.0,70053.0,,,0
1146,2025,lewis-hamilton,ferrari,13,70100.0,70016.0,70100.0,,,0
1146,2025,lance-stroll,aston-martin,14,70161.0,70041.0,70161.0,,,0
1146,2025,carlos-sainz-jr,williams,15,70472.0,70184.0,70472.0,,,0
1146,2025,max-verstappen,red-bull,16,70403.0,70403.0,,,,0
1146,2025,esteban-ocon,haas,17,70438.0,70438.0,,,,0
1146,2025,franco-colapinto,alpine,18,70632.0,70632.0,,,,0
1146,2025,yuki-tsunoda,red-bull,19,70711.0,70711.0,,,,0
1147,2025,lando-norris,mclaren,1,107934.0,115473.0,111379.0,107934.0,,1
1147,2025,max-verstappen,red-bull,2,108257.0,113458.0,111593.0,108257.0,323.0,1
1147,2025,carlos-sainz-jr,williams,3,108296.0,114873.0,111144.0,108296.0,362.0,1
1147,2025,george-russell,mercedes,4,108803.0,113144.0,110935.0,108803.0,869.0,1
1147,2025,oscar-piastri,mclaren,5,108961.0,114544.0,112126.0,108961.0,1027.0,1
1147,2025,liam-lawson,racing-bulls,6,109062.0,114828.0,111621.0,109062.0,1128.0,1
1147,2025,fernando-alonso,aston-martin,7,109466.0,113739.0,111865.0,109466.0,1532.0,1
1147,2025,isack-hadjar,racing-bulls,8,109554.0,115613.0,111120.0,109554.0,1620.0,1
1147,2025,charles-leclerc,ferrari,9,109872.0,114814.0,111952.0,109872.0,1938.0,1
1147,2025,pierre-gasly,alpine,10,111540.0,114432.0,111760.0,111540.0,3606.0,1
1147,2025,nico-hulkenberg,kick-sauber,11,112781.0,114555.0,112781.0,,,0
1147,2025,lance-stroll,aston-martin,12,112850.0,114416.0,112850.0,,,0
1147,2025,esteban-ocon,haas,13,112987.0,114635.0,112987.0,,,0
1147,2025,oliver-bearman,haas,14,113094.0,116016.0,113094.0,,,0
1147,2025,franco-colapinto,alpine,15,113683.0,114847.0,113683.0,,,0
1147,2025,alexander-albon,williams,16,116220.0,116220.0,,,,0
1147,2025,kimi-antonelli,mercedes,17,116314.0,116314.0,,,,0
1147,2025,gabriel-bortoleto,kick-sauber,18,116674.0,116674.0,,,,0
1147,2025,yuki-tsunoda,red-bull,19,116798.0,116798.0,,,,0
1147,2025,lewis-hamilton,ferrari,20,117115.0,117115.0,,,,0
1148,2025,oscar-piastri,mclaren,1,79387.0,80234.0,79650.0,79387.0,,1
1148,2025,lando-norris,mclaren,2,79495.0,80157.0,79861.0,79495.0,108.0,1
1148,2025,max-verstappen,red-bull,3,79651.0,80472.0,79985.0,79651.0,264.0,1
1148,2025,george-russell,mercedes,4,79662.0,80074.0,80186.0,79662.0,275.0,1
1148,2025,kimi-antonelli,mercedes,5,79846.0,80576.0,80084.0,79846.0,459.0,1
1148,2025,isack-hadjar,racing-bulls,6,80114.0,80603.0,80350.0,80114.0,727.0,1
1148,2025,carlos-sainz-jr,williams,7,80287.0,80520.0,80251.0,80287.0,900.0,1
1148,2025,fernando-alonso,aston-martin,8,80418.0,80598.0,80219.0,80418.0,1031.0,1
1148,2025,pierre-gasly,alpine,9,80477.0,80681.0,80324.0,80477.0,1090.0,1
1148,2025,charles-leclerc,ferrari,10,80561.0,80564.0,80343.0,80561.0,1174.0,1
1148,2025,nico-hulkenberg,kick-sauber,11,80353.0,80630.0,80353.0,,,0
1148,2025,liam-lawson,racing-bulls,12,80433.0,80539.0,80433.0,,,0
1148,2025,oliver-bearman,haas,13,80438.0,80548.0,80438.0,,,0
1148,2025,gabriel-bortoleto,kick-sauber,14,80534.0,80653.0,80534.0,,,0
1148,2025,alexander-albon,williams,15,80629.0,80629.0,80629.0,,,0
1148,2025,yuki-tsunoda,red-bull,16,80761.0,80761.0,,,,0
1148,2025,esteban-ocon,haas,17,80864.0,80864.0,,,,0
1148,2025,lewis-hamilton,ferrari,18,80907.0,80907.0,,,,0
1148,2025,lance-stroll,aston-martin,19,81058.0,81058.0,,,,0
1148,2025,franco-colapinto,alpine,20,81137.0,81137.0,,,,0
1149,2025,max-verstappen,red-bull,1,82207.0,82877.0,82752.0,82207.0,,1
1149,2025,lando-norris,mclaren,2,82408.0,83178.0,82804.0,82408.0,201.0,1
1149,2025,oscar-piastri,mclaren,3,82437.0,82605.0,83021.0,82437.0,230.0,1
1149,2025,george-russell,mercedes,4,82645.0,83247.0,82730.0,82645.0,438.0,1
1149,2025,charles-leclerc,ferrari,5,82730.0,83163.0,82948.0,82730.0,523.0,1
1149,2025,fernando-alonso,aston-martin,6,82902.0,83071.0,82861.0,82902.0,695.0,1
1149,2025,gabriel-bortoleto,kick-sauber,7,82904.0,83374.0,82874.0,82904.0,697.0,1
1149,2025,esteban-ocon,haas,8,82913.0,83334.0,83023.0,82913.0,706.0,1
1149,2025,isack-hadjar,racing-bulls,9,83072.0,83373.0,82997.0,83072.0,865.0,1
1149,2025,yuki-tsunoda,red-bull,10,83034.0,83386.0,83034.0,,,0
1149,2025,oliver-bearman,haas,11,83041.0,83254.0,83041.0,,,0
1149,2025,carlos-sainz-jr,williams,12,83042.0,83187.0,83042.0,,,0
1149,2025,liam-lawson,racing-bulls,13,83077.0,83265.0,83077.0,,,0
1149,2025,kimi-antonelli,mercedes,14,83080.0,82894.0,83080.0,,,0
1149,2025,lance-stroll,aston-martin,15,83097.0,83316.0,83097.0,,,0
1149,2025,lewis-hamilton,ferrari,16,83394.0,83394.0,,,,0
1149,2025,alexander-albon,williams,17,83416.0,83416.0,,,,0
1149,2025,nico-hulkenberg,kick-sauber,18,83450.0,83450.0,,,,0
1149,2025,pierre-gasly,alpine,19,83468.0,83468.0,,,,0
1149,2025,franco-colapinto,alpine,20,83890.0,83890.0,,,,0
1150,2026,george-russell,mercedes,1,78518.0,79507.0,78934.0,78518.0,,1
1150,2026,kimi-antonelli,mercedes,2,78811.0,80120.0,79435.0,78811.0,293.0,1
1150,2026,isack-hadjar,red-bull,3,79303.0,80023.0,79653.0,79303.0,785.0,1
1150,2026,charles-leclerc,ferrari,4,79327.0,80226.0,79357.0,79327.0,809.0,1
1150,2026,oscar-piastri,mclaren,5,79380.0,79664.0,79525.0,79380.0,862.0,1
1150,2026,lando-norris,mclaren,6,79475.0,80010.0,79882.0,79475.0,957.0,1
1150,2026,lewis-hamilton,ferrari,7,79478.0,79811.0,79921.0,79478.0,960.0,1
1150,2026,liam-lawson,racing-bulls,8,79994.0,80491.0,80144.0,79994.0,1476.0,1
1150,2026,arvid-lindblad,racing-bulls,9,81247.0,80409.0,79971.0,81247.0,2729.0,1
1150,2026,gabriel-bortoleto,audi,10,80221.0,80495.0,80221.0,,,0
1150,2026,nico-hulkenberg,audi,11,80303.0,81024.0,80303.0,,,0
1150,2026,oliver-bearman,haas,12,80311.0,81247.0,80311.0,,,0
1150,2026,esteban-ocon,haas,13,80491.0,80759.0,80491.0,,,0
1150,2026,pierre-gasly,alpine,14,80501.0,81138.0,80501.0,,,0
1150,2026,alexander-albon,williams,15,80941.0,81051.0,80941.0,,,0
1150,2026,franco-colapinto,alpine,16,81270.0,81200.0,81270.0,,,0
1150,2026,fernando-alonso,aston-martin,17,81969.0,81969.0,,,,0
1150,2026,sergio-perez,cadillac,18,82605.0,82605.0,,,,0
1150,2026,valtteri-bottas,cadillac,19,83244.0,83244.0,,,,0
1151,2026,kimi-antonelli,mercedes,1,92064.0,93305.0,92443.0,92064.0,,1
1151,2026,george-russell,mercedes,2,92286.0,93262.0,92523.0,92286.0,222.0,1
1151,2026,lewis-hamilton,ferrari,3,92415.0,93522.0,92567.0,92415.0,351.0,1
1151,2026,charles-leclerc,ferrari,4,92428.0,93175.0,92486.0,92428.0,364.0,1
1151,2026,oscar-piastri,mclaren,5,92550.0,93590.0,93130.0,92550.0,486.0,1
1151,2026,lando-norris,mclaren,6,92608.0,93535.0,92910.0,92608.0,544.0,1
1151,2026,pierre-gasly,alpine,7,92873.0,93788.0,93003.0,92873.0,809.0,1
1151,2026,max-verstappen,red-bull,8,93002.0,93417.0,93098.0,93002.0,938.0,1
1151,2026,isack-hadjar,red-bull,9,93121.0,93632.0,93352.0,93121.0,1057.0,1
1151,2026,oliver-bearman,haas,10,93292.0,93687.0,93197.0,93292.0,1228.0,1
1151,2026,nico-hulkenberg,audi,11,93354.0,94116.0,93354.0,,,0
1151,2026,franco-colapinto,alpine,12,93357.0,93634.0,93357.0,,,0
1151,2026,esteban-ocon,haas,13,93538.0,93974.0,93538.0,,,0
1151,2026,liam-lawson,racing-bulls,14,93765.0,94139.0,93765.0,,,0
1151,2026,arvid-lindblad,racing-bulls,15,93784.0,93906.0,93784.0,,,0
1151,2026,gabriel-bortoleto,audi,16,93965.0,93549.0,93965.0,,,0
1151,2026,carlos-sainz-jr,williams,17,94317.0,94317.0,,,,0
1151,2026,alexander-albon,williams,18,94772.0,94772.0,,,,0
1151,2026,fernando-alonso,aston-martin,19,95203.0,95203.0,,,,0
1151,2026,valtteri-bottas,cadillac,20,95436.0,95436.0,,,,0
1151,2026,lance-stroll,aston-martin,21,95995.0,95995.0,,,,0
1151,2026,sergio-perez,cadillac,22,96906.0,96906.0,,,,0
1152,2026,kimi-antonelli,mercedes,1,88778.0,90035.0,89048.0,88778.0,,1
1152,2026,george-russell,mercedes,2,89076.0,89967.0,89686.0,89076.0,298.0,1
1152,2026,oscar-piastri,mclaren,3,89132.0,90200.0,89451.0,89132.0,354.0,1
1152,2026,charles-leclerc,ferrari,4,89405.0,89915.0,89303.0,89405.0,627.0,1
1152,2026,lando-norris,mclaren,5,89409.0,90401.0,89795.0,89409.0,631.0,1
1152,2026,lewis-hamilton,ferrari,6,89567.0,90309.0,89589.0,89567.0,789.0,1
1152,2026,pierre-gasly,alpine,7,89691.0,90584.0,89874.0,89691.0,913.0,1
1152,2026,isack-hadjar,red-bull,8,89978.0,90662.0,90104.0,89978.0,1200.0,1
1152,2026,gabriel-bortoleto,audi,9,90274.0,90359.0,89990.0,90274.0,1496.0,1
1152,2026,arvid-lindblad,racing-bulls,10,90319.0,90781.0,90109.0,90319.0,1541.0,1
1152,2026,max-verstappen,red-bull,11,90262.0,90519.0,90262.0,,,0
1152,2026,esteban-ocon,haas,12,90309.0,90915.0,90309.0,,,0
1152,2026,nico-hulkenberg,audi,13,90387.0,90358.0,90387.0,,,0
1152,2026,liam-lawson,racing-bulls,14,90495.0,90657.0,90495.0,,,0
1152,2026,franco-colapinto,alpine,15,90627.0,90931.0,90627.0,,,0
1152,2026,carlos-sainz-jr,williams,16,91033.0,90927.0,91033.0,,,0
1152,2026,alexander-albon,williams,17,91088.0,91088.0,,,,0
1152,2026,oliver-bearman,haas,18,91090.0,91090.0,,,,0
1152,2026,sergio-perez,cadillac,19,92206.0,92206.0,,,,0
1152,2026,valtteri-bottas,cadillac,20,92330.0,92330.0,,,,0
1152,2026,fernando-alonso,aston-martin,21,92646.0,92646.0,,,,0
1152,2026,lance-stroll,aston-martin,22,92920.0,92920.0,,,,0
1153,2026,kimi-antonelli,mercedes,1,87798.0,88653.0,88289.0,87798.0,,1
1153,2026,max-verstappen,red-bull,2,87964.0,89099.0,88116.0,87964.0,166.0,1
1153,2026,charles-leclerc,ferrari,3,88143.0,88938.0,88315.0,88143.0,345.0,1
1153,2026,lando-norris,mclaren,4,88183.0,89183.0,88920.0,88183.0,385.0,1
1153,2026,george-russell,mercedes,5,88197.0,89492.0,88477.0,88197.0,399.0,1
1153,2026,lewis-hamilton,ferrari,6,88319.0,89483.0,88477.0,88319.0,521.0,1
1153,2026,oscar-piastri,mclaren,7,88500.0,89920.0,88332.0,88500.0,702.0,1
1153,2026,franco-colapinto,alpine,8,88762.0,89584.0,88975.0,88762.0,964.0,1
1153,2026,pierre-gasly,alpine,9,88810.0,89914.0,89070.0,88810.0,1012.0,1
1153,2026,nico-hulkenberg,audi,10,89439.0,89645.0,89439.0,,,0
1153,2026,liam-lawson,racing-bulls,11,89499.0,89595.0,89499.0,,,0
1153,2026,oliver-bearman,haas,12,89567.0,89340.0,89567.0,,,0
1153,2026,carlos-sainz-jr,williams,13,89568.0,89540.0,89568.0,,,0
1153,2026,esteban-ocon,haas,14,89772.0,89838.0,89772.0,,,0
1153,2026,alexander-albon,williams,15,89946.0,89720.0,89946.0,,,0
1153,2026,arvid-lindblad,racing-bulls,16,90133.0,90133.0,,,,0
1153,2026,fernando-alonso,aston-martin,17,91098.0,91098.0,,,,0
1153,2026,lance-stroll,aston-martin,18,91164.0,91164.0,,,,0
1153,2026,valtteri-bottas,cadillac,19,91629.0,91629.0,,,,0
1153,2026,sergio-perez,cadillac,20,91967.0,91967.0,,,,0
1153,2026,gabriel-bortoleto,audi,21,93737.0,93737.0,,,,0
1153,2026,isack-hadjar,red-bull,,88789.0,89324.0,88941.0,88789.0,,1
1154,2026,george-russell,mercedes,1,72578.0,73953.0,73079.0,72578.0,,1
1154,2026,kimi-antonelli,mercedes,2,72646.0,73380.0,73076.0,72646.0,68.0,1
1154,2026,lando-norris,mclaren,3,72729.0,73503.0,73049.0,72729.0,151.0,1
1154,2026,oscar-piastri,mclaren,4,72781.0,73559.0,73285.0,72781.0,203.0,1
1154,2026,lewis-hamilton,ferrari,5,72868.0,73767.0,73041.0,72868.0,290.0,1
1154,2026,max-verstappen,red-bull,6,72907.0,74067.0,73479.0,72907.0,329.0,1
1154,2026,isack-hadjar,red-bull,7,72935.0,73654.0,72975.0,72935.0,357.0,1
1154,2026,charles-leclerc,ferrari,8,72976.0,73825.0,73496.0,72976.0,398.0,1
1154,2026,arvid-lindblad,racing-bulls,9,73280.0,73895.0,73548.0,73280.0,702.0,1
1154,2026,franco-colapinto,alpine,10,73697.0,74466.0,73857.0,73697.0,1119.0,1
1154,2026,nico-hulkenberg,audi,11,73886.0,74562.0,73886.0,,,0
1154,2026,liam-lawson,racing-bulls,12,73897.0,74346.0,73897.0,,,0
1154,2026,gabriel-bortoleto,audi,13,74071.0,74775.0,74071.0,,,0
1154,2026,pierre-gasly,alpine,14,74187.0,74698.0,74187.0,,,0
1154,2026,carlos-sainz-jr,williams,15,74273.0,74276.0,74273.0,,,0
1154,2026,oliver-bearman,haas,16,74416.0,74449.0,74416.0,,,0
1154,2026,esteban-ocon,haas,17,74845.0,74845.0,,,,0
1154,2026,alexander-albon,williams,18,74851.0,74851.0,,,,0
1154,2026,fernando-alonso,aston-martin,19,75196.0,75196.0,,,,0
1154,2026,sergio-perez,cadillac,20,75429.0,75429.0,,,,0
1154,2026,lance-stroll,aston-martin,21,76195.0,76195.0,,,,0
1154,2026,valtteri-bottas,cadillac,22,76272.0,76272.0,,,,0
1155,2026,kimi-antonelli,mercedes,1,72051.0,73599.0,72704.0,72051.0,,1
1155,2026,max-verstappen,red-bull,2,72094.0,73490.0,72499.0,72094.0,43.0,1
1155,2026,lewis-hamilton,ferrari,3,72279.0,73777.0,72934.0,72279.0,228.0,1
1155,2026,charles-leclerc,ferrari,4,72351.0,73293.0,72774.0,72351.0,300.0,1
1155,2026,isack-hadjar,red-bull,5,72434.0,74408.0,72722.0,72434.0,383.0,1
1155,2026,george-russell,mercedes,6,72445.0,74214.0,73238.0,72445.0,394.0,1
1155,2026,oscar-piastri,mclaren,7,72624.0,74159.0,72983.0,72624.0,573.0,1
1155,2026,lando-norris,mclaren,8,72765.0,73630.0,72919.0,72765.0,714.0,1
1155,2026,pierre-gasly,alpine,9,73226.0,74469.0,73762.0,73226.0,1175.0,1
1155,2026,liam-lawson,racing-bulls,10,73412.0,74498.0,73471.0,73412.0,1361.0,1
1155,2026,alexander-albon,williams,11,73787.0,74321.0,73787.0,,,0
1155,2026,carlos-sainz-jr,williams,12,73815.0,74348.0,73815.0,,,0
1155,2026,nico-hulkenberg,audi,13,73902.0,73923.0,73902.0,,,0
1155,2026,franco-colapinto,alpine,14,73995.0,74573.0,73995.0,,,0
1155,2026,arvid-lindblad,racing-bulls,15,74248.0,74685.0,74248.0,,,0
1155,2026,gabriel-bortoleto,audi,16,74683.0,74683.0,,,,0
1155,2026,esteban-ocon,haas,17,74722.0,74722.0,,,,0
1155,2026,sergio-perez,cadillac,18,74747.0,74747.0,,,,0
1155,2026,oliver-bearman,haas,19,74814.0,74814.0,,,,0
1155,2026,valtteri-bottas,cadillac,20,75283.0,75283.0,,,,0
1155,2026,fernando-alonso,aston-martin,21,75349.0,75349.0,,,,0
1155,2026,lance-stroll,aston-martin,22,76061.0,76061.0,,,,0
1156,2026,george-russell,mercedes,1,74679.0,75717.0,75228.0,74679.0,,1
1156,2026,lewis-hamilton,ferrari,2,74743.0,75625.0,75418.0,74743.0,64.0,1
1156,2026,kimi-antonelli,mercedes,3,74998.0,75977.0,75295.0,74998.0,319.0,1
1156,2026,lando-norris,mclaren,4,75001.0,76287.0,75361.0,75001.0,322.0,1
1156,2026,max-verstappen,red-bull,5,75021.0,76352.0,75484.0,75021.0,342.0,1
1156,2026,isack-hadjar,red-bull,6,75077.0,76427.0,75754.0,75077.0,398.0,1
1156,2026,oscar-piastri,mclaren,7,75090.0,76138.0,75518.0,75090.0,411.0,1
1156,2026,liam-lawson,racing-bulls,8,76542.0,76673.0,75585.0,76542.0,1863.0,1
1156,2026,nico-hulkenberg,audi,9,76657.0,76066.0,75768.0,76657.0,1978.0,1
1156,2026,charles-leclerc,ferrari,10,75281.0,75964.0,75281.0,,,0
1156,2026,arvid-lindblad,racing-bulls,11,75840.0,76425.0,75840.0,,,0
1156,2026,gabriel-bortoleto,audi,12,76001.0,76616.0,76001.0,,,0
1156,2026,franco-colapinto,alpine,13,76191.0,76590.0,76191.0,,,0
1156,2026,pierre-gasly,alpine,14,76261.0,76599.0,76261.0,,,0
1156,2026,oliver-bearman,haas,15,76389.0,76571.0,76389.0,,,0
1156,2026,carlos-sainz-jr,williams,16,77827.0,76881.0,77827.0,,,0
1156,2026,esteban-ocon,haas,17,77073.0,77073.0,,,,0
1156,2026,alexander-albon,williams,18,77424.0,77424.0,,,,0
1156,2026,sergio-perez,cadillac,19,77545.0,77545.0,,,,0
1156,2026,valtteri-bottas,cadillac,20,77757.0,77757.0,,,,0
1156,2026,lance-stroll,aston-martin,21,78758.0,78758.0,,,,0
1156,2026,fernando-alonso,aston-martin,22,78815.0,78815.0,,,,0
1157,2026,george-russell,mercedes,1,66113.0,67398.0,66979.0,66113.0,,1
1157,2026,charles-leclerc,ferrari,2,66349.0,67543.0,67030.0,66349.0,236.0,1
1157,2026,lewis-hamilton,ferrari,3,66408.0,67290.0,66994.0,66408.0,295.0,1
1157,2026,kimi-antonelli,mercedes,4,66414.0,67083.0,66763.0,66414.0,301.0,1
1157,2026,max-verstappen,red-bull,5,66475.0,67407.0,67183.0,66475.0,362.0,1
1157,2026,lando-norris,mclaren,6,66502.0,67259.0,66897.0,66502.0,389.0,1
1157,2026,oscar-piastri,mclaren,7,66511.0,67487.0,66890.0,66511.0,398.0,1
1157,2026,isack-hadjar,red-bull,8,66632.0,67408.0,67086.0,66632.0,519.0,1
1157,2026,liam-lawson,racing-bulls,9,66955.0,67385.0,67136.0,66955.0,842.0,1
1157,2026,arvid-lindblad,racing-bulls,10,67007.0,67549.0,67155.0,67007.0,894.0,1
1157,2026,pierre-gasly,alpine,11,67223.0,68038.0,67223.0,,,0
1157,2026,gabriel-bortoleto,audi,12,67293.0,68035.0,67293.0,,,0
1157,2026,oliver-bearman,haas,13,67523.0,68061.0,67523.0,,,0
1157,2026,nico-hulkenberg,audi,14,67611.0,68066.0,67611.0,,,0
1157,2026,esteban-ocon,haas,15,67817.0,68231.0,67817.0,,,0
1157,2026,franco-colapinto,alpine,16,68171.0,67894.0,68171.0,,,0
1157,2026,carlos-sainz-jr,williams,17,68252.0,68252.0,,,,0
1157,2026,alexander-albon,williams,18,68509.0,68509.0,,,,0
1157,2026,sergio-perez,cadillac,19,68945.0,68945.0,,,,0
1157,2026,valtteri-bottas,cadillac,20,69030.0,69030.0,,,,0
1157,2026,fernando-alonso,aston-martin,21,69942.0,69942.0,,,,0
1157,2026,lance-stroll,aston-martin,22,70363.0,70363.0,,,,0
1158,2026,kimi-antonelli,mercedes,1,88111.0,89719.0,88493.0,88111.0,,1
1158,2026,charles-leclerc,ferrari,2,88286.0,89534.0,88626.0,88286.0,175.0,1
1158,2026,lewis-hamilton,ferrari,3,88458.0,89644.0,88864.0,88458.0,347.0,1
1158,2026,george-russell,mercedes,4,88481.0,89985.0,88920.0,88481.0,370.0,1
1158,2026,isack-hadjar,red-bull,5,88746.0,89276.0,89069.0,88746.0,635.0,1
1158,2026,lando-norris,mclaren,6,88877.0,90186.0,89383.0,88877.0,766.0,1
1158,2026,max-verstappen,red-bull,7,88893.0,89549.0,89113.0,88893.0,782.0,1
1158,2026,oscar-piastri,mclaren,8,89032.0,89971.0,89218.0,89032.0,921.0,1
1158,2026,arvid-lindblad,racing-bulls,9,89305.0,89661.0,89324.0,89305.0,1194.0,1
1158,2026,liam-lawson,racing-bulls,10,89716.0,89300.0,89429.0,89716.0,1605.0,1
1158,2026,gabriel-bortoleto,audi,11,89461.0,90269.0,89461.0,,,0
1158,2026,pierre-gasly,alpine,12,90063.0,90345.0,90063.0,,,0
1158,2026,nico-hulkenberg,audi,13,90076.0,89539.0,90076.0,,,0
1158,2026,oliver-bearman,haas,14,90501.0,90570.0,90501.0,,,0
1158,2026,carlos-sainz-jr,williams,15,90623.0,90562.0,90623.0,,,0
1158,2026,alexander-albon,williams,16,91341.0,90638.0,91341.0,,,0
1158,2026,esteban-ocon,haas,17,90680.0,90680.0,,,,0
1158,2026,valtteri-bottas,cadillac,18,91227.0,91227.0,,,,0
1158,2026,franco-colapinto,alpine,19,91321.0,91321.0,,,,0
1158,2026,sergio-perez,cadillac,20,91451.0,91451.0,,,,0
1158,2026,lance-stroll,aston-martin,21,92863.0,92863.0,,,,0
1158,2026,fernando-alonso,aston-martin,22,93025.0,93025.0,,,,0
1159,2026,kimi-antonelli,mercedes,1,104361.0,106304.0,105142.0,104361.0,,1
1159,2026,max-verstappen,red-bull,2,104678.0,105930.0,105589.0,104678.0,317.0,1
1159,2026,lando-norris,mclaren,3,104801.0,105865.0,105454.0,104801.0,440.0,1
1159,2026,george-russell,mercedes,4,104869.0,106185.0,105689.0,104869.0,508.0,1
1159,2026,charles-leclerc,ferrari,5,104893.0,106278.0,105397.0,104893.0,532.0,1
1159,2026,lewis-hamilton,ferrari,6,104895.0,106124.0,105543.0,104895.0,534.0,1
1159,2026,oscar-piastri,mclaren,7,105016.0,106433.0,105671.0,105016.0,655.0,1
1159,2026,arvid-lindblad,racing-bulls,8,105143.0,106191.0,105629.0,105143.0,782.0,1
1159,2026,gabriel-bortoleto,audi,9,105628.0,106609.0,106082.0,105628.0,1267.0,1
1159,2026,isack-hadjar,red-bull,10,105823.0,106062.0,105823.0,,,0
1159,2026,liam-lawson,racing-bulls,11,106120.0,106501.0,106120.0,,,0
1159,2026,pierre-gasly,alpine,12,106331.0,106679.0,106331.0,,,0
1159,2026,franco-colapinto,alpine,13,106392.0,106795.0,106392.0,,,0
1159,2026,nico-hulkenberg,audi,14,106671.0,106893.0,106671.0,,,0
1159,2026,carlos-sainz-jr,williams,15,106777.0,107080.0,106777.0,,,0
1159,2026,oliver-bearman,haas,16,106779.0,107113.0,106779.0,,,0
1159,2026,alexander-albon,williams,17,107120.0,107120.0,,,,0
1159,2026,esteban-ocon,haas,18,107801.0,107801.0,,,,0
1159,2026,valtteri-bottas,cadillac,19,107823.0,107823.0,,,,0
1159,2026,sergio-perez,cadillac,20,107971.0,107971.0,,,,0
1159,2026,fernando-alonso,aston-martin,21,110002.0,110002.0,,,,0
1159,2026,lance-stroll,aston-martin,22,110177.0,110177.0,,,,0
1160,2026,lando-norris,mclaren,1,77207.0,78277.0,77456.0,77207.0,,1
1160,2026,lewis-hamilton,ferrari,2,77219.0,78730.0,77803.0,77219.0,12.0,1
1160,2026,charles-leclerc,ferrari,3,77445.0,78984.0,77626.0,77445.0,238.0,1
1160,2026,kimi-antonelli,mercedes,4,77479.0,78726.0,78393.0,77479.0,272.0,1
1160,2026,oscar-piastri,mclaren,5,77684.0,78891.0,77928.0,77684.0,477.0,1
1160,2026,max-verstappen,red-bull,6,77725.0,78656.0,78249.0,77725.0,518.0,1
1160,2026,george-russell,mercedes,7,77760.0,78856.0,78445.0,77760.0,553.0,1
1160,2026,isack-hadjar,red-bull,8,77856.0,78754.0,77872.0,77856.0,649.0,1
1160,2026,arvid-lindblad,racing-bulls,9,78281.0,79233.0,78360.0,78281.0,1074.0,1
1160,2026,nico-hulkenberg,audi,10,78686.0,78796.0,78639.0,78686.0,1479.0,1
1160,2026,liam-lawson,racing-bulls,11,78765.0,79161.0,78765.0,,,0
1160,2026,pierre-gasly,alpine,12,78844.0,79741.0,78844.0,,,0
1160,2026,franco-colapinto,alpine,13,79027.0,79771.0,79027.0,,,0
1160,2026,gabriel-bortoleto,audi,14,79105.0,79069.0,79105.0,,,0
1160,2026,esteban-ocon,haas,15,79734.0,80010.0,79734.0,,,0
1160,2026,fernando-alonso,aston-martin,16,79808.0,80126.0,79808.0,,,0
1160,2026,oliver-bearman,haas,17,80233.0,80233.0,,,,0
1160,2026,carlos-sainz-jr,williams,18,80621.0,80621.0,,,,0
1160,2026,alexander-albon,williams,19,80658.0,80658.0,,,,0
1160,2026,lance-stroll,aston-martin,20,80659.0,80659.0,,,,0
1160,2026,valtteri-bottas,cadillac,21,80886.0,80886.0,,,,0
1160,2026,sergio-perez,cadillac,22,81322.0,81322.0,,,,0
1161,2026,lando-norris,mclaren,1,71163.0,72695.0,71628.0,71163.0,,1
1161,2026,george-russell,mercedes,2,71265.0,72924.0,71959.0,71265.0,102.0,1
1161,2026,kimi-antonelli,mercedes,3,71296.0,73022.0,71915.0,71296.0,133.0,1
1161,2026,oscar-piastri,mclaren,4,71305.0,72610.0,71641.0,71305.0,142.0,1
1161,2026,lewis-hamilton,ferrari,5,71494.0,72673.0,71970.0,71494.0,331.0,1
1161,2026,charles-leclerc,ferrari,6,71558.0,73064.0,71910.0,71558.0,395.0,1
1161,2026,max-verstappen,red-bull,7,71618.0,73290.0,71874.0,71618.0,455.0,1
1161,2026,liam-lawson,red-bull,8,71733.0,73392.0,72301.0,71733.0,570.0,1
1161,2026,gabriel-bortoleto,audi,9,72079.0,73142.0,72433.0,72079.0,916.0,1
1161,2026,arvid-lindblad,racing-bulls,10,72185.0,73074.0,72525.0,72185.0,1022.0,1
1161,2026,pierre-gasly,alpine,11,72616.0,73115.0,72616.0,,,0
1161,2026,yuki-tsunoda,racing-bulls,12,72627.0,73085.0,72627.0,,,0
1161,2026,nico-hulkenberg,audi,13,72797.0,73188.0,72797.0,,,0
1161,2026,franco-colapinto,alpine,14,72800.0,73322.0,72800.0,,,0
1161,2026,esteban-ocon,haas,15,73137.0,73544.0,73137.0,,,0
1161,2026,alexander-albon,williams,16,73182.0,73552.0,73182.0,,,0
1161,2026,carlos-sainz-jr,williams,17,73574.0,73574.0,,,,0
1161,2026,fernando-alonso,aston-martin,18,73650.0,73650.0,,,,0
1161,2026,lance-stroll,aston-martin,19,73818.0,73818.0,,,,0
1161,2026,oliver-bearman,haas,20,73826.0,73826.0,,,,0
1161,2026,valtteri-bottas,cadillac,21,74371.0,74371.0,,,,0
1161,2026,sergio-perez,cadillac,22,74600.0,74600.0,,,,0
1162,2026,pierre-gasly,alpine,1,81786.0,82612.0,82077.0,81786.0,,1
1162,2026,george-russell,mercedes,2,81846.0,82779.0,82161.0,81846.0,60.0,1
1162,2026,oscar-piastri,mclaren,3,81966.0,82924.0,82017.0,81966.0,180.0,1
1162,2026,charles-leclerc,ferrari,4,82004.0,82902.0,82509.0,82004.0,218.0,1
1162,2026,lewis-hamilton,ferrari,5,82011.0,82847.0,82516.0,82011.0,225.0,1
1162,2026,max-verstappen,red-bull,6,82070.0,82631.0,82188.0,82070.0,284.0,1
1162,2026,kimi-antonelli,mercedes,7,82093.0,82758.0,81882.0,82093.0,307.0,1
1162,2026,franco-colapinto,alpine,8,82220.0,82662.0,82400.0,82220.0,434.0,1
1162,2026,lando-norris,mclaren,9,82256.0,82659.0,82067.0,82256.0,470.0,1
1162,2026,arvid-lindblad,racing-bulls,10,82286.0,82727.0,82345.0,82286.0,500.0,1
1162,2026,gabriel-bortoleto,audi,11,82517.0,82946.0,82517.0,,,0
1162,2026,oliver-bearman,haas,12,82756.0,82906.0,82756.0,,,0
1162,2026,nico-hulkenberg,audi,13,82779.0,83440.0,82779.0,,,0
1162,2026,liam-lawson,red-bull,14,82821.0,82989.0,82821.0,,,0
1162,2026,carlos-sainz-jr,williams,15,83453.0,83616.0,83453.0,,,0
1162,2026,esteban-ocon,haas,16,83454.0,83466.0,83454.0,,,0
1162,2026,yuki-tsunoda,racing-bulls,17,83755.0,83755.0,,,,0
1162,2026,alexander-albon,williams,18,84356.0,84356.0,,,,0
1162,2026,valtteri-bottas,cadillac,19,84364.0,84364.0,,,,0
1162,2026,sergio-perez,cadillac,20,84595.0,84595.0,,,,0
1162,2026,fernando-alonso,aston-martin,21,85150.0,85150.0,,,,0
1162,2026,lance-stroll,aston-martin,22,85222.0,85222.0,,,,0
