RaceKey,Year,Round,DriverId,ConstructorId,EngineId,Position,PositionText,Points,GridPosition,QualiPosition,LapsCompleted,PositionsGained,IsWin,IsPodium,IsPoints,IsFinished,IsPole,IsFastestLap,IsGrandSlam,IsDriverOfTheDay,IsDNF,RetirementReason,RaceTimeMillis,GapMillis,PitStops,BestPitStopMs,TotalPitMs,StartedFromPole,WinFromPole
898,2014,1,nico-rosberg,mercedes,mercedes,1,1,25.0,3,3,57,2,1,1,1,1,0,1,0,0,0,,5578710.0,,2,23673.0,48004.0,0,0
898,2014,1,kevin-magnussen,mclaren,mercedes,2,2,18.0,4,4,57,2,0,1,1,1,0,0,0,0,0,,5605487.0,26777.0,2,22273.0,45423.0,0,0
898,2014,1,jenson-button,mclaren,mercedes,3,3,15.0,10,11,57,7,0,1,1,1,0,0,0,0,0,,5608737.0,30027.0,2,22399.0,44810.0,0,0
898,2014,1,fernando-alonso,ferrari,ferrari,4,4,12.0,5,5,57,1,0,0,1,1,0,0,0,0,0,,5613994.0,35284.0,2,21978.0,44865.0,0,0
898,2014,1,valtteri-bottas,williams,mercedes,5,5,10.0,15,10,57,10,0,0,1,1,0,0,0,0,0,,5626349.0,47639.0,2,23117.0,58038.0,0,0
898,2014,1,nico-hulkenberg,force-india,mercedes,6,6,8.0,7,7,57,1,0,0,1,1,0,0,0,0,0,,5629428.0,50718.0,2,22615.0,45548.0,0,0
898,2014,1,kimi-raikkonen,ferrari,ferrari,7,7,6.0,11,12,57,4,0,0,1,1,0,0,0,0,0,,5636385.0,57675.0,2,21825.0,47368.0,0,0
898,2014,1,jean-eric-vergne,toro-rosso,renault,8,8,4.0,6,6,57,-2,0,0,1,1,0,0,0,0,0,,5639151.0,60441.0,2,22978.0,46102.0,0,0
898,2014,1,daniil-kvyat,toro-rosso,renault,9,9,2.0,8,8,57,-1,0,0,1,1,0,0,0,0,0,,5642295.0,63585.0,2,23920.0,54434.0,0,0
898,2014,1,sergio-perez,force-india,mercedes,10,10,1.0,16,16,57,6,0,0,1,1,0,0,0,0,0,,5664626.0,85916.0,3,22497.0,70564.0,0,0
898,2014,1,adrian-sutil,sauber,ferrari,11,11,0,13,14,56,2,0,0,0,1,0,0,0,0,0,,,,1,24305.0,24305.0,0,0
898,2014,1,esteban-gutierrez,sauber,ferrari,12,12,0,20,19,56,8,0,0,0,1,0,0,0,0,0,,,,2,23797.0,56454.0,0,0
898,2014,1,max-chilton,marussia,ferrari,13,13,0,,17,55,4,0,0,0,1,0,0,0,0,0,,,,2,23493.0,47702.0,0,0
898,2014,1,jules-bianchi,marussia,ferrari,,NC,0,,18,49,,0,0,0,0,0,0,0,0,1,,,,2,22656.0,46477.0,0,0
898,2014,1,romain-grosjean,lotus-f1,renault,,DNF,0,,21,43,,0,0,0,0,0,0,0,0,1,Power unit,,,2,17255.0,39519.0,0,0
898,2014,1,pastor-maldonado,lotus-f1,renault,,DNF,0,21,,29,,0,0,0,0,0,0,0,0,1,Power unit,,,1,22847.0,22847.0,0,0
898,2014,1,marcus-ericsson,caterham,renault,,DNF,0,19,20,27,,0,0,0,0,0,0,0,0,1,Oil pressure,,,1,23238.0,23238.0,0,0
898,2014,1,sebastian-vettel,red-bull,renault,,DNF,0,12,13,3,,0,0,0,0,0,0,0,0,1,Power unit,,,0,,,0,0
898,2014,1,lewis-hamilton,mercedes,mercedes,,DNF,0,1,1,2,,0,0,0,0,1,0,0,0,1,Power unit,,,0,,,1,0
898,2014,1,felipe-massa,williams,mercedes,,DNF,0,9,9,0,,0,0,0,0,0,0,0,0,1,Collision,,,0,,,0,0
898,2014,1,kamui-kobayashi,caterham,renault,,DNF,0,14,15,0,,0,0,0,0,0,0,0,0,1,Collision,,,0,,,0,0
898,2014,1,daniel-ricciardo,red-bull,renault,,DSQ,0,2,2,57,,0,0,0,0,0,0,0,0,1,Fuel,5603235.0,24525.0,2,22427.0,45421.0,0,0
899,2014,2,lewis-hamilton,mercedes,mercedes,1,1,25.0,1,1,56,0,1,1,1,1,1,1,1,0,0,,6025974.0,,3,24484.0,74384.0,1,1
899,2014,2,nico-rosberg,mercedes,mercedes,2,2,18.0,3,3,56,1,0,1,1,1,0,0,0,0,0,,6043287.0,17313.0,3,24654.0,74664.0,0,0
899,2014,2,sebastian-vettel,red-bull,renault,3,3,15.0,2,2,56,-1,0,1,1,1,0,0,0,0,0,,6050508.0,24534.0,3,24432.0,74346.0,0,0
899,2014,2,fernando-alonso,ferrari,ferrari,4,4,12.0,4,4,56,0,0,0,1,1,0,0,0,0,0,,6061966.0,35992.0,3,24222.0,73329.0,0,0
899,2014,2,nico-hulkenberg,force-india,mercedes,5,5,10.0,7,7,56,2,0,0,1,1,0,0,0,0,0,,6073173.0,47199.0,2,24887.0,50223.0,0,0
899,2014,2,jenson-button,mclaren,mercedes,6,6,8.0,10,10,56,4,0,0,1,1,0,0,0,0,0,,6109665.0,83691.0,3,24524.0,74393.0,0,0
899,2014,2,felipe-massa,williams,mercedes,7,7,6.0,13,13,56,6,0,0,1,1,0,0,0,0,0,,6111050.0,85076.0,3,24526.0,73740.0,0,0
899,2014,2,valtteri-bottas,williams,mercedes,8,8,4.0,18,15,56,10,0,0,1,1,0,0,0,0,0,,6111511.0,85537.0,3,24498.0,74482.0,0,0
899,2014,2,kevin-magnussen,mclaren,mercedes,9,9,2.0,8,8,55,-1,0,0,1,1,0,0,0,0,0,,,,3,24415.0,92192.0,0,0
899,2014,2,daniil-kvyat,toro-rosso,renault,10,10,1.0,11,11,55,1,0,0,1,1,0,0,0,0,0,,,,3,25109.0,77871.0,0,0
899,2014,2,romain-grosjean,lotus-f1,renault,11,11,0,15,16,55,4,0,0,0,1,0,0,0,0,0,,,,3,25046.0,76377.0,0,0
899,2014,2,kimi-raikkonen,ferrari,ferrari,12,12,0,6,6,55,-6,0,0,0,1,0,0,0,0,0,,,,3,24246.0,75062.0,0,0
899,2014,2,kamui-kobayashi,caterham,renault,13,13,0,20,20,55,7,0,0,0,1,0,0,0,0,0,,,,2,26505.0,53629.0,0,0
899,2014,2,marcus-ericsson,caterham,renault,14,14,0,22,22,54,8,0,0,0,1,0,0,0,0,0,,,,3,26030.0,82585.0,0,0
899,2014,2,max-chilton,marussia,ferrari,15,15,0,21,21,54,6,0,0,0,1,0,0,0,0,0,,,,3,25639.0,82677.0,0,0
899,2014,2,daniel-ricciardo,red-bull,renault,,DNF,0,5,5,49,,0,0,0,0,0,0,0,0,1,Front wing,,,5,24709.0,227990.0,0,0
899,2014,2,esteban-gutierrez,sauber,ferrari,,DNF,0,12,12,35,,0,0,0,0,0,0,0,0,1,Gearbox,,,2,26325.0,55745.0,0,0
899,2014,2,adrian-sutil,sauber,ferrari,,DNF,0,17,18,32,,0,0,0,0,0,0,0,0,1,Power unit,,,2,25493.0,51491.0,0,0
899,2014,2,jean-eric-vergne,toro-rosso,renault,,DNF,0,9,9,18,,0,0,0,0,0,0,0,0,1,Turbo,,,2,26598.0,72227.0,0,0
899,2014,2,jules-bianchi,marussia,ferrari,,DNF,0,19,19,8,,0,0,0,0,0,0,0,0,1,Brakes,,,1,52836.0,52836.0,0,0
899,2014,2,pastor-maldonado,lotus-f1,renault,,DNF,0,16,17,7,,0,0,0,0,0,0,0,0,1,Power unit,,,0,,,0,0
899,2014,2,sergio-perez,force-india,mercedes,,DNS,0,14,14,0,,0,0,0,0,0,0,0,0,1,Gearbox,,,0,,,0,0
900,2014,3,lewis-hamilton,mercedes,mercedes,1,1,25.0,2,2,57,1,1,1,1,1,0,0,0,0,0,,5982743.0,,2,24687.0,49833.0,0,0
900,2014,3,nico-rosberg,mercedes,mercedes,2,2,18.0,1,1,57,-1,0,1,1,1,1,1,0,0,0,,5983828.0,1085.0,2,24851.0,49758.0,1,0
900,2014,3,sergio-perez,force-india,mercedes,3,3,15.0,4,5,57,1,0,1,1,1,0,0,0,0,0,,6006810.0,24067.0,2,24697.0,49434.0,0,0
900,2014,3,daniel-ricciardo,red-bull,renault,4,4,12.0,13,3,57,9,0,0,1,1,0,0,0,0,0,,6007232.0,24489.0,2,24706.0,49522.0,0,0
900,2014,3,nico-hulkenberg,force-india,mercedes,5,5,10.0,11,12,57,6,0,0,1,1,0,0,0,0,0,,6011397.0,28654.0,2,24440.0,49197.0,0,0
900,2014,3,sebastian-vettel,red-bull,renault,6,6,8.0,10,11,57,4,0,0,1,1,0,0,0,0,0,,6012622.0,29879.0,2,24964.0,51150.0,0,0
900,2014,3,felipe-massa,williams,mercedes,7,7,6.0,7,8,57,0,0,0,1,1,0,0,0,0,0,,6014008.0,31265.0,3,24528.0,74999.0,0,0
900,2014,3,valtteri-bottas,williams,mercedes,8,8,4.0,3,4,57,-5,0,0,1,1,0,0,0,0,0,,6014619.0,31876.0,3,25040.0,76088.0,0,0
900,2014,3,fernando-alonso,ferrari,ferrari,9,9,2.0,9,10,57,0,0,0,1,1,0,0,0,0,0,,6015338.0,32595.0,3,24493.0,74839.0,0,0
900,2014,3,kimi-raikkonen,ferrari,ferrari,10,10,1.0,5,6,57,-5,0,0,1,1,0,0,0,0,0,,6016205.0,33462.0,3,24453.0,74877.0,0,0
900,2014,3,daniil-kvyat,toro-rosso,renault,11,11,0,12,13,57,1,0,0,0,1,0,0,0,0,0,,6024085.0,41342.0,3,25340.0,76749.0,0,0
900,2014,3,romain-grosjean,lotus-f1,renault,12,12,0,16,16,57,4,0,0,0,1,0,0,0,0,0,,6025886.0,43143.0,3,25032.0,75917.0,0,0
900,2014,3,max-chilton,marussia,ferrari,13,13,0,21,22,57,8,0,0,0,1,0,0,0,0,0,,6042652.0,59909.0,3,25858.0,79072.0,0,0
900,2014,3,pastor-maldonado,lotus-f1,renault,14,14,0,17,17,57,3,0,0,0,1,0,0,0,0,0,,6045546.0,62803.0,4,25395.0,118958.0,0,0
900,2014,3,kamui-kobayashi,caterham,renault,15,15,0,18,19,57,3,0,0,0,1,0,0,0,0,0,,6070643.0,87900.0,2,26628.0,53752.0,0,0
900,2014,3,jules-bianchi,marussia,ferrari,16,16,0,19,20,56,3,0,0,0,1,0,0,0,0,0,,,,5,18989.0,125723.0,0,0
900,2014,3,jenson-button,mclaren,mercedes,17,17,0,6,7,55,-11,0,0,0,1,0,0,0,0,0,Clutch,,,2,24476.0,49721.0,0,0
900,2014,3,kevin-magnussen,mclaren,mercedes,,DNF,0,8,9,40,,0,0,0,0,0,0,0,0,1,Clutch,,,3,24559.0,74742.0,0,0
900,2014,3,esteban-gutierrez,sauber,ferrari,,DNF,0,15,15,39,,0,0,0,0,0,0,0,0,1,Collision,,,2,25543.0,51176.0,0,0
900,2014,3,marcus-ericsson,caterham,renault,,DNF,0,20,21,33,,0,0,0,0,0,0,0,0,1,Oil leak,,,2,25367.0,51186.0,0,0
900,2014,3,jean-eric-vergne,toro-rosso,renault,,DNF,0,14,14,18,,0,0,0,0,0,0,0,0,1,Collision damage,,,2,25897.0,59792.0,0,0
900,2014,3,adrian-sutil,sauber,ferrari,,DNF,0,22,18,17,,0,0,0,0,0,0,0,0,1,Collision,,,2,25293.0,66040.0,0,0
901,2014,4,lewis-hamilton,mercedes,mercedes,1,1,25.0,1,1,54,0,1,1,1,1,1,0,0,0,0,,5608338.0,,2,22968.0,46967.0,1,1
901,2014,4,nico-rosberg,mercedes,mercedes,2,2,18.0,4,4,54,2,0,1,1,1,0,1,0,0,0,,5626400.0,18062.0,2,23089.0,46366.0,0,0
901,2014,4,fernando-alonso,ferrari,ferrari,3,3,15.0,5,5,54,2,0,1,1,1,0,0,0,0,0,,5631942.0,23604.0,2,22776.0,45723.0,0,0
901,2014,4,daniel-ricciardo,red-bull,renault,4,4,12.0,2,2,54,-2,0,0,1,1,0,0,0,0,0,,5635474.0,27136.0,2,22498.0,45684.0,0,0
901,2014,4,sebastian-vettel,red-bull,renault,5,5,10.0,3,3,54,-2,0,0,1,1,0,0,0,0,0,,5656116.0,47778.0,2,22246.0,44816.0,0,0
901,2014,4,nico-hulkenberg,force-india,mercedes,6,6,8.0,8,8,54,2,0,0,1,1,0,0,0,0,0,,5662633.0,54295.0,2,22764.0,46202.0,0,0
901,2014,4,valtteri-bottas,williams,mercedes,7,7,6.0,7,7,54,0,0,0,1,1,0,0,0,0,0,,5664035.0,55697.0,2,23639.0,48419.0,0,0
901,2014,4,kimi-raikkonen,ferrari,ferrari,8,8,4.0,11,11,54,3,0,0,1,1,0,0,0,0,0,,5684673.0,76335.0,2,22994.0,46285.0,0,0
901,2014,4,sergio-perez,force-india,mercedes,9,9,2.0,16,16,54,7,0,0,1,1,0,0,0,0,0,,5690985.0,82647.0,2,22914.0,46550.0,0,0
901,2014,4,daniil-kvyat,toro-rosso,renault,10,10,1.0,13,13,53,3,0,0,1,1,0,0,0,0,0,,,,2,23521.0,47149.0,0,0
901,2014,4,jenson-button,mclaren,mercedes,11,11,0,12,12,53,1,0,0,0,1,0,0,0,0,0,,,,2,22408.0,44956.0,0,0
901,2014,4,jean-eric-vergne,toro-rosso,renault,12,12,0,9,9,53,-3,0,0,0,1,0,0,0,0,0,,,,2,24119.0,48536.0,0,0
901,2014,4,kevin-magnussen,mclaren,mercedes,13,13,0,15,15,53,2,0,0,0,1,0,0,0,0,0,,,,2,22579.0,46249.0,0,0
901,2014,4,pastor-maldonado,lotus-f1,renault,14,14,0,22,,53,8,0,0,0,1,0,0,0,0,0,,,,2,23022.0,47032.0,0,0
901,2014,4,felipe-massa,williams,mercedes,15,15,0,6,6,53,-9,0,0,0,1,0,0,0,0,0,,,,2,23830.0,102107.0,0,0
901,2014,4,esteban-gutierrez,sauber,ferrari,16,16,0,17,17,53,1,0,0,0,1,0,0,0,0,0,,,,3,22734.0,68974.0,0,0
901,2014,4,jules-bianchi,marussia,ferrari,17,17,0,19,19,53,2,0,0,0,1,0,0,0,0,0,,,,2,24320.0,49104.0,0,0
901,2014,4,kamui-kobayashi,caterham,renault,18,18,0,18,18,53,0,0,0,0,1,0,0,0,0,0,,,,3,24722.0,75007.0,0,0
901,2014,4,max-chilton,marussia,ferrari,19,19,0,21,21,52,2,0,0,0,1,0,0,0,0,0,,,,3,23781.0,71545.0,0,0
901,2014,4,marcus-ericsson,caterham,renault,20,20,0,20,20,52,0,0,0,0,1,0,0,0,0,0,,,,3,23677.0,71376.0,0,0
901,2014,4,romain-grosjean,lotus-f1,renault,,DNF,0,10,10,28,,0,0,0,0,0,0,0,0,1,Gearbox,,,1,23213.0,23213.0,0,0
901,2014,4,adrian-sutil,sauber,ferrari,,DNF,0,14,14,5,,0,0,0,0,0,0,0,0,1,Engine,,,0,,,0,0
902,2014,5,lewis-hamilton,mercedes,mercedes,1,1,25.0,1,1,66,0,1,1,1,1,1,0,0,0,0,,6065155.0,,2,22951.0,46541.0,1,1
902,2014,5,nico-rosberg,mercedes,mercedes,2,2,18.0,2,2,66,0,0,1,1,1,0,0,0,0,0,,6065791.0,636.0,2,22254.0,44563.0,0,0
902,2014,5,daniel-ricciardo,red-bull,renault,3,3,15.0,3,3,66,0,0,1,1,1,0,0,0,0,0,,6114169.0,49014.0,2,21830.0,43799.0,0,0
902,2014,5,sebastian-vettel,red-bull,renault,4,4,12.0,15,10,66,11,0,0,1,1,0,1,0,0,0,,6141857.0,76702.0,3,21599.0,65181.0,0,0
902,2014,5,valtteri-bottas,williams,mercedes,5,5,10.0,4,4,66,-1,0,0,1,1,0,0,0,0,0,,6144448.0,79293.0,2,22701.0,45525.0,0,0
902,2014,5,fernando-alonso,ferrari,ferrari,6,6,8.0,7,7,66,1,0,0,1,1,0,0,0,0,0,,6152898.0,87743.0,3,21664.0,65648.0,0,0
902,2014,5,kimi-raikkonen,ferrari,ferrari,7,7,6.0,6,6,65,-1,0,0,1,1,0,0,0,0,0,,,,2,22056.0,44783.0,0,0
902,2014,5,romain-grosjean,lotus-f1,renault,8,8,4.0,5,5,65,-3,0,0,1,1,0,0,0,0,0,,,,2,22078.0,44204.0,0,0
902,2014,5,sergio-perez,force-india,mercedes,9,9,2.0,11,12,65,2,0,0,1,1,0,0,0,0,0,,,,2,22282.0,44649.0,0,0
902,2014,5,nico-hulkenberg,force-india,mercedes,10,10,1.0,10,11,65,0,0,0,1,1,0,0,0,0,0,,,,2,22355.0,45079.0,0,0
902,2014,5,jenson-button,mclaren,mercedes,11,11,0,8,8,65,-3,0,0,0,1,0,0,0,0,0,,,,2,21810.0,46218.0,0,0
902,2014,5,kevin-magnussen,mclaren,mercedes,12,12,0,14,15,65,2,0,0,0,1,0,0,0,0,0,,,,2,21768.0,43662.0,0,0
902,2014,5,felipe-massa,williams,mercedes,13,13,0,9,9,65,-4,0,0,0,1,0,0,0,0,0,,,,3,22304.0,67575.0,0,0
902,2014,5,daniil-kvyat,toro-rosso,renault,14,14,0,12,13,65,-2,0,0,0,1,0,0,0,0,0,,,,3,22703.0,68528.0,0,0
902,2014,5,pastor-maldonado,lotus-f1,renault,15,15,0,22,,65,7,0,0,0,1,0,0,0,0,0,,,,2,22024.0,49875.0,0,0
902,2014,5,esteban-gutierrez,sauber,ferrari,16,16,0,13,14,65,-3,0,0,0,1,0,0,0,0,0,,,,3,23025.0,70868.0,0,0
902,2014,5,adrian-sutil,sauber,ferrari,17,17,0,16,17,65,-1,0,0,0,1,0,0,0,0,0,,,,2,23378.0,51391.0,0,0
902,2014,5,jules-bianchi,marussia,ferrari,18,18,0,18,19,64,0,0,0,0,1,0,0,0,0,0,,,,2,22568.0,45496.0,0,0
902,2014,5,max-chilton,marussia,ferrari,19,19,0,17,18,64,-2,0,0,0,1,0,0,0,0,0,,,,3,23232.0,71155.0,0,0
902,2014,5,marcus-ericsson,caterham,renault,20,20,0,19,20,64,-1,0,0,0,1,0,0,0,0,0,,,,2,23091.0,49762.0,0,0
902,2014,5,kamui-kobayashi,caterham,renault,,DNF,0,20,21,34,,0,0,0,0,0,0,0,0,1,Brakes,,,1,22789.0,22789.0,0,0
902,2014,5,jean-eric-vergne,toro-rosso,renault,,DNF,0,21,16,24,,0,0,0,0,0,0,0,0,1,Exhaust,,,1,22976.0,22976.0,0,0
903,2014,6,nico-rosberg,mercedes,mercedes,1,1,25.0,1,1,78,0,1,1,1,1,1,0,0,0,0,,6567661.0,,1,24672.0,24672.0,1,1
903,2014,6,lewis-hamilton,mercedes,mercedes,2,2,18.0,2,2,78,0,0,1,1,1,0,0,0,0,0,,6576871.0,9210.0,1,27509.0,27509.0,0,0
903,2014,6,daniel-ricciardo,red-bull,renault,3,3,15.0,3,3,78,0,0,1,1,1,0,0,0,0,0,,6577275.0,9614.0,1,26584.0,26584.0,0,0
903,2014,6,fernando-alonso,ferrari,ferrari,4,4,12.0,5,5,78,1,0,0,1,1,0,0,0,0,0,,6600113.0,32452.0,1,26499.0,26499.0,0,0
903,2014,6,nico-hulkenberg,force-india,mercedes,5,5,10.0,11,11,77,6,0,0,1,1,0,0,0,0,0,,,,1,25714.0,25714.0,0,0
903,2014,6,jenson-button,mclaren,mercedes,6,6,8.0,12,12,77,6,0,0,1,1,0,0,0,0,0,,,,1,25992.0,25992.0,0,0
903,2014,6,felipe-massa,williams,mercedes,7,7,6.0,16,16,77,9,0,0,1,1,0,0,0,0,0,,,,1,24264.0,24264.0,0,0
903,2014,6,romain-grosjean,lotus-f1,renault,8,8,4.0,14,14,77,6,0,0,1,1,0,0,0,0,0,,,,2,25029.0,51341.0,0,0
903,2014,6,jules-bianchi,marussia,ferrari,9,9,2.0,21,19,77,12,0,0,1,1,0,0,0,0,0,,,,1,32658.0,32658.0,0,0
903,2014,6,kevin-magnussen,mclaren,mercedes,10,10,1.0,8,8,77,-2,0,0,1,1,0,0,0,0,0,,,,1,28943.0,28943.0,0,0
903,2014,6,marcus-ericsson,caterham,renault,11,11,0,,22,77,11,0,0,0,1,0,0,0,0,0,,,,2,25585.0,53676.0,0,0
903,2014,6,kimi-raikkonen,ferrari,ferrari,12,12,0,6,6,77,-6,0,0,0,1,0,1,0,0,0,,,,3,25282.0,82862.0,0,0
903,2014,6,kamui-kobayashi,caterham,renault,13,13,0,20,21,75,7,0,0,0,1,0,0,0,0,0,,,,2,25116.0,50537.0,0,0
903,2014,6,max-chilton,marussia,ferrari,14,14,0,19,20,75,5,0,0,0,1,0,0,0,0,0,,,,3,26137.0,96563.0,0,0
903,2014,6,esteban-gutierrez,sauber,ferrari,,DNF,0,17,17,59,,0,0,0,0,0,0,0,0,1,Accident,,,1,25906.0,25906.0,0,0
903,2014,6,valtteri-bottas,williams,mercedes,,DNF,0,13,13,55,,0,0,0,0,0,0,0,0,1,Engine,,,1,25595.0,25595.0,0,0
903,2014,6,jean-eric-vergne,toro-rosso,renault,,DNF,0,7,7,50,,0,0,0,0,0,0,0,0,1,Exhaust,,,2,19385.0,44829.0,0,0
903,2014,6,adrian-sutil,sauber,ferrari,,DNF,0,18,18,23,,0,0,0,0,0,0,0,0,1,Accident,,,1,33207.0,33207.0,0,0
903,2014,6,daniil-kvyat,toro-rosso,renault,,DNF,0,9,9,10,,0,0,0,0,0,0,0,0,1,Exhaust,,,0,,,0,0
903,2014,6,sebastian-vettel,red-bull,renault,,DNF,0,4,4,5,,0,0,0,0,0,0,0,0,1,Turbo,,,1,66065.0,66065.0,0,0
903,2014,6,sergio-perez,force-india,mercedes,,DNF,0,10,10,0,,0,0,0,0,0,0,0,0,1,Collision,,,0,,,0,0
903,2014,6,pastor-maldonado,lotus-f1,renault,,DNS,0,15,15,0,,0,0,0,0,0,0,0,0,1,Fuel pump,,,0,,,0,0
904,2014,7,daniel-ricciardo,red-bull,renault,1,1,25.0,6,6,70,5,1,1,1,1,0,0,0,0,0,,5952830.0,,2,23274.0,46880.0,0,0
904,2014,7,nico-rosberg,mercedes,mercedes,2,2,18.0,1,1,70,-1,0,1,1,1,1,0,0,0,0,,5957066.0,4236.0,2,23882.0,48984.0,1,0
904,2014,7,sebastian-vettel,red-bull,renault,3,3,15.0,3,3,70,0,0,1,1,1,0,0,0,0,0,,5958077.0,5247.0,2,23340.0,47244.0,0,0
904,2014,7,jenson-button,mclaren,mercedes,4,4,12.0,9,9,70,5,0,0,1,1,0,0,0,0,0,,5964585.0,11755.0,2,23493.0,48543.0,0,0
904,2014,7,nico-hulkenberg,force-india,mercedes,5,5,10.0,11,11,70,6,0,0,1,1,0,0,0,0,0,,5965673.0,12843.0,1,23902.0,23902.0,0,0
904,2014,7,fernando-alonso,ferrari,ferrari,6,6,8.0,7,7,70,1,0,0,1,1,0,0,0,0,0,,5967699.0,14869.0,2,23790.0,47722.0,0,0
904,2014,7,valtteri-bottas,williams,mercedes,7,7,6.0,4,4,70,-3,0,0,1,1,0,0,0,0,0,,5976408.0,23578.0,2,23448.0,47939.0,0,0
904,2014,7,jean-eric-vergne,toro-rosso,renault,8,8,4.0,8,8,70,0,0,0,1,1,0,0,0,0,0,,5980856.0,28026.0,2,23975.0,48408.0,0,0
904,2014,7,kevin-magnussen,mclaren,mercedes,9,9,2.0,12,12,70,3,0,0,1,1,0,0,0,0,0,,5982084.0,29254.0,2,23479.0,47386.0,0,0
904,2014,7,kimi-raikkonen,ferrari,ferrari,10,10,1.0,10,10,70,0,0,0,1,1,0,0,0,0,0,,6006508.0,53678.0,2,23925.0,48146.0,0,0
904,2014,7,sergio-perez,force-india,mercedes,11,11,0,13,13,69,2,0,0,0,1,0,0,0,0,0,Collision,,,1,23907.0,23907.0,0,0
904,2014,7,felipe-massa,williams,mercedes,12,12,0,5,5,69,-7,0,0,0,1,0,1,0,0,0,Collision,,,2,24012.0,51961.0,0,0
904,2014,7,adrian-sutil,sauber,ferrari,13,13,0,16,16,69,3,0,0,0,1,0,0,0,0,0,,,,2,23703.0,47771.0,0,0
904,2014,7,esteban-gutierrez,sauber,ferrari,14,14,0,,,64,8,0,0,0,1,0,0,0,0,0,Energy storage system failure,,,3,24370.0,73541.0,0,0
904,2014,7,romain-grosjean,lotus-f1,renault,,DNF,0,14,14,59,,0,0,0,0,0,0,0,0,1,Rear wing,,,2,23856.0,47799.0,0,0
904,2014,7,daniil-kvyat,toro-rosso,renault,,DNF,0,15,15,47,,0,0,0,0,0,0,0,0,1,Drivetrain,,,2,25235.0,50933.0,0,0
904,2014,7,lewis-hamilton,mercedes,mercedes,,DNF,0,2,2,46,,0,0,0,0,0,0,0,0,1,Brakes,,,2,23554.0,47971.0,0,0
904,2014,7,kamui-kobayashi,caterham,renault,,DNF,0,21,20,23,,0,0,0,0,0,0,0,0,1,Suspension,,,0,,,0,0
904,2014,7,pastor-maldonado,lotus-f1,renault,,DNF,0,17,17,21,,0,0,0,0,0,0,0,0,1,Power unit,,,0,,,0,0
904,2014,7,marcus-ericsson,caterham,renault,,DNF,0,20,21,7,,0,0,0,0,0,0,0,0,1,Turbo,,,0,,,0,0
904,2014,7,max-chilton,marussia,ferrari,,DNF,0,18,18,0,,0,0,0,0,0,0,0,0,1,Accident,,,0,,,0,0
904,2014,7,jules-bianchi,marussia,ferrari,,DNF,0,19,19,0,,0,0,0,0,0,0,0,0,1,Accident,,,0,,,0,0
905,2014,8,nico-rosberg,mercedes,mercedes,1,1,25.0,3,3,71,2,1,1,1,1,0,0,0,0,0,,5274976.0,,2,21474.0,43138.0,0,0
905,2014,8,lewis-hamilton,mercedes,mercedes,2,2,18.0,9,9,71,7,0,1,1,1,0,0,0,0,0,,5276908.0,1932.0,2,22226.0,44781.0,0,0
905,2014,8,valtteri-bottas,williams,mercedes,3,3,15.0,2,2,71,-1,0,1,1,1,0,0,0,0,0,,5283148.0,8172.0,2,21133.0,43341.0,0,0
905,2014,8,felipe-massa,williams,mercedes,4,4,12.0,1,1,71,-3,0,0,1,1,1,0,0,0,0,,5292334.0,17358.0,2,21896.0,43992.0,1,0
905,2014,8,fernando-alonso,ferrari,ferrari,5,5,10.0,4,4,71,-1,0,0,1,1,0,0,0,0,0,,5293529.0,18553.0,2,21234.0,42510.0,0,0
905,2014,8,sergio-perez,force-india,mercedes,6,6,8.0,15,11,71,9,0,0,1,1,0,1,0,0,0,,5303522.0,28546.0,2,21960.0,45730.0,0,0
905,2014,8,kevin-magnussen,mclaren,mercedes,7,7,6.0,6,6,71,-1,0,0,1,1,0,0,0,0,0,,5307007.0,32031.0,2,21670.0,43552.0,0,0
905,2014,8,daniel-ricciardo,red-bull,renault,8,8,4.0,5,5,71,-3,0,0,1,1,0,0,0,0,0,,5318498.0,43522.0,2,21398.0,42865.0,0,0
905,2014,8,nico-hulkenberg,force-india,mercedes,9,9,2.0,10,10,71,1,0,0,1,1,0,0,0,0,0,,5319113.0,44137.0,2,21920.0,44166.0,0,0
905,2014,8,kimi-raikkonen,ferrari,ferrari,10,10,1.0,8,8,71,-2,0,0,1,1,0,0,0,0,0,,5322753.0,47777.0,2,21618.0,43532.0,0,0
905,2014,8,jenson-button,mclaren,mercedes,11,11,0,11,12,71,0,0,0,0,1,0,0,0,0,0,,5325942.0,50966.0,2,21242.0,42747.0,0,0
905,2014,8,pastor-maldonado,lotus-f1,renault,12,12,0,13,14,70,1,0,0,0,1,0,0,0,0,0,,,,2,22612.0,45955.0,0,0
905,2014,8,adrian-sutil,sauber,ferrari,13,13,0,16,17,70,3,0,0,0,1,0,0,0,0,0,,,,2,22449.0,45409.0,0,0
905,2014,8,romain-grosjean,lotus-f1,renault,14,14,0,,16,70,8,0,0,0,1,0,0,0,0,0,,,,2,21884.0,46096.0,0,0
905,2014,8,jules-bianchi,marussia,ferrari,15,15,0,18,19,69,3,0,0,0,1,0,0,0,0,0,,,,1,24452.0,24452.0,0,0
905,2014,8,kamui-kobayashi,caterham,renault,16,16,0,19,20,69,3,0,0,0,1,0,0,0,0,0,,,,1,22480.0,22480.0,0,0
905,2014,8,max-chilton,marussia,ferrari,17,17,0,21,21,69,4,0,0,0,1,0,0,0,0,0,,,,1,22977.0,22977.0,0,0
905,2014,8,marcus-ericsson,caterham,renault,18,18,0,20,22,69,2,0,0,0,1,0,0,0,0,0,,,,2,23177.0,48355.0,0,0
905,2014,8,esteban-gutierrez,sauber,ferrari,19,19,0,17,18,69,-2,0,0,0,1,0,0,0,0,0,,,,3,22530.0,106819.0,0,0
905,2014,8,jean-eric-vergne,toro-rosso,renault,,DNF,0,14,15,59,,0,0,0,0,0,0,0,0,1,Brakes,,,2,22232.0,44606.0,0,0
905,2014,8,sebastian-vettel,red-bull,renault,,DNF,0,12,13,34,,0,0,0,0,0,0,0,0,1,Electrical,,,2,21381.0,51225.0,0,0
905,2014,8,daniil-kvyat,toro-rosso,renault,,DNF,0,7,7,24,,0,0,0,0,0,0,0,0,1,Suspension,,,1,21906.0,21906.0,0,0
906,2014,9,lewis-hamilton,mercedes,mercedes,1,1,25.0,6,6,52,5,1,1,1,1,0,1,0,0,0,,8812094.0,,2,29291.0,58970.0,0,0
906,2014,9,valtteri-bottas,williams,mercedes,2,2,18.0,14,16,52,12,0,1,1,1,0,0,0,0,0,,8842229.0,30135.0,1,29104.0,29104.0,0,0
906,2014,9,daniel-ricciardo,red-bull,renault,3,3,15.0,8,8,52,5,0,1,1,1,0,0,0,0,0,,8858589.0,46495.0,1,28483.0,28483.0,0,0
906,2014,9,jenson-button,mclaren,mercedes,4,4,12.0,3,3,52,-1,0,0,1,1,0,0,0,0,0,,8859484.0,47390.0,1,28645.0,28645.0,0,0
906,2014,9,sebastian-vettel,red-bull,renault,5,5,10.0,2,2,52,-3,0,0,1,1,0,0,0,0,0,,8865958.0,53864.0,2,28558.0,57345.0,0,0
906,2014,9,fernando-alonso,ferrari,ferrari,6,6,8.0,16,18,52,10,0,0,1,1,0,0,0,0,0,,8872040.0,59946.0,1,34410.0,34410.0,0,0
906,2014,9,kevin-magnussen,mclaren,mercedes,7,7,6.0,5,5,52,-2,0,0,1,1,0,0,0,0,0,,8874657.0,62563.0,1,28745.0,28745.0,0,0
906,2014,9,nico-hulkenberg,force-india,mercedes,8,8,4.0,4,4,52,-4,0,0,1,1,0,0,0,0,0,,8900786.0,88692.0,1,29579.0,29579.0,0,0
906,2014,9,daniil-kvyat,toro-rosso,renault,9,9,2.0,9,9,52,0,0,0,1,1,0,0,0,0,0,,8901434.0,89340.0,2,28575.0,57275.0,0,0
906,2014,9,jean-eric-vergne,toro-rosso,renault,10,10,1.0,10,10,51,0,0,0,1,1,0,0,0,0,0,,,,1,30218.0,30218.0,0,0
906,2014,9,sergio-perez,force-india,mercedes,11,11,0,7,7,51,-4,0,0,0,1,0,0,0,0,0,,,,1,29599.0,29599.0,0,0
906,2014,9,romain-grosjean,lotus-f1,renault,12,12,0,11,11,51,-1,0,0,0,1,0,0,0,0,0,,,,1,29710.0,29710.0,0,0
906,2014,9,adrian-sutil,sauber,ferrari,13,13,0,13,15,51,0,0,0,0,1,0,0,0,0,0,,,,1,29956.0,29956.0,0,0
906,2014,9,jules-bianchi,marussia,ferrari,14,14,0,12,12,51,-2,0,0,0,1,0,0,0,0,0,,,,1,30353.0,30353.0,0,0
906,2014,9,kamui-kobayashi,caterham,renault,15,15,0,22,,50,7,0,0,0,1,0,0,0,0,0,,,,2,29507.0,59047.0,0,0
906,2014,9,max-chilton,marussia,ferrari,16,16,0,17,13,50,1,0,0,0,1,0,0,0,0,0,,,,3,23154.0,3760497.0,0,0
906,2014,9,pastor-maldonado,lotus-f1,renault,17,17,0,20,,49,3,0,0,0,1,0,0,0,0,0,Exhaust,,,1,28831.0,28831.0,0,0
906,2014,9,nico-rosberg,mercedes,mercedes,,DNF,0,1,1,28,,0,0,0,0,1,0,0,0,1,Gearbox,,,1,28329.0,28329.0,1,0
906,2014,9,marcus-ericsson,caterham,renault,,DNF,0,21,,11,,0,0,0,0,0,0,0,0,1,Suspension,,,0,,,0,0
906,2014,9,esteban-gutierrez,sauber,ferrari,,DNF,0,19,14,9,,0,0,0,0,0,0,0,0,1,Collision damage,,,0,,,0,0
906,2014,9,felipe-massa,williams,mercedes,,DNF,0,15,17,0,,0,0,0,0,0,0,0,0,1,Collision damage,,,0,,,0,0
906,2014,9,kimi-raikkonen,ferrari,ferrari,,DNF,0,18,19,0,,0,0,0,0,0,0,0,0,1,Accident,,,0,,,0,0
907,2014,10,nico-rosberg,mercedes,mercedes,1,1,25.0,1,1,67,0,1,1,1,1,1,0,0,0,0,,5622914.0,,2,20055.0,40312.0,1,1
907,2014,10,valtteri-bottas,williams,mercedes,2,2,18.0,2,2,67,0,0,1,1,1,0,0,0,0,0,,5643703.0,20789.0,2,20115.0,40321.0,0,0
907,2014,10,lewis-hamilton,mercedes,mercedes,3,3,15.0,20,16,67,17,0,1,1,1,0,1,0,0,0,,5645444.0,22530.0,3,19710.0,59496.0,0,0
907,2014,10,sebastian-vettel,red-bull,renault,4,4,12.0,6,6,67,2,0,0,1,1,0,0,0,0,0,,5666928.0,44014.0,3,18879.0,57547.0,0,0
907,2014,10,fernando-alonso,ferrari,ferrari,5,5,10.0,7,7,67,2,0,0,1,1,0,0,0,0,0,,5675381.0,52467.0,3,19032.0,57514.0,0,0
907,2014,10,daniel-ricciardo,red-bull,renault,6,6,8.0,5,5,67,-1,0,0,1,1,0,0,0,0,0,,5675463.0,52549.0,3,18868.0,57276.0,0,0
907,2014,10,nico-hulkenberg,force-india,mercedes,7,7,6.0,9,9,67,2,0,0,1,1,0,0,0,0,0,,5687092.0,64178.0,2,19514.0,39078.0,0,0
907,2014,10,jenson-button,mclaren,mercedes,8,8,4.0,11,11,67,3,0,0,1,1,0,0,0,0,0,,5707625.0,84711.0,3,18916.0,60741.0,0,0
907,2014,10,kevin-magnussen,mclaren,mercedes,9,9,2.0,4,4,66,-5,0,0,1,1,0,0,0,0,0,,,,3,19135.0,64421.0,0,0
907,2014,10,sergio-perez,force-india,mercedes,10,10,1.0,10,10,66,0,0,0,1,1,0,0,0,0,0,,,,3,19843.0,61577.0,0,0
907,2014,10,kimi-raikkonen,ferrari,ferrari,11,11,0,12,12,66,1,0,0,0,1,0,0,0,0,0,,,,3,19737.0,59344.0,0,0
907,2014,10,pastor-maldonado,lotus-f1,renault,12,12,0,18,19,66,6,0,0,0,1,0,0,0,0,0,,,,2,19099.0,38225.0,0,0
907,2014,10,jean-eric-vergne,toro-rosso,renault,13,13,0,13,13,66,0,0,0,0,1,0,0,0,0,0,,,,3,20274.0,67416.0,0,0
907,2014,10,esteban-gutierrez,sauber,ferrari,14,14,0,16,14,66,2,0,0,0,1,0,0,0,0,0,,,,3,19779.0,64086.0,0,0
907,2014,10,jules-bianchi,marussia,ferrari,15,15,0,17,18,66,2,0,0,0,1,0,0,0,0,0,,,,2,20031.0,40606.0,0,0
907,2014,10,kamui-kobayashi,caterham,renault,16,16,0,19,20,65,3,0,0,0,1,0,0,0,0,0,,,,3,20092.0,60571.0,0,0
907,2014,10,max-chilton,marussia,ferrari,17,17,0,21,21,65,4,0,0,0,1,0,0,0,0,0,,,,3,20632.0,65435.0,0,0
907,2014,10,marcus-ericsson,caterham,renault,18,18,0,,,65,4,0,0,0,1,0,0,0,0,0,,,,3,19890.0,67808.0,0,0
907,2014,10,adrian-sutil,sauber,ferrari,,DNF,0,15,17,47,,0,0,0,0,0,0,0,0,1,Spun off,,,3,19638.0,60093.0,0,0
907,2014,10,daniil-kvyat,toro-rosso,renault,,DNF,0,8,8,44,,0,0,0,0,0,0,0,0,1,Oil leak,,,2,20251.0,40564.0,0,0
907,2014,10,romain-grosjean,lotus-f1,renault,,DNF,0,14,15,26,,0,0,0,0,0,0,0,0,1,Water leak,,,1,18928.0,18928.0,0,0
907,2014,10,felipe-massa,williams,mercedes,,DNF,0,3,3,0,,0,0,0,0,0,0,0,0,1,Collision,,,0,,,0,0
908,2014,11,daniel-ricciardo,red-bull,renault,1,1,25.0,4,4,70,3,1,1,1,1,0,0,0,0,0,,6785058.0,,3,22205.0,68219.0,0,0
908,2014,11,fernando-alonso,ferrari,ferrari,2,2,18.0,5,5,70,3,0,1,1,1,0,0,0,0,0,,6790283.0,5225.0,2,21634.0,43887.0,0,0
908,2014,11,lewis-hamilton,mercedes,mercedes,3,3,15.0,,,70,19,0,1,1,1,0,0,0,0,0,,6790915.0,5857.0,2,23364.0,47164.0,0,0
908,2014,11,nico-rosberg,mercedes,mercedes,4,4,12.0,1,1,70,-3,0,0,1,1,1,1,0,0,0,,6791419.0,6361.0,3,22001.0,68692.0,1,0
908,2014,11,felipe-massa,williams,mercedes,5,5,10.0,6,6,70,1,0,0,1,1,0,0,0,0,0,,6814899.0,29841.0,3,22111.0,67240.0,0,0
908,2014,11,kimi-raikkonen,ferrari,ferrari,6,6,8.0,16,17,70,10,0,0,1,1,0,0,0,0,0,,6816549.0,31491.0,2,22154.0,45368.0,0,0
908,2014,11,sebastian-vettel,red-bull,renault,7,7,6.0,2,2,70,-5,0,0,1,1,0,0,0,0,0,,6826022.0,40964.0,2,21608.0,43778.0,0,0
908,2014,11,valtteri-bottas,williams,mercedes,8,8,4.0,3,3,70,-5,0,0,1,1,0,0,0,0,0,,6826402.0,41344.0,3,22518.0,70604.0,0,0
908,2014,11,jean-eric-vergne,toro-rosso,renault,9,9,2.0,8,8,70,-1,0,0,1,1,0,0,0,0,0,,6843585.0,58527.0,2,23123.0,46932.0,0,0
908,2014,11,jenson-button,mclaren,mercedes,10,10,1.0,7,7,70,-3,0,0,1,1,0,0,0,0,0,,6852338.0,67280.0,3,22211.0,71755.0,0,0
908,2014,11,adrian-sutil,sauber,ferrari,11,11,0,11,12,70,0,0,0,0,1,0,0,0,0,0,,6853227.0,68169.0,2,22500.0,54456.0,0,0
908,2014,11,kevin-magnussen,mclaren,mercedes,12,12,0,,10,70,9,0,0,0,1,0,0,0,0,0,,6863523.0,78465.0,2,21812.0,45358.0,0,0
908,2014,11,pastor-maldonado,lotus-f1,renault,13,13,0,20,,70,7,0,0,0,1,0,0,0,0,0,,6869082.0,84024.0,3,21818.0,76802.0,0,0
908,2014,11,daniil-kvyat,toro-rosso,renault,14,14,0,10,11,69,-4,0,0,0,1,0,0,0,0,0,,,,2,22202.0,45625.0,0,0
908,2014,11,jules-bianchi,marussia,ferrari,15,15,0,15,16,69,0,0,0,0,1,0,0,0,0,0,,,,3,22892.0,72622.0,0,0
908,2014,11,max-chilton,marussia,ferrari,16,16,0,18,19,69,2,0,0,0,1,0,0,0,0,0,,,,2,23232.0,47857.0,0,0
908,2014,11,esteban-gutierrez,sauber,ferrari,,DNF,0,13,14,32,,0,0,0,0,0,0,0,0,1,Electrical,,,1,24050.0,24050.0,0,0
908,2014,11,kamui-kobayashi,caterham,renault,,DNF,0,17,18,24,,0,0,0,0,0,0,0,0,1,Fuel system,,,1,34086.0,34086.0,0,0
908,2014,11,sergio-perez,force-india,mercedes,,DNF,0,12,13,22,,0,0,0,0,0,0,0,0,1,Accident,,,1,25535.0,25535.0,0,0
908,2014,11,nico-hulkenberg,force-india,mercedes,,DNF,0,9,9,14,,0,0,0,0,0,0,0,0,1,Collision,,,1,24040.0,24040.0,0,0
908,2014,11,romain-grosjean,lotus-f1,renault,,DNF,0,14,15,10,,0,0,0,0,0,0,0,0,1,Accident,,,1,23979.0,23979.0,0,0
908,2014,11,marcus-ericsson,caterham,renault,,DNF,0,19,20,7,,0,0,0,0,0,0,0,0,1,Accident,,,0,,,0,0
909,2014,12,daniel-ricciardo,red-bull,renault,1,1,25.0,5,5,44,4,1,1,1,1,0,0,0,0,0,,5076556.0,,2,22675.0,45588.0,0,0
909,2014,12,nico-rosberg,mercedes,mercedes,2,2,18.0,1,1,44,-1,0,1,1,1,1,1,0,0,0,,5079939.0,3383.0,3,22936.0,76325.0,1,0
909,2014,12,valtteri-bottas,williams,mercedes,3,3,15.0,6,6,44,3,0,1,1,1,0,0,0,0,0,,5104588.0,28032.0,2,22769.0,45945.0,0,0
909,2014,12,kimi-raikkonen,ferrari,ferrari,4,4,12.0,8,8,44,4,0,0,1,1,0,0,0,0,0,,5113371.0,36815.0,2,22819.0,45677.0,0,0
909,2014,12,sebastian-vettel,red-bull,renault,5,5,10.0,3,3,44,-2,0,0,1,1,0,0,0,0,0,,5128752.0,52196.0,3,22731.0,68721.0,0,0
909,2014,12,jenson-button,mclaren,mercedes,6,6,8.0,10,10,44,4,0,0,1,1,0,0,0,0,0,,5131136.0,54580.0,2,22588.0,45388.0,0,0
909,2014,12,fernando-alonso,ferrari,ferrari,7,7,6.0,4,4,44,-3,0,0,1,1,0,0,0,0,0,,5137718.0,61162.0,2,22974.0,51894.0,0,0
909,2014,12,sergio-perez,force-india,mercedes,8,8,4.0,13,13,44,5,0,0,1,1,0,0,0,0,0,,5140849.0,64293.0,2,22977.0,47081.0,0,0
909,2014,12,daniil-kvyat,toro-rosso,renault,9,9,2.0,11,11,44,2,0,0,1,1,0,0,0,0,0,,5141903.0,65347.0,2,24082.0,48518.0,0,0
909,2014,12,nico-hulkenberg,force-india,mercedes,10,10,1.0,18,18,44,8,0,0,1,1,0,0,0,0,0,,5142253.0,65697.0,2,23823.0,47664.0,0,0
909,2014,12,jean-eric-vergne,toro-rosso,renault,11,11,0,12,12,44,1,0,0,0,1,0,0,0,0,0,,5148476.0,71920.0,2,23202.0,46773.0,0,0
909,2014,12,kevin-magnussen,mclaren,mercedes,12,12,0,7,7,44,-5,0,0,0,1,0,0,0,0,0,,5150818.0,74262.0,2,22414.0,45529.0,0,0
909,2014,12,felipe-massa,williams,mercedes,13,13,0,9,9,44,-4,0,0,0,1,0,0,0,0,0,,5152531.0,75975.0,3,23224.0,71252.0,0,0
909,2014,12,adrian-sutil,sauber,ferrari,14,14,0,14,14,44,0,0,0,0,1,0,0,0,0,0,,5159003.0,82447.0,3,23732.0,71266.0,0,0
909,2014,12,esteban-gutierrez,sauber,ferrari,15,15,0,20,20,44,5,0,0,0,1,0,0,0,0,0,,5167381.0,90825.0,2,22898.0,46157.0,0,0
909,2014,12,max-chilton,marussia,ferrari,16,16,0,19,19,43,3,0,0,0,1,0,0,0,0,0,,,,2,23734.0,48607.0,0,0
909,2014,12,marcus-ericsson,caterham,renault,17,17,0,22,22,43,5,0,0,0,1,0,0,0,0,0,,,,2,24083.0,48296.0,0,0
909,2014,12,jules-bianchi,marussia,ferrari,18,18,0,16,16,39,-2,0,0,0,1,0,0,0,0,0,Gearbox,,,2,23918.0,49280.0,0,0
909,2014,12,lewis-hamilton,mercedes,mercedes,,DNF,0,2,2,38,,0,0,0,0,0,0,0,0,1,Collision damage,,,3,23066.0,73403.0,0,0
909,2014,12,romain-grosjean,lotus-f1,renault,,DNF,0,15,15,33,,0,0,0,0,0,0,0,0,1,Power unit,,,3,22838.0,76663.0,0,0
909,2014,12,pastor-maldonado,lotus-f1,renault,,DNF,0,17,17,1,,0,0,0,0,0,0,0,0,1,Exhaust,,,0,,,0,0
909,2014,12,andre-lotterer,caterham,renault,,DNF,0,21,21,1,,0,0,0,0,0,0,0,0,1,Electrical,,,0,,,0,0
910,2014,13,lewis-hamilton,mercedes,mercedes,1,1,25.0,1,1,53,0,1,1,1,1,1,1,0,0,0,,4750236.0,,1,24453.0,24453.0,1,1
910,2014,13,nico-rosberg,mercedes,mercedes,2,2,18.0,2,2,53,0,0,1,1,1,0,0,0,0,0,,4753411.0,3175.0,1,24583.0,24583.0,0,0
910,2014,13,felipe-massa,williams,mercedes,3,3,15.0,4,4,53,1,0,1,1,1,0,0,0,0,0,,4775262.0,25026.0,1,24323.0,24323.0,0,0
910,2014,13,valtteri-bottas,williams,mercedes,4,4,12.0,3,3,53,-1,0,0,1,1,0,0,0,0,0,,4791022.0,40786.0,1,24991.0,24991.0,0,0
910,2014,13,daniel-ricciardo,red-bull,renault,5,5,10.0,9,9,53,4,0,0,1,1,0,0,0,0,0,,4800545.0,50309.0,1,24388.0,24388.0,0,0
910,2014,13,sebastian-vettel,red-bull,renault,6,6,8.0,8,8,53,2,0,0,1,1,0,0,0,0,0,,4810201.0,59965.0,1,25176.0,25176.0,0,0
910,2014,13,sergio-perez,force-india,mercedes,7,7,6.0,10,10,53,3,0,0,1,1,0,0,0,0,0,,4812754.0,62518.0,1,24938.0,24938.0,0,0
910,2014,13,jenson-button,mclaren,mercedes,8,8,4.0,6,6,53,-2,0,0,1,1,0,0,0,0,0,,4813299.0,63063.0,1,24669.0,24669.0,0,0
910,2014,13,kimi-raikkonen,ferrari,ferrari,9,9,2.0,11,12,53,2,0,0,1,1,0,0,0,0,0,,4813771.0,63535.0,1,24547.0,24547.0,0,0
910,2014,13,kevin-magnussen,mclaren,mercedes,10,10,1.0,5,5,53,-5,0,0,1,1,0,0,0,0,0,,4816407.0,66171.0,1,24214.0,24214.0,0,0
910,2014,13,daniil-kvyat,toro-rosso,renault,11,11,0,21,11,53,10,0,0,0,1,0,0,0,0,0,,4821420.0,71184.0,1,24651.0,24651.0,0,0
910,2014,13,nico-hulkenberg,force-india,mercedes,12,12,0,13,14,53,1,0,0,0,1,0,0,0,0,0,,4822842.0,72606.0,1,25547.0,25547.0,0,0
910,2014,13,jean-eric-vergne,toro-rosso,renault,13,13,0,12,13,53,-1,0,0,0,1,0,0,0,0,0,,4823329.0,73093.0,1,25046.0,25046.0,0,0
910,2014,13,pastor-maldonado,lotus-f1,renault,14,14,0,16,17,52,2,0,0,0,1,0,0,0,0,0,,,,1,24223.0,24223.0,0,0
910,2014,13,adrian-sutil,sauber,ferrari,15,15,0,14,15,52,-1,0,0,0,1,0,0,0,0,0,,,,1,26864.0,26864.0,0,0
910,2014,13,romain-grosjean,lotus-f1,renault,16,16,0,17,18,52,1,0,0,0,1,0,0,0,0,0,,,,1,25098.0,25098.0,0,0
910,2014,13,kamui-kobayashi,caterham,renault,17,17,0,18,19,52,1,0,0,0,1,0,0,0,0,0,,,,1,25277.0,25277.0,0,0
910,2014,13,jules-bianchi,marussia,ferrari,18,18,0,19,20,52,1,0,0,0,1,0,0,0,0,0,,,,1,26641.0,26641.0,0,0
910,2014,13,marcus-ericsson,caterham,renault,19,19,0,,22,51,3,0,0,0,1,0,0,0,0,0,,,,1,28685.0,28685.0,0,0
910,2014,13,esteban-gutierrez,sauber,ferrari,20,20,0,15,16,51,-5,0,0,0,1,0,0,0,0,0,,,,3,25693.0,78918.0,0,0
910,2014,13,fernando-alonso,ferrari,ferrari,,DNF,0,7,7,28,,0,0,0,0,0,0,0,0,1,Engine,,,1,24913.0,24913.0,0,0
910,2014,13,max-chilton,marussia,ferrari,,DNF,0,20,21,5,,0,0,0,0,0,0,0,0,1,Accident,,,0,,,0,0
911,2014,14,lewis-hamilton,mercedes,mercedes,1,1,25.0,1,1,60,0,1,1,1,1,1,1,0,0,0,,7204795.0,,3,29284.0,89746.0,1,1
911,2014,14,sebastian-vettel,red-bull,renault,2,2,18.0,4,4,60,2,0,1,1,1,0,0,0,0,0,,7218329.0,13534.0,2,28733.0,58880.0,0,0
911,2014,14,daniel-ricciardo,red-bull,renault,3,3,15.0,3,3,60,0,0,1,1,1,0,0,0,0,0,,7219068.0,14273.0,2,29113.0,58874.0,0,0
911,2014,14,fernando-alonso,ferrari,ferrari,4,4,12.0,5,5,60,1,0,0,1,1,0,0,0,0,0,,7220184.0,15389.0,3,28810.0,86713.0,0,0
911,2014,14,felipe-massa,williams,mercedes,5,5,10.0,6,6,60,1,0,0,1,1,0,0,0,0,0,,7246956.0,42161.0,2,29006.0,58584.0,0,0
911,2014,14,jean-eric-vergne,toro-rosso,renault,6,6,8.0,12,12,60,6,0,0,1,1,0,0,0,0,0,,7261596.0,56801.0,3,29806.0,95226.0,0,0
911,2014,14,sergio-perez,force-india,mercedes,7,7,6.0,15,15,60,8,0,0,1,1,0,0,0,0,0,,7263833.0,59038.0,4,29339.0,124109.0,0,0
911,2014,14,kimi-raikkonen,ferrari,ferrari,8,8,4.0,7,7,60,-1,0,0,1,1,0,0,0,0,0,,7265436.0,60641.0,3,29164.0,89060.0,0,0
911,2014,14,nico-hulkenberg,force-india,mercedes,9,9,2.0,13,13,60,4,0,0,1,1,0,0,0,0,0,,7266456.0,61661.0,3,29362.0,89764.0,0,0
911,2014,14,kevin-magnussen,mclaren,mercedes,10,10,1.0,9,9,60,-1,0,0,1,1,0,0,0,0,0,,7267025.0,62230.0,3,28684.0,86231.0,0,0
911,2014,14,valtteri-bottas,williams,mercedes,11,11,0,8,8,60,-3,0,0,0,1,0,0,0,0,0,,7269860.0,65065.0,2,28880.0,59220.0,0,0
911,2014,14,pastor-maldonado,lotus-f1,renault,12,12,0,18,18,60,6,0,0,0,1,0,0,0,0,0,,7271710.0,66915.0,4,29036.0,118014.0,0,0
911,2014,14,romain-grosjean,lotus-f1,renault,13,13,0,16,16,60,3,0,0,0,1,0,0,0,0,0,,7272824.0,68029.0,3,29040.0,88123.0,0,0
911,2014,14,daniil-kvyat,toro-rosso,renault,14,14,0,10,10,60,-4,0,0,0,1,0,0,0,0,0,,7276803.0,72008.0,3,30089.0,91369.0,0,0
911,2014,14,marcus-ericsson,caterham,renault,15,15,0,22,22,60,7,0,0,0,1,0,0,0,0,0,,7298983.0,94188.0,2,30144.0,60508.0,0,0
911,2014,14,jules-bianchi,marussia,ferrari,16,16,0,19,19,60,3,0,0,0,1,0,0,0,0,0,,7299338.0,94543.0,3,29752.0,90050.0,0,0
911,2014,14,max-chilton,marussia,ferrari,17,17,0,21,21,59,4,0,0,0,1,0,0,0,0,0,,,,3,29877.0,98603.0,0,0
911,2014,14,jenson-button,mclaren,mercedes,,DNF,0,11,11,52,,0,0,0,0,0,0,0,0,1,Electrical,,,2,28627.0,57268.0,0,0
911,2014,14,adrian-sutil,sauber,ferrari,,DNF,0,17,17,40,,0,0,0,0,0,0,0,0,1,Water leak,,,3,29748.0,90307.0,0,0
911,2014,14,esteban-gutierrez,sauber,ferrari,,DNF,0,14,14,17,,0,0,0,0,0,0,0,0,1,Electrical,,,1,33679.0,33679.0,0,0
911,2014,14,nico-rosberg,mercedes,mercedes,,DNF,0,,2,13,,0,0,0,0,0,0,0,0,1,Steering,,,0,,,0,0
911,2014,14,kamui-kobayashi,caterham,renault,,DNS,0,20,20,0,,0,0,0,0,0,0,0,0,1,Oil pressure,,,0,,,0,0
912,2014,15,lewis-hamilton,mercedes,mercedes,1,1,25.0,2,2,44,1,1,1,1,1,0,1,0,0,0,,6703021.0,,3,23677.0,1184863.0,0,0
912,2014,15,nico-rosberg,mercedes,mercedes,2,2,18.0,1,1,44,-1,0,1,1,1,1,0,0,0,0,,6712201.0,9180.0,3,23696.0,1185074.0,1,0
912,2014,15,sebastian-vettel,red-bull,renault,3,3,15.0,9,9,44,6,0,1,1,1,0,0,0,0,0,,6732143.0,29122.0,3,23443.0,1182185.0,0,0
912,2014,15,daniel-ricciardo,red-bull,renault,4,4,12.0,6,6,44,2,0,0,1,1,0,0,0,0,0,,6741839.0,38818.0,3,24184.0,1185311.0,0,0
912,2014,15,jenson-button,mclaren,mercedes,5,5,10.0,8,8,44,3,0,0,1,1,0,0,0,0,0,,6770571.0,67550.0,4,24532.0,1213890.0,0,0
912,2014,15,valtteri-bottas,williams,mercedes,6,6,8.0,3,3,44,-3,0,0,1,1,0,0,0,0,0,,6816794.0,113773.0,3,24465.0,1186511.0,0,0
912,2014,15,felipe-massa,williams,mercedes,7,7,6.0,4,4,44,-3,0,0,1,1,0,0,0,0,0,,6818147.0,115126.0,3,24374.0,1185898.0,0,0
912,2014,15,nico-hulkenberg,force-india,mercedes,8,8,4.0,13,14,44,5,0,0,1,1,0,0,0,0,0,,6818969.0,115948.0,4,23873.0,1209923.0,0,0
912,2014,15,jean-eric-vergne,toro-rosso,renault,9,9,2.0,20,11,44,11,0,0,1,1,0,0,0,0,0,,6830659.0,127638.0,3,24353.0,1186361.0,0,0
912,2014,15,sergio-perez,force-india,mercedes,10,10,1.0,11,12,43,1,0,0,1,1,0,0,0,0,0,,,,4,24622.0,1210618.0,0,0
912,2014,15,daniil-kvyat,toro-rosso,renault,11,11,0,12,13,43,1,0,0,0,1,0,0,0,0,0,,,,4,24222.0,1209872.0,0,0
912,2014,15,kimi-raikkonen,ferrari,ferrari,12,12,0,10,10,43,-2,0,0,0,1,0,0,0,0,0,,,,5,24173.0,1241874.0,0,0
912,2014,15,esteban-gutierrez,sauber,ferrari,13,13,0,15,16,43,2,0,0,0,1,0,0,0,0,0,,,,3,24873.0,1186369.0,0,0
912,2014,15,kevin-magnussen,mclaren,mercedes,14,14,0,7,7,43,-7,0,0,0,1,0,0,0,0,0,,,,5,23701.0,1241718.0,0,0
912,2014,15,romain-grosjean,lotus-f1,renault,15,15,0,16,18,43,1,0,0,0,1,0,0,0,0,0,,,,5,23656.0,1228877.0,0,0
912,2014,15,pastor-maldonado,lotus-f1,renault,16,16,0,22,17,43,6,0,0,0,1,0,0,0,0,0,,,,4,24184.0,1202770.0,0,0
912,2014,15,marcus-ericsson,caterham,renault,17,17,0,17,19,43,0,0,0,0,1,0,0,0,0,0,,,,4,25655.0,1196670.0,0,0
912,2014,15,max-chilton,marussia,ferrari,18,18,0,21,22,43,3,0,0,0,1,0,0,0,0,0,,,,3,25278.0,1187094.0,0,0
912,2014,15,kamui-kobayashi,caterham,renault,19,19,0,19,21,43,0,0,0,0,1,0,0,0,0,0,,,,5,24907.0,1238155.0,0,0
912,2014,15,jules-bianchi,marussia,ferrari,20,20,0,18,20,41,-2,0,0,0,1,0,0,0,0,0,Fatal accident,,,3,24910.0,1183734.0,0,0
912,2014,15,adrian-sutil,sauber,ferrari,21,21,0,14,15,40,-7,0,0,0,1,0,0,0,0,0,Accident,,,4,24314.0,1209654.0,0,0
912,2014,15,fernando-alonso,ferrari,ferrari,,DNF,0,5,5,2,,0,0,0,0,0,0,0,0,1,Electrical,,,1,1137051.0,1137051.0,0,0
913,2014,16,lewis-hamilton,mercedes,mercedes,1,1,25.0,1,1,53,0,1,1,1,1,1,0,0,0,0,,5510744.0,,1,30503.0,30503.0,1,1
913,2014,16,nico-rosberg,mercedes,mercedes,2,2,18.0,2,2,53,0,0,1,1,1,0,0,0,0,0,,5524401.0,13657.0,1,33820.0,33820.0,0,0
913,2014,16,valtteri-bottas,williams,mercedes,3,3,15.0,3,3,53,0,0,1,1,1,0,1,0,0,0,,5528169.0,17425.0,1,30363.0,30363.0,0,0
913,2014,16,jenson-button,mclaren,mercedes,4,4,12.0,4,4,53,0,0,0,1,1,0,0,0,0,0,,5540978.0,30234.0,1,29994.0,29994.0,0,0
913,2014,16,kevin-magnussen,mclaren,mercedes,5,5,10.0,11,6,53,6,0,0,1,1,0,0,0,0,0,,5564360.0,53616.0,1,29736.0,29736.0,0,0
913,2014,16,fernando-alonso,ferrari,ferrari,6,6,8.0,7,8,53,1,0,0,1,1,0,0,0,0,0,,5570760.0,60016.0,1,35112.0,35112.0,0,0
913,2014,16,daniel-ricciardo,red-bull,renault,7,7,6.0,6,7,53,-1,0,0,1,1,0,0,0,0,0,,5572556.0,61812.0,1,30006.0,30006.0,0,0
913,2014,16,sebastian-vettel,red-bull,renault,8,8,4.0,10,11,53,2,0,0,1,1,0,0,0,0,0,,5576929.0,66185.0,1,30355.0,30355.0,0,0
913,2014,16,kimi-raikkonen,ferrari,ferrari,9,9,2.0,8,9,53,-1,0,0,1,1,0,0,0,0,0,,5589621.0,78877.0,1,30097.0,30097.0,0,0
913,2014,16,sergio-perez,force-india,mercedes,10,10,1.0,12,13,53,2,0,0,1,1,0,0,0,0,0,,5590811.0,80067.0,1,29876.0,29876.0,0,0
913,2014,16,felipe-massa,williams,mercedes,11,11,0,18,18,53,7,0,0,0,1,0,0,0,0,0,,5591621.0,80877.0,2,29912.0,60190.0,0,0
913,2014,16,nico-hulkenberg,force-india,mercedes,12,12,0,17,12,53,5,0,0,0,1,0,0,0,0,0,,5592053.0,81309.0,1,30096.0,30096.0,0,0
913,2014,16,jean-eric-vergne,toro-rosso,renault,13,13,0,9,10,53,-4,0,0,0,1,0,0,0,0,0,,5608039.0,97295.0,1,30272.0,30272.0,0,0
913,2014,16,daniil-kvyat,toro-rosso,renault,14,14,0,5,5,52,-9,0,0,0,1,0,0,0,0,0,,,,2,30321.0,61905.0,0,0
913,2014,16,esteban-gutierrez,sauber,ferrari,15,15,0,13,14,52,-2,0,0,0,1,0,0,0,0,0,,,,1,30303.0,30303.0,0,0
913,2014,16,adrian-sutil,sauber,ferrari,16,16,0,14,15,52,-2,0,0,0,1,0,0,0,0,0,,,,1,30733.0,30733.0,0,0
913,2014,16,romain-grosjean,lotus-f1,renault,17,17,0,15,16,52,-2,0,0,0,1,0,0,0,0,0,,,,1,30037.0,30037.0,0,0
913,2014,16,pastor-maldonado,lotus-f1,renault,18,18,0,21,20,52,3,0,0,0,1,0,0,0,0,0,,,,1,30180.0,30180.0,0,0
913,2014,16,marcus-ericsson,caterham,renault,19,19,0,16,17,51,-3,0,0,0,1,0,0,0,0,0,,,,2,30760.0,61780.0,0,0
913,2014,16,kamui-kobayashi,caterham,renault,,DNF,0,19,19,21,,0,0,0,0,0,0,0,0,1,Brakes,,,0,,,0,0
913,2014,16,max-chilton,marussia,ferrari,,DNF,0,20,21,9,,0,0,0,0,0,0,0,0,1,Suspension,,,1,31374.0,31374.0,0,0
914,2014,17,lewis-hamilton,mercedes,mercedes,1,1,25.0,2,2,56,1,1,1,1,1,0,0,0,0,0,,6004785.0,,2,24244.0,48612.0,0,0
914,2014,17,nico-rosberg,mercedes,mercedes,2,2,18.0,1,1,56,-1,0,1,1,1,1,0,0,0,0,,6009099.0,4314.0,2,24433.0,48946.0,1,0
914,2014,17,daniel-ricciardo,red-bull,renault,3,3,15.0,5,5,56,2,0,1,1,1,0,0,0,0,0,,6030345.0,25560.0,2,24040.0,48396.0,0,0
914,2014,17,felipe-massa,williams,mercedes,4,4,12.0,4,4,56,0,0,0,1,1,0,0,0,0,0,,6031709.0,26924.0,2,24488.0,49944.0,0,0
914,2014,17,valtteri-bottas,williams,mercedes,5,5,10.0,3,3,56,-2,0,0,1,1,0,0,0,0,0,,6035777.0,30992.0,2,24151.0,48434.0,0,0
914,2014,17,fernando-alonso,ferrari,ferrari,6,6,8.0,6,6,56,0,0,0,1,1,0,0,0,0,0,,6100016.0,95231.0,2,24133.0,48734.0,0,0
914,2014,17,sebastian-vettel,red-bull,renault,7,7,6.0,,17,56,11,0,0,1,1,0,1,0,0,0,,6100519.0,95734.0,4,23799.0,95882.0,0,0
914,2014,17,kevin-magnussen,mclaren,mercedes,8,8,4.0,7,8,56,-1,0,0,1,1,0,0,0,0,0,,6105467.0,100682.0,2,24497.0,51378.0,0,0
914,2014,17,pastor-maldonado,lotus-f1,renault,9,9,2.0,10,11,56,1,0,0,1,1,0,0,0,0,0,,6112655.0,107870.0,2,24468.0,54202.0,0,0
914,2014,17,jean-eric-vergne,toro-rosso,renault,10,10,1.0,14,15,56,4,0,0,1,1,0,0,0,0,0,,6113648.0,108863.0,2,24553.0,54711.0,0,0
914,2014,17,romain-grosjean,lotus-f1,renault,11,11,0,16,18,55,5,0,0,0,1,0,0,0,0,0,,,,2,23802.0,48490.0,0,0
914,2014,17,jenson-button,mclaren,mercedes,12,12,0,12,7,55,0,0,0,0,1,0,0,0,0,0,,,,2,23546.0,50352.0,0,0
914,2014,17,kimi-raikkonen,ferrari,ferrari,13,13,0,8,9,55,-5,0,0,0,1,0,0,0,0,0,,,,3,23872.0,72229.0,0,0
914,2014,17,esteban-gutierrez,sauber,ferrari,14,14,0,15,16,55,1,0,0,0,1,0,0,0,0,0,,,,3,24726.0,80931.0,0,0
914,2014,17,daniil-kvyat,toro-rosso,renault,15,15,0,17,14,55,2,0,0,0,1,0,0,0,0,0,,,,3,24189.0,75725.0,0,0
914,2014,17,nico-hulkenberg,force-india,mercedes,,DNF,0,13,13,16,,0,0,0,0,0,0,0,0,1,Engine,,,1,33427.0,33427.0,0,0
914,2014,17,sergio-perez,force-india,mercedes,,DNF,0,11,12,1,,0,0,0,0,0,0,0,0,1,Collision damage,,,0,,,0,0
914,2014,17,adrian-sutil,sauber,ferrari,,DNF,0,9,10,0,,0,0,0,0,0,0,0,0,1,Collision,,,0,,,0,0
915,2014,18,nico-rosberg,mercedes,mercedes,1,1,25.0,1,1,71,0,1,1,1,1,1,0,0,0,0,,5402555.0,,3,23240.0,70316.0,1,1
915,2014,18,lewis-hamilton,mercedes,mercedes,2,2,18.0,2,2,71,0,0,1,1,1,0,1,0,0,0,,5404012.0,1457.0,3,22874.0,70449.0,0,0
915,2014,18,felipe-massa,williams,mercedes,3,3,15.0,3,3,71,0,0,1,1,1,0,0,0,0,0,,5443586.0,41031.0,3,23220.0,80222.0,0,0
915,2014,18,jenson-button,mclaren,mercedes,4,4,12.0,5,5,71,1,0,0,1,1,0,0,0,0,0,,5451213.0,48658.0,3,22620.0,69021.0,0,0
915,2014,18,sebastian-vettel,red-bull,renault,5,5,10.0,6,6,71,1,0,0,1,1,0,0,0,0,0,,5453975.0,51420.0,3,22746.0,69749.0,0,0
915,2014,18,fernando-alonso,ferrari,ferrari,6,6,8.0,8,8,71,2,0,0,1,1,0,0,0,0,0,,5464461.0,61906.0,3,23077.0,69489.0,0,0
915,2014,18,kimi-raikkonen,ferrari,ferrari,7,7,6.0,10,10,71,3,0,0,1,1,0,0,0,0,0,,5466285.0,63730.0,2,23427.0,51361.0,0,0
915,2014,18,nico-hulkenberg,force-india,mercedes,8,8,4.0,12,12,71,4,0,0,1,1,0,0,0,0,0,,5466489.0,63934.0,3,23323.0,70288.0,0,0
915,2014,18,kevin-magnussen,mclaren,mercedes,9,9,2.0,7,7,71,-2,0,0,1,1,0,0,0,0,0,,5472640.0,70085.0,3,23061.0,71382.0,0,0
915,2014,18,valtteri-bottas,williams,mercedes,10,10,1.0,4,4,70,-6,0,0,1,1,0,0,0,0,0,,,,3,23294.0,85041.0,0,0
915,2014,18,daniil-kvyat,toro-rosso,renault,11,11,0,17,14,70,6,0,0,0,1,0,0,0,0,0,,,,3,24385.0,74112.0,0,0
915,2014,18,pastor-maldonado,lotus-f1,renault,12,12,0,16,18,70,4,0,0,0,1,0,0,0,0,0,,,,3,22865.0,69708.0,0,0
915,2014,18,jean-eric-vergne,toro-rosso,renault,13,13,0,15,16,70,2,0,0,0,1,0,0,0,0,0,,,,3,23782.0,72192.0,0,0
915,2014,18,esteban-gutierrez,sauber,ferrari,14,14,0,11,11,70,-3,0,0,0,1,0,0,0,0,0,,,,3,23418.0,71346.0,0,0
915,2014,18,sergio-perez,force-india,mercedes,15,15,0,18,17,70,3,0,0,0,1,0,0,0,0,0,,,,3,22997.0,76531.0,0,0
915,2014,18,adrian-sutil,sauber,ferrari,16,16,0,13,13,70,-3,0,0,0,1,0,0,0,0,0,,,,3,24302.0,78620.0,0,0
915,2014,18,romain-grosjean,lotus-f1,renault,17,17,0,14,15,63,-3,0,0,0,1,0,0,0,0,0,Power unit,,,3,23023.0,71811.0,0,0
915,2014,18,daniel-ricciardo,red-bull,renault,,DNF,0,9,9,39,,0,0,0,0,0,0,0,0,1,Suspension,,,2,22871.0,46012.0,0,0
916,2014,19,lewis-hamilton,mercedes,mercedes,1,1,50.0,2,2,55,1,1,1,1,1,0,0,0,0,0,,5942619.0,,2,21885.0,43772.0,0,0
916,2014,19,felipe-massa,williams,mercedes,2,2,36.0,4,4,55,2,0,1,1,1,0,0,0,0,0,,5945195.0,2576.0,2,22040.0,44094.0,0,0
916,2014,19,valtteri-bottas,williams,mercedes,3,3,30.0,3,3,55,0,0,1,1,1,0,0,0,0,0,,5971499.0,28880.0,2,21661.0,43676.0,0,0
916,2014,19,daniel-ricciardo,red-bull,renault,4,4,24.0,,,55,16,0,0,1,1,0,1,0,0,0,,5979856.0,37237.0,2,21582.0,43329.0,0,0
916,2014,19,jenson-button,mclaren,mercedes,5,5,20.0,6,6,55,1,0,0,1,1,0,0,0,0,0,,6002953.0,60334.0,2,22042.0,44669.0,0,0
916,2014,19,nico-hulkenberg,force-india,mercedes,6,6,16.0,12,12,55,6,0,0,1,1,0,0,0,0,0,,6004767.0,62148.0,2,21642.0,49087.0,0,0
916,2014,19,sergio-perez,force-india,mercedes,7,7,12.0,11,11,55,4,0,0,1,1,0,0,0,0,0,,6013679.0,71060.0,2,22031.0,44356.0,0,0
916,2014,19,sebastian-vettel,red-bull,renault,8,8,8.0,,,55,11,0,0,1,1,0,0,0,0,0,,6014664.0,72045.0,2,21611.0,44705.0,0,0
916,2014,19,fernando-alonso,ferrari,ferrari,9,9,4.0,8,8,55,-1,0,0,1,1,0,0,0,0,0,,6028432.0,85813.0,2,21619.0,43687.0,0,0
916,2014,19,kimi-raikkonen,ferrari,ferrari,10,10,2.0,7,7,55,-3,0,0,1,1,0,0,0,0,0,,6030439.0,87820.0,2,21546.0,43752.0,0,0
916,2014,19,kevin-magnussen,mclaren,mercedes,11,11,0,9,9,55,-2,0,0,0,1,0,0,0,0,0,,6032995.0,90376.0,2,21623.0,43710.0,0,0
916,2014,19,jean-eric-vergne,toro-rosso,renault,12,12,0,10,10,55,-2,0,0,0,1,0,0,0,0,0,,6034566.0,91947.0,3,22348.0,68028.0,0,0
916,2014,19,romain-grosjean,lotus-f1,renault,13,13,0,18,14,54,5,0,0,0,1,0,0,0,0,0,,,,3,16120.0,59393.0,0,0
916,2014,19,nico-rosberg,mercedes,mercedes,14,14,0,1,1,54,-13,0,0,0,1,1,0,0,0,0,,,,2,21741.0,45824.0,1,0
916,2014,19,esteban-gutierrez,sauber,ferrari,15,15,0,14,15,54,-1,0,0,0,1,0,0,0,0,0,,,,2,23128.0,46398.0,0,0
916,2014,19,adrian-sutil,sauber,ferrari,16,16,0,13,13,54,-3,0,0,0,1,0,0,0,0,0,,,,3,22227.0,66995.0,0,0
916,2014,19,will-stevens,caterham,renault,17,17,0,17,18,54,0,0,0,0,1,0,0,0,0,0,,,,2,23545.0,47689.0,0,0
916,2014,19,kamui-kobayashi,caterham,renault,,DNF,0,16,17,42,,0,0,0,0,0,0,0,0,1,Vibrations,,,2,22426.0,46847.0,0,0
916,2014,19,pastor-maldonado,lotus-f1,renault,,DNF,0,15,16,26,,0,0,0,0,0,0,0,0,1,Engine,,,1,21998.0,21998.0,0,0
916,2014,19,daniil-kvyat,toro-rosso,renault,,DNF,0,5,5,14,,0,0,0,0,0,0,0,0,1,Driveshaft,,,1,24169.0,24169.0,0,0
917,2015,1,lewis-hamilton,mercedes,mercedes,1,1,25.0,1,1,58,0,1,1,1,1,1,1,0,0,0,,5514067.0,,1,22295.0,22295.0,1,1
917,2015,1,nico-rosberg,mercedes,mercedes,2,2,18.0,2,2,58,0,0,1,1,1,0,0,0,0,0,,5515427.0,1360.0,1,22105.0,22105.0,0,0
917,2015,1,sebastian-vettel,ferrari,ferrari,3,3,15.0,4,4,58,1,0,1,1,1,0,0,0,0,0,,5548590.0,34523.0,1,22694.0,22694.0,0,0
917,2015,1,felipe-massa,williams,mercedes,4,4,12.0,3,3,58,-1,0,0,1,1,0,0,0,0,0,,5552263.0,38196.0,1,22062.0,22062.0,0,0
917,2015,1,felipe-nasr,sauber,ferrari,5,5,10.0,10,11,58,5,0,0,1,1,0,0,0,0,0,,5609216.0,95149.0,1,22933.0,22933.0,0,0
917,2015,1,daniel-ricciardo,red-bull,renault,6,6,8.0,6,7,57,0,0,0,1,1,0,0,0,0,0,,,,1,22535.0,22535.0,0,0
917,2015,1,nico-hulkenberg,force-india,mercedes,7,7,6.0,13,14,57,6,0,0,1,1,0,0,0,0,0,,,,2,21612.0,43749.0,0,0
917,2015,1,marcus-ericsson,sauber,ferrari,8,8,4.0,15,16,57,7,0,0,1,1,0,0,0,0,0,,,,3,22353.0,68288.0,0,0
917,2015,1,carlos-sainz-jr,toro-rosso,renault,9,9,2.0,7,8,57,-2,0,0,1,1,0,0,0,0,0,,,,1,55789.0,55789.0,0,0
917,2015,1,sergio-perez,force-india,mercedes,10,10,1.0,14,15,57,4,0,0,1,1,0,0,0,0,0,,,,1,26009.0,26009.0,0,0
917,2015,1,jenson-button,mclaren,honda,11,11,0,16,17,56,5,0,0,0,1,0,0,0,0,0,,,,1,23353.0,23353.0,0,0
917,2015,1,kimi-raikkonen,ferrari,ferrari,,DNF,0,5,5,40,,0,0,0,0,0,0,0,0,1,Wheel,,,2,22405.0,49870.0,0,0
917,2015,1,max-verstappen,toro-rosso,renault,,DNF,0,11,12,32,,0,0,0,0,0,0,0,0,1,Engine,,,1,23532.0,23532.0,0,0
917,2015,1,romain-grosjean,lotus-f1,mercedes,,DNF,0,8,9,0,,0,0,0,0,0,0,0,0,1,Power loss,,,0,,,0,0
917,2015,1,pastor-maldonado,lotus-f1,mercedes,,DNF,0,9,10,0,,0,0,0,0,0,0,0,0,1,Collision,,,0,,,0,0
917,2015,1,daniil-kvyat,red-bull,renault,,DNS,0,12,13,0,,0,0,0,0,0,0,0,0,1,Gearbox,,,0,,,0,0
917,2015,1,kevin-magnussen,mclaren,honda,,DNS,0,17,18,0,,0,0,0,0,0,0,0,0,1,Engine,,,0,,,0,0
917,2015,1,valtteri-bottas,williams,mercedes,,DNS,0,,6,0,,0,0,0,0,0,0,0,0,1,Injury,,,0,,,0,0
917,2015,1,will-stevens,marussia,ferrari,,DNP,0,,,0,,0,0,0,0,0,0,0,0,1,,,,0,,,0,0
917,2015,1,roberto-merhi,marussia,ferrari,,DNP,0,,,0,,0,0,0,0,0,0,0,0,1,,,,0,,,0,0
918,2015,2,sebastian-vettel,ferrari,ferrari,1,1,25.0,2,2,56,1,1,1,1,1,0,0,0,0,0,,6065793.0,,2,23996.0,49088.0,0,0
918,2015,2,lewis-hamilton,mercedes,mercedes,2,2,18.0,1,1,56,-1,0,1,1,1,1,0,0,0,0,,6074362.0,8569.0,3,24179.0,74868.0,1,0
918,2015,2,nico-rosberg,mercedes,mercedes,3,3,15.0,3,3,56,0,0,1,1,1,0,1,0,0,0,,6078103.0,12310.0,3,24336.0,82599.0,0,0
918,2015,2,kimi-raikkonen,ferrari,ferrari,4,4,12.0,11,11,56,7,0,0,1,1,0,0,0,0,0,,6119615.0,53822.0,3,24653.0,76682.0,0,0
918,2015,2,valtteri-bottas,williams,mercedes,5,5,10.0,8,9,56,3,0,0,1,1,0,0,0,0,0,,6136202.0,70409.0,3,24432.0,79588.0,0,0
918,2015,2,felipe-massa,williams,mercedes,6,6,8.0,7,7,56,1,0,0,1,1,0,0,0,0,0,,6139379.0,73586.0,3,24788.0,77590.0,0,0
918,2015,2,max-verstappen,toro-rosso,renault,7,7,6.0,6,6,56,-1,0,0,1,1,0,0,0,0,0,,6163555.0,97762.0,3,24768.0,79939.0,0,0
918,2015,2,carlos-sainz-jr,toro-rosso,renault,8,8,4.0,15,15,55,7,0,0,1,1,0,0,0,0,0,,,,2,25126.0,50291.0,0,0
918,2015,2,daniil-kvyat,red-bull,renault,9,9,2.0,5,5,55,-4,0,0,1,1,0,0,0,0,0,,,,3,24781.0,81393.0,0,0
918,2015,2,daniel-ricciardo,red-bull,renault,10,10,1.0,4,4,55,-6,0,0,1,1,0,0,0,0,0,,,,3,25393.0,77711.0,0,0
918,2015,2,romain-grosjean,lotus-f1,mercedes,11,11,0,10,8,55,-1,0,0,0,1,0,0,0,0,0,,,,3,24377.0,75012.0,0,0
918,2015,2,felipe-nasr,sauber,ferrari,12,12,0,16,16,55,4,0,0,0,1,0,0,0,0,0,,,,4,25204.0,110194.0,0,0
918,2015,2,sergio-perez,force-india,mercedes,13,13,0,14,14,55,1,0,0,0,1,0,0,0,0,0,,,,2,25268.0,61044.0,0,0
918,2015,2,nico-hulkenberg,force-india,mercedes,14,14,0,13,13,55,-1,0,0,0,1,0,0,0,0,0,,,,3,25047.0,86224.0,0,0
918,2015,2,roberto-merhi,marussia,ferrari,15,15,0,19,,53,4,0,0,0,1,0,0,0,0,0,,,,3,27004.0,83746.0,0,0
918,2015,2,pastor-maldonado,lotus-f1,mercedes,,DNF,0,12,12,47,,0,0,0,0,0,0,0,0,1,Brakes,,,3,24276.0,98959.0,0,0
918,2015,2,jenson-button,mclaren,honda,,DNF,0,17,17,41,,0,0,0,0,0,0,0,0,1,Turbo,,,3,25581.0,84454.0,0,0
918,2015,2,fernando-alonso,mclaren,honda,,DNF,0,18,18,21,,0,0,0,0,0,0,0,0,1,Power unit,,,1,25222.0,25222.0,0,0
918,2015,2,marcus-ericsson,sauber,ferrari,,DNF,0,9,10,3,,0,0,0,0,0,0,0,0,1,Spun off,,,0,,,0,0
918,2015,2,will-stevens,marussia,ferrari,,DNS,0,20,,0,,0,0,0,0,0,0,0,0,1,Fuel system,,,0,,,0,0
919,2015,3,lewis-hamilton,mercedes,mercedes,1,1,25.0,1,1,56,0,1,1,1,1,1,1,0,0,0,,5982008.0,,2,22235.0,44880.0,1,1
919,2015,3,nico-rosberg,mercedes,mercedes,2,2,18.0,2,2,56,0,0,1,1,1,0,0,0,0,0,,5982722.0,714.0,2,22483.0,45312.0,0,0
919,2015,3,sebastian-vettel,ferrari,ferrari,3,3,15.0,3,3,56,0,0,1,1,1,0,0,0,0,0,,5984996.0,2988.0,2,22444.0,44932.0,0,0
919,2015,3,kimi-raikkonen,ferrari,ferrari,4,4,12.0,6,6,56,2,0,0,1,1,0,0,0,0,0,,5985843.0,3835.0,2,22453.0,45271.0,0,0
919,2015,3,felipe-massa,williams,mercedes,5,5,10.0,4,4,56,-1,0,0,1,1,0,0,0,0,0,,5990552.0,8544.0,2,23145.0,46462.0,0,0
919,2015,3,valtteri-bottas,williams,mercedes,6,6,8.0,5,5,56,-1,0,0,1,1,0,0,0,0,0,,5991893.0,9885.0,2,23084.0,46666.0,0,0
919,2015,3,romain-grosjean,lotus-f1,mercedes,7,7,6.0,8,8,56,1,0,0,1,1,0,0,0,0,0,,6001016.0,19008.0,2,23421.0,47026.0,0,0
919,2015,3,felipe-nasr,sauber,ferrari,8,8,4.0,9,9,56,1,0,0,1,1,0,0,0,0,0,,6004633.0,22625.0,2,23409.0,47141.0,0,0
919,2015,3,daniel-ricciardo,red-bull,renault,9,9,2.0,7,7,56,-2,0,0,1,1,0,0,0,0,0,,6014125.0,32117.0,2,22635.0,45532.0,0,0
919,2015,3,marcus-ericsson,sauber,ferrari,10,10,1.0,10,10,55,0,0,0,1,1,0,0,0,0,0,,,,2,23846.0,48435.0,0,0
919,2015,3,sergio-perez,force-india,mercedes,11,11,0,15,15,55,4,0,0,0,1,0,0,0,0,0,,,,3,22829.0,69311.0,0,0
919,2015,3,fernando-alonso,mclaren,honda,12,12,0,18,18,55,6,0,0,0,1,0,0,0,0,0,,,,2,23238.0,46583.0,0,0
919,2015,3,carlos-sainz-jr,toro-rosso,renault,13,13,0,14,14,55,1,0,0,0,1,0,0,0,0,0,,,,2,23424.0,47219.0,0,0
919,2015,3,jenson-button,mclaren,honda,14,14,0,17,17,55,3,0,0,0,1,0,0,0,0,0,,,,2,23273.0,47209.0,0,0
919,2015,3,will-stevens,marussia,ferrari,15,15,0,19,19,54,4,0,0,0,1,0,0,0,0,0,,,,2,24054.0,48186.0,0,0
919,2015,3,roberto-merhi,marussia,ferrari,16,16,0,20,20,54,4,0,0,0,1,0,0,0,0,0,,,,2,24088.0,50026.0,0,0
919,2015,3,max-verstappen,toro-rosso,renault,17,17,0,13,13,52,-4,0,0,0,1,0,0,0,0,0,Drivetrain,,,2,23258.0,47514.0,0,0
919,2015,3,pastor-maldonado,lotus-f1,mercedes,,DNF,0,11,11,49,,0,0,0,0,0,0,0,0,1,Brakes,,,3,17912.0,63281.0,0,0
919,2015,3,daniil-kvyat,red-bull,renault,,DNF,0,12,12,15,,0,0,0,0,0,0,0,0,1,Engine,,,0,,,0,0
919,2015,3,nico-hulkenberg,force-india,mercedes,,DNF,0,16,16,9,,0,0,0,0,0,0,0,0,1,Gearbox,,,0,,,0,0
920,2015,4,lewis-hamilton,mercedes,mercedes,1,1,25.0,1,1,57,0,1,1,1,1,1,0,0,0,0,,5705809.0,,2,24528.0,50319.0,1,1
920,2015,4,kimi-raikkonen,ferrari,ferrari,2,2,18.0,4,4,57,2,0,1,1,1,0,1,0,0,0,,5709189.0,3380.0,2,24547.0,49320.0,0,0
920,2015,4,nico-rosberg,mercedes,mercedes,3,3,15.0,3,3,57,0,0,1,1,1,0,0,0,0,0,,5711842.0,6033.0,2,25311.0,50729.0,0,0
920,2015,4,valtteri-bottas,williams,mercedes,4,4,12.0,5,5,57,1,0,0,1,1,0,0,0,0,0,,5748766.0,42957.0,2,24623.0,49916.0,0,0
920,2015,4,sebastian-vettel,ferrari,ferrari,5,5,10.0,2,2,57,-3,0,0,1,1,0,0,0,0,0,,5749798.0,43989.0,3,24449.0,82879.0,0,0
920,2015,4,daniel-ricciardo,red-bull,renault,6,6,8.0,7,7,57,1,0,0,1,1,0,0,0,0,0,,5767560.0,61751.0,2,24943.0,50666.0,0,0
920,2015,4,romain-grosjean,lotus-f1,mercedes,7,7,6.0,10,10,57,3,0,0,1,1,0,0,0,0,0,,5790572.0,84763.0,2,24735.0,49994.0,0,0
920,2015,4,sergio-perez,force-india,mercedes,8,8,4.0,11,11,56,3,0,0,1,1,0,0,0,0,0,,,,2,25288.0,50861.0,0,0
920,2015,4,daniil-kvyat,red-bull,renault,9,9,2.0,17,17,56,8,0,0,1,1,0,0,0,0,0,,,,2,24692.0,50113.0,0,0
920,2015,4,felipe-massa,williams,mercedes,10,10,1.0,6,6,56,-4,0,0,1,1,0,0,0,0,0,,,,2,24894.0,49911.0,0,0
920,2015,4,fernando-alonso,mclaren,honda,11,11,0,14,14,56,3,0,0,0,1,0,0,0,0,0,,,,2,24878.0,50248.0,0,0
920,2015,4,felipe-nasr,sauber,ferrari,12,12,0,12,12,56,0,0,0,0,1,0,0,0,0,0,,,,3,25459.0,77567.0,0,0
920,2015,4,nico-hulkenberg,force-india,mercedes,13,13,0,8,8,56,-5,0,0,0,1,0,0,0,0,0,,,,3,24679.0,76310.0,0,0
920,2015,4,marcus-ericsson,sauber,ferrari,14,14,0,13,13,56,-1,0,0,0,1,0,0,0,0,0,,,,3,26042.0,101249.0,0,0
920,2015,4,pastor-maldonado,lotus-f1,mercedes,15,15,0,18,16,56,3,0,0,0,1,0,0,0,0,0,,,,3,24310.0,162130.0,0,0
920,2015,4,will-stevens,marussia,ferrari,16,16,0,20,18,55,4,0,0,0,1,0,0,0,0,0,,,,2,26103.0,52582.0,0,0
920,2015,4,roberto-merhi,marussia,ferrari,17,17,0,19,19,54,2,0,0,0,1,0,0,0,0,0,,,,2,25834.0,53407.0,0,0
920,2015,4,max-verstappen,toro-rosso,renault,,DNF,0,15,15,34,,0,0,0,0,0,0,0,0,1,Electrical,,,2,27225.0,66563.0,0,0
920,2015,4,carlos-sainz-jr,toro-rosso,renault,,DNF,0,9,9,29,,0,0,0,0,0,0,0,0,1,Wheel hub,,,2,26593.0,59240.0,0,0
920,2015,4,jenson-button,mclaren,honda,,DNS,0,20,,0,,0,0,0,0,0,0,0,0,1,Power unit,,,0,,,0,0
921,2015,5,nico-rosberg,mercedes,mercedes,1,1,25.0,1,1,66,0,1,1,1,1,1,0,0,0,0,,6072555.0,,2,21870.0,44322.0,1,1
921,2015,5,lewis-hamilton,mercedes,mercedes,2,2,18.0,2,2,66,0,0,1,1,1,0,1,0,0,0,,6090106.0,17551.0,3,21965.0,69278.0,0,0
921,2015,5,sebastian-vettel,ferrari,ferrari,3,3,15.0,3,3,66,0,0,1,1,1,0,0,0,0,0,,6117897.0,45342.0,2,21762.0,43598.0,0,0
921,2015,5,valtteri-bottas,williams,mercedes,4,4,12.0,4,4,66,0,0,0,1,1,0,0,0,0,0,,6131772.0,59217.0,2,21800.0,43882.0,0,0
921,2015,5,kimi-raikkonen,ferrari,ferrari,5,5,10.0,7,7,66,2,0,0,1,1,0,0,0,0,0,,6132557.0,60002.0,2,21789.0,44412.0,0,0
921,2015,5,felipe-massa,williams,mercedes,6,6,8.0,9,9,66,3,0,0,1,1,0,0,0,0,0,,6153869.0,81314.0,3,22139.0,67025.0,0,0
921,2015,5,daniel-ricciardo,red-bull,renault,7,7,6.0,10,10,65,3,0,0,1,1,0,0,0,0,0,,,,2,22440.0,47324.0,0,0
921,2015,5,romain-grosjean,lotus-f1,mercedes,8,8,4.0,11,11,65,3,0,0,1,1,0,0,0,0,0,,,,2,23309.0,56565.0,0,0
921,2015,5,carlos-sainz-jr,toro-rosso,renault,9,9,2.0,5,5,65,-4,0,0,1,1,0,0,0,0,0,,,,2,22178.0,45037.0,0,0
921,2015,5,daniil-kvyat,red-bull,renault,10,10,1.0,8,8,65,-2,0,0,1,1,0,0,0,0,0,,,,2,22273.0,44940.0,0,0
921,2015,5,max-verstappen,toro-rosso,renault,11,11,0,6,6,65,-5,0,0,0,1,0,0,0,0,0,,,,2,22607.0,47003.0,0,0
921,2015,5,felipe-nasr,sauber,ferrari,12,12,0,15,15,65,3,0,0,0,1,0,0,0,0,0,,,,2,22677.0,45863.0,0,0
921,2015,5,sergio-perez,force-india,mercedes,13,13,0,18,18,65,5,0,0,0,1,0,0,0,0,0,,,,2,22426.0,44894.0,0,0
921,2015,5,marcus-ericsson,sauber,ferrari,14,14,0,16,16,65,2,0,0,0,1,0,0,0,0,0,,,,2,22872.0,48144.0,0,0
921,2015,5,nico-hulkenberg,force-india,mercedes,15,15,0,17,17,65,2,0,0,0,1,0,0,0,0,0,,,,3,22534.0,67738.0,0,0
921,2015,5,jenson-button,mclaren,honda,16,16,0,14,14,65,-2,0,0,0,1,0,0,0,0,0,,,,3,22589.0,69982.0,0,0
921,2015,5,will-stevens,marussia,ferrari,17,17,0,19,19,63,2,0,0,0,1,0,0,0,0,0,,,,3,22796.0,70526.0,0,0
921,2015,5,roberto-merhi,marussia,ferrari,18,18,0,20,20,62,2,0,0,0,1,0,0,0,0,0,,,,3,23070.0,71901.0,0,0
921,2015,5,pastor-maldonado,lotus-f1,mercedes,,DNF,0,12,12,45,,0,0,0,0,0,0,0,0,1,Collision damage,,,3,22575.0,80010.0,0,0
921,2015,5,fernando-alonso,mclaren,honda,,DNF,0,13,13,26,,0,0,0,0,0,0,0,0,1,Brakes,,,1,23728.0,23728.0,0,0
922,2015,6,nico-rosberg,mercedes,mercedes,1,1,25.0,2,2,78,1,1,1,1,1,0,0,0,0,0,,6558420.0,,1,24789.0,24789.0,0,0
922,2015,6,sebastian-vettel,ferrari,ferrari,2,2,18.0,3,3,78,1,0,1,1,1,0,0,0,0,0,,6562906.0,4486.0,1,24851.0,24851.0,0,0
922,2015,6,lewis-hamilton,mercedes,mercedes,3,3,15.0,1,1,78,-2,0,1,1,1,1,0,0,0,0,,6564473.0,6053.0,2,24181.0,49676.0,1,0
922,2015,6,daniil-kvyat,red-bull,renault,4,4,12.0,5,5,78,1,0,0,1,1,0,0,0,0,0,,6570385.0,11965.0,1,25119.0,25119.0,0,0
922,2015,6,daniel-ricciardo,red-bull,renault,5,5,10.0,4,4,78,-1,0,0,1,1,0,1,0,0,0,,6572028.0,13608.0,2,24244.0,48745.0,0,0
922,2015,6,kimi-raikkonen,ferrari,ferrari,6,6,8.0,6,6,78,0,0,0,1,1,0,0,0,0,0,,6572765.0,14345.0,1,24177.0,24177.0,0,0
922,2015,6,sergio-perez,force-india,mercedes,7,7,6.0,7,7,78,0,0,0,1,1,0,0,0,0,0,,6573433.0,15013.0,2,24733.0,49852.0,0,0
922,2015,6,jenson-button,mclaren,honda,8,8,4.0,10,12,78,2,0,0,1,1,0,0,0,0,0,,6574483.0,16063.0,2,24661.0,49723.0,0,0
922,2015,6,felipe-nasr,sauber,ferrari,9,9,2.0,14,16,78,5,0,0,1,1,0,0,0,0,0,,6582046.0,23626.0,2,25732.0,52152.0,0,0
922,2015,6,carlos-sainz-jr,toro-rosso,renault,10,10,1.0,,8,78,10,0,0,1,1,0,0,0,0,0,,6583476.0,25056.0,1,25306.0,25306.0,0,0
922,2015,6,nico-hulkenberg,force-india,mercedes,11,11,0,11,13,78,0,0,0,0,1,0,0,0,0,0,,6584652.0,26232.0,2,24758.0,59531.0,0,0
922,2015,6,romain-grosjean,lotus-f1,mercedes,12,12,0,15,11,78,3,0,0,0,1,0,0,0,0,0,,6586835.0,28415.0,1,25077.0,25077.0,0,0
922,2015,6,marcus-ericsson,sauber,ferrari,13,13,0,17,18,78,4,0,0,0,1,0,0,0,0,0,,6589579.0,31159.0,3,25234.0,76250.0,0,0
922,2015,6,valtteri-bottas,williams,mercedes,14,14,0,16,17,78,2,0,0,0,1,0,0,0,0,0,,6604209.0,45789.0,2,24412.0,49053.0,0,0
922,2015,6,felipe-massa,williams,mercedes,15,15,0,12,14,77,-3,0,0,0,1,0,0,0,0,0,,,,3,24395.0,92299.0,0,0
922,2015,6,roberto-merhi,marussia,ferrari,16,16,0,19,20,76,3,0,0,0,1,0,0,0,0,0,,,,1,27554.0,27554.0,0,0
922,2015,6,will-stevens,marussia,ferrari,17,17,0,18,19,76,1,0,0,0,1,0,0,0,0,0,,,,1,28606.0,28606.0,0,0
922,2015,6,max-verstappen,toro-rosso,renault,,DNF,0,9,10,62,,0,0,0,0,0,0,0,0,1,Collision,,,2,25736.0,78557.0,0,0
922,2015,6,fernando-alonso,mclaren,honda,,DNF,0,13,15,41,,0,0,0,0,0,0,0,0,1,Gearbox,,,1,30345.0,30345.0,0,0
922,2015,6,pastor-maldonado,lotus-f1,mercedes,,DNF,0,8,9,5,,0,0,0,0,0,0,0,0,1,Brakes,,,0,,,0,0
923,2015,7,lewis-hamilton,mercedes,mercedes,1,1,25.0,1,1,70,0,1,1,1,1,1,0,0,0,0,,5513145.0,,1,23708.0,23708.0,1,1
923,2015,7,nico-rosberg,mercedes,mercedes,2,2,18.0,2,2,70,0,0,1,1,1,0,0,0,0,0,,5515430.0,2285.0,1,23321.0,23321.0,0,0
923,2015,7,valtteri-bottas,williams,mercedes,3,3,15.0,4,4,70,1,0,1,1,1,0,0,0,0,0,,5553811.0,40666.0,1,25541.0,25541.0,0,0
923,2015,7,kimi-raikkonen,ferrari,ferrari,4,4,12.0,3,3,70,-1,0,0,1,1,0,1,0,0,0,,5558770.0,45625.0,2,23630.0,48208.0,0,0
923,2015,7,sebastian-vettel,ferrari,ferrari,5,5,10.0,18,16,70,13,0,0,1,1,0,0,0,0,0,,5563048.0,49903.0,2,23945.0,51186.0,0,0
923,2015,7,felipe-massa,williams,mercedes,6,6,8.0,15,17,70,9,0,0,1,1,0,0,0,0,0,,5569526.0,56381.0,1,23912.0,23912.0,0,0
923,2015,7,pastor-maldonado,lotus-f1,mercedes,7,7,6.0,6,6,70,-1,0,0,1,1,0,0,0,0,0,,5579809.0,66664.0,1,23660.0,23660.0,0,0
923,2015,7,nico-hulkenberg,force-india,mercedes,8,8,4.0,7,7,69,-1,0,0,1,1,0,0,0,0,0,,,,1,23507.0,23507.0,0,0
923,2015,7,daniil-kvyat,red-bull,renault,9,9,2.0,8,8,69,-1,0,0,1,1,0,0,0,0,0,,,,1,23681.0,23681.0,0,0
923,2015,7,romain-grosjean,lotus-f1,mercedes,10,10,1.0,5,5,69,-5,0,0,1,1,0,0,0,0,0,,,,1,24292.0,24292.0,0,0
923,2015,7,sergio-perez,force-india,mercedes,11,11,0,10,10,69,-1,0,0,0,1,0,0,0,0,0,,,,1,23453.0,23453.0,0,0
923,2015,7,carlos-sainz-jr,toro-rosso,renault,12,12,0,11,11,69,-1,0,0,0,1,0,0,0,0,0,,,,1,24277.0,24277.0,0,0
923,2015,7,daniel-ricciardo,red-bull,renault,13,13,0,9,9,69,-4,0,0,0,1,0,0,0,0,0,,,,1,23997.0,23997.0,0,0
923,2015,7,marcus-ericsson,sauber,ferrari,14,14,0,12,13,69,-2,0,0,0,1,0,0,0,0,0,,,,1,24149.0,24149.0,0,0
923,2015,7,max-verstappen,toro-rosso,renault,15,15,0,19,12,69,4,0,0,0,1,0,0,0,0,0,,,,1,36105.0,36105.0,0,0
923,2015,7,felipe-nasr,sauber,ferrari,16,16,0,14,15,68,-2,0,0,0,1,0,0,0,0,0,,,,1,24795.0,24795.0,0,0
923,2015,7,will-stevens,marussia,ferrari,17,17,0,17,19,66,0,0,0,0,1,0,0,0,0,0,,,,1,30807.0,30807.0,0,0
923,2015,7,roberto-merhi,marussia,ferrari,,DNF,0,16,18,57,,0,0,0,0,0,0,0,0,1,Driveshaft,,,1,26986.0,26986.0,0,0
923,2015,7,jenson-button,mclaren,honda,,DNF,0,20,,54,,0,0,0,0,0,0,0,0,1,Exhaust,,,2,18057.0,43431.0,0,0
923,2015,7,fernando-alonso,mclaren,honda,,DNF,0,13,14,44,,0,0,0,0,0,0,0,0,1,Exhaust,,,1,23553.0,23553.0,0,0
924,2015,8,nico-rosberg,mercedes,mercedes,1,1,25.0,2,2,71,1,1,1,1,1,0,1,0,0,0,,5416930.0,,1,21768.0,21768.0,0,0
924,2015,8,lewis-hamilton,mercedes,mercedes,2,2,18.0,1,1,71,-1,0,1,1,1,1,0,0,0,0,,5425730.0,8800.0,1,21869.0,21869.0,1,0
924,2015,8,felipe-massa,williams,mercedes,3,3,15.0,4,4,71,1,0,1,1,1,0,0,0,0,0,,5434503.0,17573.0,1,22447.0,22447.0,0,0
924,2015,8,sebastian-vettel,ferrari,ferrari,4,4,12.0,3,3,71,-1,0,0,1,1,0,0,0,0,0,,5435111.0,18181.0,1,31882.0,31882.0,0,0
924,2015,8,valtteri-bottas,williams,mercedes,5,5,10.0,6,6,71,1,0,0,1,1,0,0,0,0,0,,5470534.0,53604.0,1,22777.0,22777.0,0,0
924,2015,8,nico-hulkenberg,force-india,mercedes,6,6,8.0,5,5,71,-1,0,0,1,1,0,0,0,0,0,,5481005.0,64075.0,1,21685.0,21685.0,0,0
924,2015,8,pastor-maldonado,lotus-f1,mercedes,7,7,6.0,10,11,70,3,0,0,1,1,0,0,0,0,0,,,,1,21847.0,21847.0,0,0
924,2015,8,max-verstappen,toro-rosso,renault,8,8,4.0,7,7,70,-1,0,0,1,1,0,0,0,0,0,,,,1,21984.0,21984.0,0,0
924,2015,8,sergio-perez,force-india,mercedes,9,9,2.0,13,16,70,4,0,0,1,1,0,0,0,0,0,,,,1,26689.0,26689.0,0,0
924,2015,8,daniel-ricciardo,red-bull,renault,10,10,1.0,18,14,70,8,0,0,1,1,0,0,0,0,0,,,,1,27710.0,27710.0,0,0
924,2015,8,felipe-nasr,sauber,ferrari,11,11,0,8,9,70,-3,0,0,0,1,0,0,0,0,0,,,,1,22803.0,22803.0,0,0
924,2015,8,daniil-kvyat,red-bull,renault,12,12,0,15,8,70,3,0,0,0,1,0,0,0,0,0,,,,2,22111.0,50743.0,0,0
924,2015,8,marcus-ericsson,sauber,ferrari,13,13,0,11,12,69,-2,0,0,0,1,0,0,0,0,0,,,,3,16211.0,68892.0,0,0
924,2015,8,roberto-merhi,marussia,ferrari,14,14,0,16,19,68,2,0,0,0,1,0,0,0,0,0,,,,1,23926.0,23926.0,0,0
924,2015,8,romain-grosjean,lotus-f1,mercedes,,DNF,0,9,10,35,,0,0,0,0,0,0,0,0,1,Gearbox,,,1,22016.0,22016.0,0,0
924,2015,8,carlos-sainz-jr,toro-rosso,renault,,DNF,0,12,13,35,,0,0,0,0,0,0,0,0,1,Electrical,,,1,27638.0,27638.0,0,0
924,2015,8,jenson-button,mclaren,honda,,DNF,0,20,17,8,,0,0,0,0,0,0,0,0,1,Electrical,,,2,24104.0,52831.0,0,0
924,2015,8,will-stevens,marussia,ferrari,,DNF,0,17,20,1,,0,0,0,0,0,0,0,0,1,Oil leak,,,0,,,0,0
924,2015,8,kimi-raikkonen,ferrari,ferrari,,DNF,0,14,18,0,,0,0,0,0,0,0,0,0,1,Collision,,,0,,,0,0
924,2015,8,fernando-alonso,mclaren,honda,,DNF,0,19,15,0,,0,0,0,0,0,0,0,0,1,Collision,,,0,,,0,0
925,2015,9,lewis-hamilton,mercedes,mercedes,1,1,25.0,1,1,52,0,1,1,1,1,1,1,0,0,0,,5487729.0,,2,28417.0,57396.0,1,1
925,2015,9,nico-rosberg,mercedes,mercedes,2,2,18.0,2,2,52,0,0,1,1,1,0,0,0,0,0,,5498685.0,10956.0,2,28393.0,58786.0,0,0
925,2015,9,sebastian-vettel,ferrari,ferrari,3,3,15.0,6,6,52,3,0,1,1,1,0,0,0,0,0,,5513172.0,25443.0,2,28946.0,58622.0,0,0
925,2015,9,felipe-massa,williams,mercedes,4,4,12.0,3,3,52,-1,0,0,1,1,0,0,0,0,0,,5524568.0,36839.0,2,29369.0,61317.0,0,0
925,2015,9,valtteri-bottas,williams,mercedes,5,5,10.0,4,4,52,-1,0,0,1,1,0,0,0,0,0,,5550923.0,63194.0,2,28781.0,60718.0,0,0
925,2015,9,daniil-kvyat,red-bull,renault,6,6,8.0,7,7,52,1,0,0,1,1,0,0,0,0,0,,5551684.0,63955.0,2,28347.0,62326.0,0,0
925,2015,9,nico-hulkenberg,force-india,mercedes,7,7,6.0,9,9,52,2,0,0,1,1,0,0,0,0,0,,5566473.0,78744.0,2,28558.0,62449.0,0,0
925,2015,9,kimi-raikkonen,ferrari,ferrari,8,8,4.0,5,5,51,-3,0,0,1,1,0,0,0,0,0,,,,3,28974.0,89549.0,0,0
925,2015,9,sergio-perez,force-india,mercedes,9,9,2.0,11,11,51,2,0,0,1,1,0,0,0,0,0,,,,2,28860.0,60858.0,0,0
925,2015,9,fernando-alonso,mclaren,honda,10,10,1.0,17,17,51,7,0,0,1,1,0,0,0,0,0,,,,3,28703.0,132474.0,0,0
925,2015,9,marcus-ericsson,sauber,ferrari,11,11,0,15,15,51,4,0,0,0,1,0,0,0,0,0,,,,4,29598.0,120490.0,0,0
925,2015,9,roberto-merhi,marussia,ferrari,12,12,0,20,20,49,8,0,0,0,1,0,0,0,0,0,,,,2,30686.0,65358.0,0,0
925,2015,9,will-stevens,marussia,ferrari,13,13,0,19,19,49,6,0,0,0,1,0,0,0,0,0,,,,2,43964.0,92825.0,0,0
925,2015,9,carlos-sainz-jr,toro-rosso,renault,,DNF,0,8,8,31,,0,0,0,0,0,0,0,0,1,Electrical,,,1,29393.0,29393.0,0,0
925,2015,9,daniel-ricciardo,red-bull,renault,,DNF,0,10,10,21,,0,0,0,0,0,0,0,0,1,Electrical,,,2,28464.0,71704.0,0,0
925,2015,9,max-verstappen,toro-rosso,renault,,DNF,0,13,13,3,,0,0,0,0,0,0,0,0,1,Spun off,,,0,,,0,0
925,2015,9,romain-grosjean,lotus-f1,mercedes,,DNF,0,12,12,0,,0,0,0,0,0,0,0,0,1,Collision,,,0,,,0,0
925,2015,9,pastor-maldonado,lotus-f1,mercedes,,DNF,0,14,14,0,,0,0,0,0,0,0,0,0,1,Collision damage,,,0,,,0,0
925,2015,9,jenson-button,mclaren,honda,,DNF,0,18,18,0,,0,0,0,0,0,0,0,0,1,Collision,,,0,,,0,0
925,2015,9,felipe-nasr,sauber,ferrari,,DNS,0,16,16,0,,0,0,0,0,0,0,0,0,1,Gearbox,,,0,,,0,0
926,2015,10,sebastian-vettel,ferrari,ferrari,1,1,25.0,3,3,69,2,1,1,1,1,0,0,0,0,0,,6369985.0,,4,16639.0,77688.0,0,0
926,2015,10,daniil-kvyat,red-bull,renault,2,2,18.0,7,7,69,5,0,1,1,1,0,0,0,0,0,,6385733.0,15748.0,5,16453.0,99611.0,0,0
926,2015,10,daniel-ricciardo,red-bull,renault,3,3,15.0,4,4,69,1,0,1,1,1,0,1,0,0,0,,6395069.0,25084.0,5,18270.0,111897.0,0,0
926,2015,10,max-verstappen,toro-rosso,renault,4,4,12.0,9,9,69,5,0,0,1,1,0,0,0,0,0,,6414236.0,44251.0,5,16415.0,101910.0,0,0
926,2015,10,fernando-alonso,mclaren,honda,5,5,10.0,15,15,69,10,0,0,1,1,0,0,0,0,0,,6419064.0,49079.0,5,16796.0,100704.0,0,0
926,2015,10,lewis-hamilton,mercedes,mercedes,6,6,8.0,1,1,69,-5,0,0,1,1,1,0,0,0,0,,6422010.0,52025.0,6,16579.0,127687.0,1,0
926,2015,10,romain-grosjean,lotus-f1,mercedes,7,7,6.0,10,10,69,3,0,0,1,1,0,0,0,0,0,,6428563.0,58578.0,5,17064.0,109662.0,0,0
926,2015,10,nico-rosberg,mercedes,mercedes,8,8,4.0,2,2,69,-6,0,0,1,1,0,0,0,0,0,,6428861.0,58876.0,5,16623.0,102771.0,0,0
926,2015,10,jenson-button,mclaren,honda,9,9,2.0,16,16,69,7,0,0,1,1,0,0,0,0,0,,6437013.0,67028.0,4,16488.0,77111.0,0,0
926,2015,10,marcus-ericsson,sauber,ferrari,10,10,1.0,17,17,69,7,0,0,1,1,0,0,0,0,0,,6439115.0,69130.0,5,17472.0,104000.0,0,0
926,2015,10,felipe-nasr,sauber,ferrari,11,11,0,18,18,69,7,0,0,0,1,0,0,0,0,0,,6443443.0,73458.0,5,17235.0,104214.0,0,0
926,2015,10,felipe-massa,williams,mercedes,12,12,0,8,8,69,-4,0,0,0,1,0,0,0,0,0,,6444263.0,74278.0,5,16818.0,104994.0,0,0
926,2015,10,valtteri-bottas,williams,mercedes,13,13,0,6,6,69,-7,0,0,0,1,0,0,0,0,0,,6450213.0,80228.0,5,16427.0,108856.0,0,0
926,2015,10,pastor-maldonado,lotus-f1,mercedes,14,14,0,14,14,69,0,0,0,0,1,0,0,0,0,0,,6455127.0,85142.0,6,16444.0,117642.0,0,0
926,2015,10,roberto-merhi,marussia,ferrari,15,15,0,19,19,67,4,0,0,0,1,0,0,0,0,0,,,,5,18085.0,108958.0,0,0
926,2015,10,will-stevens,marussia,ferrari,16,16,0,20,20,65,4,0,0,0,1,0,0,0,0,0,Suspension,,,5,17116.0,103949.0,0,0
926,2015,10,carlos-sainz-jr,toro-rosso,renault,,DNF,0,12,12,60,,0,0,0,0,0,0,0,0,1,Fuel pressure,,,4,16660.0,81472.0,0,0
926,2015,10,kimi-raikkonen,ferrari,ferrari,,DNF,0,5,5,55,,0,0,0,0,0,0,0,0,1,Hybrid system,,,5,16734.0,138104.0,0,0
926,2015,10,sergio-perez,force-india,mercedes,,DNF,0,13,13,53,,0,0,0,0,0,0,0,0,1,Brakes,,,5,16958.0,116190.0,0,0
926,2015,10,nico-hulkenberg,force-india,mercedes,,DNF,0,11,11,41,,0,0,0,0,0,0,0,0,1,Front wing,,,2,22222.0,44795.0,0,0
927,2015,11,lewis-hamilton,mercedes,mercedes,1,1,25.0,1,1,43,0,1,1,1,1,1,0,0,0,0,,5020387.0,,2,22403.0,45358.0,1,1
927,2015,11,nico-rosberg,mercedes,mercedes,2,2,18.0,2,2,43,0,0,1,1,1,0,1,0,0,0,,5022445.0,2058.0,2,22765.0,45762.0,0,0
927,2015,11,romain-grosjean,lotus-f1,mercedes,3,3,15.0,9,4,43,6,0,1,1,1,0,0,0,0,0,,5058375.0,37988.0,2,23493.0,47210.0,0,0
927,2015,11,daniil-kvyat,red-bull,renault,4,4,12.0,12,12,43,8,0,0,1,1,0,0,0,0,0,,5066079.0,45692.0,2,22563.0,45359.0,0,0
927,2015,11,sergio-perez,force-india,mercedes,5,5,10.0,4,5,43,-1,0,0,1,1,0,0,0,0,0,,5074384.0,53997.0,2,22918.0,46480.0,0,0
927,2015,11,felipe-massa,williams,mercedes,6,6,8.0,6,7,43,0,0,0,1,1,0,0,0,0,0,,5075670.0,55283.0,2,23282.0,46937.0,0,0
927,2015,11,kimi-raikkonen,ferrari,ferrari,7,7,6.0,16,14,43,9,0,0,1,1,0,0,0,0,0,,5076090.0,55703.0,2,22578.0,45721.0,0,0
927,2015,11,max-verstappen,toro-rosso,renault,8,8,4.0,18,15,43,10,0,0,1,1,0,0,0,0,0,,5076463.0,56076.0,3,22942.0,70547.0,0,0
927,2015,11,valtteri-bottas,williams,mercedes,9,9,2.0,3,3,43,-6,0,0,1,1,0,0,0,0,0,,5081427.0,61040.0,3,17343.0,64151.0,0,0
927,2015,11,marcus-ericsson,sauber,ferrari,10,10,1.0,13,13,43,3,0,0,1,1,0,0,0,0,0,,5111621.0,91234.0,2,23684.0,47867.0,0,0
927,2015,11,felipe-nasr,sauber,ferrari,11,11,0,14,16,43,3,0,0,0,1,0,0,0,0,0,,5122698.0,102311.0,2,23288.0,46727.0,0,0
927,2015,11,sebastian-vettel,ferrari,ferrari,12,12,0,8,9,42,-4,0,0,0,1,0,0,0,0,0,Tyre,,,1,22681.0,22681.0,0,0
927,2015,11,fernando-alonso,mclaren,honda,13,13,0,20,18,42,7,0,0,0,1,0,0,0,0,0,,,,3,22973.0,72267.0,0,0
927,2015,11,jenson-button,mclaren,honda,14,14,0,19,17,42,5,0,0,0,1,0,0,0,0,0,,,,3,23761.0,71995.0,0,0
927,2015,11,roberto-merhi,marussia,ferrari,15,15,0,17,20,42,2,0,0,0,1,0,0,0,0,0,,,,2,23282.0,46925.0,0,0
927,2015,11,will-stevens,marussia,ferrari,16,16,0,15,19,42,-1,0,0,0,1,0,0,0,0,0,,,,2,23826.0,48276.0,0,0
927,2015,11,carlos-sainz-jr,toro-rosso,renault,,DNF,0,10,10,32,,0,0,0,0,0,0,0,0,1,Power unit,,,2,23348.0,47080.0,0,0
927,2015,11,daniel-ricciardo,red-bull,renault,,DNF,0,5,6,19,,0,0,0,0,0,0,0,0,1,Electrical,,,1,22637.0,22637.0,0,0
927,2015,11,pastor-maldonado,lotus-f1,mercedes,,DNF,0,7,8,2,,0,0,0,0,0,0,0,0,1,Power unit,,,0,,,0,0
927,2015,11,nico-hulkenberg,force-india,mercedes,,DNS,0,11,11,0,,0,0,0,0,0,0,0,0,1,Power unit,,,0,,,0,0
928,2015,12,lewis-hamilton,mercedes,mercedes,1,1,25.0,1,1,53,0,1,1,1,1,1,1,1,0,0,,4680688.0,,1,24368.0,24368.0,1,1
928,2015,12,sebastian-vettel,ferrari,ferrari,2,2,18.0,3,3,53,1,0,1,1,1,0,0,0,0,0,,4705730.0,25042.0,1,24340.0,24340.0,0,0
928,2015,12,felipe-massa,williams,mercedes,3,3,15.0,5,5,53,2,0,1,1,1,0,0,0,0,0,,4728323.0,47635.0,1,25207.0,25207.0,0,0
928,2015,12,valtteri-bottas,williams,mercedes,4,4,12.0,6,6,53,2,0,0,1,1,0,0,0,0,0,,4728684.0,47996.0,1,25536.0,25536.0,0,0
928,2015,12,kimi-raikkonen,ferrari,ferrari,5,5,10.0,2,2,53,-3,0,0,1,1,0,0,0,0,0,,4749548.0,68860.0,1,24442.0,24442.0,0,0
928,2015,12,sergio-perez,force-india,mercedes,6,6,8.0,7,7,53,1,0,0,1,1,0,0,0,0,0,,4753471.0,72783.0,1,24281.0,24281.0,0,0
928,2015,12,nico-hulkenberg,force-india,mercedes,7,7,6.0,9,9,52,2,0,0,1,1,0,0,0,0,0,,,,1,24286.0,24286.0,0,0
928,2015,12,daniel-ricciardo,red-bull,renault,8,8,4.0,19,15,52,11,0,0,1,1,0,0,0,0,0,,,,1,24259.0,24259.0,0,0
928,2015,12,marcus-ericsson,sauber,ferrari,9,9,2.0,12,10,52,3,0,0,1,1,0,0,0,0,0,,,,1,24842.0,24842.0,0,0
928,2015,12,daniil-kvyat,red-bull,renault,10,10,1.0,18,14,52,8,0,0,1,1,0,0,0,0,0,,,,1,23884.0,23884.0,0,0
928,2015,12,carlos-sainz-jr,toro-rosso,renault,11,11,0,17,13,52,6,0,0,0,1,0,0,0,0,0,,,,2,24736.0,55094.0,0,0
928,2015,12,max-verstappen,toro-rosso,renault,12,12,0,20,,52,8,0,0,0,1,0,0,0,0,0,,,,3,18818.0,69074.0,0,0
928,2015,12,felipe-nasr,sauber,ferrari,13,13,0,11,12,52,-2,0,0,0,1,0,0,0,0,0,,,,2,25282.0,51043.0,0,0
928,2015,12,jenson-button,mclaren,honda,14,14,0,15,16,52,1,0,0,0,1,0,0,0,0,0,,,,1,24310.0,24310.0,0,0
928,2015,12,will-stevens,marussia,ferrari,15,15,0,13,18,51,-2,0,0,0,1,0,0,0,0,0,,,,1,29382.0,29382.0,0,0
928,2015,12,roberto-merhi,marussia,ferrari,16,16,0,14,19,51,-2,0,0,0,1,0,0,0,0,0,,,,1,26435.0,26435.0,0,0
928,2015,12,nico-rosberg,mercedes,mercedes,17,17,0,4,4,50,-13,0,0,0,1,0,0,0,0,0,Engine,,,1,24657.0,24657.0,0,0
928,2015,12,fernando-alonso,mclaren,honda,18,18,0,16,17,47,-2,0,0,0,1,0,0,0,0,0,Electrical,,,2,19374.0,43704.0,0,0
928,2015,12,romain-grosjean,lotus-f1,mercedes,,DNF,0,8,8,1,,0,0,0,0,0,0,0,0,1,Collision damage,,,0,,,0,0
928,2015,12,pastor-maldonado,lotus-f1,mercedes,,DNF,0,10,11,1,,0,0,0,0,0,0,0,0,1,Collision damage,,,0,,,0,0
929,2015,13,sebastian-vettel,ferrari,ferrari,1,1,25.0,1,1,61,0,1,1,1,1,1,0,0,0,0,,7282118.0,,2,29172.0,58445.0,1,1
929,2015,13,daniel-ricciardo,red-bull,renault,2,2,18.0,2,2,61,0,0,1,1,1,0,1,0,0,0,,7283596.0,1478.0,2,29419.0,60726.0,0,0
929,2015,13,kimi-raikkonen,ferrari,ferrari,3,3,15.0,3,3,61,0,0,1,1,1,0,0,0,0,0,,7299272.0,17154.0,2,30031.0,60720.0,0,0
929,2015,13,nico-rosberg,mercedes,mercedes,4,4,12.0,6,6,61,2,0,0,1,1,0,0,0,0,0,,7306838.0,24720.0,2,29887.0,60449.0,0,0
929,2015,13,valtteri-bottas,williams,mercedes,5,5,10.0,7,7,61,2,0,0,1,1,0,0,0,0,0,,7316322.0,34204.0,2,29239.0,58499.0,0,0
929,2015,13,daniil-kvyat,red-bull,renault,6,6,8.0,4,4,61,-2,0,0,1,1,0,0,0,0,0,,7317626.0,35508.0,2,29159.0,62083.0,0,0
929,2015,13,sergio-perez,force-india,mercedes,7,7,6.0,13,13,61,6,0,0,1,1,0,0,0,0,0,,7332954.0,50836.0,2,29676.0,59408.0,0,0
929,2015,13,max-verstappen,toro-rosso,renault,8,8,4.0,8,8,61,0,0,0,1,1,0,0,0,0,0,,7333568.0,51450.0,2,30844.0,62051.0,0,0
929,2015,13,carlos-sainz-jr,toro-rosso,renault,9,9,2.0,14,14,61,5,0,0,1,1,0,0,0,0,0,,7334978.0,52860.0,3,29742.0,94597.0,0,0
929,2015,13,felipe-nasr,sauber,ferrari,10,10,1.0,16,16,61,6,0,0,1,1,0,0,0,0,0,,7372163.0,90045.0,2,29679.0,59596.0,0,0
929,2015,13,marcus-ericsson,sauber,ferrari,11,11,0,17,17,61,6,0,0,0,1,0,0,0,0,0,,7379625.0,97507.0,3,29398.0,88844.0,0,0
929,2015,13,pastor-maldonado,lotus-f1,mercedes,12,12,0,18,18,61,6,0,0,0,1,0,0,0,0,0,,7379836.0,97718.0,3,29223.0,88981.0,0,0
929,2015,13,romain-grosjean,lotus-f1,mercedes,13,13,0,10,10,59,-3,0,0,0,1,0,0,0,0,0,Gearbox,,,2,29826.0,60466.0,0,0
929,2015,13,alexander-rossi,marussia,ferrari,14,14,0,20,20,59,6,0,0,0,1,0,0,0,0,0,,,,2,31180.0,63216.0,0,0
929,2015,13,will-stevens,marussia,ferrari,15,15,0,19,19,59,4,0,0,0,1,0,0,0,0,0,,,,2,30398.0,68245.0,0,0
929,2015,13,jenson-button,mclaren,honda,,DNF,0,15,15,52,,0,0,0,0,0,0,0,0,1,Gearbox,,,3,30106.0,133245.0,0,0
929,2015,13,fernando-alonso,mclaren,honda,,DNF,0,12,12,33,,0,0,0,0,0,0,0,0,1,Gearbox,,,1,34237.0,34237.0,0,0
929,2015,13,lewis-hamilton,mercedes,mercedes,,DNF,0,5,5,32,,0,0,0,0,0,0,0,0,1,Power unit,,,1,28917.0,28917.0,0,0
929,2015,13,felipe-massa,williams,mercedes,,DNF,0,9,9,30,,0,0,0,0,0,0,0,0,1,Gearbox,,,3,24415.0,85702.0,0,0
929,2015,13,nico-hulkenberg,force-india,mercedes,,DNF,0,11,11,12,,0,0,0,0,0,0,0,0,1,Collision,,,1,30868.0,30868.0,0,0
930,2015,14,lewis-hamilton,mercedes,mercedes,1,1,25.0,2,2,53,1,1,1,1,1,0,1,0,0,0,,5286508.0,,2,22750.0,45915.0,0,0
930,2015,14,nico-rosberg,mercedes,mercedes,2,2,18.0,1,1,53,-1,0,1,1,1,1,0,0,0,0,,5305472.0,18964.0,2,23078.0,46319.0,1,0
930,2015,14,sebastian-vettel,ferrari,ferrari,3,3,15.0,4,4,53,1,0,1,1,1,0,0,0,0,0,,5307358.0,20850.0,2,23074.0,46204.0,0,0
930,2015,14,kimi-raikkonen,ferrari,ferrari,4,4,12.0,6,6,53,2,0,0,1,1,0,0,0,0,0,,5320276.0,33768.0,2,22584.0,46298.0,0,0
930,2015,14,valtteri-bottas,williams,mercedes,5,5,10.0,3,3,53,-2,0,0,1,1,0,0,0,0,0,,5323254.0,36746.0,2,23542.0,47130.0,0,0
930,2015,14,nico-hulkenberg,force-india,mercedes,6,6,8.0,13,11,53,7,0,0,1,1,0,0,0,0,0,,5342067.0,55559.0,2,23491.0,47241.0,0,0
930,2015,14,romain-grosjean,lotus-f1,mercedes,7,7,6.0,8,8,53,1,0,0,1,1,0,0,0,0,0,,5358806.0,72298.0,2,23793.0,48347.0,0,0
930,2015,14,pastor-maldonado,lotus-f1,mercedes,8,8,4.0,11,13,53,3,0,0,1,1,0,0,0,0,0,,5360083.0,73575.0,2,23249.0,48091.0,0,0
930,2015,14,max-verstappen,toro-rosso,renault,9,9,2.0,17,15,53,8,0,0,1,1,0,0,0,0,0,,5381823.0,95315.0,2,23977.0,51770.0,0,0
930,2015,14,carlos-sainz-jr,toro-rosso,renault,10,10,1.0,10,12,52,0,0,0,1,1,0,0,0,0,0,,,,2,23701.0,63046.0,0,0
930,2015,14,fernando-alonso,mclaren,honda,11,11,0,12,14,52,1,0,0,0,1,0,0,0,0,0,,,,2,23640.0,47407.0,0,0
930,2015,14,sergio-perez,force-india,mercedes,12,12,0,9,9,52,-3,0,0,0,1,0,0,0,0,0,,,,3,24267.0,73611.0,0,0
930,2015,14,daniil-kvyat,red-bull,renault,13,13,0,,10,52,7,0,0,0,1,0,0,0,0,0,,,,3,23183.0,69880.0,0,0
930,2015,14,marcus-ericsson,sauber,ferrari,14,14,0,15,17,52,1,0,0,0,1,0,0,0,0,0,,,,2,23418.0,46859.0,0,0
930,2015,14,daniel-ricciardo,red-bull,renault,15,15,0,7,7,52,-8,0,0,0,1,0,0,0,0,0,,,,2,23225.0,49312.0,0,0
930,2015,14,jenson-button,mclaren,honda,16,16,0,14,16,52,-2,0,0,0,1,0,0,0,0,0,,,,2,23343.0,47144.0,0,0
930,2015,14,felipe-massa,williams,mercedes,17,17,0,5,5,51,-12,0,0,0,1,0,0,0,0,0,,,,3,24670.0,85571.0,0,0
930,2015,14,alexander-rossi,marussia,ferrari,18,18,0,19,,51,1,0,0,0,1,0,0,0,0,0,,,,2,25088.0,50234.0,0,0
930,2015,14,will-stevens,marussia,ferrari,19,19,0,18,19,50,-1,0,0,0,1,0,0,0,0,0,,,,3,23647.0,85282.0,0,0
930,2015,14,felipe-nasr,sauber,ferrari,20,20,0,16,18,49,-4,0,0,0,1,0,0,0,0,0,Mechanical,,,2,24116.0,48879.0,0,0
931,2015,15,lewis-hamilton,mercedes,mercedes,1,1,25.0,2,2,53,1,1,1,1,1,0,0,0,0,0,,5831024.0,,1,30216.0,30216.0,0,0
931,2015,15,sebastian-vettel,ferrari,ferrari,2,2,18.0,4,4,53,2,0,1,1,1,0,1,0,0,0,,5836977.0,5953.0,1,29367.0,29367.0,0,0
931,2015,15,sergio-perez,force-india,mercedes,3,3,15.0,7,7,53,4,0,1,1,1,0,0,0,0,0,,5859942.0,28918.0,1,30545.0,30545.0,0,0
931,2015,15,felipe-massa,williams,mercedes,4,4,12.0,15,15,53,11,0,0,1,1,0,0,0,0,0,,5869855.0,38831.0,1,30741.0,30741.0,0,0
931,2015,15,daniil-kvyat,red-bull,renault,5,5,10.0,11,11,53,6,0,0,1,1,0,0,0,0,0,,5878590.0,47566.0,1,30418.0,30418.0,0,0
931,2015,15,felipe-nasr,sauber,ferrari,6,6,8.0,12,12,53,6,0,0,1,1,0,0,0,0,0,,5887532.0,56508.0,1,30362.0,30362.0,0,0
931,2015,15,pastor-maldonado,lotus-f1,mercedes,7,7,6.0,14,14,53,7,0,0,1,1,0,0,0,0,0,,5892112.0,61088.0,1,29952.0,29952.0,0,0
931,2015,15,kimi-raikkonen,ferrari,ferrari,8,8,4.0,5,5,53,-3,0,0,1,1,0,0,0,0,0,,5903382.0,72358.0,1,29386.0,29386.0,0,0
931,2015,15,jenson-button,mclaren,honda,9,9,2.0,13,13,53,4,0,0,1,1,0,0,0,0,0,,5910491.0,79467.0,1,29719.0,29719.0,0,0
931,2015,15,max-verstappen,toro-rosso,renault,10,10,1.0,9,9,53,-1,0,0,1,1,0,0,0,0,0,,5919448.0,88424.0,2,30241.0,67575.0,0,0
931,2015,15,fernando-alonso,mclaren,honda,11,11,0,19,16,53,8,0,0,0,1,0,0,0,0,0,,5922234.0,91210.0,1,29539.0,29539.0,0,0
931,2015,15,valtteri-bottas,williams,mercedes,12,12,0,3,3,52,-9,0,0,0,1,0,0,0,0,0,Collision,,,1,30316.0,30316.0,0,0
931,2015,15,roberto-merhi,marussia,ferrari,13,13,0,18,19,52,5,0,0,0,1,0,0,0,0,0,,,,1,35072.0,35072.0,0,0
931,2015,15,will-stevens,marussia,ferrari,14,14,0,17,18,51,3,0,0,0,1,0,0,0,0,0,,,,2,30421.0,62821.0,0,0
931,2015,15,daniel-ricciardo,red-bull,renault,15,15,0,10,10,47,-5,0,0,0,1,0,0,0,0,0,Suspension,,,1,29732.0,29732.0,0,0
931,2015,15,carlos-sainz-jr,toro-rosso,renault,,DNF,0,20,,45,,0,0,0,0,0,0,0,0,1,Brakes,,,1,30288.0,30288.0,0,0
931,2015,15,romain-grosjean,lotus-f1,mercedes,,DNF,0,8,8,11,,0,0,0,0,0,0,0,0,1,Accident,,,1,54445.0,54445.0,0,0
931,2015,15,nico-rosberg,mercedes,mercedes,,DNF,0,1,1,7,,0,0,0,0,1,0,0,0,1,Throttle,,,0,,,1,0
931,2015,15,nico-hulkenberg,force-india,mercedes,,DNF,0,6,6,0,,0,0,0,0,0,0,0,0,1,Collision,,,0,,,0,0
931,2015,15,marcus-ericsson,sauber,ferrari,,DNF,0,16,17,0,,0,0,0,0,0,0,0,0,1,Collision,,,0,,,0,0
932,2015,16,lewis-hamilton,mercedes,mercedes,1,1,25.0,2,2,56,1,1,1,1,1,0,0,0,0,0,,6652703.0,,2,24088.0,48442.0,0,0
932,2015,16,nico-rosberg,mercedes,mercedes,2,2,18.0,1,1,56,-1,0,1,1,1,1,1,0,0,0,,6655553.0,2850.0,2,24640.0,49882.0,1,0
932,2015,16,sebastian-vettel,ferrari,ferrari,3,3,15.0,13,5,56,10,0,1,1,1,0,0,0,0,0,,6656084.0,3381.0,3,24158.0,74753.0,0,0
932,2015,16,max-verstappen,toro-rosso,renault,4,4,12.0,8,10,56,4,0,0,1,1,0,0,0,0,0,,6675062.0,22359.0,2,24904.0,50431.0,0,0
932,2015,16,sergio-perez,force-india,mercedes,5,5,10.0,5,6,56,0,0,0,1,1,0,0,0,0,0,,6677116.0,24413.0,2,24730.0,51188.0,0,0
932,2015,16,jenson-button,mclaren,honda,6,6,8.0,11,14,56,5,0,0,1,1,0,0,0,0,0,,6680761.0,28058.0,3,24689.0,76837.0,0,0
932,2015,16,carlos-sainz-jr,toro-rosso,renault,7,7,6.0,20,,56,13,0,0,1,1,0,0,0,0,0,,6683322.0,30619.0,3,25259.0,96681.0,0,0
932,2015,16,pastor-maldonado,lotus-f1,mercedes,8,8,4.0,12,15,56,4,0,0,1,1,0,0,0,0,0,,6684976.0,32273.0,3,25054.0,78351.0,0,0
932,2015,16,felipe-nasr,sauber,ferrari,9,9,2.0,15,17,56,6,0,0,1,1,0,0,0,0,0,,6692960.0,40257.0,5,24975.0,143303.0,0,0
932,2015,16,daniel-ricciardo,red-bull,renault,10,10,1.0,3,3,56,-7,0,0,1,1,0,0,0,0,0,,6706074.0,53371.0,3,24449.0,76746.0,0,0
932,2015,16,fernando-alonso,mclaren,honda,11,11,0,9,11,56,-2,0,0,0,1,0,0,0,0,0,,6707519.0,54816.0,3,24631.0,82023.0,0,0
932,2015,16,alexander-rossi,marussia,ferrari,12,12,0,17,18,56,5,0,0,0,1,0,0,0,0,0,,6727980.0,75277.0,3,25812.0,90080.0,0,0
932,2015,16,daniil-kvyat,red-bull,renault,,DNF,0,4,4,41,,0,0,0,0,0,0,0,0,1,Accident,,,2,24638.0,49843.0,0,0
932,2015,16,nico-hulkenberg,force-india,mercedes,,DNF,0,6,7,35,,0,0,0,0,0,0,0,0,1,Collision,,,2,27344.0,54704.0,0,0
932,2015,16,marcus-ericsson,sauber,ferrari,,DNF,0,14,16,25,,0,0,0,0,0,0,0,0,1,Electrical,,,2,29728.0,60660.0,0,0
932,2015,16,kimi-raikkonen,ferrari,ferrari,,DNF,0,18,8,25,,0,0,0,0,0,0,0,0,1,Brakes,,,2,24733.0,59281.0,0,0
932,2015,16,felipe-massa,williams,mercedes,,DNF,0,7,9,23,,0,0,0,0,0,0,0,0,1,Suspension,,,1,24646.0,24646.0,0,0
932,2015,16,romain-grosjean,lotus-f1,mercedes,,DNF,0,10,13,10,,0,0,0,0,0,0,0,0,1,Brakes,,,2,27621.0,55351.0,0,0
932,2015,16,valtteri-bottas,williams,mercedes,,DNF,0,16,12,5,,0,0,0,0,0,0,0,0,1,Suspension,,,2,26384.0,66872.0,0,0
932,2015,16,will-stevens,marussia,ferrari,,DNF,0,19,19,1,,0,0,0,0,0,0,0,0,1,Collision damage,,,0,,,0,0
933,2015,17,nico-rosberg,mercedes,mercedes,1,1,25.0,1,1,71,0,1,1,1,1,1,1,0,0,0,,6155038.0,,2,22303.0,44694.0,1,1
933,2015,17,lewis-hamilton,mercedes,mercedes,2,2,18.0,2,2,71,0,0,1,1,1,0,0,0,0,0,,6156992.0,1954.0,2,22304.0,44632.0,0,0
933,2015,17,valtteri-bottas,williams,mercedes,3,3,15.0,6,6,71,3,0,1,1,1,0,0,0,0,0,,6169630.0,14592.0,2,22957.0,46117.0,0,0
933,2015,17,daniil-kvyat,red-bull,renault,4,4,12.0,4,4,71,0,0,0,1,1,0,0,0,0,0,,6171610.0,16572.0,2,22518.0,45077.0,0,0
933,2015,17,daniel-ricciardo,red-bull,renault,5,5,10.0,5,5,71,0,0,0,1,1,0,0,0,0,0,,6174720.0,19682.0,2,22422.0,44910.0,0,0
933,2015,17,felipe-massa,williams,mercedes,6,6,8.0,7,7,71,1,0,0,1,1,0,0,0,0,0,,6176531.0,21493.0,2,22849.0,45935.0,0,0
933,2015,17,nico-hulkenberg,force-india,mercedes,7,7,6.0,10,10,71,3,0,0,1,1,0,0,0,0,0,,6180898.0,25860.0,2,23277.0,47413.0,0,0
933,2015,17,sergio-perez,force-india,mercedes,8,8,4.0,9,9,71,1,0,0,1,1,0,0,0,0,0,,6189381.0,34343.0,1,23547.0,23547.0,0,0
933,2015,17,max-verstappen,toro-rosso,renault,9,9,2.0,8,8,71,-1,0,0,1,1,0,0,0,0,0,,6190267.0,35229.0,2,22589.0,45574.0,0,0
933,2015,17,romain-grosjean,lotus-f1,mercedes,10,10,1.0,12,12,71,2,0,0,1,1,0,0,0,0,0,,6192972.0,37934.0,2,22735.0,45836.0,0,0
933,2015,17,pastor-maldonado,lotus-f1,mercedes,11,11,0,13,13,71,2,0,0,0,1,0,0,0,0,0,,6193576.0,38538.0,2,23937.0,50584.0,0,0
933,2015,17,marcus-ericsson,sauber,ferrari,12,12,0,14,14,71,2,0,0,0,1,0,0,0,0,0,,6195218.0,40180.0,3,22956.0,69709.0,0,0
933,2015,17,carlos-sainz-jr,toro-rosso,renault,13,13,0,11,11,71,-2,0,0,0,1,0,0,0,0,0,,6203810.0,48772.0,3,23068.0,69972.0,0,0
933,2015,17,jenson-button,mclaren,honda,14,14,0,20,,71,6,0,0,0,1,0,0,0,0,0,,6204252.0,49214.0,2,23018.0,46374.0,0,0
933,2015,17,alexander-rossi,marussia,ferrari,15,15,0,16,18,69,1,0,0,0,1,0,0,0,0,0,,,,2,25367.0,55809.0,0,0
933,2015,17,will-stevens,marussia,ferrari,16,16,0,17,19,69,1,0,0,0,1,0,0,0,0,0,,,,2,24224.0,49311.0,0,0
933,2015,17,felipe-nasr,sauber,ferrari,,DNF,0,15,17,57,,0,0,0,0,0,0,0,0,1,Brakes,,,3,23026.0,70256.0,0,0
933,2015,17,sebastian-vettel,ferrari,ferrari,,DNF,0,3,3,50,,0,0,0,0,0,0,0,0,1,Accident,,,2,22156.0,50226.0,0,0
933,2015,17,kimi-raikkonen,ferrari,ferrari,,DNF,0,19,15,21,,0,0,0,0,0,0,0,0,1,Collision,,,0,,,0,0
933,2015,17,fernando-alonso,mclaren,honda,,DNF,0,18,16,1,,0,0,0,0,0,0,0,0,1,Power unit,,,0,,,0,0
934,2015,18,nico-rosberg,mercedes,mercedes,1,1,25.0,1,1,71,0,1,1,1,1,1,0,0,0,0,,5469090.0,,3,23046.0,71406.0,1,1
934,2015,18,lewis-hamilton,mercedes,mercedes,2,2,18.0,2,2,71,0,0,1,1,1,0,1,0,0,0,,5476846.0,7756.0,3,22936.0,70412.0,0,0
934,2015,18,sebastian-vettel,ferrari,ferrari,3,3,15.0,3,3,71,0,0,1,1,1,0,0,0,0,0,,5483334.0,14244.0,3,23474.0,71136.0,0,0
934,2015,18,kimi-raikkonen,ferrari,ferrari,4,4,12.0,4,5,71,0,0,0,1,1,0,0,0,0,0,,5516633.0,47543.0,2,23293.0,48601.0,0,0
934,2015,18,valtteri-bottas,williams,mercedes,5,5,10.0,7,4,70,2,0,0,1,1,0,0,0,0,0,,,,2,23736.0,48649.0,0,0
934,2015,18,nico-hulkenberg,force-india,mercedes,6,6,8.0,5,6,70,-1,0,0,1,1,0,0,0,0,0,,,,2,24009.0,48208.0,0,0
934,2015,18,daniil-kvyat,red-bull,renault,7,7,6.0,6,7,70,-1,0,0,1,1,0,0,0,0,0,,,,2,23630.0,47785.0,0,0
934,2015,18,romain-grosjean,lotus-f1,mercedes,8,8,4.0,14,15,70,6,0,0,1,1,0,0,0,0,0,,,,3,23787.0,72220.0,0,0
934,2015,18,max-verstappen,toro-rosso,renault,9,9,2.0,9,10,70,0,0,0,1,1,0,0,0,0,0,,,,3,24078.0,72397.0,0,0
934,2015,18,pastor-maldonado,lotus-f1,mercedes,10,10,1.0,15,16,70,5,0,0,1,1,0,0,0,0,0,,,,2,24115.0,54197.0,0,0
934,2015,18,daniel-ricciardo,red-bull,renault,11,11,0,19,9,70,8,0,0,0,1,0,0,0,0,0,,,,3,23937.0,72691.0,0,0
934,2015,18,sergio-perez,force-india,mercedes,12,12,0,11,13,70,-1,0,0,0,1,0,0,0,0,0,,,,3,23609.0,71195.0,0,0
934,2015,18,felipe-nasr,sauber,ferrari,13,13,0,13,11,70,0,0,0,0,1,0,0,0,0,0,,,,2,24491.0,50020.0,0,0
934,2015,18,jenson-button,mclaren,honda,14,14,0,16,17,70,2,0,0,0,1,0,0,0,0,0,,,,3,23242.0,70909.0,0,0
934,2015,18,fernando-alonso,mclaren,honda,15,15,0,20,,70,5,0,0,0,1,0,0,0,0,0,,,,3,22981.0,70009.0,0,0
934,2015,18,marcus-ericsson,sauber,ferrari,16,16,0,12,14,69,-4,0,0,0,1,0,0,0,0,0,,,,3,24699.0,78949.0,0,0
934,2015,18,will-stevens,marussia,ferrari,17,17,0,18,19,67,1,0,0,0,1,0,0,0,0,0,,,,2,25547.0,52642.0,0,0
934,2015,18,alexander-rossi,marussia,ferrari,18,18,0,17,18,67,-1,0,0,0,1,0,0,0,0,0,,,,2,25492.0,52198.0,0,0
934,2015,18,carlos-sainz-jr,toro-rosso,renault,,DNF,0,,12,0,,0,0,0,0,0,0,0,0,1,Technical defect,,,0,,,0,0
934,2015,18,felipe-massa,williams,mercedes,,DSQ,0,8,8,70,,0,0,0,0,0,0,0,0,1,Tyre temperature,,,3,23401.0,71215.0,0,0
935,2015,19,nico-rosberg,mercedes,mercedes,1,1,25.0,1,1,55,0,1,1,1,1,1,0,0,0,0,,5910175.0,,2,21580.0,43217.0,1,1
935,2015,19,lewis-hamilton,mercedes,mercedes,2,2,18.0,2,2,55,0,0,1,1,1,0,1,0,0,0,,5918446.0,8271.0,2,21346.0,42738.0,0,0
935,2015,19,kimi-raikkonen,ferrari,ferrari,3,3,15.0,3,3,55,0,0,1,1,1,0,0,0,0,0,,5929605.0,19430.0,2,22162.0,47775.0,0,0
935,2015,19,sebastian-vettel,ferrari,ferrari,4,4,12.0,15,16,55,11,0,0,1,1,0,0,0,0,0,,5953910.0,43735.0,2,21628.0,43423.0,0,0
935,2015,19,sergio-perez,force-india,mercedes,5,5,10.0,4,4,55,-1,0,0,1,1,0,0,0,0,0,,5974127.0,63952.0,2,21922.0,44038.0,0,0
935,2015,19,daniel-ricciardo,red-bull,renault,6,6,8.0,5,5,55,-1,0,0,1,1,0,0,0,0,0,,5975185.0,65010.0,2,21949.0,44067.0,0,0
935,2015,19,nico-hulkenberg,force-india,mercedes,7,7,6.0,7,7,55,0,0,0,1,1,0,0,0,0,0,,6003793.0,93618.0,2,22045.0,44219.0,0,0
935,2015,19,felipe-massa,williams,mercedes,8,8,4.0,8,8,55,0,0,0,1,1,0,0,0,0,0,,6007926.0,97751.0,2,22710.0,45561.0,0,0
935,2015,19,romain-grosjean,lotus-f1,mercedes,9,9,2.0,18,15,55,9,0,0,1,1,0,0,0,0,0,,6008376.0,98201.0,2,22203.0,44437.0,0,0
935,2015,19,daniil-kvyat,red-bull,renault,10,10,1.0,9,9,55,-1,0,0,1,1,0,0,0,0,0,,6012546.0,102371.0,2,21634.0,43502.0,0,0
935,2015,19,carlos-sainz-jr,toro-rosso,renault,11,11,0,10,10,55,-1,0,0,0,1,0,0,0,0,0,,6013700.0,103525.0,2,22063.0,47370.0,0,0
935,2015,19,jenson-button,mclaren,honda,12,12,0,12,12,54,0,0,0,0,1,0,0,0,0,0,,,,2,22310.0,46032.0,0,0
935,2015,19,valtteri-bottas,williams,mercedes,13,13,0,6,6,54,-7,0,0,0,1,0,0,0,0,0,,,,3,24485.0,82699.0,0,0
935,2015,19,marcus-ericsson,sauber,ferrari,14,14,0,17,18,54,3,0,0,0,1,0,0,0,0,0,,,,2,22200.0,45038.0,0,0
935,2015,19,felipe-nasr,sauber,ferrari,15,15,0,14,14,54,-1,0,0,0,1,0,0,0,0,0,,,,3,22086.0,73299.0,0,0
935,2015,19,max-verstappen,toro-rosso,renault,16,16,0,11,11,54,-5,0,0,0,1,0,0,0,0,0,,,,3,22309.0,67121.0,0,0
935,2015,19,fernando-alonso,mclaren,honda,17,17,0,16,17,53,-1,0,0,0,1,0,0,0,0,0,,,,4,16128.0,105741.0,0,0
935,2015,19,will-stevens,marussia,ferrari,18,18,0,19,19,53,1,0,0,0,1,0,0,0,0,0,,,,2,22854.0,45767.0,0,0
935,2015,19,roberto-merhi,marussia,ferrari,19,19,0,,20,52,1,0,0,0,1,0,0,0,0,0,,,,1,24314.0,24314.0,0,0
935,2015,19,pastor-maldonado,lotus-f1,mercedes,,DNF,0,13,13,0,,0,0,0,0,0,0,0,0,1,Collision,,,0,,,0,0
936,2016,1,nico-rosberg,mercedes,mercedes,1,1,25.0,2,2,57,1,1,1,1,1,0,0,0,0,0,,6495565.0,,2,21531.0,1110834.0,0,0
936,2016,1,lewis-hamilton,mercedes,mercedes,2,2,18.0,1,1,57,-1,0,1,1,1,1,0,0,0,0,,6503625.0,8060.0,2,21940.0,1112027.0,1,0
936,2016,1,sebastian-vettel,ferrari,ferrari,3,3,15.0,3,3,57,0,0,1,1,1,0,0,0,0,0,,6505208.0,9643.0,3,21339.0,1135199.0,0,0
936,2016,1,daniel-ricciardo,red-bull,tag-heuer,4,4,12.0,8,8,57,4,0,0,1,1,0,1,0,0,0,,6519895.0,24330.0,3,21981.0,1134048.0,0,0
936,2016,1,felipe-massa,williams,mercedes,5,5,10.0,6,6,57,1,0,0,1,1,0,0,0,0,0,,6554544.0,58979.0,2,21550.0,1111355.0,0,0
936,2016,1,romain-grosjean,haas,ferrari,6,6,8.0,19,19,57,13,0,0,1,1,0,0,0,1,0,,6567646.0,72081.0,1,1089417.0,1089417.0,0,0
936,2016,1,nico-hulkenberg,force-india,mercedes,7,7,6.0,10,10,57,3,0,0,1,1,0,0,0,0,0,,6569764.0,74199.0,2,22167.0,1111322.0,0,0
936,2016,1,valtteri-bottas,williams,mercedes,8,8,4.0,16,11,57,8,0,0,1,1,0,0,0,0,0,,6570718.0,75153.0,2,21376.0,1110365.0,0,0
936,2016,1,carlos-sainz-jr,toro-rosso,ferrari,9,9,2.0,7,7,57,-2,0,0,1,1,0,0,0,0,0,,6571245.0,75680.0,3,22392.0,1134777.0,0,0
936,2016,1,max-verstappen,toro-rosso,ferrari,10,10,1.0,5,5,57,-5,0,0,1,1,0,0,0,0,0,,6572398.0,76833.0,3,22303.0,1140741.0,0,0
936,2016,1,jolyon-palmer,renault,renault,11,11,0,13,14,57,2,0,0,0,1,0,0,0,0,0,,6578964.0,83399.0,2,23286.0,1111580.0,0,0
936,2016,1,kevin-magnussen,renault,renault,12,12,0,14,15,57,2,0,0,0,1,0,0,0,0,0,,6581171.0,85606.0,3,22079.0,996228.0,0,0
936,2016,1,sergio-perez,force-india,mercedes,13,13,0,9,9,57,-4,0,0,0,1,0,0,0,0,0,,6587264.0,91699.0,2,24719.0,1112030.0,0,0
936,2016,1,jenson-button,mclaren,honda,14,14,0,12,13,56,-2,0,0,0,1,0,0,0,0,0,,,,3,21837.0,1128919.0,0,0
936,2016,1,felipe-nasr,sauber,ferrari,15,15,0,17,17,56,2,0,0,0,1,0,0,0,0,0,,,,2,22701.0,1105038.0,0,0
936,2016,1,pascal-wehrlein,manor,mercedes,16,16,0,21,22,56,5,0,0,0,1,0,0,0,0,0,,,,3,23895.0,1132241.0,0,0
936,2016,1,marcus-ericsson,sauber,ferrari,,DNF,0,15,16,38,,0,0,0,0,0,0,0,0,1,Transmission,,,3,16936.0,1126168.0,0,0
936,2016,1,kimi-raikkonen,ferrari,ferrari,,DNF,0,4,4,21,,0,0,0,0,0,0,0,0,1,Turbo,,,2,22508.0,1111873.0,0,0
936,2016,1,rio-haryanto,manor,mercedes,,DNF,0,22,21,17,,0,0,0,0,0,0,0,0,1,Driveshaft,,,1,23224.0,23224.0,0,0
936,2016,1,esteban-gutierrez,haas,ferrari,,DNF,0,20,20,16,,0,0,0,0,0,0,0,0,1,Collision,,,0,,,0,0
936,2016,1,fernando-alonso,mclaren,honda,,DNF,0,11,12,16,,0,0,0,0,0,0,0,0,1,Collision,,,1,21796.0,21796.0,0,0
936,2016,1,daniil-kvyat,red-bull,tag-heuer,,DNS,0,18,18,0,,0,0,0,0,0,0,0,0,1,Electrical,,,0,,,0,0
937,2016,2,nico-rosberg,mercedes,mercedes,1,1,25.0,2,2,57,1,1,1,1,1,0,1,0,0,0,,5614696.0,,3,24934.0,77921.0,0,0
937,2016,2,kimi-raikkonen,ferrari,ferrari,2,2,18.0,4,4,57,2,0,1,1,1,0,0,0,0,0,,5624978.0,10282.0,3,24720.0,75199.0,0,0
937,2016,2,lewis-hamilton,mercedes,mercedes,3,3,15.0,1,1,57,-2,0,1,1,1,1,0,0,0,0,,5644844.0,30148.0,3,24512.0,74066.0,1,0
937,2016,2,daniel-ricciardo,red-bull,tag-heuer,4,4,12.0,5,5,57,1,0,0,1,1,0,0,0,0,0,,5677190.0,62494.0,3,24541.0,76051.0,0,0
937,2016,2,romain-grosjean,haas,ferrari,5,5,10.0,9,9,57,4,0,0,1,1,0,0,0,1,0,,5692995.0,78299.0,3,25739.0,81953.0,0,0
937,2016,2,max-verstappen,toro-rosso,ferrari,6,6,8.0,10,10,57,4,0,0,1,1,0,0,0,0,0,,5695625.0,80929.0,3,25129.0,76533.0,0,0
937,2016,2,daniil-kvyat,red-bull,tag-heuer,7,7,6.0,15,15,56,8,0,0,1,1,0,0,0,0,0,,,,3,24224.0,73304.0,0,0
937,2016,2,felipe-massa,williams,mercedes,8,8,4.0,7,7,56,-1,0,0,1,1,0,0,0,0,0,,,,2,24093.0,48329.0,0,0
937,2016,2,valtteri-bottas,williams,mercedes,9,9,2.0,6,6,56,-3,0,0,1,1,0,0,0,0,0,,,,3,19369.0,70423.0,0,0
937,2016,2,stoffel-vandoorne,mclaren,honda,10,10,1.0,12,12,56,2,0,0,1,1,0,0,0,0,0,,,,3,24604.0,74602.0,0,0
937,2016,2,kevin-magnussen,renault,renault,11,11,0,,19,56,11,0,0,0,1,0,0,0,0,0,,,,3,24341.0,75600.0,0,0
937,2016,2,marcus-ericsson,sauber,ferrari,12,12,0,17,17,56,5,0,0,0,1,0,0,0,0,0,,,,2,24775.0,50138.0,0,0
937,2016,2,pascal-wehrlein,manor,mercedes,13,13,0,16,16,56,3,0,0,0,1,0,0,0,0,0,,,,3,25419.0,77202.0,0,0
937,2016,2,felipe-nasr,sauber,ferrari,14,14,0,21,22,56,7,0,0,0,1,0,0,0,0,0,,,,3,25491.0,77397.0,0,0
937,2016,2,nico-hulkenberg,force-india,mercedes,15,15,0,8,8,56,-7,0,0,0,1,0,0,0,0,0,,,,4,24734.0,108190.0,0,0
937,2016,2,sergio-perez,force-india,mercedes,16,16,0,18,18,56,2,0,0,0,1,0,0,0,0,0,,,,3,24517.0,79911.0,0,0
937,2016,2,rio-haryanto,manor,mercedes,17,17,0,20,21,56,3,0,0,0,1,0,0,0,0,0,,,,3,25517.0,80019.0,0,0
937,2016,2,carlos-sainz-jr,toro-rosso,ferrari,,DNF,0,11,11,29,,0,0,0,0,0,0,0,0,1,Collision damage,,,2,28401.0,63379.0,0,0
937,2016,2,esteban-gutierrez,haas,ferrari,,DNF,0,13,13,9,,0,0,0,0,0,0,0,0,1,Brakes,,,1,32793.0,32793.0,0,0
937,2016,2,jenson-button,mclaren,honda,,DNF,0,14,14,6,,0,0,0,0,0,0,0,0,1,Engine,,,0,,,0,0
937,2016,2,sebastian-vettel,ferrari,ferrari,,DNS,0,3,3,0,,0,0,0,0,0,0,0,0,1,Engine,,,0,,,0,0
937,2016,2,jolyon-palmer,renault,renault,,DNS,0,19,20,0,,0,0,0,0,0,0,0,0,1,Hydraulics,,,0,,,0,0
938,2016,3,nico-rosberg,mercedes,mercedes,1,1,25.0,1,1,56,0,1,1,1,1,1,0,0,0,0,,5933891.0,,2,22831.0,46390.0,1,1
938,2016,3,sebastian-vettel,ferrari,ferrari,2,2,18.0,4,4,56,2,0,1,1,1,0,0,0,0,0,,5971667.0,37776.0,3,22276.0,74741.0,0,0
938,2016,3,daniil-kvyat,red-bull,tag-heuer,3,3,15.0,6,6,56,3,0,1,1,1,0,0,0,1,0,,5979827.0,45936.0,3,22607.0,69375.0,0,0
938,2016,3,daniel-ricciardo,red-bull,tag-heuer,4,4,12.0,2,2,56,-2,0,0,1,1,0,0,0,0,0,,5986579.0,52688.0,3,22426.0,69279.0,0,0
938,2016,3,kimi-raikkonen,ferrari,ferrari,5,5,10.0,3,3,56,-2,0,0,1,1,0,0,0,0,0,,5999763.0,65872.0,3,22832.0,77262.0,0,0
938,2016,3,felipe-massa,williams,mercedes,6,6,8.0,10,11,56,4,0,0,1,1,0,0,0,0,0,,6009402.0,75511.0,2,22124.0,45473.0,0,0
938,2016,3,lewis-hamilton,mercedes,mercedes,7,7,6.0,22,,56,15,0,0,1,1,0,0,0,0,0,,6012121.0,78230.0,5,22301.0,122126.0,0,0
938,2016,3,max-verstappen,toro-rosso,ferrari,8,8,4.0,9,9,56,1,0,0,1,1,0,0,0,0,0,,6013159.0,79268.0,3,23130.0,76908.0,0,0
938,2016,3,carlos-sainz-jr,toro-rosso,ferrari,9,9,2.0,8,8,56,-1,0,0,1,1,0,0,0,0,0,,6018018.0,84127.0,3,22832.0,72855.0,0,0
938,2016,3,valtteri-bottas,williams,mercedes,10,10,1.0,5,5,56,-5,0,0,1,1,0,0,0,0,0,,6020083.0,86192.0,3,22630.0,68059.0,0,0
938,2016,3,sergio-perez,force-india,mercedes,11,11,0,7,7,56,-4,0,0,0,1,0,0,0,0,0,,6028174.0,94283.0,3,22351.0,68051.0,0,0
938,2016,3,fernando-alonso,mclaren,honda,12,12,0,11,12,56,-1,0,0,0,1,0,0,0,0,0,,6031144.0,97253.0,2,22874.0,45801.0,0,0
938,2016,3,jenson-button,mclaren,honda,13,13,0,12,13,56,-1,0,0,0,1,0,0,0,0,0,,6035881.0,101990.0,3,22510.0,69611.0,0,0
938,2016,3,esteban-gutierrez,haas,ferrari,14,14,0,18,18,55,4,0,0,0,1,0,0,0,0,0,,,,3,22963.0,69911.0,0,0
938,2016,3,nico-hulkenberg,force-india,mercedes,15,15,0,13,10,55,-2,0,0,0,1,0,1,0,0,0,,,,4,22790.0,103910.0,0,0
938,2016,3,marcus-ericsson,sauber,ferrari,16,16,0,15,15,55,-1,0,0,0,1,0,0,0,0,0,,,,2,23563.0,47518.0,0,0
938,2016,3,kevin-magnussen,renault,renault,17,17,0,17,17,55,0,0,0,0,1,0,0,0,0,0,,,,3,22677.0,69092.0,0,0
938,2016,3,pascal-wehrlein,manor,mercedes,18,18,0,21,,55,3,0,0,0,1,0,0,0,0,0,,,,3,24104.0,75347.0,0,0
938,2016,3,romain-grosjean,haas,ferrari,19,19,0,14,14,55,-5,0,0,0,1,0,0,0,0,0,,,,4,23284.0,129804.0,0,0
938,2016,3,felipe-nasr,sauber,ferrari,20,20,0,16,16,55,-4,0,0,0,1,0,0,0,0,0,,,,3,23735.0,85946.0,0,0
938,2016,3,rio-haryanto,manor,mercedes,21,21,0,20,20,55,-1,0,0,0,1,0,0,0,0,0,,,,3,23183.0,72187.0,0,0
938,2016,3,jolyon-palmer,renault,renault,22,22,0,19,19,55,-3,0,0,0,1,0,0,0,0,0,,,,3,22799.0,70178.0,0,0
939,2016,4,nico-rosberg,mercedes,mercedes,1,1,25.0,1,1,53,0,1,1,1,1,1,1,1,0,0,,5561997.0,,1,29709.0,29709.0,1,1
939,2016,4,lewis-hamilton,mercedes,mercedes,2,2,18.0,10,10,53,8,0,1,1,1,0,0,0,0,0,,5587019.0,25022.0,1,30001.0,30001.0,0,0
939,2016,4,kimi-raikkonen,ferrari,ferrari,3,3,15.0,3,4,53,0,0,1,1,1,0,0,0,0,0,,5593995.0,31998.0,1,30498.0,30498.0,0,0
939,2016,4,valtteri-bottas,williams,mercedes,4,4,12.0,2,3,53,-2,0,0,1,1,0,0,0,0,0,,5612214.0,50217.0,1,29841.0,29841.0,0,0
939,2016,4,felipe-massa,williams,mercedes,5,5,10.0,4,5,53,-1,0,0,1,1,0,0,0,0,0,,5636424.0,74427.0,2,29551.0,59616.0,0,0
939,2016,4,fernando-alonso,mclaren,honda,6,6,8.0,14,14,52,8,0,0,1,1,0,0,0,0,0,,,,1,29751.0,29751.0,0,0
939,2016,4,kevin-magnussen,renault,renault,7,7,6.0,17,17,52,10,0,0,1,1,0,0,0,1,0,,,,1,30585.0,30585.0,0,0
939,2016,4,romain-grosjean,haas,ferrari,8,8,4.0,15,15,52,7,0,0,1,1,0,0,0,0,0,,,,1,31420.0,31420.0,0,0
939,2016,4,sergio-perez,force-india,mercedes,9,9,2.0,6,7,52,-3,0,0,1,1,0,0,0,0,0,,,,2,30400.0,63200.0,0,0
939,2016,4,jenson-button,mclaren,honda,10,10,1.0,12,12,52,2,0,0,1,1,0,0,0,0,0,,,,1,30580.0,30580.0,0,0
939,2016,4,daniel-ricciardo,red-bull,tag-heuer,11,11,0,5,6,52,-6,0,0,0,1,0,0,0,0,0,,,,2,31205.0,78968.0,0,0
939,2016,4,carlos-sainz-jr,toro-rosso,ferrari,12,12,0,11,11,52,-1,0,0,0,1,0,0,0,0,0,,,,1,30805.0,30805.0,0,0
939,2016,4,jolyon-palmer,renault,renault,13,13,0,18,18,52,5,0,0,0,1,0,0,0,0,0,,,,1,30805.0,30805.0,0,0
939,2016,4,marcus-ericsson,sauber,ferrari,14,14,0,22,22,52,8,0,0,0,1,0,0,0,0,0,,,,2,30433.0,60962.0,0,0
939,2016,4,daniil-kvyat,red-bull,tag-heuer,15,15,0,8,8,52,-7,0,0,0,1,0,0,0,0,0,,,,2,38906.0,80188.0,0,0
939,2016,4,felipe-nasr,sauber,ferrari,16,16,0,19,19,52,3,0,0,0,1,0,0,0,0,0,,,,1,30259.0,30259.0,0,0
939,2016,4,esteban-gutierrez,haas,ferrari,17,17,0,16,16,52,-1,0,0,0,1,0,0,0,0,0,,,,2,25037.0,65206.0,0,0
939,2016,4,pascal-wehrlein,manor,mercedes,18,18,0,20,20,51,2,0,0,0,1,0,0,0,0,0,,,,2,31433.0,88584.0,0,0
939,2016,4,max-verstappen,toro-rosso,ferrari,,DNF,0,9,9,33,,0,0,0,0,0,0,0,0,1,Power unit,,,1,30553.0,30553.0,0,0
939,2016,4,sebastian-vettel,ferrari,ferrari,,DNF,0,7,2,0,,0,0,0,0,0,0,0,0,1,Collision,,,0,,,0,0
939,2016,4,nico-hulkenberg,force-india,mercedes,,DNF,0,13,13,0,,0,0,0,0,0,0,0,0,1,Collision,,,0,,,0,0
939,2016,4,rio-haryanto,manor,mercedes,,DNF,0,21,21,0,,0,0,0,0,0,0,0,0,1,Collision,,,0,,,0,0
940,2016,5,max-verstappen,red-bull,tag-heuer,1,1,25.0,4,4,66,3,1,1,1,1,0,0,0,1,0,,6100017.0,,2,22348.0,44717.0,0,0
940,2016,5,kimi-raikkonen,ferrari,ferrari,2,2,18.0,5,5,66,3,0,1,1,1,0,0,0,0,0,,6100633.0,616.0,2,22107.0,44276.0,0,0
940,2016,5,sebastian-vettel,ferrari,ferrari,3,3,15.0,6,6,66,3,0,1,1,1,0,0,0,0,0,,6105598.0,5581.0,3,21603.0,65863.0,0,0
940,2016,5,daniel-ricciardo,red-bull,tag-heuer,4,4,12.0,3,3,66,-1,0,0,1,1,0,0,0,0,0,,6143967.0,43950.0,4,21683.0,88658.0,0,0
940,2016,5,valtteri-bottas,williams,mercedes,5,5,10.0,7,7,66,2,0,0,1,1,0,0,0,0,0,,6145288.0,45271.0,2,21856.0,44299.0,0,0
940,2016,5,carlos-sainz-jr,toro-rosso,ferrari,6,6,8.0,8,8,66,2,0,0,1,1,0,0,0,0,0,,6161412.0,61395.0,2,22874.0,45811.0,0,0
940,2016,5,sergio-perez,force-india,mercedes,7,7,6.0,9,9,66,2,0,0,1,1,0,0,0,0,0,,6179555.0,79538.0,2,21918.0,44597.0,0,0
940,2016,5,felipe-massa,williams,mercedes,8,8,4.0,18,18,66,10,0,0,1,1,0,0,0,0,0,,6180724.0,80707.0,3,21384.0,65783.0,0,0
940,2016,5,jenson-button,mclaren,honda,9,9,2.0,12,12,65,3,0,0,1,1,0,0,0,0,0,,,,2,22280.0,44870.0,0,0
940,2016,5,daniil-kvyat,toro-rosso,ferrari,10,10,1.0,13,13,65,3,0,0,1,1,0,1,0,0,0,,,,3,22234.0,68280.0,0,0
940,2016,5,esteban-gutierrez,haas,ferrari,11,11,0,16,16,65,5,0,0,0,1,0,0,0,0,0,,,,2,22430.0,45636.0,0,0
940,2016,5,marcus-ericsson,sauber,ferrari,12,12,0,19,19,65,7,0,0,0,1,0,0,0,0,0,,,,3,22840.0,68859.0,0,0
940,2016,5,jolyon-palmer,renault,renault,13,13,0,17,17,65,4,0,0,0,1,0,0,0,0,0,,,,2,22397.0,45680.0,0,0
940,2016,5,felipe-nasr,sauber,ferrari,14,14,0,20,20,65,6,0,0,0,1,0,0,0,0,0,,,,2,22976.0,46066.0,0,0
940,2016,5,kevin-magnussen,renault,renault,15,15,0,15,15,65,0,0,0,0,1,0,0,0,0,0,,,,3,22122.0,68130.0,0,0
940,2016,5,pascal-wehrlein,manor,mercedes,16,16,0,21,21,65,5,0,0,0,1,0,0,0,0,0,,,,2,24387.0,48941.0,0,0
940,2016,5,rio-haryanto,manor,mercedes,17,17,0,22,22,65,5,0,0,0,1,0,0,0,0,0,,,,2,26186.0,54939.0,0,0
940,2016,5,romain-grosjean,haas,ferrari,,DNF,0,14,14,56,,0,0,0,0,0,0,0,0,1,Brakes,,,3,22844.0,80863.0,0,0
940,2016,5,fernando-alonso,mclaren,honda,,DNF,0,10,10,45,,0,0,0,0,0,0,0,0,1,Power unit,,,2,21795.0,44782.0,0,0
940,2016,5,nico-hulkenberg,force-india,mercedes,,DNF,0,11,11,20,,0,0,0,0,0,0,0,0,1,Oil leak,,,1,22176.0,22176.0,0,0
940,2016,5,lewis-hamilton,mercedes,mercedes,,DNF,0,1,1,0,,0,0,0,0,1,0,0,0,1,Collision,,,0,,,1,0
940,2016,5,nico-rosberg,mercedes,mercedes,,DNF,0,2,2,0,,0,0,0,0,0,0,0,0,1,Collision,,,0,,,0,0
941,2016,6,lewis-hamilton,mercedes,mercedes,1,1,25.0,3,3,78,2,1,1,1,1,0,1,0,0,0,,7169133.0,,1,26315.0,26315.0,0,0
941,2016,6,daniel-ricciardo,red-bull,tag-heuer,2,2,18.0,1,1,78,-1,0,1,1,1,1,0,0,0,0,,7176385.0,7252.0,2,25054.0,60381.0,1,0
941,2016,6,sergio-perez,force-india,mercedes,3,3,15.0,7,8,78,4,0,1,1,1,0,0,0,1,0,,7182958.0,13825.0,2,25608.0,51322.0,0,0
941,2016,6,sebastian-vettel,ferrari,ferrari,4,4,12.0,4,4,78,0,0,0,1,1,0,0,0,0,0,,7184979.0,15846.0,2,25114.0,50675.0,0,0
941,2016,6,fernando-alonso,mclaren,honda,5,5,10.0,9,10,78,4,0,0,1,1,0,0,0,0,0,,7254209.0,85076.0,2,25512.0,52348.0,0,0
941,2016,6,nico-hulkenberg,force-india,mercedes,6,6,8.0,5,5,78,-1,0,0,1,1,0,0,0,0,0,,7262132.0,92999.0,2,25215.0,52279.0,0,0
941,2016,6,nico-rosberg,mercedes,mercedes,7,7,6.0,2,2,78,-5,0,0,1,1,0,0,0,0,0,,7262423.0,93290.0,2,26698.0,54378.0,0,0
941,2016,6,carlos-sainz-jr,toro-rosso,ferrari,8,8,4.0,6,7,77,-2,0,0,1,1,0,0,0,0,0,,,,2,27738.0,55850.0,0,0
941,2016,6,jenson-button,mclaren,honda,9,9,2.0,13,13,77,4,0,0,1,1,0,0,0,0,0,,,,2,25450.0,51216.0,0,0
941,2016,6,felipe-massa,williams,mercedes,10,10,1.0,14,14,77,4,0,0,1,1,0,0,0,0,0,,,,2,24934.0,50116.0,0,0
941,2016,6,esteban-gutierrez,haas,ferrari,11,11,0,12,12,77,1,0,0,0,1,0,0,0,0,0,,,,2,26044.0,53451.0,0,0
941,2016,6,valtteri-bottas,williams,mercedes,12,12,0,10,11,77,-2,0,0,0,1,0,0,0,0,0,,,,3,24673.0,77515.0,0,0
941,2016,6,romain-grosjean,haas,ferrari,13,13,0,15,15,76,2,0,0,0,1,0,0,0,0,0,,,,2,25111.0,58601.0,0,0
941,2016,6,pascal-wehrlein,manor,mercedes,14,14,0,20,20,76,6,0,0,0,1,0,0,0,0,0,,,,1,26517.0,26517.0,0,0
941,2016,6,rio-haryanto,manor,mercedes,15,15,0,19,19,74,4,0,0,0,1,0,0,0,0,0,,,,3,26292.0,82789.0,0,0
941,2016,6,marcus-ericsson,sauber,ferrari,,DNF,0,17,17,51,,0,0,0,0,0,0,0,0,1,Collision damage,,,3,26435.0,86953.0,0,0
941,2016,6,felipe-nasr,sauber,ferrari,,DNF,0,,,48,,0,0,0,0,0,0,0,0,1,Collision damage,,,3,27166.0,101108.0,0,0
941,2016,6,max-verstappen,red-bull,tag-heuer,,DNF,0,,,34,,0,0,0,0,0,0,0,0,1,Accident,,,2,25459.0,51063.0,0,0
941,2016,6,kevin-magnussen,renault,renault,,DNF,0,16,16,32,,0,0,0,0,0,0,0,0,1,Collision damage,,,4,25583.0,121514.0,0,0
941,2016,6,daniil-kvyat,toro-rosso,ferrari,,DNF,0,8,9,18,,0,0,0,0,0,0,0,0,1,Collision,,,3,19918.0,140225.0,0,0
941,2016,6,kimi-raikkonen,ferrari,ferrari,,DNF,0,11,6,10,,0,0,0,0,0,0,0,0,1,Accident damage,,,0,,,0,0
941,2016,6,jolyon-palmer,renault,renault,,DNF,0,18,18,7,,0,0,0,0,0,0,0,0,1,Accident,,,0,,,0,0
942,2016,7,lewis-hamilton,mercedes,mercedes,1,1,25.0,1,1,70,0,1,1,1,1,1,0,0,0,0,,5465296.0,,1,22243.0,22243.0,1,1
942,2016,7,sebastian-vettel,ferrari,ferrari,2,2,18.0,3,3,70,1,0,1,1,1,0,0,0,0,0,,5470307.0,5011.0,2,22361.0,44958.0,0,0
942,2016,7,valtteri-bottas,williams,mercedes,3,3,15.0,7,7,70,4,0,1,1,1,0,0,0,0,0,,5511718.0,46422.0,1,22184.0,22184.0,0,0
942,2016,7,max-verstappen,red-bull,tag-heuer,4,4,12.0,5,5,70,1,0,0,1,1,0,0,0,1,0,,5518316.0,53020.0,2,22909.0,46495.0,0,0
942,2016,7,nico-rosberg,mercedes,mercedes,5,5,10.0,2,2,70,-3,0,0,1,1,0,1,0,0,0,,5527389.0,62093.0,2,22466.0,45194.0,0,0
942,2016,7,kimi-raikkonen,ferrari,ferrari,6,6,8.0,6,6,70,0,0,0,1,1,0,0,0,0,0,,5528313.0,63017.0,2,22820.0,46083.0,0,0
942,2016,7,daniel-ricciardo,red-bull,tag-heuer,7,7,6.0,4,4,70,-3,0,0,1,1,0,0,0,0,0,,5528930.0,63634.0,2,22872.0,46890.0,0,0
942,2016,7,nico-hulkenberg,force-india,mercedes,8,8,4.0,9,9,69,1,0,0,1,1,0,0,0,0,0,,,,2,22876.0,45987.0,0,0
942,2016,7,carlos-sainz-jr,toro-rosso,ferrari,9,9,2.0,20,16,69,11,0,0,1,1,0,0,0,0,0,,,,2,23517.0,47962.0,0,0
942,2016,7,sergio-perez,force-india,mercedes,10,10,1.0,11,11,69,1,0,0,1,1,0,0,0,0,0,,,,2,22556.0,47313.0,0,0
942,2016,7,fernando-alonso,mclaren,honda,11,11,0,10,10,69,-1,0,0,0,1,0,0,0,0,0,,,,1,27952.0,27952.0,0,0
942,2016,7,daniil-kvyat,toro-rosso,ferrari,12,12,0,15,13,69,3,0,0,0,1,0,0,0,0,0,,,,2,22627.0,45627.0,0,0
942,2016,7,esteban-gutierrez,haas,ferrari,13,13,0,13,14,68,0,0,0,0,1,0,0,0,0,0,,,,2,23412.0,47340.0,0,0
942,2016,7,romain-grosjean,haas,ferrari,14,14,0,14,15,68,0,0,0,0,1,0,0,0,0,0,,,,3,23055.0,78849.0,0,0
942,2016,7,marcus-ericsson,sauber,ferrari,15,15,0,21,19,68,6,0,0,0,1,0,0,0,0,0,,,,2,22957.0,46256.0,0,0
942,2016,7,kevin-magnussen,renault,renault,16,16,0,22,,68,6,0,0,0,1,0,0,0,0,0,,,,1,23162.0,23162.0,0,0
942,2016,7,pascal-wehrlein,manor,mercedes,17,17,0,17,18,68,0,0,0,0,1,0,0,0,0,0,,,,2,24516.0,49300.0,0,0
942,2016,7,felipe-nasr,sauber,ferrari,18,18,0,18,20,68,0,0,0,0,1,0,0,0,0,0,,,,2,23608.0,47595.0,0,0
942,2016,7,rio-haryanto,manor,mercedes,19,19,0,19,21,68,0,0,0,0,1,0,0,0,0,0,,,,2,25069.0,54801.0,0,0
942,2016,7,felipe-massa,williams,mercedes,,DNF,0,8,8,35,,0,0,0,0,0,0,0,0,1,Overheating,,,1,22925.0,22925.0,0,0
942,2016,7,jolyon-palmer,renault,renault,,DNF,0,16,17,16,,0,0,0,0,0,0,0,0,1,Water leak,,,0,,,0,0
942,2016,7,jenson-button,mclaren,honda,,DNF,0,12,12,9,,0,0,0,0,0,0,0,0,1,Engine,,,0,,,0,0
943,2016,8,nico-rosberg,mercedes,mercedes,1,1,25.0,1,1,51,0,1,1,1,1,1,1,1,0,0,,5572366.0,,1,20058.0,20058.0,1,1
943,2016,8,sebastian-vettel,ferrari,ferrari,2,2,18.0,3,4,51,1,0,1,1,1,0,0,0,0,0,,5589062.0,16696.0,1,20422.0,20422.0,0,0
943,2016,8,sergio-perez,force-india,mercedes,3,3,15.0,7,2,51,4,0,1,1,1,0,0,0,1,0,,5597607.0,25241.0,1,20614.0,20614.0,0,0
943,2016,8,kimi-raikkonen,ferrari,ferrari,4,4,12.0,4,5,51,0,0,0,1,1,0,0,0,0,0,,5605468.0,33102.0,1,20593.0,20593.0,0,0
943,2016,8,lewis-hamilton,mercedes,mercedes,5,5,10.0,10,10,51,5,0,0,1,1,0,0,0,0,0,,5628701.0,56335.0,1,20108.0,20108.0,0,0
943,2016,8,valtteri-bottas,williams,mercedes,6,6,8.0,8,8,51,2,0,0,1,1,0,0,0,0,0,,5633252.0,60886.0,1,19732.0,19732.0,0,0
943,2016,8,daniel-ricciardo,red-bull,tag-heuer,7,7,6.0,2,3,51,-5,0,0,1,1,0,0,0,0,0,,5641595.0,69229.0,2,19840.0,39995.0,0,0
943,2016,8,max-verstappen,red-bull,tag-heuer,8,8,4.0,9,9,51,1,0,0,1,1,0,0,0,0,0,,5643062.0,70696.0,2,20069.0,42566.0,0,0
943,2016,8,nico-hulkenberg,force-india,mercedes,9,9,2.0,12,12,51,3,0,0,1,1,0,0,0,0,0,,5650074.0,77708.0,1,20347.0,20347.0,0,0
943,2016,8,felipe-massa,williams,mercedes,10,10,1.0,5,6,51,-5,0,0,1,1,0,0,0,0,0,,5657741.0,85375.0,2,19445.0,39303.0,0,0
943,2016,8,jenson-button,mclaren,honda,11,11,0,19,19,51,8,0,0,0,1,0,0,0,0,0,,5677183.0,104817.0,2,20185.0,40825.0,0,0
943,2016,8,felipe-nasr,sauber,ferrari,12,12,0,15,16,50,3,0,0,0,1,0,0,0,0,0,,,,2,20670.0,41383.0,0,0
943,2016,8,romain-grosjean,haas,ferrari,13,13,0,11,11,50,-2,0,0,0,1,0,0,0,0,0,,,,2,21132.0,44720.0,0,0
943,2016,8,kevin-magnussen,renault,renault,14,14,0,,21,50,8,0,0,0,1,0,0,0,0,0,,,,1,20772.0,20772.0,0,0
943,2016,8,jolyon-palmer,renault,renault,15,15,0,21,22,50,6,0,0,0,1,0,0,0,0,0,,,,2,20561.0,41526.0,0,0
943,2016,8,esteban-gutierrez,haas,ferrari,16,16,0,14,15,50,-2,0,0,0,1,0,0,0,0,0,,,,2,21533.0,50760.0,0,0
943,2016,8,marcus-ericsson,sauber,ferrari,17,17,0,20,20,50,3,0,0,0,1,0,0,0,0,0,,,,2,20559.0,41642.0,0,0
943,2016,8,rio-haryanto,manor,mercedes,18,18,0,16,17,49,-2,0,0,0,1,0,0,0,0,0,,,,1,33405.0,33405.0,0,0
943,2016,8,fernando-alonso,mclaren,honda,,DNF,0,13,14,42,,0,0,0,0,0,0,0,0,1,Gearbox,,,2,20282.0,40936.0,0,0
943,2016,8,pascal-wehrlein,manor,mercedes,,DNF,0,17,18,39,,0,0,0,0,0,0,0,0,1,Brakes,,,1,26187.0,26187.0,0,0
943,2016,8,carlos-sainz-jr,toro-rosso,ferrari,,DNF,0,18,13,31,,0,0,0,0,0,0,0,0,1,Suspension,,,2,21030.0,43058.0,0,0
943,2016,8,daniil-kvyat,toro-rosso,ferrari,,DNF,0,6,7,6,,0,0,0,0,0,0,0,0,1,Suspension,,,1,24802.0,24802.0,0,0
944,2016,9,lewis-hamilton,mercedes,mercedes,1,1,25.0,1,1,71,0,1,1,1,1,1,1,0,0,0,,5258107.0,,4,16983.0,80726.0,1,1
944,2016,9,max-verstappen,red-bull,tag-heuer,2,2,18.0,8,9,71,6,0,1,1,1,0,0,0,1,0,,5263826.0,5719.0,3,17165.0,57565.0,0,0
944,2016,9,kimi-raikkonen,ferrari,ferrari,3,3,15.0,4,6,71,1,0,1,1,1,0,0,0,0,0,,5264131.0,6024.0,3,18455.0,61577.0,0,0
944,2016,9,nico-rosberg,mercedes,mercedes,4,4,12.0,6,2,71,2,0,0,1,1,0,0,0,0,0,,5284817.0,26710.0,4,17959.0,79104.0,0,0
944,2016,9,daniel-ricciardo,red-bull,tag-heuer,5,5,10.0,5,7,71,0,0,0,1,1,0,0,0,0,0,,5289088.0,30981.0,4,18347.0,81222.0,0,0
944,2016,9,jenson-button,mclaren,honda,6,6,8.0,3,5,71,-3,0,0,1,1,0,0,0,0,0,,5295813.0,37706.0,4,18307.0,82165.0,0,0
944,2016,9,romain-grosjean,haas,ferrari,7,7,6.0,13,13,71,6,0,0,1,1,0,0,0,0,0,,5302775.0,44668.0,3,18860.0,61076.0,0,0
944,2016,9,carlos-sainz-jr,toro-rosso,ferrari,8,8,4.0,15,15,71,7,0,0,1,1,0,0,0,0,0,,5305507.0,47400.0,3,18636.0,74703.0,0,0
944,2016,9,valtteri-bottas,williams,mercedes,9,9,2.0,7,8,70,-2,0,0,1,1,0,0,0,0,0,,,,4,17800.0,81362.0,0,0
944,2016,9,pascal-wehrlein,manor,mercedes,10,10,1.0,12,12,70,2,0,0,1,1,0,0,0,0,0,,,,4,18064.0,82757.0,0,0
944,2016,9,esteban-gutierrez,haas,ferrari,11,11,0,11,11,70,0,0,0,0,1,0,0,0,0,0,,,,4,16475.0,78757.0,0,0
944,2016,9,jolyon-palmer,renault,renault,12,12,0,19,18,70,7,0,0,0,1,0,0,0,0,0,,,,4,16851.0,79706.0,0,0
944,2016,9,felipe-nasr,sauber,ferrari,13,13,0,21,22,70,8,0,0,0,1,0,0,0,0,0,,,,3,17739.0,61375.0,0,0
944,2016,9,kevin-magnussen,renault,renault,14,14,0,17,17,70,3,0,0,0,1,0,0,0,0,0,,,,4,17721.0,86484.0,0,0
944,2016,9,marcus-ericsson,sauber,ferrari,15,15,0,18,21,70,3,0,0,0,1,0,0,0,0,0,,,,4,16419.0,82766.0,0,0
944,2016,9,rio-haryanto,manor,mercedes,16,16,0,20,19,70,4,0,0,0,1,0,0,0,0,0,,,,4,16218.0,82606.0,0,0
944,2016,9,sergio-perez,force-india,mercedes,17,17,0,16,16,69,-1,0,0,0,1,0,0,0,0,0,Accident,,,4,16544.0,77809.0,0,0
944,2016,9,fernando-alonso,mclaren,honda,18,18,0,14,14,64,-4,0,0,0,1,0,0,0,0,0,Battery,,,4,16764.0,79761.0,0,0
944,2016,9,nico-hulkenberg,force-india,mercedes,19,19,0,2,3,64,-17,0,0,0,1,0,0,0,0,0,Brakes,,,5,16227.0,107270.0,0,0
944,2016,9,felipe-massa,williams,mercedes,20,20,0,,10,63,1,0,0,0,1,0,0,0,0,0,Brakes,,,4,17388.0,78731.0,0,0
944,2016,9,sebastian-vettel,ferrari,ferrari,,DNF,0,9,4,26,,0,0,0,0,0,0,0,0,1,Puncture,,,0,,,0,0
944,2016,9,daniil-kvyat,toro-rosso,ferrari,,DNF,0,,20,2,,0,0,0,0,0,0,0,0,1,Mechenical,,,0,,,0,0
945,2016,10,lewis-hamilton,mercedes,mercedes,1,1,25.0,1,1,52,0,1,1,1,1,1,0,0,0,0,,5695831.0,,2,28728.0,59071.0,1,1
945,2016,10,max-verstappen,red-bull,tag-heuer,2,2,18.0,3,3,52,1,0,1,1,1,0,0,0,1,0,,5704081.0,8250.0,2,29429.0,61424.0,0,0
945,2016,10,nico-rosberg,mercedes,mercedes,3,3,15.0,2,2,52,-1,0,1,1,1,0,1,0,0,0,,5712742.0,16911.0,2,29395.0,59110.0,0,0
945,2016,10,daniel-ricciardo,red-bull,tag-heuer,4,4,12.0,4,4,52,0,0,0,1,1,0,0,0,0,0,,5722042.0,26211.0,2,29813.0,60011.0,0,0
945,2016,10,kimi-raikkonen,ferrari,ferrari,5,5,10.0,5,5,52,0,0,0,1,1,0,0,0,0,0,,5765574.0,69743.0,2,29578.0,60040.0,0,0
945,2016,10,sergio-perez,force-india,mercedes,6,6,8.0,10,11,52,4,0,0,1,1,0,0,0,0,0,,5772772.0,76941.0,2,28915.0,58390.0,0,0
945,2016,10,nico-hulkenberg,force-india,mercedes,7,7,6.0,8,9,52,1,0,0,1,1,0,0,0,0,0,,5773543.0,77712.0,2,29867.0,60614.0,0,0
945,2016,10,carlos-sainz-jr,toro-rosso,ferrari,8,8,4.0,7,8,52,-1,0,0,1,1,0,0,0,0,0,,5781689.0,85858.0,2,29895.0,60681.0,0,0
945,2016,10,sebastian-vettel,ferrari,ferrari,9,9,2.0,11,6,52,2,0,0,1,1,0,0,0,0,0,,5787485.0,91654.0,2,29163.0,60544.0,0,0
945,2016,10,daniil-kvyat,toro-rosso,ferrari,10,10,1.0,15,15,52,5,0,0,1,1,0,0,0,0,0,,5788431.0,92600.0,2,30315.0,60642.0,0,0
945,2016,10,felipe-massa,williams,mercedes,11,11,0,12,12,51,1,0,0,0,1,0,0,0,0,0,,,,3,29243.0,87992.0,0,0
945,2016,10,jenson-button,mclaren,honda,12,12,0,17,17,51,5,0,0,0,1,0,0,0,0,0,,,,2,29588.0,59681.0,0,0
945,2016,10,fernando-alonso,mclaren,honda,13,13,0,9,10,51,-4,0,0,0,1,0,0,0,0,0,,,,3,28799.0,90109.0,0,0
945,2016,10,valtteri-bottas,williams,mercedes,14,14,0,6,7,51,-8,0,0,0,1,0,0,0,0,0,,,,2,29282.0,59090.0,0,0
945,2016,10,felipe-nasr,sauber,ferrari,15,15,0,21,21,51,6,0,0,0,1,0,0,0,0,0,,,,2,30143.0,61124.0,0,0
945,2016,10,esteban-gutierrez,haas,ferrari,16,16,0,14,14,51,-2,0,0,0,1,0,0,0,0,0,,,,2,29884.0,71392.0,0,0
945,2016,10,kevin-magnussen,renault,renault,17,17,0,16,16,49,-1,0,0,0,1,0,0,0,0,0,Gearbox,,,3,28450.0,88455.0,0,0
945,2016,10,jolyon-palmer,renault,renault,,DNF,0,18,18,37,,0,0,0,0,0,0,0,0,1,Gearbox,,,3,29784.0,126967.0,0,0
945,2016,10,rio-haryanto,manor,mercedes,,DNF,0,19,19,24,,0,0,0,0,0,0,0,0,1,Spun off,,,2,29998.0,60133.0,0,0
945,2016,10,romain-grosjean,haas,ferrari,,DNF,0,13,13,17,,0,0,0,0,0,0,0,0,1,Transmission,,,2,30882.0,62514.0,0,0
945,2016,10,marcus-ericsson,sauber,ferrari,,DNF,0,,,11,,0,0,0,0,0,0,0,0,1,Power unit,,,2,35393.0,140373.0,0,0
945,2016,10,pascal-wehrlein,manor,mercedes,,DNF,0,20,20,6,,0,0,0,0,0,0,0,0,1,Spun off,,,1,31812.0,31812.0,0,0
946,2016,11,lewis-hamilton,mercedes,mercedes,1,1,25.0,2,2,70,1,1,1,1,1,0,0,0,0,0,,6030115.0,,2,21441.0,43214.0,0,0
946,2016,11,nico-rosberg,mercedes,mercedes,2,2,18.0,1,1,70,-1,0,1,1,1,1,0,0,0,0,,6032092.0,1977.0,2,21233.0,43584.0,1,0
946,2016,11,daniel-ricciardo,red-bull,tag-heuer,3,3,15.0,3,3,70,0,0,1,1,1,0,0,0,0,0,,6057654.0,27539.0,2,22006.0,44247.0,0,0
946,2016,11,sebastian-vettel,ferrari,ferrari,4,4,12.0,5,5,70,1,0,0,1,1,0,0,0,0,0,,6058328.0,28213.0,2,21535.0,43175.0,0,0
946,2016,11,max-verstappen,red-bull,tag-heuer,5,5,10.0,4,4,70,-1,0,0,1,1,0,0,0,0,0,,6078774.0,48659.0,2,21687.0,44076.0,0,0
946,2016,11,kimi-raikkonen,ferrari,ferrari,6,6,8.0,14,14,70,8,0,0,1,1,0,1,0,1,0,,6079159.0,49044.0,2,21857.0,43808.0,0,0
946,2016,11,fernando-alonso,mclaren,honda,7,7,6.0,7,7,69,0,0,0,1,1,0,0,0,0,0,,,,2,21897.0,43996.0,0,0
946,2016,11,carlos-sainz-jr,toro-rosso,ferrari,8,8,4.0,6,6,69,-2,0,0,1,1,0,0,0,0,0,,,,2,22417.0,45377.0,0,0
946,2016,11,valtteri-bottas,williams,mercedes,9,9,2.0,10,10,69,1,0,0,1,1,0,0,0,0,0,,,,2,21405.0,43109.0,0,0
946,2016,11,nico-hulkenberg,force-india,mercedes,10,10,1.0,9,9,69,-1,0,0,1,1,0,0,0,0,0,,,,2,22014.0,45364.0,0,0
946,2016,11,sergio-perez,force-india,mercedes,11,11,0,13,13,69,2,0,0,0,1,0,0,0,0,0,,,,2,22689.0,52630.0,0,0
946,2016,11,jolyon-palmer,renault,renault,12,12,0,17,,69,5,0,0,0,1,0,0,0,0,0,,,,2,21665.0,43557.0,0,0
946,2016,11,esteban-gutierrez,haas,ferrari,13,13,0,15,15,69,2,0,0,0,1,0,0,0,0,0,,,,2,22520.0,45348.0,0,0
946,2016,11,romain-grosjean,haas,ferrari,14,14,0,11,11,69,-3,0,0,0,1,0,0,0,0,0,,,,2,22303.0,44730.0,0,0
946,2016,11,kevin-magnussen,renault,renault,15,15,0,19,,69,4,0,0,0,1,0,0,0,0,0,,,,2,21990.0,44041.0,0,0
946,2016,11,daniil-kvyat,toro-rosso,ferrari,16,16,0,12,12,69,-4,0,0,0,1,0,0,0,0,0,,,,2,22105.0,50056.0,0,0
946,2016,11,felipe-nasr,sauber,ferrari,17,17,0,16,16,69,-1,0,0,0,1,0,0,0,0,0,,,,2,22778.0,45743.0,0,0
946,2016,11,felipe-massa,williams,mercedes,18,18,0,18,,68,0,0,0,0,1,0,0,0,0,0,,,,2,21793.0,44159.0,0,0
946,2016,11,pascal-wehrlein,manor,mercedes,19,19,0,20,,68,1,0,0,0,1,0,0,0,0,0,,,,2,22765.0,46251.0,0,0
946,2016,11,marcus-ericsson,sauber,ferrari,20,20,0,,,68,2,0,0,0,1,0,0,0,0,0,,,,3,23198.0,70379.0,0,0
946,2016,11,rio-haryanto,manor,mercedes,21,21,0,21,,68,0,0,0,0,1,0,0,0,0,0,,,,1,24254.0,24254.0,0,0
946,2016,11,jenson-button,mclaren,honda,,DNF,0,8,8,60,,0,0,0,0,0,0,0,0,1,Oil leak,,,3,16486.0,61433.0,0,0
947,2016,12,lewis-hamilton,mercedes,mercedes,1,1,25.0,2,2,67,1,1,1,1,1,0,0,0,0,0,,5444200.0,,3,18475.0,55629.0,0,0
947,2016,12,daniel-ricciardo,red-bull,tag-heuer,2,2,18.0,3,3,67,1,0,1,1,1,0,1,0,1,0,,5451196.0,6996.0,3,18738.0,56681.0,0,0
947,2016,12,max-verstappen,red-bull,tag-heuer,3,3,15.0,4,4,67,1,0,1,1,1,0,0,0,0,0,,5457613.0,13413.0,3,18967.0,57121.0,0,0
947,2016,12,nico-rosberg,mercedes,mercedes,4,4,12.0,1,1,67,-3,0,0,1,1,1,0,0,0,0,,5460045.0,15845.0,3,18936.0,66993.0,1,0
947,2016,12,sebastian-vettel,ferrari,ferrari,5,5,10.0,6,6,67,1,0,0,1,1,0,0,0,0,0,,5476770.0,32570.0,3,19000.0,57702.0,0,0
947,2016,12,kimi-raikkonen,ferrari,ferrari,6,6,8.0,5,5,67,-1,0,0,1,1,0,0,0,0,0,,5481223.0,37023.0,3,19142.0,61060.0,0,0
947,2016,12,nico-hulkenberg,force-india,mercedes,7,7,6.0,8,7,67,1,0,0,1,1,0,0,0,0,0,,5514249.0,70049.0,3,19144.0,58659.0,0,0
947,2016,12,jenson-button,mclaren,honda,8,8,4.0,12,12,66,4,0,0,1,1,0,0,0,0,0,,,,3,19124.0,57819.0,0,0
947,2016,12,valtteri-bottas,williams,mercedes,9,9,2.0,7,8,66,-2,0,0,1,1,0,0,0,0,0,,,,2,18796.0,37979.0,0,0
947,2016,12,sergio-perez,force-india,mercedes,10,10,1.0,9,9,66,-1,0,0,1,1,0,0,0,0,0,,,,3,19223.0,57835.0,0,0
947,2016,12,esteban-gutierrez,haas,ferrari,11,11,0,11,11,66,0,0,0,0,1,0,0,0,0,0,,,,2,19326.0,39425.0,0,0
947,2016,12,fernando-alonso,mclaren,honda,12,12,0,13,14,66,1,0,0,0,1,0,0,0,0,0,,,,3,19127.0,57825.0,0,0
947,2016,12,romain-grosjean,haas,ferrari,13,13,0,20,15,66,7,0,0,0,1,0,0,0,0,0,,,,2,19863.0,40164.0,0,0
947,2016,12,carlos-sainz-jr,toro-rosso,ferrari,14,14,0,15,13,66,1,0,0,0,1,0,0,0,0,0,,,,3,19547.0,62045.0,0,0
947,2016,12,daniil-kvyat,toro-rosso,ferrari,15,15,0,18,19,66,3,0,0,0,1,0,0,0,0,0,,,,3,19264.0,62734.0,0,0
947,2016,12,kevin-magnussen,renault,renault,16,16,0,16,17,66,0,0,0,0,1,0,0,0,0,0,,,,2,19034.0,38193.0,0,0
947,2016,12,pascal-wehrlein,manor,mercedes,17,17,0,17,18,65,0,0,0,0,1,0,0,0,0,0,,,,3,19626.0,59097.0,0,0
947,2016,12,marcus-ericsson,sauber,ferrari,18,18,0,22,22,65,4,0,0,0,1,0,0,0,0,0,,,,2,19318.0,39466.0,0,0
947,2016,12,jolyon-palmer,renault,renault,19,19,0,14,16,65,-5,0,0,0,1,0,0,0,0,0,,,,3,19298.0,65711.0,0,0
947,2016,12,rio-haryanto,manor,mercedes,20,20,0,19,20,65,-1,0,0,0,1,0,0,0,0,0,,,,3,20919.0,73422.0,0,0
947,2016,12,felipe-nasr,sauber,ferrari,,DNF,0,21,21,57,,0,0,0,0,0,0,0,0,1,Power unit,,,3,19755.0,69564.0,0,0
947,2016,12,felipe-massa,williams,mercedes,,DNF,0,10,10,36,,0,0,0,0,0,0,0,0,1,Suspension,,,2,18590.0,54985.0,0,0
948,2016,13,nico-rosberg,mercedes,mercedes,1,1,25.0,1,1,44,0,1,1,1,1,1,0,0,0,0,,6291058.0,,2,22596.0,1018746.0,1,1
948,2016,13,daniel-ricciardo,red-bull,tag-heuer,2,2,18.0,5,5,44,3,0,1,1,1,0,0,0,0,0,,6305171.0,14113.0,2,22531.0,1020932.0,0,0
948,2016,13,lewis-hamilton,mercedes,mercedes,3,3,15.0,21,21,44,18,0,1,1,1,0,1,0,1,0,,6318692.0,27634.0,3,22432.0,1047253.0,0,0
948,2016,13,nico-hulkenberg,force-india,mercedes,4,4,12.0,7,7,44,3,0,0,1,1,0,0,0,0,0,,6326965.0,35907.0,3,23564.0,1046047.0,0,0
948,2016,13,sergio-perez,force-india,mercedes,5,5,10.0,6,6,44,1,0,0,1,1,0,0,0,0,0,,6331718.0,40660.0,3,22652.0,1046719.0,0,0
948,2016,13,sebastian-vettel,ferrari,ferrari,6,6,8.0,4,4,44,-2,0,0,1,1,0,0,0,0,0,,6336452.0,45394.0,3,22403.0,1043676.0,0,0
948,2016,13,fernando-alonso,mclaren,honda,7,7,6.0,22,,44,15,0,0,1,1,0,0,0,0,0,,6350503.0,59445.0,2,22451.0,1020685.0,0,0
948,2016,13,valtteri-bottas,williams,mercedes,8,8,4.0,8,8,44,0,0,0,1,1,0,0,0,0,0,,6351209.0,60151.0,3,22190.0,1042836.0,0,0
948,2016,13,kimi-raikkonen,ferrari,ferrari,9,9,2.0,3,3,44,-6,0,0,1,1,0,0,0,0,0,,6352167.0,61109.0,4,23056.0,1076359.0,0,0
948,2016,13,felipe-massa,williams,mercedes,10,10,1.0,10,10,44,0,0,0,1,1,0,0,0,0,0,,6356931.0,65873.0,3,22484.0,1045663.0,0,0
948,2016,13,max-verstappen,red-bull,tag-heuer,11,11,0,2,2,44,-9,0,0,0,1,0,0,0,0,0,,6362196.0,71138.0,4,22727.0,1075739.0,0,0
948,2016,13,esteban-gutierrez,haas,ferrari,12,12,0,18,13,44,6,0,0,0,1,0,0,0,0,0,,6364935.0,73877.0,3,23486.0,1045669.0,0,0
948,2016,13,romain-grosjean,haas,ferrari,13,13,0,11,11,44,-2,0,0,0,1,0,0,0,0,0,,6367532.0,76474.0,3,23107.0,1046178.0,0,0
948,2016,13,daniil-kvyat,toro-rosso,ferrari,14,14,0,19,19,44,5,0,0,0,1,0,0,0,0,0,,6378155.0,87097.0,3,23359.0,1047188.0,0,0
948,2016,13,jolyon-palmer,renault,renault,15,15,0,13,14,44,-2,0,0,0,1,0,0,0,0,0,,6384223.0,93165.0,4,22578.0,1068843.0,0,0
948,2016,13,esteban-ocon,manor,mercedes,16,16,0,17,18,43,1,0,0,0,1,0,0,0,0,0,,,,3,24208.0,1053906.0,0,0
948,2016,13,felipe-nasr,sauber,ferrari,17,17,0,16,17,43,-1,0,0,0,1,0,0,0,0,0,,,,3,26390.0,1057826.0,0,0
948,2016,13,kevin-magnussen,renault,renault,,DNF,0,12,12,5,,0,0,0,0,0,0,0,0,1,Accident,,,0,,,0,0
948,2016,13,marcus-ericsson,sauber,ferrari,,DNF,0,20,20,3,,0,0,0,0,0,0,0,0,1,Gearbox,,,0,,,0,0
948,2016,13,carlos-sainz-jr,toro-rosso,ferrari,,DNF,0,14,15,1,,0,0,0,0,0,0,0,0,1,Puncture damage,,,0,,,0,0
948,2016,13,jenson-button,mclaren,honda,,DNF,0,9,9,1,,0,0,0,0,0,0,0,0,1,Collision damage,,,0,,,0,0
948,2016,13,pascal-wehrlein,manor,mercedes,,DNF,0,15,16,0,,0,0,0,0,0,0,0,0,1,Collision,,,0,,,0,0
949,2016,14,nico-rosberg,mercedes,mercedes,1,1,25.0,2,2,53,1,1,1,1,1,0,0,0,1,0,,4648089.0,,1,25550.0,25550.0,0,0
949,2016,14,lewis-hamilton,mercedes,mercedes,2,2,18.0,1,1,53,-1,0,1,1,1,1,0,0,0,0,,4663159.0,15070.0,1,23633.0,23633.0,1,0
949,2016,14,sebastian-vettel,ferrari,ferrari,3,3,15.0,3,3,53,0,0,1,1,1,0,0,0,0,0,,4669079.0,20990.0,2,25033.0,50505.0,0,0
949,2016,14,kimi-raikkonen,ferrari,ferrari,4,4,12.0,4,4,53,0,0,0,1,1,0,0,0,0,0,,4675650.0,27561.0,2,24116.0,48395.0,0,0
949,2016,14,daniel-ricciardo,red-bull,tag-heuer,5,5,10.0,6,6,53,1,0,0,1,1,0,0,0,0,0,,4693384.0,45295.0,2,23633.0,47378.0,0,0
949,2016,14,valtteri-bottas,williams,mercedes,6,6,8.0,5,5,53,-1,0,0,1,1,0,0,0,0,0,,4699104.0,51015.0,2,23899.0,48060.0,0,0
949,2016,14,max-verstappen,red-bull,tag-heuer,7,7,6.0,7,7,53,0,0,0,1,1,0,0,0,0,0,,4702325.0,54236.0,2,23827.0,48437.0,0,0
949,2016,14,sergio-perez,force-india,mercedes,8,8,4.0,8,8,53,0,0,0,1,1,0,0,0,0,0,,4713043.0,64954.0,2,24033.0,48570.0,0,0
949,2016,14,felipe-massa,williams,mercedes,9,9,2.0,11,11,53,2,0,0,1,1,0,0,0,0,0,,4713706.0,65617.0,2,23822.0,47762.0,0,0
949,2016,14,nico-hulkenberg,force-india,mercedes,10,10,1.0,9,9,53,-1,0,0,1,1,0,0,0,0,0,,4726745.0,78656.0,2,24043.0,48596.0,0,0
949,2016,14,romain-grosjean,haas,ferrari,11,11,0,17,12,52,6,0,0,0,1,0,0,0,0,0,,,,1,25340.0,25340.0,0,0
949,2016,14,jenson-button,mclaren,honda,12,12,0,14,15,52,2,0,0,0,1,0,0,0,0,0,,,,2,24418.0,50845.0,0,0
949,2016,14,esteban-gutierrez,haas,ferrari,13,13,0,10,10,52,-3,0,0,0,1,0,0,0,0,0,,,,2,25150.0,50665.0,0,0
949,2016,14,fernando-alonso,mclaren,honda,14,14,0,12,13,52,-2,0,0,0,1,0,1,0,0,0,,,,3,23694.0,74619.0,0,0
949,2016,14,carlos-sainz-jr,toro-rosso,ferrari,15,15,0,15,16,52,0,0,0,0,1,0,0,0,0,0,,,,2,24341.0,49642.0,0,0
949,2016,14,marcus-ericsson,sauber,ferrari,16,16,0,19,19,52,3,0,0,0,1,0,0,0,0,0,,,,1,25145.0,25145.0,0,0
949,2016,14,kevin-magnussen,renault,renault,17,17,0,21,21,52,4,0,0,0,1,0,0,0,0,0,,,,2,23757.0,48262.0,0,0
949,2016,14,esteban-ocon,manor,mercedes,18,18,0,22,,51,4,0,0,0,1,0,0,0,0,0,,,,1,25539.0,25539.0,0,0
949,2016,14,daniil-kvyat,toro-rosso,ferrari,,DNF,0,16,17,36,,0,0,0,0,0,0,0,0,1,Battery,,,2,24363.0,49546.0,0,0
949,2016,14,pascal-wehrlein,manor,mercedes,,DNF,0,13,14,26,,0,0,0,0,0,0,0,0,1,Oil leak,,,1,25962.0,25962.0,0,0
949,2016,14,jolyon-palmer,renault,renault,,DNF,0,20,20,7,,0,0,0,0,0,0,0,0,1,Collision damage,,,1,33275.0,33275.0,0,0
949,2016,14,felipe-nasr,sauber,ferrari,,DNF,0,18,18,6,,0,0,0,0,0,0,0,0,1,Collision damage,,,3,27786.0,874834.0,0,0
950,2016,15,nico-rosberg,mercedes,mercedes,1,1,25.0,1,1,61,0,1,1,1,1,1,0,0,0,0,,6948950.0,,3,26350.0,85866.0,1,1
950,2016,15,daniel-ricciardo,red-bull,tag-heuer,2,2,18.0,2,2,61,0,0,1,1,1,0,1,0,0,0,,6949438.0,488.0,4,25925.0,112398.0,0,0
950,2016,15,lewis-hamilton,mercedes,mercedes,3,3,15.0,3,3,61,0,0,1,1,1,0,0,0,0,0,,6956988.0,8038.0,4,24453.0,110339.0,0,0
950,2016,15,kimi-raikkonen,ferrari,ferrari,4,4,12.0,5,5,61,1,0,0,1,1,0,0,0,0,0,,6959169.0,10219.0,4,24874.0,112004.0,0,0
950,2016,15,sebastian-vettel,ferrari,ferrari,5,5,10.0,22,22,61,17,0,0,1,1,0,0,0,1,0,,6976644.0,27694.0,3,24342.0,82657.0,0,0
950,2016,15,max-verstappen,red-bull,tag-heuer,6,6,8.0,4,4,61,-2,0,0,1,1,0,0,0,0,0,,7020147.0,71197.0,4,25740.0,112357.0,0,0
950,2016,15,fernando-alonso,mclaren,honda,7,7,6.0,9,9,61,2,0,0,1,1,0,0,0,0,0,,7038148.0,89198.0,3,24649.0,84431.0,0,0
950,2016,15,sergio-perez,force-india,mercedes,8,8,4.0,17,10,61,9,0,0,1,1,0,0,0,0,0,,7060012.0,111062.0,2,28742.0,61563.0,0,0
950,2016,15,daniil-kvyat,toro-rosso,ferrari,9,9,2.0,7,7,61,-2,0,0,1,1,0,0,0,0,0,,7060507.0,111557.0,3,24584.0,84090.0,0,0
950,2016,15,kevin-magnussen,renault,renault,10,10,1.0,15,17,61,5,0,0,1,1,0,0,0,0,0,,7068902.0,119952.0,3,25816.0,84329.0,0,0
950,2016,15,esteban-gutierrez,haas,ferrari,11,11,0,13,14,60,2,0,0,0,1,0,0,0,0,0,,,,3,26519.0,86986.0,0,0
950,2016,15,felipe-massa,williams,mercedes,12,12,0,11,12,60,-1,0,0,0,1,0,0,0,0,0,,,,4,25929.0,114092.0,0,0
950,2016,15,felipe-nasr,sauber,ferrari,13,13,0,16,18,60,3,0,0,0,1,0,0,0,0,0,,,,3,25057.0,84891.0,0,0
950,2016,15,carlos-sainz-jr,toro-rosso,ferrari,14,14,0,6,6,60,-8,0,0,0,1,0,0,0,0,0,,,,4,25973.0,114516.0,0,0
950,2016,15,jolyon-palmer,renault,renault,15,15,0,18,19,60,3,0,0,0,1,0,0,0,0,0,,,,3,25211.0,82862.0,0,0
950,2016,15,pascal-wehrlein,manor,mercedes,16,16,0,19,20,60,3,0,0,0,1,0,0,0,0,0,,,,3,24308.0,85311.0,0,0
950,2016,15,marcus-ericsson,sauber,ferrari,17,17,0,14,16,60,-3,0,0,0,1,0,0,0,0,0,,,,4,26135.0,114989.0,0,0
950,2016,15,esteban-ocon,manor,mercedes,18,18,0,21,21,59,3,0,0,0,1,0,0,0,0,0,,,,4,24343.0,201708.0,0,0
950,2016,15,jenson-button,mclaren,honda,,DNF,0,12,13,43,,0,0,0,0,0,0,0,0,1,Brakes,,,3,28998.0,100838.0,0,0
950,2016,15,valtteri-bottas,williams,mercedes,,DNF,0,10,11,35,,0,0,0,0,0,0,0,0,1,Overheating,,,4,28545.0,153714.0,0,0
950,2016,15,nico-hulkenberg,force-india,mercedes,,DNF,0,8,8,0,,0,0,0,0,0,0,0,0,1,Collision,,,0,,,0,0
950,2016,15,romain-grosjean,haas,ferrari,,DNS,0,20,15,0,,0,0,0,0,0,0,0,0,1,Brakes,,,0,,,0,0
951,2016,16,daniel-ricciardo,red-bull,tag-heuer,1,1,25.0,4,4,56,3,1,1,1,1,0,0,0,0,0,,5832776.0,,2,24197.0,48605.0,0,0
951,2016,16,max-verstappen,red-bull,tag-heuer,2,2,18.0,3,3,56,1,0,1,1,1,0,0,0,1,0,,5835219.0,2443.0,3,23856.0,76065.0,0,0
951,2016,16,nico-rosberg,mercedes,mercedes,3,3,15.0,2,2,56,-1,0,1,1,1,0,1,0,0,0,,5858292.0,25516.0,3,23476.0,71887.0,0,0
951,2016,16,kimi-raikkonen,ferrari,ferrari,4,4,12.0,6,6,56,2,0,0,1,1,0,0,0,0,0,,5861561.0,28785.0,3,24412.0,73805.0,0,0
951,2016,16,valtteri-bottas,williams,mercedes,5,5,10.0,11,11,56,6,0,0,1,1,0,0,0,0,0,,5894358.0,61582.0,1,23828.0,23828.0,0,0
951,2016,16,sergio-perez,force-india,mercedes,6,6,8.0,7,7,56,1,0,0,1,1,0,0,0,0,0,,5896570.0,63794.0,2,23947.0,50971.0,0,0
951,2016,16,fernando-alonso,mclaren,honda,7,7,6.0,22,22,56,15,0,0,1,1,0,0,0,0,0,,5897981.0,65205.0,3,23920.0,73176.0,0,0
951,2016,16,nico-hulkenberg,force-india,mercedes,8,8,4.0,8,8,56,0,0,0,1,1,0,0,0,0,0,,5906838.0,74062.0,3,24012.0,75813.0,0,0
951,2016,16,jenson-button,mclaren,honda,9,9,2.0,9,9,56,0,0,0,1,1,0,0,0,0,0,,5914592.0,81816.0,2,24645.0,49383.0,0,0
951,2016,16,jolyon-palmer,renault,renault,10,10,1.0,19,19,56,9,0,0,1,1,0,0,0,0,0,,5928242.0,95466.0,1,23928.0,23928.0,0,0
951,2016,16,carlos-sainz-jr,toro-rosso,ferrari,11,11,0,16,16,56,5,0,0,0,1,0,0,0,0,0,,5931654.0,98878.0,2,24400.0,48873.0,0,0
951,2016,16,marcus-ericsson,sauber,ferrari,12,12,0,17,17,55,5,0,0,0,1,0,0,0,0,0,,,,2,24706.0,49978.0,0,0
951,2016,16,felipe-massa,williams,mercedes,13,13,0,10,10,55,-3,0,0,0,1,0,0,0,0,0,,,,3,23528.0,71731.0,0,0
951,2016,16,daniil-kvyat,toro-rosso,ferrari,14,14,0,15,15,55,1,0,0,0,1,0,0,0,0,0,,,,3,24338.0,81469.0,0,0
951,2016,16,pascal-wehrlein,manor,mercedes,15,15,0,21,21,55,6,0,0,0,1,0,0,0,0,0,,,,3,25201.0,77177.0,0,0
951,2016,16,esteban-ocon,manor,mercedes,16,16,0,20,20,55,4,0,0,0,1,0,0,0,0,0,,,,2,25368.0,58706.0,0,0
951,2016,16,felipe-nasr,sauber,ferrari,,DNF,0,18,18,46,,0,0,0,0,0,0,0,0,1,Brakes,,,1,24697.0,24697.0,0,0
951,2016,16,lewis-hamilton,mercedes,mercedes,,DNF,0,1,1,40,,0,0,0,0,1,0,0,0,1,Engine,,,1,23689.0,23689.0,1,0
951,2016,16,esteban-gutierrez,haas,ferrari,,DNF,0,13,13,39,,0,0,0,0,0,0,0,0,1,Wheel,,,3,24814.0,80602.0,0,0
951,2016,16,kevin-magnussen,renault,renault,,DNF,0,14,14,17,,0,0,0,0,0,0,0,0,1,Power loss,,,1,30679.0,30679.0,0,0
951,2016,16,romain-grosjean,haas,ferrari,,DNF,0,12,12,7,,0,0,0,0,0,0,0,0,1,Brakes,,,0,,,0,0
951,2016,16,sebastian-vettel,ferrari,ferrari,,DNF,0,5,5,0,,0,0,0,0,0,0,0,0,1,Collision,,,0,,,0,0
952,2016,17,nico-rosberg,mercedes,mercedes,1,1,25.0,1,1,53,0,1,1,1,1,1,0,0,0,0,,5203333.0,,2,22673.0,45823.0,1,1
952,2016,17,max-verstappen,red-bull,tag-heuer,2,2,18.0,3,5,53,1,0,1,1,1,0,0,0,1,0,,5208311.0,4978.0,2,22788.0,45643.0,0,0
952,2016,17,lewis-hamilton,mercedes,mercedes,3,3,15.0,2,2,53,-1,0,1,1,1,0,0,0,0,0,,5209109.0,5776.0,2,22732.0,45721.0,0,0
952,2016,17,sebastian-vettel,ferrari,ferrari,4,4,12.0,6,4,53,2,0,0,1,1,0,1,0,0,0,,5223602.0,20269.0,2,22887.0,46113.0,0,0
952,2016,17,kimi-raikkonen,ferrari,ferrari,5,5,10.0,8,3,53,3,0,0,1,1,0,0,0,0,0,,5231703.0,28370.0,2,22762.0,46006.0,0,0
952,2016,17,daniel-ricciardo,red-bull,tag-heuer,6,6,8.0,4,6,53,-2,0,0,1,1,0,0,0,0,0,,5237274.0,33941.0,2,22996.0,48857.0,0,0
952,2016,17,sergio-perez,force-india,mercedes,7,7,6.0,5,7,53,-2,0,0,1,1,0,0,0,0,0,,5260828.0,57495.0,2,22721.0,46326.0,0,0
952,2016,17,nico-hulkenberg,force-india,mercedes,8,8,4.0,9,9,53,1,0,0,1,1,0,0,0,0,0,,5262510.0,59177.0,2,22832.0,45784.0,0,0
952,2016,17,felipe-massa,williams,mercedes,9,9,2.0,12,12,53,3,0,0,1,1,0,0,0,0,0,,5301096.0,97763.0,1,22463.0,22463.0,0,0
952,2016,17,valtteri-bottas,williams,mercedes,10,10,1.0,11,11,53,1,0,0,1,1,0,0,0,0,0,,5301656.0,98323.0,1,25007.0,25007.0,0,0
952,2016,17,romain-grosjean,haas,ferrari,11,11,0,7,8,53,-4,0,0,0,1,0,0,0,0,0,,5302587.0,99254.0,2,23741.0,49170.0,0,0
952,2016,17,jolyon-palmer,renault,renault,12,12,0,16,16,52,4,0,0,0,1,0,0,0,0,0,,,,1,23452.0,23452.0,0,0
952,2016,17,daniil-kvyat,toro-rosso,ferrari,13,13,0,13,13,52,0,0,0,0,1,0,0,0,0,0,,,,2,22943.0,45933.0,0,0
952,2016,17,kevin-magnussen,renault,renault,14,14,0,17,18,52,3,0,0,0,1,0,0,0,0,0,,,,1,23072.0,23072.0,0,0
952,2016,17,marcus-ericsson,sauber,ferrari,15,15,0,18,19,52,3,0,0,0,1,0,0,0,0,0,,,,1,24011.0,24011.0,0,0
952,2016,17,fernando-alonso,mclaren,honda,16,16,0,15,15,52,-1,0,0,0,1,0,0,0,0,0,,,,2,22786.0,45818.0,0,0
952,2016,17,carlos-sainz-jr,toro-rosso,ferrari,17,17,0,14,14,52,-3,0,0,0,1,0,0,0,0,0,,,,2,22938.0,45924.0,0,0
952,2016,17,jenson-button,mclaren,honda,18,18,0,22,17,52,4,0,0,0,1,0,0,0,0,0,,,,2,23342.0,47717.0,0,0
952,2016,17,felipe-nasr,sauber,ferrari,19,19,0,19,20,52,0,0,0,0,1,0,0,0,0,0,,,,1,25131.0,25131.0,0,0
952,2016,17,esteban-gutierrez,haas,ferrari,20,20,0,10,10,52,-10,0,0,0,1,0,0,0,0,0,,,,2,23792.0,47902.0,0,0
952,2016,17,esteban-ocon,manor,mercedes,21,21,0,20,21,52,-1,0,0,0,1,0,0,0,0,0,,,,2,24256.0,49229.0,0,0
952,2016,17,pascal-wehrlein,manor,mercedes,22,22,0,21,22,52,-1,0,0,0,1,0,0,0,0,0,,,,2,24630.0,50091.0,0,0
953,2016,18,lewis-hamilton,mercedes,mercedes,1,1,25.0,1,1,56,0,1,1,1,1,1,0,0,0,0,,5892618.0,,2,23575.0,47176.0,1,1
953,2016,18,nico-rosberg,mercedes,mercedes,2,2,18.0,2,2,56,0,0,1,1,1,0,0,0,0,0,,5897138.0,4520.0,2,23526.0,47675.0,0,0
953,2016,18,daniel-ricciardo,red-bull,tag-heuer,3,3,15.0,3,3,56,0,0,1,1,1,0,0,0,0,0,,5912310.0,19692.0,2,23534.0,47490.0,0,0
953,2016,18,sebastian-vettel,ferrari,ferrari,4,4,12.0,6,6,56,2,0,0,1,1,0,1,0,0,0,,5935752.0,43134.0,3,23812.0,72401.0,0,0
953,2016,18,fernando-alonso,mclaren,honda,5,5,10.0,12,12,56,7,0,0,1,1,0,0,0,0,0,,5986571.0,93953.0,2,23683.0,48983.0,0,0
953,2016,18,carlos-sainz-jr,toro-rosso,ferrari,6,6,8.0,10,10,56,4,0,0,1,1,0,0,0,0,0,,5988742.0,96124.0,2,24281.0,49059.0,0,0
953,2016,18,felipe-massa,williams,mercedes,7,7,6.0,9,9,55,2,0,0,1,1,0,0,0,0,0,,,,3,23464.0,71460.0,0,0
953,2016,18,sergio-perez,force-india,mercedes,8,8,4.0,11,11,55,3,0,0,1,1,0,0,0,0,0,,,,2,23350.0,47817.0,0,0
953,2016,18,jenson-button,mclaren,honda,9,9,2.0,19,19,55,10,0,0,1,1,0,0,0,0,0,,,,2,23613.0,49248.0,0,0
953,2016,18,romain-grosjean,haas,ferrari,10,10,1.0,17,17,55,7,0,0,1,1,0,0,0,0,0,,,,2,24523.0,50579.0,0,0
953,2016,18,daniil-kvyat,toro-rosso,ferrari,11,11,0,13,13,55,2,0,0,0,1,0,0,0,0,0,,,,1,37837.0,37837.0,0,0
953,2016,18,kevin-magnussen,renault,renault,12,12,0,18,18,55,6,0,0,0,1,0,0,0,0,0,,,,3,23898.0,72311.0,0,0
953,2016,18,jolyon-palmer,renault,renault,13,13,0,15,15,55,2,0,0,0,1,0,0,0,0,0,,,,2,24071.0,48837.0,0,0
953,2016,18,marcus-ericsson,sauber,ferrari,14,14,0,16,16,55,2,0,0,0,1,0,0,0,0,0,,,,1,25229.0,25229.0,0,0
953,2016,18,felipe-nasr,sauber,ferrari,15,15,0,21,21,55,6,0,0,0,1,0,0,0,0,0,,,,1,24244.0,24244.0,0,0
953,2016,18,valtteri-bottas,williams,mercedes,16,16,0,8,8,55,-8,0,0,0,1,0,0,0,0,0,,,,2,25222.0,52320.0,0,0
953,2016,18,pascal-wehrlein,manor,mercedes,17,17,0,20,20,55,3,0,0,0,1,0,0,0,0,0,,,,2,25182.0,51241.0,0,0
953,2016,18,esteban-ocon,manor,mercedes,18,18,0,22,22,54,4,0,0,0,1,0,0,0,0,0,,,,3,24665.0,77413.0,0,0
953,2016,18,kimi-raikkonen,ferrari,ferrari,,DNF,0,5,5,38,,0,0,0,0,0,0,0,0,1,Loose wheel,,,3,23845.0,73218.0,0,0
953,2016,18,max-verstappen,red-bull,tag-heuer,,DNF,0,4,4,28,,0,0,0,0,0,0,0,1,1,Gearbox,,,2,23489.0,59601.0,0,0
953,2016,18,esteban-gutierrez,haas,ferrari,,DNF,0,14,14,16,,0,0,0,0,0,0,0,0,1,Brakes,,,1,24470.0,24470.0,0,0
953,2016,18,nico-hulkenberg,force-india,mercedes,,DNF,0,7,7,1,,0,0,0,0,0,0,0,0,1,Collision damage,,,0,,,0,0
954,2016,19,lewis-hamilton,mercedes,mercedes,1,1,25.0,1,1,71,0,1,1,1,1,1,0,0,0,0,,6031402.0,,1,21709.0,21709.0,1,1
954,2016,19,nico-rosberg,mercedes,mercedes,2,2,18.0,2,2,71,0,0,1,1,1,0,0,0,0,0,,6039756.0,8354.0,1,21997.0,21997.0,0,0
954,2016,19,daniel-ricciardo,red-bull,tag-heuer,3,3,15.0,4,4,71,1,0,1,1,1,0,1,0,0,0,,6052260.0,20858.0,2,22087.0,44530.0,0,0
954,2016,19,max-verstappen,red-bull,tag-heuer,4,4,12.0,3,3,71,-1,0,0,1,1,0,0,0,0,0,,6052725.0,21323.0,1,21775.0,21775.0,0,0
954,2016,19,sebastian-vettel,ferrari,ferrari,5,5,10.0,7,7,71,2,0,0,1,1,0,0,0,1,0,,6058715.0,27313.0,1,22035.0,22035.0,0,0
954,2016,19,kimi-raikkonen,ferrari,ferrari,6,6,8.0,6,6,71,0,0,0,1,1,0,0,0,0,0,,6080778.0,49376.0,2,22398.0,45372.0,0,0
954,2016,19,nico-hulkenberg,force-india,mercedes,7,7,6.0,5,5,71,-2,0,0,1,1,0,0,0,0,0,,6090293.0,58891.0,1,22134.0,22134.0,0,0
954,2016,19,valtteri-bottas,williams,mercedes,8,8,4.0,8,8,71,0,0,0,1,1,0,0,0,0,0,,6097014.0,65612.0,1,22396.0,22396.0,0,0
954,2016,19,felipe-massa,williams,mercedes,9,9,2.0,9,9,71,0,0,0,1,1,0,0,0,0,0,,6107608.0,76206.0,1,21863.0,21863.0,0,0
954,2016,19,sergio-perez,force-india,mercedes,10,10,1.0,12,12,71,2,0,0,1,1,0,0,0,0,0,,6108200.0,76798.0,1,22213.0,22213.0,0,0
954,2016,19,marcus-ericsson,sauber,ferrari,11,11,0,15,15,70,4,0,0,0,1,0,0,0,0,0,,,,1,32608.0,32608.0,0,0
954,2016,19,jenson-button,mclaren,honda,12,12,0,13,13,70,1,0,0,0,1,0,0,0,0,0,,,,1,22438.0,22438.0,0,0
954,2016,19,fernando-alonso,mclaren,honda,13,13,0,11,11,70,-2,0,0,0,1,0,0,0,0,0,,,,2,22461.0,47632.0,0,0
954,2016,19,jolyon-palmer,renault,renault,14,14,0,21,,70,7,0,0,0,1,0,0,0,0,0,,,,1,23897.0,23897.0,0,0
954,2016,19,felipe-nasr,sauber,ferrari,15,15,0,19,19,70,4,0,0,0,1,0,0,0,0,0,,,,1,23540.0,23540.0,0,0
954,2016,19,carlos-sainz-jr,toro-rosso,ferrari,16,16,0,10,10,70,-6,0,0,0,1,0,0,0,0,0,,,,1,22747.0,22747.0,0,0
954,2016,19,kevin-magnussen,renault,renault,17,17,0,14,14,70,-3,0,0,0,1,0,0,0,0,0,,,,2,22271.0,44655.0,0,0
954,2016,19,daniil-kvyat,toro-rosso,ferrari,18,18,0,18,18,70,0,0,0,0,1,0,0,0,0,0,,,,2,22665.0,45530.0,0,0
954,2016,19,esteban-gutierrez,haas,ferrari,19,19,0,17,17,70,-2,0,0,0,1,0,0,0,0,0,,,,2,23110.0,48308.0,0,0
954,2016,19,romain-grosjean,haas,ferrari,20,20,0,,21,70,2,0,0,0,1,0,0,0,0,0,,,,2,22957.0,46635.0,0,0
954,2016,19,esteban-ocon,manor,mercedes,21,21,0,20,20,69,-1,0,0,0,1,0,0,0,0,0,,,,1,23866.0,23866.0,0,0
954,2016,19,pascal-wehrlein,manor,mercedes,,DNF,0,16,16,0,,0,0,0,0,0,0,0,0,1,Collision,,,0,,,0,0
955,2016,20,lewis-hamilton,mercedes,mercedes,1,1,25.0,1,1,71,0,1,1,1,1,1,0,0,0,0,,10861335.0,,2,1482048.0,3492409.0,1,1
955,2016,20,nico-rosberg,mercedes,mercedes,2,2,18.0,2,2,71,0,0,1,1,1,0,0,0,0,0,,10872790.0,11455.0,2,1481624.0,3491371.0,0,0
955,2016,20,max-verstappen,red-bull,tag-heuer,3,3,15.0,4,4,71,1,0,1,1,1,0,1,0,1,0,,10882816.0,21481.0,5,24041.0,3563738.0,0,0
955,2016,20,sergio-perez,force-india,mercedes,4,4,12.0,9,9,71,5,0,0,1,1,0,0,0,0,0,,10886681.0,25346.0,2,1482290.0,3490688.0,0,0
955,2016,20,sebastian-vettel,ferrari,ferrari,5,5,10.0,5,5,71,0,0,0,1,1,0,0,0,0,0,,10887669.0,26334.0,3,29981.0,3524541.0,0,0
955,2016,20,carlos-sainz-jr,toro-rosso,ferrari,6,6,8.0,15,15,71,9,0,0,1,1,0,0,0,0,0,,10890495.0,29160.0,2,1483053.0,3491881.0,0,0
955,2016,20,nico-hulkenberg,force-india,mercedes,7,7,6.0,8,8,71,1,0,0,1,1,0,0,0,0,0,,10891162.0,29827.0,3,24282.0,3518090.0,0,0
955,2016,20,daniel-ricciardo,red-bull,tag-heuer,8,8,4.0,6,6,71,-2,0,0,1,1,0,0,0,0,0,,10891821.0,30486.0,5,24521.0,3572090.0,0,0
955,2016,20,felipe-nasr,sauber,ferrari,9,9,2.0,21,22,71,12,0,0,1,1,0,0,0,0,0,,10903955.0,42620.0,2,1483214.0,3491420.0,0,0
955,2016,20,fernando-alonso,mclaren,honda,10,10,1.0,10,10,71,0,0,0,1,1,0,0,0,0,0,,10905767.0,44432.0,3,24821.0,3517428.0,0,0
955,2016,20,valtteri-bottas,williams,mercedes,11,11,0,11,11,71,0,0,0,0,1,0,0,0,0,0,,10906627.0,45292.0,4,24724.0,3542270.0,0,0
955,2016,20,esteban-ocon,manor,mercedes,12,12,0,22,20,71,10,0,0,0,1,0,0,0,0,0,,10907144.0,45809.0,2,1485092.0,3494144.0,0,0
955,2016,20,daniil-kvyat,toro-rosso,ferrari,13,13,0,14,14,71,1,0,0,0,1,0,0,0,0,0,,10912527.0,51192.0,4,25355.0,3546767.0,0,0
955,2016,20,kevin-magnussen,renault,renault,14,14,0,18,18,71,4,0,0,0,1,0,0,0,0,0,,10912890.0,51555.0,4,24265.0,3542704.0,0,0
955,2016,20,pascal-wehrlein,manor,mercedes,15,15,0,19,19,71,4,0,0,0,1,0,0,0,0,0,,10921833.0,60498.0,3,25509.0,3518952.0,0,0
955,2016,20,jenson-button,mclaren,honda,16,16,0,17,17,71,1,0,0,0,1,0,0,0,0,0,,10943329.0,81994.0,5,24192.0,3569001.0,0,0
955,2016,20,esteban-gutierrez,haas,ferrari,,DNF,0,12,12,60,,0,0,0,0,0,0,0,0,1,Electrical,,,4,17835.0,3538573.0,0,0
955,2016,20,felipe-massa,williams,mercedes,,DNF,0,13,13,46,,0,0,0,0,0,0,0,0,1,Accident,,,4,29421.0,3554774.0,0,0
955,2016,20,jolyon-palmer,renault,renault,,DNF,0,16,16,20,,0,0,0,0,0,0,0,0,1,Collision damage,,,2,24656.0,49401.0,0,0
955,2016,20,kimi-raikkonen,ferrari,ferrari,,DNF,0,3,3,19,,0,0,0,0,0,0,0,0,1,Accident,,,0,,,0,0
955,2016,20,marcus-ericsson,sauber,ferrari,,DNF,0,20,21,11,,0,0,0,0,0,0,0,0,1,Accident,,,1,25395.0,25395.0,0,0
955,2016,20,romain-grosjean,haas,ferrari,,DNS,0,7,7,0,,0,0,0,0,0,0,0,0,1,Accident,,,0,,,0,0
956,2016,21,lewis-hamilton,mercedes,mercedes,1,1,25.0,1,1,55,0,1,1,1,1,1,0,0,0,0,,5884013.0,,2,21355.0,43955.0,1,1
956,2016,21,nico-rosberg,mercedes,mercedes,2,2,18.0,2,2,55,0,0,1,1,1,0,0,0,0,0,,5884452.0,439.0,2,21218.0,44971.0,0,0
956,2016,21,sebastian-vettel,ferrari,ferrari,3,3,15.0,5,5,55,2,0,1,1,1,0,1,0,1,0,,5884856.0,843.0,2,21711.0,43583.0,0,0
956,2016,21,max-verstappen,red-bull,tag-heuer,4,4,12.0,6,6,55,2,0,0,1,1,0,0,0,0,0,,5885698.0,1685.0,1,21221.0,21221.0,0,0
956,2016,21,daniel-ricciardo,red-bull,tag-heuer,5,5,10.0,3,3,55,-2,0,0,1,1,0,0,0,0,0,,5889328.0,5315.0,2,21768.0,43852.0,0,0
956,2016,21,kimi-raikkonen,ferrari,ferrari,6,6,8.0,4,4,55,-2,0,0,1,1,0,0,0,0,0,,5902829.0,18816.0,2,21959.0,44046.0,0,0
956,2016,21,nico-hulkenberg,force-india,mercedes,7,7,6.0,7,7,55,0,0,0,1,1,0,0,0,0,0,,5934127.0,50114.0,2,21482.0,43316.0,0,0
956,2016,21,sergio-perez,force-india,mercedes,8,8,4.0,8,8,55,0,0,0,1,1,0,0,0,0,0,,5942789.0,58776.0,2,21308.0,43320.0,0,0
956,2016,21,felipe-massa,williams,mercedes,9,9,2.0,10,10,55,1,0,0,1,1,0,0,0,0,0,,5943449.0,59436.0,2,21539.0,43314.0,0,0
956,2016,21,fernando-alonso,mclaren,honda,10,10,1.0,9,9,55,-1,0,0,1,1,0,0,0,0,0,,5943909.0,59896.0,2,22248.0,44676.0,0,0
956,2016,21,romain-grosjean,haas,ferrari,11,11,0,14,14,55,3,0,0,0,1,0,0,0,0,0,,5960790.0,76777.0,2,22527.0,45365.0,0,0
956,2016,21,esteban-gutierrez,haas,ferrari,12,12,0,13,13,55,1,0,0,0,1,0,0,0,0,0,,5979126.0,95113.0,2,22032.0,44134.0,0,0
956,2016,21,esteban-ocon,manor,mercedes,13,13,0,20,20,54,7,0,0,0,1,0,0,0,0,0,,,,2,23026.0,47061.0,0,0
956,2016,21,pascal-wehrlein,manor,mercedes,14,14,0,16,16,54,2,0,0,0,1,0,0,0,0,0,,,,2,22949.0,56344.0,0,0
956,2016,21,marcus-ericsson,sauber,ferrari,15,15,0,22,22,54,7,0,0,0,1,0,0,0,0,0,,,,1,22991.0,22991.0,0,0
956,2016,21,felipe-nasr,sauber,ferrari,16,16,0,19,19,54,3,0,0,0,1,0,0,0,0,0,,,,2,23272.0,53205.0,0,0
956,2016,21,jolyon-palmer,renault,renault,17,17,0,15,15,54,-2,0,0,0,1,0,0,0,0,0,,,,3,22145.0,69514.0,0,0
956,2016,21,carlos-sainz-jr,toro-rosso,ferrari,,DNF,0,21,21,41,,0,0,0,0,0,0,0,0,1,Collision damage,,,2,21761.0,43696.0,0,0
956,2016,21,daniil-kvyat,toro-rosso,ferrari,,DNF,0,17,17,14,,0,0,0,0,0,0,0,0,1,Gearbox,,,1,21896.0,21896.0,0,0
956,2016,21,jenson-button,mclaren,honda,,DNF,0,12,12,12,,0,0,0,0,0,0,0,0,1,Suspension,,,0,,,0,0
956,2016,21,valtteri-bottas,williams,mercedes,,DNF,0,11,11,6,,0,0,0,0,0,0,0,0,1,Suspension,,,0,,,0,0
956,2016,21,kevin-magnussen,renault,renault,,DNF,0,18,18,5,,0,0,0,0,0,0,0,0,1,Suspension,,,1,27068.0,27068.0,0,0
957,2017,1,sebastian-vettel,ferrari,ferrari,1,1,25.0,2,2,57,1,1,1,1,1,0,0,0,1,0,,5051672.0,,1,21988.0,21988.0,0,0
957,2017,1,lewis-hamilton,mercedes,mercedes,2,2,18.0,1,1,57,-1,0,1,1,1,1,0,0,0,0,,5061647.0,9975.0,1,21709.0,21709.0,1,0
957,2017,1,valtteri-bottas,mercedes,mercedes,3,3,15.0,3,3,57,0,0,1,1,1,0,0,0,0,0,,5062922.0,11250.0,1,21440.0,21440.0,0,0
957,2017,1,kimi-raikkonen,ferrari,ferrari,4,4,12.0,4,4,57,0,0,0,1,1,0,1,0,0,0,,5074065.0,22393.0,1,22033.0,22033.0,0,0
957,2017,1,max-verstappen,red-bull,tag-heuer,5,5,10.0,5,5,57,0,0,0,1,1,0,0,0,0,0,,5080499.0,28827.0,1,22208.0,22208.0,0,0
957,2017,1,felipe-massa,williams,mercedes,6,6,8.0,7,7,57,1,0,0,1,1,0,0,0,0,0,,5135058.0,83386.0,1,21568.0,21568.0,0,0
957,2017,1,sergio-perez,force-india,mercedes,7,7,6.0,10,11,56,3,0,0,1,1,0,0,0,0,0,,,,1,22045.0,22045.0,0,0
957,2017,1,carlos-sainz-jr,toro-rosso,toro-rosso,8,8,4.0,8,8,56,0,0,0,1,1,0,0,0,0,0,,,,1,21762.0,21762.0,0,0
957,2017,1,daniil-kvyat,toro-rosso,toro-rosso,9,9,2.0,9,9,56,0,0,0,1,1,0,0,0,0,0,,,,2,24026.0,49585.0,0,0
957,2017,1,esteban-ocon,force-india,mercedes,10,10,1.0,13,14,56,3,0,0,1,1,0,0,0,0,0,,,,1,22154.0,22154.0,0,0
957,2017,1,nico-hulkenberg,renault,renault,11,11,0,11,12,56,0,0,0,0,1,0,0,0,0,0,,,,2,23130.0,46289.0,0,0
957,2017,1,antonio-giovinazzi,sauber,ferrari,12,12,0,16,16,55,4,0,0,0,1,0,0,0,0,0,,,,1,28591.0,28591.0,0,0
957,2017,1,stoffel-vandoorne,mclaren,honda,13,13,0,18,18,55,5,0,0,0,1,0,0,0,0,0,,,,1,39562.0,39562.0,0,0
957,2017,1,fernando-alonso,mclaren,honda,,DNF,0,12,13,50,,0,0,0,0,0,0,0,0,1,Broken floor,,,1,22484.0,22484.0,0,0
957,2017,1,kevin-magnussen,haas,ferrari,,DNF,0,17,17,46,,0,0,0,0,0,0,0,0,1,Suspension,,,2,22189.0,53525.0,0,0
957,2017,1,lance-stroll,williams,mercedes,,DNF,0,20,19,40,,0,0,0,0,0,0,0,0,1,Brakes,,,2,22293.0,44673.0,0,0
957,2017,1,daniel-ricciardo,red-bull,tag-heuer,,DNF,0,,10,25,,0,0,0,0,0,0,0,0,1,Fuel cell,,,0,,,0,0
957,2017,1,marcus-ericsson,sauber,ferrari,,DNF,0,14,15,21,,0,0,0,0,0,0,0,0,1,Hydraulics,,,0,,,0,0
957,2017,1,jolyon-palmer,renault,renault,,DNF,0,19,20,15,,0,0,0,0,0,0,0,0,1,Brakes,,,0,,,0,0
957,2017,1,romain-grosjean,haas,ferrari,,DNF,0,6,6,13,,0,0,0,0,0,0,0,0,1,Water leak,,,0,,,0,0
958,2017,2,lewis-hamilton,mercedes,mercedes,1,1,25.0,1,1,56,0,1,1,1,1,1,1,1,0,0,,5856158.0,,4,17616.0,81020.0,1,1
958,2017,2,sebastian-vettel,ferrari,ferrari,2,2,18.0,2,2,56,0,0,1,1,1,0,0,0,0,0,,5862408.0,6250.0,5,17354.0,97435.0,0,0
958,2017,2,max-verstappen,red-bull,tag-heuer,3,3,15.0,16,19,56,13,0,1,1,1,0,0,0,1,0,,5901350.0,45192.0,4,17421.0,80648.0,0,0
958,2017,2,daniel-ricciardo,red-bull,tag-heuer,4,4,12.0,5,5,56,1,0,0,1,1,0,0,0,0,0,,5902193.0,46035.0,4,17340.0,80938.0,0,0
958,2017,2,kimi-raikkonen,ferrari,ferrari,5,5,10.0,4,4,56,-1,0,0,1,1,0,0,0,0,0,,5904234.0,48076.0,4,17435.0,82278.0,0,0
958,2017,2,valtteri-bottas,mercedes,mercedes,6,6,8.0,3,3,56,-3,0,0,1,1,0,0,0,0,0,,5904966.0,48808.0,4,17323.0,91270.0,0,0
958,2017,2,carlos-sainz-jr,toro-rosso,toro-rosso,7,7,6.0,11,11,56,4,0,0,1,1,0,0,0,0,0,,5929051.0,72893.0,4,17337.0,74891.0,0,0
958,2017,2,kevin-magnussen,haas,ferrari,8,8,4.0,12,12,55,4,0,0,1,1,0,0,0,0,0,,,,5,17296.0,99165.0,0,0
958,2017,2,sergio-perez,force-india,mercedes,9,9,2.0,8,8,55,-1,0,0,1,1,0,0,0,0,0,,,,6,17312.0,123019.0,0,0
958,2017,2,esteban-ocon,force-india,mercedes,10,10,1.0,17,20,55,7,0,0,1,1,0,0,0,0,0,,,,5,17356.0,108812.0,0,0
958,2017,2,romain-grosjean,haas,ferrari,11,11,0,19,17,55,8,0,0,0,1,0,0,0,0,0,,,,5,17303.0,112596.0,0,0
958,2017,2,nico-hulkenberg,renault,renault,12,12,0,7,7,55,-5,0,0,0,1,0,0,0,0,0,,,,5,17336.0,115751.0,0,0
958,2017,2,jolyon-palmer,renault,renault,13,13,0,20,18,55,7,0,0,0,1,0,0,0,0,0,,,,4,17291.0,75876.0,0,0
958,2017,2,felipe-massa,williams,mercedes,14,14,0,6,6,55,-8,0,0,0,1,0,0,0,0,0,,,,6,17321.0,121113.0,0,0
958,2017,2,marcus-ericsson,sauber,ferrari,15,15,0,14,14,55,-1,0,0,0,1,0,0,0,0,0,,,,4,17341.0,79963.0,0,0
958,2017,2,fernando-alonso,mclaren,honda,,DNF,0,13,13,33,,0,0,0,0,0,0,0,0,1,Driveshaft,,,4,17302.0,76158.0,0,0
958,2017,2,daniil-kvyat,toro-rosso,toro-rosso,,DNF,0,9,9,18,,0,0,0,0,0,0,0,0,1,Hydraulics,,,4,17320.0,75982.0,0,0
958,2017,2,stoffel-vandoorne,mclaren,honda,,DNF,0,15,16,17,,0,0,0,0,0,0,0,0,1,Fuel pressure,,,4,17292.0,77058.0,0,0
958,2017,2,antonio-giovinazzi,sauber,ferrari,,DNF,0,18,15,3,,0,0,0,0,0,0,0,0,1,Accident,,,1,29443.0,29443.0,0,0
958,2017,2,lance-stroll,williams,mercedes,,DNF,0,10,10,0,,0,0,0,0,0,0,0,0,1,Collision,,,0,,,0,0
959,2017,3,sebastian-vettel,ferrari,ferrari,1,1,25.0,3,3,57,2,1,1,1,1,0,0,0,1,0,,5633374.0,,2,24314.0,49016.0,0,0
959,2017,3,lewis-hamilton,mercedes,mercedes,2,2,18.0,2,2,57,0,0,1,1,1,0,1,0,0,0,,5640034.0,6660.0,2,30682.0,61369.0,0,0
959,2017,3,valtteri-bottas,mercedes,mercedes,3,3,15.0,1,1,57,-2,0,1,1,1,1,0,0,0,0,,5653771.0,20397.0,2,24540.0,52908.0,1,0
959,2017,3,kimi-raikkonen,ferrari,ferrari,4,4,12.0,5,5,57,1,0,0,1,1,0,0,0,0,0,,5655849.0,22475.0,2,25856.0,52286.0,0,0
959,2017,3,daniel-ricciardo,red-bull,tag-heuer,5,5,10.0,4,4,57,-1,0,0,1,1,0,0,0,0,0,,5672720.0,39346.0,2,25200.0,50512.0,0,0
959,2017,3,felipe-massa,williams,mercedes,6,6,8.0,8,8,57,2,0,0,1,1,0,0,0,0,0,,5687700.0,54326.0,2,24240.0,49944.0,0,0
959,2017,3,sergio-perez,force-india,mercedes,7,7,6.0,18,18,57,11,0,0,1,1,0,0,0,0,0,,5695980.0,62606.0,2,24332.0,48962.0,0,0
959,2017,3,romain-grosjean,haas,ferrari,8,8,4.0,9,9,57,1,0,0,1,1,0,0,0,0,0,,5708239.0,74865.0,2,24965.0,50040.0,0,0
959,2017,3,nico-hulkenberg,renault,renault,9,9,2.0,7,7,57,-2,0,0,1,1,0,0,0,0,0,,5713562.0,80188.0,2,25135.0,51769.0,0,0
959,2017,3,esteban-ocon,force-india,mercedes,10,10,1.0,14,14,57,4,0,0,1,1,0,0,0,0,0,,5729085.0,95711.0,2,24505.0,49169.0,0,0
959,2017,3,pascal-wehrlein,sauber,ferrari,11,11,0,13,13,56,2,0,0,0,1,0,0,0,0,0,,,,1,26542.0,26542.0,0,0
959,2017,3,daniil-kvyat,toro-rosso,toro-rosso,12,12,0,11,11,56,-1,0,0,0,1,0,0,0,0,0,,,,2,25204.0,50450.0,0,0
959,2017,3,jolyon-palmer,renault,renault,13,13,0,10,10,56,-3,0,0,0,1,0,0,0,0,0,,,,2,26420.0,53886.0,0,0
959,2017,3,fernando-alonso,mclaren,honda,14,14,0,15,15,54,1,0,0,0,1,0,0,0,0,0,Power unit,,,2,24723.0,49645.0,0,0
959,2017,3,marcus-ericsson,sauber,ferrari,,DNF,0,19,19,50,,0,0,0,0,0,0,0,0,1,Gearbox,,,1,25576.0,25576.0,0,0
959,2017,3,carlos-sainz-jr,toro-rosso,toro-rosso,,DNF,0,16,16,12,,0,0,0,0,0,0,0,0,1,Collision,,,1,25001.0,25001.0,0,0
959,2017,3,lance-stroll,williams,mercedes,,DNF,0,12,12,12,,0,0,0,0,0,0,0,0,1,Collision,,,1,24915.0,24915.0,0,0
959,2017,3,max-verstappen,red-bull,tag-heuer,,DNF,0,6,6,11,,0,0,0,0,0,0,0,0,1,Brakes,,,1,25174.0,25174.0,0,0
959,2017,3,kevin-magnussen,haas,ferrari,,DNF,0,20,20,8,,0,0,0,0,0,0,0,0,1,Electrical,,,0,,,0,0
959,2017,3,stoffel-vandoorne,mclaren,honda,,DNS,0,17,17,0,,0,0,0,0,0,0,0,0,1,Water pressure,,,0,,,0,0
960,2017,4,valtteri-bottas,mercedes,mercedes,1,1,25.0,3,3,52,2,1,1,1,1,0,0,0,1,0,,5288743.0,,1,29356.0,29356.0,0,0
960,2017,4,sebastian-vettel,ferrari,ferrari,2,2,18.0,1,1,52,-1,0,1,1,1,1,0,0,0,0,,5289360.0,617.0,1,30097.0,30097.0,1,0
960,2017,4,kimi-raikkonen,ferrari,ferrari,3,3,15.0,2,2,52,-1,0,1,1,1,0,1,0,0,0,,5299743.0,11000.0,1,30152.0,30152.0,0,0
960,2017,4,lewis-hamilton,mercedes,mercedes,4,4,12.0,4,4,52,0,0,0,1,1,0,0,0,0,0,,5325063.0,36320.0,1,29739.0,29739.0,0,0
960,2017,4,max-verstappen,red-bull,tag-heuer,5,5,10.0,7,7,52,2,0,0,1,1,0,0,0,0,0,,5349159.0,60416.0,1,29567.0,29567.0,0,0
960,2017,4,sergio-perez,force-india,mercedes,6,6,8.0,9,9,52,3,0,0,1,1,0,0,0,0,0,,5375531.0,86788.0,1,29868.0,29868.0,0,0
960,2017,4,esteban-ocon,force-india,mercedes,7,7,6.0,10,10,52,3,0,0,1,1,0,0,0,0,0,,5383747.0,95004.0,1,30253.0,30253.0,0,0
960,2017,4,nico-hulkenberg,renault,renault,8,8,4.0,8,8,52,0,0,0,1,1,0,0,0,0,0,,5384931.0,96188.0,1,30280.0,30280.0,0,0
960,2017,4,felipe-massa,williams,mercedes,9,9,2.0,6,6,51,-3,0,0,1,1,0,0,0,0,0,,,,2,29920.0,59843.0,0,0
960,2017,4,carlos-sainz-jr,toro-rosso,toro-rosso,10,10,1.0,14,11,51,4,0,0,1,1,0,0,0,0,0,,,,1,29973.0,29973.0,0,0
960,2017,4,lance-stroll,williams,mercedes,11,11,0,11,12,51,0,0,0,0,1,0,0,0,0,0,,,,1,29791.0,29791.0,0,0
960,2017,4,daniil-kvyat,toro-rosso,toro-rosso,12,12,0,12,13,51,0,0,0,0,1,0,0,0,0,0,,,,1,29991.0,29991.0,0,0
960,2017,4,kevin-magnussen,haas,ferrari,13,13,0,13,14,51,0,0,0,0,1,0,0,0,0,0,,,,1,36559.0,36559.0,0,0
960,2017,4,stoffel-vandoorne,mclaren,honda,14,14,0,20,17,51,6,0,0,0,1,0,0,0,0,0,,,,2,30006.0,66004.0,0,0
960,2017,4,marcus-ericsson,sauber,ferrari,15,15,0,18,19,51,3,0,0,0,1,0,0,0,0,0,,,,2,30655.0,62890.0,0,0
960,2017,4,pascal-wehrlein,sauber,ferrari,16,16,0,17,18,50,1,0,0,0,1,0,0,0,0,0,,,,2,30799.0,62065.0,0,0
960,2017,4,daniel-ricciardo,red-bull,tag-heuer,,DNF,0,5,5,5,,0,0,0,0,0,0,0,0,1,Brakes,,,0,,,0,0
960,2017,4,jolyon-palmer,renault,renault,,DNF,0,16,16,0,,0,0,0,0,0,0,0,0,1,Collision,,,0,,,0,0
960,2017,4,romain-grosjean,haas,ferrari,,DNF,0,19,20,0,,0,0,0,0,0,0,0,0,1,Collision,,,0,,,0,0
960,2017,4,fernando-alonso,mclaren,honda,,DNS,0,15,15,0,,0,0,0,0,0,0,0,0,1,Gearbox,,,0,,,0,0
961,2017,5,lewis-hamilton,mercedes,mercedes,1,1,25.0,1,1,66,0,1,1,1,1,1,1,0,0,0,,5756497.0,,2,21544.0,43266.0,1,1
961,2017,5,sebastian-vettel,ferrari,ferrari,2,2,18.0,2,2,66,0,0,1,1,1,0,0,0,1,0,,5759987.0,3490.0,2,22307.0,44806.0,0,0
961,2017,5,daniel-ricciardo,red-bull,tag-heuer,3,3,15.0,6,6,66,3,0,1,1,1,0,0,0,0,0,,5832317.0,75820.0,2,21811.0,43729.0,0,0
961,2017,5,sergio-perez,force-india,mercedes,4,4,12.0,8,8,65,4,0,0,1,1,0,0,0,0,0,,,,2,23107.0,48189.0,0,0
961,2017,5,esteban-ocon,force-india,mercedes,5,5,10.0,10,10,65,5,0,0,1,1,0,0,0,0,0,,,,2,22616.0,45259.0,0,0
961,2017,5,nico-hulkenberg,renault,renault,6,6,8.0,13,13,65,7,0,0,1,1,0,0,0,0,0,,,,2,22362.0,44852.0,0,0
961,2017,5,carlos-sainz-jr,toro-rosso,toro-rosso,7,7,6.0,12,12,65,5,0,0,1,1,0,0,0,0,0,,,,2,21934.0,44366.0,0,0
961,2017,5,pascal-wehrlein,sauber,ferrari,8,8,4.0,15,15,65,7,0,0,1,1,0,0,0,0,0,,,,1,23445.0,23445.0,0,0
961,2017,5,daniil-kvyat,toro-rosso,toro-rosso,9,9,2.0,19,20,65,10,0,0,1,1,0,0,0,0,0,,,,2,22117.0,44352.0,0,0
961,2017,5,romain-grosjean,haas,ferrari,10,10,1.0,14,14,65,4,0,0,1,1,0,0,0,0,0,,,,2,22641.0,45507.0,0,0
961,2017,5,marcus-ericsson,sauber,ferrari,11,11,0,16,16,64,5,0,0,0,1,0,0,0,0,0,,,,2,22775.0,45770.0,0,0
961,2017,5,fernando-alonso,mclaren,honda,12,12,0,7,7,64,-5,0,0,0,1,0,0,0,0,0,,,,3,22690.0,68967.0,0,0
961,2017,5,felipe-massa,williams,mercedes,13,13,0,9,9,64,-4,0,0,0,1,0,0,0,0,0,,,,3,22292.0,85970.0,0,0
961,2017,5,kevin-magnussen,haas,ferrari,14,14,0,11,11,64,-3,0,0,0,1,0,0,0,0,0,,,,3,22703.0,71569.0,0,0
961,2017,5,jolyon-palmer,renault,renault,15,15,0,17,17,64,2,0,0,0,1,0,0,0,0,0,,,,3,22762.0,70671.0,0,0
961,2017,5,lance-stroll,williams,mercedes,16,16,0,18,18,64,2,0,0,0,1,0,0,0,0,0,,,,2,22071.0,44171.0,0,0
961,2017,5,valtteri-bottas,mercedes,mercedes,,DNF,0,3,3,38,,0,0,0,0,0,0,0,0,1,Engine,,,1,21689.0,21689.0,0,0
961,2017,5,stoffel-vandoorne,mclaren,honda,,DNF,0,20,19,32,,0,0,0,0,0,0,0,0,1,Accident,,,1,22547.0,22547.0,0,0
961,2017,5,max-verstappen,red-bull,tag-heuer,,DNF,0,5,5,1,,0,0,0,0,0,0,0,0,1,Collision damage,,,0,,,0,0
961,2017,5,kimi-raikkonen,ferrari,ferrari,,DNF,0,4,4,0,,0,0,0,0,0,0,0,0,1,Collision,,,0,,,0,0
962,2017,6,sebastian-vettel,ferrari,ferrari,1,1,25.0,2,2,78,1,1,1,1,1,0,0,0,1,0,,6284340.0,,1,24306.0,24306.0,0,0
962,2017,6,kimi-raikkonen,ferrari,ferrari,2,2,18.0,1,1,78,-1,0,1,1,1,1,0,0,0,0,,6287485.0,3145.0,1,24833.0,24833.0,1,0
962,2017,6,daniel-ricciardo,red-bull,tag-heuer,3,3,15.0,5,5,78,2,0,1,1,1,0,0,0,0,0,,6288085.0,3745.0,1,24183.0,24183.0,0,0
962,2017,6,valtteri-bottas,mercedes,mercedes,4,4,12.0,3,3,78,-1,0,0,1,1,0,0,0,0,0,,6289857.0,5517.0,1,24308.0,24308.0,0,0
962,2017,6,max-verstappen,red-bull,tag-heuer,5,5,10.0,4,4,78,-1,0,0,1,1,0,0,0,0,0,,6290539.0,6199.0,2,25343.0,51021.0,0,0
962,2017,6,carlos-sainz-jr,toro-rosso,toro-rosso,6,6,8.0,6,6,78,0,0,0,1,1,0,0,0,0,0,,6296378.0,12038.0,1,24427.0,24427.0,0,0
962,2017,6,lewis-hamilton,mercedes,mercedes,7,7,6.0,13,14,78,6,0,0,1,1,0,0,0,0,0,,6300141.0,15801.0,1,24155.0,24155.0,0,0
962,2017,6,romain-grosjean,haas,ferrari,8,8,4.0,8,8,78,0,0,0,1,1,0,0,0,0,0,,6302490.0,18150.0,1,24660.0,24660.0,0,0
962,2017,6,felipe-massa,williams,mercedes,9,9,2.0,14,15,78,5,0,0,1,1,0,0,0,0,0,,6303785.0,19445.0,2,24353.0,49476.0,0,0
962,2017,6,kevin-magnussen,haas,ferrari,10,10,1.0,11,13,78,1,0,0,1,1,0,0,0,0,0,,6305783.0,21443.0,2,24979.0,51019.0,0,0
962,2017,6,jolyon-palmer,renault,renault,11,11,0,16,17,78,5,0,0,0,1,0,0,0,0,0,,6307077.0,22737.0,1,25472.0,25472.0,0,0
962,2017,6,esteban-ocon,force-india,mercedes,12,12,0,15,16,78,3,0,0,0,1,0,0,0,0,0,,6308065.0,23725.0,3,24299.0,73437.0,0,0
962,2017,6,sergio-perez,force-india,mercedes,13,13,0,7,7,78,-6,0,0,0,1,0,1,0,0,0,,6333429.0,49089.0,3,25026.0,91824.0,0,0
962,2017,6,daniil-kvyat,toro-rosso,toro-rosso,14,14,0,9,11,71,-5,0,0,0,1,0,0,0,0,0,Collision damage,,,1,24406.0,24406.0,0,0
962,2017,6,lance-stroll,williams,mercedes,15,15,0,17,18,71,2,0,0,0,1,0,0,0,0,0,Oil pressure,,,2,25248.0,51938.0,0,0
962,2017,6,stoffel-vandoorne,mclaren,honda,,DNF,0,12,10,66,,0,0,0,0,0,0,0,0,1,Accident,,,1,24768.0,24768.0,0,0
962,2017,6,marcus-ericsson,sauber,ferrari,,DNF,0,19,20,63,,0,0,0,0,0,0,0,0,1,Accident,,,1,24949.0,24949.0,0,0
962,2017,6,jenson-button,mclaren,honda,,DNF,0,,9,57,,0,0,0,0,0,0,0,0,1,Collision damage,,,2,24465.0,50522.0,0,0
962,2017,6,pascal-wehrlein,sauber,ferrari,,DNF,0,18,19,57,,0,0,0,0,0,0,0,0,1,Collision,,,1,25813.0,25813.0,0,0
962,2017,6,nico-hulkenberg,renault,renault,,DNF,0,10,12,15,,0,0,0,0,0,0,0,0,1,Gearbox,,,0,,,0,0
963,2017,7,lewis-hamilton,mercedes,mercedes,1,1,25.0,1,1,70,0,1,1,1,1,1,1,1,0,0,,5585154.0,,1,23061.0,23061.0,1,1
963,2017,7,valtteri-bottas,mercedes,mercedes,2,2,18.0,3,3,70,1,0,1,1,1,0,0,0,0,0,,5604937.0,19783.0,1,22946.0,22946.0,0,0
963,2017,7,daniel-ricciardo,red-bull,tag-heuer,3,3,15.0,6,6,70,3,0,1,1,1,0,0,0,0,0,,5620451.0,35297.0,1,23309.0,23309.0,0,0
963,2017,7,sebastian-vettel,ferrari,ferrari,4,4,12.0,2,2,70,-2,0,0,1,1,0,0,0,1,0,,5621061.0,35907.0,2,23345.0,54941.0,0,0
963,2017,7,sergio-perez,force-india,mercedes,5,5,10.0,8,8,70,3,0,0,1,1,0,0,0,0,0,,5625630.0,40476.0,1,23229.0,23229.0,0,0
963,2017,7,esteban-ocon,force-india,mercedes,6,6,8.0,9,9,70,3,0,0,1,1,0,0,0,0,0,,5625870.0,40716.0,1,23409.0,23409.0,0,0
963,2017,7,kimi-raikkonen,ferrari,ferrari,7,7,6.0,4,4,70,-3,0,0,1,1,0,0,0,0,0,,5643786.0,58632.0,2,23500.0,47260.0,0,0
963,2017,7,nico-hulkenberg,renault,renault,8,8,4.0,10,10,70,2,0,0,1,1,0,0,0,0,0,,5645528.0,60374.0,1,26764.0,26764.0,0,0
963,2017,7,lance-stroll,williams,mercedes,9,9,2.0,17,17,69,8,0,0,1,1,0,0,0,0,0,,,,1,22790.0,22790.0,0,0
963,2017,7,romain-grosjean,haas,ferrari,10,10,1.0,14,14,69,4,0,0,1,1,0,0,0,0,0,,,,1,31256.0,31256.0,0,0
963,2017,7,jolyon-palmer,renault,renault,11,11,0,15,15,69,4,0,0,0,1,0,0,0,0,0,,,,1,24423.0,24423.0,0,0
963,2017,7,kevin-magnussen,haas,ferrari,12,12,0,18,18,69,6,0,0,0,1,0,0,0,0,0,,,,1,28869.0,28869.0,0,0
963,2017,7,marcus-ericsson,sauber,ferrari,13,13,0,19,19,69,6,0,0,0,1,0,0,0,0,0,,,,1,24047.0,24047.0,0,0
963,2017,7,stoffel-vandoorne,mclaren,honda,14,14,0,16,16,69,2,0,0,0,1,0,0,0,0,0,,,,1,23267.0,23267.0,0,0
963,2017,7,pascal-wehrlein,sauber,ferrari,15,15,0,,20,68,5,0,0,0,1,0,0,0,0,0,,,,2,24202.0,75959.0,0,0
963,2017,7,fernando-alonso,mclaren,honda,16,16,0,12,12,66,-4,0,0,0,1,0,0,0,0,0,Power unit,,,1,23526.0,23526.0,0,0
963,2017,7,daniil-kvyat,toro-rosso,toro-rosso,,DNF,0,11,11,54,,0,0,0,0,0,0,0,0,1,Power unit,,,2,18088.0,124462.0,0,0
963,2017,7,max-verstappen,red-bull,tag-heuer,,DNF,0,5,5,10,,0,0,0,0,0,0,0,0,1,Electrical,,,0,,,0,0
963,2017,7,felipe-massa,williams,mercedes,,DNF,0,7,7,0,,0,0,0,0,0,0,0,0,1,Collision,,,0,,,0,0
963,2017,7,carlos-sainz-jr,toro-rosso,toro-rosso,,DNF,0,13,13,0,,0,0,0,0,0,0,0,0,1,Collision,,,0,,,0,0
964,2017,8,daniel-ricciardo,red-bull,tag-heuer,1,1,25.0,10,10,51,9,1,1,1,1,0,0,0,0,0,,7435573.0,,4,15135.0,1372037.0,0,0
964,2017,8,valtteri-bottas,mercedes,mercedes,2,2,18.0,2,2,51,0,0,1,1,1,0,0,0,0,0,,7439477.0,3904.0,4,14978.0,1385158.0,0,0
964,2017,8,lance-stroll,williams,mercedes,3,3,15.0,8,8,51,5,0,1,1,1,0,0,0,1,0,,7439582.0,4009.0,3,15327.0,1350680.0,0,0
964,2017,8,sebastian-vettel,ferrari,ferrari,4,4,12.0,4,4,51,0,0,0,1,1,0,1,0,0,0,,7441549.0,5976.0,4,15174.0,1375358.0,0,0
964,2017,8,lewis-hamilton,mercedes,mercedes,5,5,10.0,1,1,51,-4,0,0,1,1,1,0,0,0,0,,7441761.0,6188.0,4,15234.0,1373445.0,1,0
964,2017,8,esteban-ocon,force-india,mercedes,6,6,8.0,7,7,51,1,0,0,1,1,0,0,0,0,0,,7465871.0,30298.0,4,15061.0,1381084.0,0,0
964,2017,8,kevin-magnussen,haas,ferrari,7,7,6.0,12,13,51,5,0,0,1,1,0,0,0,0,0,,7477326.0,41753.0,3,15128.0,1348223.0,0,0
964,2017,8,carlos-sainz-jr,toro-rosso,toro-rosso,8,8,4.0,15,12,51,7,0,0,1,1,0,0,0,0,0,,7484973.0,49400.0,3,14966.0,1349699.0,0,0
964,2017,8,fernando-alonso,mclaren,honda,9,9,2.0,19,16,51,10,0,0,1,1,0,0,0,0,0,,7495124.0,59551.0,3,15104.0,1349508.0,0,0
964,2017,8,pascal-wehrlein,sauber,ferrari,10,10,1.0,14,15,51,4,0,0,1,1,0,0,0,0,0,,7524666.0,89093.0,5,22356.0,1426360.0,0,0
964,2017,8,marcus-ericsson,sauber,ferrari,11,11,0,17,18,51,6,0,0,0,1,0,0,0,0,0,,7527367.0,91794.0,3,23906.0,1364907.0,0,0
964,2017,8,stoffel-vandoorne,mclaren,honda,12,12,0,18,19,51,6,0,0,0,1,0,0,0,0,0,,7527733.0,92160.0,4,15097.0,1371155.0,0,0
964,2017,8,romain-grosjean,haas,ferrari,13,13,0,16,17,50,3,0,0,0,1,0,0,0,0,0,,,,5,15073.0,1395069.0,0,0
964,2017,8,kimi-raikkonen,ferrari,ferrari,14,14,0,3,3,46,-11,0,0,0,1,0,0,0,0,0,Collision damage,,,4,14943.0,1637077.0,0,0
964,2017,8,sergio-perez,force-india,mercedes,,DNF,0,6,6,39,,0,0,0,0,0,0,0,0,1,Collision damage,,,4,14951.0,1645436.0,0,0
964,2017,8,felipe-massa,williams,mercedes,,DNF,0,9,9,25,,0,0,0,0,0,0,0,0,1,Suspension,,,3,15033.0,1347157.0,0,0
964,2017,8,nico-hulkenberg,renault,renault,,DNF,0,13,14,24,,0,0,0,0,0,0,0,0,1,Accident,,,3,15638.0,1350542.0,0,0
964,2017,8,max-verstappen,red-bull,tag-heuer,,DNF,0,5,5,12,,0,0,0,0,0,0,0,0,1,Oil pressure,,,0,,,0,0
964,2017,8,daniil-kvyat,toro-rosso,toro-rosso,,DNF,0,11,11,9,,0,0,0,0,0,0,0,0,1,Electrical,,,0,,,0,0
964,2017,8,jolyon-palmer,renault,renault,,DNF,0,20,,7,,0,0,0,0,0,0,0,0,1,Engine,,,0,,,0,0
965,2017,9,valtteri-bottas,mercedes,mercedes,1,1,25.0,1,1,71,0,1,1,1,1,1,0,0,1,0,,4908523.0,,1,22387.0,22387.0,1,1
965,2017,9,sebastian-vettel,ferrari,ferrari,2,2,18.0,2,2,71,0,0,1,1,1,0,0,0,0,0,,4909181.0,658.0,1,21750.0,21750.0,0,0
965,2017,9,daniel-ricciardo,red-bull,tag-heuer,3,3,15.0,4,5,71,1,0,1,1,1,0,0,0,0,0,,4914535.0,6012.0,1,21713.0,21713.0,0,0
965,2017,9,lewis-hamilton,mercedes,mercedes,4,4,12.0,8,3,71,4,0,0,1,1,0,1,0,0,0,,4915953.0,7430.0,1,20761.0,20761.0,0,0
965,2017,9,kimi-raikkonen,ferrari,ferrari,5,5,10.0,3,4,71,-2,0,0,1,1,0,0,0,0,0,,4928893.0,20370.0,1,21662.0,21662.0,0,0
965,2017,9,romain-grosjean,haas,ferrari,6,6,8.0,6,7,71,0,0,0,1,1,0,0,0,0,0,,4981683.0,73160.0,1,22026.0,22026.0,0,0
965,2017,9,sergio-perez,force-india,mercedes,7,7,6.0,7,8,70,0,0,0,1,1,0,0,0,0,0,,,,1,22030.0,22030.0,0,0
965,2017,9,esteban-ocon,force-india,mercedes,8,8,4.0,9,9,70,1,0,0,1,1,0,0,0,0,0,,,,1,22176.0,22176.0,0,0
965,2017,9,felipe-massa,williams,mercedes,9,9,2.0,17,17,70,8,0,0,1,1,0,0,0,0,0,,,,1,20977.0,20977.0,0,0
965,2017,9,lance-stroll,williams,mercedes,10,10,1.0,18,18,70,8,0,0,1,1,0,0,0,0,0,,,,1,21332.0,21332.0,0,0
965,2017,9,jolyon-palmer,renault,renault,11,11,0,16,16,70,5,0,0,0,1,0,0,0,0,0,,,,1,22233.0,22233.0,0,0
965,2017,9,stoffel-vandoorne,mclaren,honda,12,12,0,13,13,70,1,0,0,0,1,0,0,0,0,0,,,,2,16206.0,37920.0,0,0
965,2017,9,nico-hulkenberg,renault,renault,13,13,0,11,11,70,-2,0,0,0,1,0,0,0,0,0,,,,1,21977.0,21977.0,0,0
965,2017,9,pascal-wehrlein,sauber,ferrari,14,14,0,,20,70,6,0,0,0,1,0,0,0,0,0,,,,1,22414.0,22414.0,0,0
965,2017,9,marcus-ericsson,sauber,ferrari,15,15,0,19,19,69,4,0,0,0,1,0,0,0,0,0,,,,1,22339.0,22339.0,0,0
965,2017,9,daniil-kvyat,toro-rosso,toro-rosso,16,16,0,14,14,68,-2,0,0,0,1,0,0,0,0,0,,,,3,16139.0,72020.0,0,0
965,2017,9,carlos-sainz-jr,toro-rosso,toro-rosso,,DNF,0,10,10,44,,0,0,0,0,0,0,0,0,1,Engine,,,1,21659.0,21659.0,0,0
965,2017,9,kevin-magnussen,haas,ferrari,,DNF,0,15,15,29,,0,0,0,0,0,0,0,0,1,Hydraulics,,,0,,,0,0
965,2017,9,fernando-alonso,mclaren,honda,,DNF,0,12,12,1,,0,0,0,0,0,0,0,0,1,Collision damage,,,0,,,0,0
965,2017,9,max-verstappen,red-bull,tag-heuer,,DNF,0,5,6,0,,0,0,0,0,0,0,0,0,1,Collision damage,,,0,,,0,0
966,2017,10,lewis-hamilton,mercedes,mercedes,1,1,25.0,1,1,51,0,1,1,1,1,1,1,1,0,0,,4887430.0,,1,27733.0,27733.0,1,1
966,2017,10,valtteri-bottas,mercedes,mercedes,2,2,18.0,9,4,51,7,0,1,1,1,0,0,0,0,0,,4901493.0,14063.0,1,27858.0,27858.0,0,0
966,2017,10,kimi-raikkonen,ferrari,ferrari,3,3,15.0,2,2,51,-1,0,1,1,1,0,0,0,0,0,,4924000.0,36570.0,2,28476.0,57533.0,0,0
966,2017,10,max-verstappen,red-bull,tag-heuer,4,4,12.0,4,5,51,0,0,0,1,1,0,0,0,0,0,,4939555.0,52125.0,2,28056.0,57203.0,0,0
966,2017,10,daniel-ricciardo,red-bull,tag-heuer,5,5,10.0,19,20,51,14,0,0,1,1,0,0,0,1,0,,4953385.0,65955.0,1,27910.0,27910.0,0,0
966,2017,10,nico-hulkenberg,renault,renault,6,6,8.0,5,6,51,-1,0,0,1,1,0,0,0,0,0,,4955539.0,68109.0,1,30841.0,30841.0,0,0
966,2017,10,sebastian-vettel,ferrari,ferrari,7,7,6.0,3,3,51,-4,0,0,1,1,0,0,0,0,0,,4981419.0,93989.0,2,28363.0,63567.0,0,0
966,2017,10,esteban-ocon,force-india,mercedes,8,8,4.0,7,8,50,-1,0,0,1,1,0,0,0,0,0,,,,1,29194.0,29194.0,0,0
966,2017,10,sergio-perez,force-india,mercedes,9,9,2.0,6,7,50,-3,0,0,1,1,0,0,0,0,0,,,,1,28942.0,28942.0,0,0
966,2017,10,felipe-massa,williams,mercedes,10,10,1.0,14,15,50,4,0,0,1,1,0,0,0,0,0,,,,1,27583.0,27583.0,0,0
966,2017,10,stoffel-vandoorne,mclaren,honda,11,11,0,8,9,50,-3,0,0,0,1,0,0,0,0,0,,,,1,29337.0,29337.0,0,0
966,2017,10,kevin-magnussen,haas,ferrari,12,12,0,16,17,50,4,0,0,0,1,0,0,0,0,0,,,,1,28099.0,28099.0,0,0
966,2017,10,romain-grosjean,haas,ferrari,13,13,0,10,10,50,-3,0,0,0,1,0,0,0,0,0,,,,2,28361.0,57359.0,0,0
966,2017,10,marcus-ericsson,sauber,ferrari,14,14,0,18,19,50,4,0,0,0,1,0,0,0,0,0,,,,1,28825.0,28825.0,0,0
966,2017,10,daniil-kvyat,toro-rosso,toro-rosso,15,15,0,12,12,50,-3,0,0,0,1,0,0,0,0,0,,,,3,22895.0,97063.0,0,0
966,2017,10,lance-stroll,williams,mercedes,16,16,0,15,16,50,-1,0,0,0,1,0,0,0,0,0,,,,2,28335.0,58184.0,0,0
966,2017,10,pascal-wehrlein,sauber,ferrari,17,17,0,17,18,50,0,0,0,0,1,0,0,0,0,0,,,,3,29861.0,91052.0,0,0
966,2017,10,fernando-alonso,mclaren,honda,,DNF,0,20,13,32,,0,0,0,0,0,0,0,0,1,Fuel pump,,,1,28269.0,28269.0,0,0
966,2017,10,carlos-sainz-jr,toro-rosso,toro-rosso,,DNF,0,13,14,0,,0,0,0,0,0,0,0,0,1,Collision,,,0,,,0,0
966,2017,10,jolyon-palmer,renault,renault,,DNS,0,11,11,0,,0,0,0,0,0,0,0,0,1,Hydraulics,,,0,,,0,0
967,2017,11,sebastian-vettel,ferrari,ferrari,1,1,25.0,1,1,70,0,1,1,1,1,1,0,0,0,0,,5986713.0,,1,22317.0,22317.0,1,1
967,2017,11,kimi-raikkonen,ferrari,ferrari,2,2,18.0,2,2,70,0,0,1,1,1,0,0,0,1,0,,5987621.0,908.0,1,21919.0,21919.0,0,0
967,2017,11,valtteri-bottas,mercedes,mercedes,3,3,15.0,3,3,70,0,0,1,1,1,0,0,0,0,0,,5999175.0,12462.0,1,22681.0,22681.0,0,0
967,2017,11,lewis-hamilton,mercedes,mercedes,4,4,12.0,4,4,70,0,0,0,1,1,0,0,0,0,0,,5999598.0,12885.0,1,21338.0,21338.0,0,0
967,2017,11,max-verstappen,red-bull,tag-heuer,5,5,10.0,5,5,70,0,0,0,1,1,0,0,0,0,0,,5999989.0,13276.0,1,33605.0,33605.0,0,0
967,2017,11,fernando-alonso,mclaren,honda,6,6,8.0,7,8,70,1,0,0,1,1,0,1,0,0,0,,6057936.0,71223.0,1,22399.0,22399.0,0,0
967,2017,11,carlos-sainz-jr,toro-rosso,toro-rosso,7,7,6.0,9,10,69,2,0,0,1,1,0,0,0,0,0,,,,1,22745.0,22745.0,0,0
967,2017,11,sergio-perez,force-india,mercedes,8,8,4.0,13,14,69,5,0,0,1,1,0,0,0,0,0,,,,1,24017.0,24017.0,0,0
967,2017,11,esteban-ocon,force-india,mercedes,9,9,2.0,11,12,69,2,0,0,1,1,0,0,0,0,0,,,,1,22441.0,22441.0,0,0
967,2017,11,stoffel-vandoorne,mclaren,honda,10,10,1.0,8,9,69,-2,0,0,1,1,0,0,0,0,0,,,,1,28616.0,28616.0,0,0
967,2017,11,daniil-kvyat,toro-rosso,toro-rosso,11,11,0,16,13,69,5,0,0,0,1,0,0,0,0,0,,,,1,22273.0,22273.0,0,0
967,2017,11,jolyon-palmer,renault,renault,12,12,0,10,11,69,-2,0,0,0,1,0,0,0,0,0,,,,1,22684.0,22684.0,0,0
967,2017,11,kevin-magnussen,haas,ferrari,13,13,0,15,16,69,2,0,0,0,1,0,0,0,0,0,,,,1,22684.0,22684.0,0,0
967,2017,11,lance-stroll,williams,mercedes,14,14,0,17,17,69,3,0,0,0,1,0,0,0,0,0,,,,1,21804.0,21804.0,0,0
967,2017,11,pascal-wehrlein,sauber,ferrari,15,15,0,18,18,68,3,0,0,0,1,0,0,0,0,0,,,,2,22998.0,47211.0,0,0
967,2017,11,marcus-ericsson,sauber,ferrari,16,16,0,20,20,68,4,0,0,0,1,0,0,0,0,0,,,,2,24097.0,49276.0,0,0
967,2017,11,nico-hulkenberg,renault,renault,17,17,0,12,7,67,-5,0,0,0,1,0,0,0,0,0,Brakes,,,1,31860.0,31860.0,0,0
967,2017,11,paul-di-resta,williams,mercedes,,DNF,0,19,19,60,,0,0,0,0,0,0,0,0,1,Oil leak,,,1,22399.0,22399.0,0,0
967,2017,11,romain-grosjean,haas,ferrari,,DNF,0,14,15,20,,0,0,0,0,0,0,0,0,1,Wheel nut,,,1,22638.0,22638.0,0,0
967,2017,11,daniel-ricciardo,red-bull,tag-heuer,,DNF,0,6,6,0,,0,0,0,0,0,0,0,0,1,Radiator,,,0,,,0,0
968,2017,12,lewis-hamilton,mercedes,mercedes,1,1,25.0,1,1,44,0,1,1,1,1,1,0,0,1,0,,5082820.0,,2,22037.0,44394.0,1,1
968,2017,12,sebastian-vettel,ferrari,ferrari,2,2,18.0,2,2,44,0,0,1,1,1,0,1,0,0,0,,5085178.0,2358.0,2,22443.0,48093.0,0,0
968,2017,12,daniel-ricciardo,red-bull,tag-heuer,3,3,15.0,6,6,44,3,0,1,1,1,0,0,0,0,0,,5093611.0,10791.0,2,22900.0,46080.0,0,0
968,2017,12,kimi-raikkonen,ferrari,ferrari,4,4,12.0,4,4,44,0,0,0,1,1,0,0,0,0,0,,5097291.0,14471.0,3,22533.0,75869.0,0,0
968,2017,12,valtteri-bottas,mercedes,mercedes,5,5,10.0,3,3,44,-2,0,0,1,1,0,0,0,0,0,,5099276.0,16456.0,2,22919.0,45882.0,0,0
968,2017,12,nico-hulkenberg,renault,renault,6,6,8.0,7,7,44,1,0,0,1,1,0,0,0,0,0,,5110907.0,28087.0,2,23507.0,47046.0,0,0
968,2017,12,romain-grosjean,haas,ferrari,7,7,6.0,11,12,44,4,0,0,1,1,0,0,0,0,0,,5114373.0,31553.0,2,22756.0,45681.0,0,0
968,2017,12,felipe-massa,williams,mercedes,8,8,4.0,16,16,44,8,0,0,1,1,0,0,0,0,0,,5119469.0,36649.0,2,22667.0,45759.0,0,0
968,2017,12,esteban-ocon,force-india,mercedes,9,9,2.0,9,9,44,0,0,0,1,1,0,0,0,0,0,,5120974.0,38154.0,3,23200.0,76210.0,0,0
968,2017,12,carlos-sainz-jr,toro-rosso,toro-rosso,10,10,1.0,13,14,44,3,0,0,1,1,0,0,0,0,0,,5122267.0,39447.0,2,24095.0,48465.0,0,0
968,2017,12,lance-stroll,williams,mercedes,11,11,0,15,18,44,4,0,0,0,1,0,0,0,0,0,,5131819.0,48999.0,2,23109.0,47806.0,0,0
968,2017,12,daniil-kvyat,toro-rosso,toro-rosso,12,12,0,19,17,44,7,0,0,0,1,0,0,0,0,0,,5132760.0,49940.0,2,22444.0,45785.0,0,0
968,2017,12,jolyon-palmer,renault,renault,13,13,0,14,10,44,1,0,0,0,1,0,0,0,0,0,,5136059.0,53239.0,2,24674.0,50876.0,0,0
968,2017,12,stoffel-vandoorne,mclaren,honda,14,14,0,20,15,44,6,0,0,0,1,0,0,0,0,0,,5139898.0,57078.0,2,26187.0,53081.0,0,0
968,2017,12,kevin-magnussen,haas,ferrari,15,15,0,12,13,44,-3,0,0,0,1,0,0,0,0,0,,5150082.0,67262.0,3,22828.0,69473.0,0,0
968,2017,12,marcus-ericsson,sauber,ferrari,16,16,0,17,19,44,1,0,0,0,1,0,0,0,0,0,,5152531.0,69711.0,3,23221.0,71012.0,0,0
968,2017,12,sergio-perez,force-india,mercedes,17,17,0,8,8,42,-9,0,0,0,1,0,0,0,0,0,Collision damage,,,3,23289.0,78457.0,0,0
968,2017,12,fernando-alonso,mclaren,honda,,DNF,0,10,11,25,,0,0,0,0,0,0,0,0,1,Power unit,,,1,24158.0,24158.0,0,0
968,2017,12,max-verstappen,red-bull,tag-heuer,,DNF,0,5,5,7,,0,0,0,0,0,0,0,0,1,Power unit,,,0,,,0,0
968,2017,12,pascal-wehrlein,sauber,ferrari,,DNF,0,18,20,2,,0,0,0,0,0,0,0,0,1,Suspension,,,0,,,0,0
969,2017,13,lewis-hamilton,mercedes,mercedes,1,1,25.0,1,1,53,0,1,1,1,1,1,0,0,0,0,,4532312.0,,1,23725.0,23725.0,1,1
969,2017,13,valtteri-bottas,mercedes,mercedes,2,2,18.0,4,6,53,2,0,1,1,1,0,0,0,0,0,,4536783.0,4471.0,1,23728.0,23728.0,0,0
969,2017,13,sebastian-vettel,ferrari,ferrari,3,3,15.0,6,8,53,3,0,1,1,1,0,0,0,0,0,,4568629.0,36317.0,1,24307.0,24307.0,0,0
969,2017,13,daniel-ricciardo,red-bull,tag-heuer,4,4,12.0,16,3,53,12,0,0,1,1,0,1,0,1,0,,4572647.0,40335.0,1,23951.0,23951.0,0,0
969,2017,13,kimi-raikkonen,ferrari,ferrari,5,5,10.0,5,7,53,0,0,0,1,1,0,0,0,0,0,,4592394.0,60082.0,1,25367.0,25367.0,0,0
969,2017,13,esteban-ocon,force-india,mercedes,6,6,8.0,3,5,53,-3,0,0,1,1,0,0,0,0,0,,4603840.0,71528.0,1,24432.0,24432.0,0,0
969,2017,13,lance-stroll,williams,mercedes,7,7,6.0,2,4,53,-5,0,0,1,1,0,0,0,0,0,,4606468.0,74156.0,1,26131.0,26131.0,0,0
969,2017,13,felipe-massa,williams,mercedes,8,8,4.0,7,9,53,-1,0,0,1,1,0,0,0,0,0,,4607146.0,74834.0,1,25078.0,25078.0,0,0
969,2017,13,sergio-perez,force-india,mercedes,9,9,2.0,10,11,53,1,0,0,1,1,0,0,0,0,0,,4607588.0,75276.0,1,25377.0,25377.0,0,0
969,2017,13,max-verstappen,red-bull,tag-heuer,10,10,1.0,13,2,52,3,0,0,1,1,0,0,0,0,0,,,,2,24173.0,64061.0,0,0
969,2017,13,kevin-magnussen,haas,ferrari,11,11,0,9,16,52,-2,0,0,0,1,0,0,0,0,0,,,,1,24384.0,24384.0,0,0
969,2017,13,daniil-kvyat,toro-rosso,toro-rosso,12,12,0,8,14,52,-4,0,0,0,1,0,0,0,0,0,,,,1,25826.0,25826.0,0,0
969,2017,13,nico-hulkenberg,renault,renault,13,13,0,14,12,52,1,0,0,0,1,0,0,0,0,0,,,,1,24418.0,24418.0,0,0
969,2017,13,carlos-sainz-jr,toro-rosso,toro-rosso,14,14,0,15,15,52,1,0,0,0,1,0,0,0,0,0,,,,1,24865.0,24865.0,0,0
969,2017,13,romain-grosjean,haas,ferrari,15,15,0,20,,52,5,0,0,0,1,0,0,0,0,0,,,,2,24307.0,57740.0,0,0
969,2017,13,pascal-wehrlein,sauber,ferrari,16,16,0,12,19,51,-4,0,0,0,1,0,0,0,0,0,,,,1,25212.0,25212.0,0,0
969,2017,13,fernando-alonso,mclaren,honda,17,17,0,19,13,50,2,0,0,0,1,0,0,0,0,0,Clutch,,,1,24442.0,24442.0,0,0
969,2017,13,marcus-ericsson,sauber,ferrari,18,18,0,11,18,49,-7,0,0,0,1,0,0,0,0,0,Suspension,,,1,25310.0,25310.0,0,0
969,2017,13,stoffel-vandoorne,mclaren,honda,,DNF,0,18,10,33,,0,0,0,0,0,0,0,0,1,Electrical,,,0,,,0,0
969,2017,13,jolyon-palmer,renault,renault,,DNF,0,17,17,29,,0,0,0,0,0,0,0,0,1,Transmission,,,1,31008.0,31008.0,0,0
970,2017,14,lewis-hamilton,mercedes,mercedes,1,1,25.0,5,5,58,4,1,1,1,1,0,1,0,1,0,,7403544.0,,4,24337.0,107613.0,0,0
970,2017,14,daniel-ricciardo,red-bull,tag-heuer,2,2,18.0,3,3,58,1,0,1,1,1,0,0,0,0,0,,7408051.0,4507.0,5,24362.0,138277.0,0,0
970,2017,14,valtteri-bottas,mercedes,mercedes,3,3,15.0,6,6,58,3,0,1,1,1,0,0,0,0,0,,7412344.0,8800.0,4,25367.0,110332.0,0,0
970,2017,14,carlos-sainz-jr,toro-rosso,toro-rosso,4,4,12.0,10,10,58,6,0,0,1,1,0,0,0,0,0,,7426366.0,22822.0,4,25356.0,115590.0,0,0
970,2017,14,sergio-perez,force-india,mercedes,5,5,10.0,12,12,58,7,0,0,1,1,0,0,0,0,0,,7428903.0,25359.0,5,25288.0,140626.0,0,0
970,2017,14,jolyon-palmer,renault,renault,6,6,8.0,11,11,58,5,0,0,1,1,0,0,0,0,0,,7430803.0,27259.0,5,25113.0,142157.0,0,0
970,2017,14,stoffel-vandoorne,mclaren,honda,7,7,6.0,9,9,58,2,0,0,1,1,0,0,0,0,0,,7433932.0,30388.0,5,24543.0,149174.0,0,0
970,2017,14,lance-stroll,williams,mercedes,8,8,4.0,18,18,58,10,0,0,1,1,0,0,0,0,0,,7445240.0,41696.0,4,25584.0,121693.0,0,0
970,2017,14,romain-grosjean,haas,ferrari,9,9,2.0,15,15,58,6,0,0,1,1,0,0,0,0,0,,7446826.0,43282.0,4,26228.0,126052.0,0,0
970,2017,14,esteban-ocon,force-india,mercedes,10,10,1.0,14,14,58,4,0,0,1,1,0,0,0,0,0,,7448339.0,44795.0,6,24664.0,172632.0,0,0
970,2017,14,felipe-massa,williams,mercedes,11,11,0,17,17,58,6,0,0,0,1,0,0,0,0,0,,7450080.0,46536.0,6,25731.0,184389.0,0,0
970,2017,14,pascal-wehrlein,sauber,ferrari,12,12,0,19,19,56,7,0,0,0,1,0,0,0,0,0,,,,6,27865.0,209772.0,0,0
970,2017,14,kevin-magnussen,haas,ferrari,,DNF,0,16,16,50,,0,0,0,0,0,0,0,0,1,Engine,,,6,25509.0,175128.0,0,0
970,2017,14,nico-hulkenberg,renault,renault,,DNF,0,7,7,48,,0,0,0,0,0,0,0,0,1,Oil leak,,,6,24964.0,210176.0,0,0
970,2017,14,marcus-ericsson,sauber,ferrari,,DNF,0,20,20,35,,0,0,0,0,0,0,0,0,1,Accident,,,6,27591.0,219000.0,0,0
970,2017,14,daniil-kvyat,toro-rosso,toro-rosso,,DNF,0,13,13,10,,0,0,0,0,0,0,0,0,1,Accident,,,3,25003.0,85095.0,0,0
970,2017,14,fernando-alonso,mclaren,honda,,DNF,0,8,8,8,,0,0,0,0,0,0,0,0,1,Collision damage,,,3,25626.0,91832.0,0,0
970,2017,14,sebastian-vettel,ferrari,ferrari,,DNF,0,1,1,0,,0,0,0,0,1,0,0,0,1,Collision damage,,,0,,,1,0
970,2017,14,max-verstappen,red-bull,tag-heuer,,DNF,0,2,2,0,,0,0,0,0,0,0,0,0,1,Collision,,,0,,,0,0
970,2017,14,kimi-raikkonen,ferrari,ferrari,,DNF,0,4,4,0,,0,0,0,0,0,0,0,0,1,Collision,,,0,,,0,0
971,2017,15,max-verstappen,red-bull,tag-heuer,1,1,25.0,3,3,56,2,1,1,1,1,0,0,0,0,0,,5401290.0,,1,23652.0,23652.0,0,0
971,2017,15,lewis-hamilton,mercedes,mercedes,2,2,18.0,1,1,56,-1,0,1,1,1,1,0,0,0,0,,5414060.0,12770.0,1,23489.0,23489.0,1,0
971,2017,15,daniel-ricciardo,red-bull,tag-heuer,3,3,15.0,4,4,56,1,0,1,1,1,0,0,0,0,0,,5423809.0,22519.0,1,24199.0,24199.0,0,0
971,2017,15,sebastian-vettel,ferrari,ferrari,4,4,12.0,20,,56,16,0,0,1,1,0,1,0,1,0,,5438652.0,37362.0,1,23695.0,23695.0,0,0
971,2017,15,valtteri-bottas,mercedes,mercedes,5,5,10.0,5,5,56,0,0,0,1,1,0,0,0,0,0,,5457311.0,56021.0,1,23676.0,23676.0,0,0
971,2017,15,sergio-perez,force-india,mercedes,6,6,8.0,9,9,56,3,0,0,1,1,0,0,0,0,0,,5479920.0,78630.0,1,24314.0,24314.0,0,0
971,2017,15,stoffel-vandoorne,mclaren,honda,7,7,6.0,7,7,55,0,0,0,1,1,0,0,0,0,0,,,,1,24580.0,24580.0,0,0
971,2017,15,lance-stroll,williams,mercedes,8,8,4.0,13,13,55,5,0,0,1,1,0,0,0,0,0,,,,1,24109.0,24109.0,0,0
971,2017,15,felipe-massa,williams,mercedes,9,9,2.0,11,11,55,2,0,0,1,1,0,0,0,0,0,,,,1,23791.0,23791.0,0,0
971,2017,15,esteban-ocon,force-india,mercedes,10,10,1.0,6,6,55,-4,0,0,1,1,0,0,0,0,0,,,,1,24456.0,24456.0,0,0
971,2017,15,fernando-alonso,mclaren,honda,11,11,0,10,10,55,-1,0,0,0,1,0,0,0,0,0,,,,1,25798.0,25798.0,0,0
971,2017,15,kevin-magnussen,haas,ferrari,12,12,0,17,17,55,5,0,0,0,1,0,0,0,0,0,,,,1,23766.0,23766.0,0,0
971,2017,15,romain-grosjean,haas,ferrari,13,13,0,16,16,55,3,0,0,0,1,0,0,0,0,0,,,,2,24419.0,49331.0,0,0
971,2017,15,pierre-gasly,toro-rosso,toro-rosso,14,14,0,15,15,55,1,0,0,0,1,0,0,0,0,0,,,,1,25044.0,25044.0,0,0
971,2017,15,jolyon-palmer,renault,renault,15,15,0,12,12,55,-3,0,0,0,1,0,0,0,0,0,,,,1,25558.0,25558.0,0,0
971,2017,15,nico-hulkenberg,renault,renault,16,16,0,8,8,55,-8,0,0,0,1,0,0,0,0,0,,,,2,24872.0,50586.0,0,0
971,2017,15,pascal-wehrlein,sauber,ferrari,17,17,0,18,18,55,1,0,0,0,1,0,0,0,0,0,,,,1,25060.0,25060.0,0,0
971,2017,15,marcus-ericsson,sauber,ferrari,18,18,0,19,19,54,1,0,0,0,1,0,0,0,0,0,,,,1,24719.0,24719.0,0,0
971,2017,15,carlos-sainz-jr,toro-rosso,toro-rosso,,DNF,0,14,14,29,,0,0,0,0,0,0,0,0,1,Engine,,,0,,,0,0
971,2017,15,kimi-raikkonen,ferrari,ferrari,,DNS,0,2,2,0,,0,0,0,0,0,0,0,0,1,Battery,,,0,,,0,0
972,2017,16,lewis-hamilton,mercedes,mercedes,1,1,25.0,1,1,53,0,1,1,1,1,1,0,0,0,0,,5251194.0,,1,22724.0,22724.0,1,1
972,2017,16,max-verstappen,red-bull,tag-heuer,2,2,18.0,4,5,53,2,0,1,1,1,0,0,0,1,0,,5252405.0,1211.0,1,22620.0,22620.0,0,0
972,2017,16,daniel-ricciardo,red-bull,tag-heuer,3,3,15.0,3,4,53,0,0,1,1,1,0,0,0,0,0,,5260873.0,9679.0,1,23796.0,23796.0,0,0
972,2017,16,valtteri-bottas,mercedes,mercedes,4,4,12.0,6,2,53,2,0,0,1,1,0,1,0,0,0,,5261774.0,10580.0,1,22876.0,22876.0,0,0
972,2017,16,kimi-raikkonen,ferrari,ferrari,5,5,10.0,10,6,53,5,0,0,1,1,0,0,0,0,0,,5283816.0,32622.0,1,23699.0,23699.0,0,0
972,2017,16,esteban-ocon,force-india,mercedes,6,6,8.0,5,7,53,-1,0,0,1,1,0,0,0,0,0,,5318982.0,67788.0,1,24078.0,24078.0,0,0
972,2017,16,sergio-perez,force-india,mercedes,7,7,6.0,7,8,53,0,0,0,1,1,0,0,0,0,0,,5322618.0,71424.0,1,23634.0,23634.0,0,0
972,2017,16,kevin-magnussen,haas,ferrari,8,8,4.0,12,13,53,4,0,0,1,1,0,0,0,0,0,,5340147.0,88953.0,1,23065.0,23065.0,0,0
972,2017,16,romain-grosjean,haas,ferrari,9,9,2.0,13,16,53,4,0,0,1,1,0,0,0,0,0,,5341077.0,89883.0,1,22781.0,22781.0,0,0
972,2017,16,felipe-massa,williams,mercedes,10,10,1.0,8,9,52,-2,0,0,1,1,0,0,0,0,0,,,,1,22956.0,22956.0,0,0
972,2017,16,fernando-alonso,mclaren,honda,11,11,0,20,10,52,9,0,0,0,1,0,0,0,0,0,,,,1,24636.0,24636.0,0,0
972,2017,16,jolyon-palmer,renault,renault,12,12,0,18,14,52,6,0,0,0,1,0,0,0,0,0,,,,1,25618.0,25618.0,0,0
972,2017,16,pierre-gasly,toro-rosso,toro-rosso,13,13,0,14,17,52,1,0,0,0,1,0,0,0,0,0,,,,2,23344.0,47757.0,0,0
972,2017,16,stoffel-vandoorne,mclaren,honda,14,14,0,9,11,52,-5,0,0,0,1,0,0,0,0,0,,,,2,23399.0,46829.0,0,0
972,2017,16,pascal-wehrlein,sauber,ferrari,15,15,0,17,20,51,2,0,0,0,1,0,0,0,0,0,,,,3,24424.0,74294.0,0,0
972,2017,16,lance-stroll,williams,mercedes,,DNF,0,15,18,45,,0,0,0,0,0,0,0,0,1,Suspension,,,2,22736.0,46211.0,0,0
972,2017,16,nico-hulkenberg,renault,renault,,DNF,0,11,12,40,,0,0,0,0,0,0,0,0,1,Rear wing,,,1,23199.0,23199.0,0,0
972,2017,16,marcus-ericsson,sauber,ferrari,,DNF,0,16,19,7,,0,0,0,0,0,0,0,0,1,Accident,,,0,,,0,0
972,2017,16,sebastian-vettel,ferrari,ferrari,,DNF,0,2,3,4,,0,0,0,0,0,0,0,0,1,Spark plugs,,,0,,,0,0
972,2017,16,carlos-sainz-jr,toro-rosso,toro-rosso,,DNF,0,19,15,0,,0,0,0,0,0,0,0,0,1,Accident,,,0,,,0,0
973,2017,17,lewis-hamilton,mercedes,mercedes,1,1,25.0,1,1,56,0,1,1,1,1,1,0,0,0,0,,5630991.0,,1,23402.0,23402.0,1,1
973,2017,17,sebastian-vettel,ferrari,ferrari,2,2,18.0,2,2,56,0,0,1,1,1,0,1,0,0,0,,5641134.0,10143.0,2,23620.0,47920.0,0,0
973,2017,17,kimi-raikkonen,ferrari,ferrari,3,3,15.0,5,5,56,2,0,1,1,1,0,0,0,0,0,,5646770.0,15779.0,1,23575.0,23575.0,0,0
973,2017,17,max-verstappen,red-bull,tag-heuer,4,4,12.0,16,6,56,12,0,0,1,1,0,0,0,1,0,,5647759.0,16768.0,2,23423.0,47748.0,0,0
973,2017,17,valtteri-bottas,mercedes,mercedes,5,5,10.0,3,3,56,-2,0,0,1,1,0,0,0,0,0,,5665958.0,34967.0,2,23254.0,46713.0,0,0
973,2017,17,esteban-ocon,force-india,mercedes,6,6,8.0,6,7,56,0,0,0,1,1,0,0,0,0,0,,5721971.0,90980.0,1,24502.0,24502.0,0,0
973,2017,17,carlos-sainz-jr,renault,renault,7,7,6.0,7,8,56,0,0,0,1,1,0,0,0,0,0,,5723935.0,92944.0,1,24525.0,24525.0,0,0
973,2017,17,sergio-perez,force-india,mercedes,8,8,4.0,9,10,55,1,0,0,1,1,0,0,0,0,0,,,,1,24326.0,24326.0,0,0
973,2017,17,felipe-massa,williams,mercedes,9,9,2.0,10,11,55,1,0,0,1,1,0,0,0,0,0,,,,1,23772.0,23772.0,0,0
973,2017,17,daniil-kvyat,toro-rosso,toro-rosso,10,10,1.0,11,12,55,1,0,0,1,1,0,0,0,0,0,,,,1,24883.0,24883.0,0,0
973,2017,17,lance-stroll,williams,mercedes,11,11,0,15,17,55,4,0,0,0,1,0,0,0,0,0,,,,2,24497.0,49446.0,0,0
973,2017,17,stoffel-vandoorne,mclaren,honda,12,12,0,20,13,55,8,0,0,0,1,0,0,0,0,0,,,,1,23578.0,23578.0,0,0
973,2017,17,brendon-hartley,toro-rosso,toro-rosso,13,13,0,19,18,55,6,0,0,0,1,0,0,0,0,0,,,,2,24229.0,48629.0,0,0
973,2017,17,romain-grosjean,haas,ferrari,14,14,0,12,14,55,-2,0,0,0,1,0,0,0,0,0,,,,1,24897.0,24897.0,0,0
973,2017,17,marcus-ericsson,sauber,ferrari,15,15,0,13,16,55,-2,0,0,0,1,0,0,0,0,0,,,,1,25841.0,25841.0,0,0
973,2017,17,kevin-magnussen,haas,ferrari,16,16,0,17,20,55,1,0,0,0,1,0,0,0,0,0,,,,2,25112.0,50380.0,0,0
973,2017,17,fernando-alonso,mclaren,honda,,DNF,0,8,9,24,,0,0,0,0,0,0,0,0,1,Engine,,,1,23796.0,23796.0,0,0
973,2017,17,daniel-ricciardo,red-bull,tag-heuer,,DNF,0,4,4,14,,0,0,0,0,0,0,0,0,1,Engine,,,1,23604.0,23604.0,0,0
973,2017,17,pascal-wehrlein,sauber,ferrari,,DNF,0,14,19,5,,0,0,0,0,0,0,0,0,1,Collision damage,,,1,31334.0,31334.0,0,0
973,2017,17,nico-hulkenberg,renault,renault,,DNF,0,18,15,3,,0,0,0,0,0,0,0,0,1,Engine,,,0,,,0,0
974,2017,18,max-verstappen,red-bull,tag-heuer,1,1,25.0,2,2,71,1,1,1,1,1,0,0,0,0,0,,5786552.0,,1,22570.0,22570.0,0,0
974,2017,18,valtteri-bottas,mercedes,mercedes,2,2,18.0,4,4,71,2,0,1,1,1,0,0,0,0,0,,5806230.0,19678.0,1,21758.0,21758.0,0,0
974,2017,18,kimi-raikkonen,ferrari,ferrari,3,3,15.0,5,5,71,2,0,1,1,1,0,0,0,0,0,,5840559.0,54007.0,1,22540.0,22540.0,0,0
974,2017,18,sebastian-vettel,ferrari,ferrari,4,4,12.0,1,1,71,-3,0,0,1,1,1,1,0,1,0,,5856630.0,70078.0,2,22379.0,54416.0,1,0
974,2017,18,esteban-ocon,force-india,mercedes,5,5,10.0,6,6,70,1,0,0,1,1,0,0,0,0,0,,,,1,22665.0,22665.0,0,0
974,2017,18,lance-stroll,williams,mercedes,6,6,8.0,11,12,70,5,0,0,1,1,0,0,0,0,0,,,,1,21825.0,21825.0,0,0
974,2017,18,sergio-perez,force-india,mercedes,7,7,6.0,9,10,70,2,0,0,1,1,0,0,0,0,0,,,,2,22528.0,45431.0,0,0
974,2017,18,kevin-magnussen,haas,ferrari,8,8,4.0,14,18,70,6,0,0,1,1,0,0,0,0,0,,,,1,22507.0,22507.0,0,0
974,2017,18,lewis-hamilton,mercedes,mercedes,9,9,2.0,3,3,70,-6,0,0,1,1,0,0,0,0,0,,,,2,23315.0,52598.0,0,0
974,2017,18,fernando-alonso,mclaren,honda,10,10,1.0,18,14,70,8,0,0,1,1,0,0,0,0,0,,,,1,22655.0,22655.0,0,0
974,2017,18,felipe-massa,williams,mercedes,11,11,0,10,11,70,-1,0,0,0,1,0,0,0,0,0,,,,1,22055.0,22055.0,0,0
974,2017,18,stoffel-vandoorne,mclaren,honda,12,12,0,19,15,70,7,0,0,0,1,0,0,0,0,0,,,,1,28044.0,28044.0,0,0
974,2017,18,pierre-gasly,toro-rosso,toro-rosso,13,13,0,20,19,70,7,0,0,0,1,0,0,0,0,0,,,,1,22709.0,22709.0,0,0
974,2017,18,pascal-wehrlein,sauber,ferrari,14,14,0,13,17,69,-1,0,0,0,1,0,0,0,0,0,,,,1,23358.0,23358.0,0,0
974,2017,18,romain-grosjean,haas,ferrari,15,15,0,15,19,69,0,0,0,0,1,0,0,0,0,0,,,,2,23035.0,51796.0,0,0
974,2017,18,carlos-sainz-jr,renault,renault,,DNF,0,8,9,59,,0,0,0,0,0,0,0,0,1,Steering,,,2,22852.0,45887.0,0,0
974,2017,18,marcus-ericsson,sauber,ferrari,,DNF,0,12,16,55,,0,0,0,0,0,0,0,0,1,Engine,,,1,22736.0,22736.0,0,0
974,2017,18,brendon-hartley,toro-rosso,toro-rosso,,DNF,0,17,13,30,,0,0,0,0,0,0,0,0,1,Engine,,,0,,,0,0
974,2017,18,nico-hulkenberg,renault,renault,,DNF,0,7,8,24,,0,0,0,0,0,0,0,0,1,Power unit,,,1,22587.0,22587.0,0,0
974,2017,18,daniel-ricciardo,red-bull,tag-heuer,,DNF,0,16,7,5,,0,0,0,0,0,0,0,0,1,Turbo,,,0,,,0,0
975,2017,19,sebastian-vettel,ferrari,ferrari,1,1,25.0,2,2,71,1,1,1,1,1,0,0,0,0,0,,5486262.0,,4,17817.0,77492.0,0,0
975,2017,19,valtteri-bottas,mercedes,mercedes,2,2,18.0,1,1,71,-1,0,1,1,1,1,0,0,0,0,,5489024.0,2762.0,4,17784.0,77392.0,1,0
975,2017,19,kimi-raikkonen,ferrari,ferrari,3,3,15.0,3,3,71,0,0,1,1,1,0,0,0,0,0,,5490862.0,4600.0,4,18027.0,78920.0,0,0
975,2017,19,lewis-hamilton,mercedes,mercedes,4,4,12.0,,,71,16,0,0,1,1,0,0,0,1,0,,5491730.0,5468.0,4,18725.0,80460.0,0,0
975,2017,19,max-verstappen,red-bull,tag-heuer,5,5,10.0,4,4,71,-1,0,0,1,1,0,1,0,0,0,,5519202.0,32940.0,5,17913.0,100581.0,0,0
975,2017,19,daniel-ricciardo,red-bull,tag-heuer,6,6,8.0,14,5,71,8,0,0,1,1,0,0,0,0,0,,5534953.0,48691.0,4,17929.0,85488.0,0,0
975,2017,19,felipe-massa,williams,mercedes,7,7,6.0,9,10,71,2,0,0,1,1,0,0,0,0,0,,5555144.0,68882.0,4,17736.0,76994.0,0,0
975,2017,19,fernando-alonso,mclaren,honda,8,8,4.0,6,7,71,-2,0,0,1,1,0,0,0,0,0,,5555625.0,69363.0,4,17716.0,77315.0,0,0
975,2017,19,sergio-perez,force-india,mercedes,9,9,2.0,5,6,71,-4,0,0,1,1,0,0,0,0,0,,5555762.0,69500.0,4,17822.0,77473.0,0,0
975,2017,19,nico-hulkenberg,renault,renault,10,10,1.0,7,8,70,-3,0,0,1,1,0,0,0,0,0,,,,4,18052.0,79582.0,0,0
975,2017,19,carlos-sainz-jr,renault,renault,11,11,0,8,9,70,-3,0,0,0,1,0,0,0,0,0,,,,4,18347.0,79709.0,0,0
975,2017,19,pierre-gasly,toro-rosso,toro-rosso,12,12,0,19,17,70,7,0,0,0,1,0,0,0,0,0,,,,4,18207.0,80240.0,0,0
975,2017,19,marcus-ericsson,sauber,ferrari,13,13,0,17,19,70,4,0,0,0,1,0,0,0,0,0,,,,4,17802.0,80819.0,0,0
975,2017,19,pascal-wehrlein,sauber,ferrari,14,14,0,15,16,70,1,0,0,0,1,0,0,0,0,0,,,,3,18764.0,64363.0,0,0
975,2017,19,romain-grosjean,haas,ferrari,15,15,0,11,12,69,-4,0,0,0,1,0,0,0,0,0,,,,4,18456.0,97599.0,0,0
975,2017,19,lance-stroll,williams,mercedes,16,16,0,16,18,69,0,0,0,0,1,0,0,0,0,0,,,,5,17925.0,104583.0,0,0
975,2017,19,brendon-hartley,toro-rosso,toro-rosso,,DNF,0,18,15,40,,0,0,0,0,0,0,0,0,1,Engine,,,4,17738.0,80943.0,0,0
975,2017,19,esteban-ocon,force-india,mercedes,,DNF,0,10,11,0,,0,0,0,0,0,0,0,0,1,Collision,,,0,,,0,0
975,2017,19,stoffel-vandoorne,mclaren,honda,,DNF,0,12,13,0,,0,0,0,0,0,0,0,0,1,Collision,,,0,,,0,0
975,2017,19,kevin-magnussen,haas,ferrari,,DNF,0,13,14,0,,0,0,0,0,0,0,0,0,1,Collision,,,0,,,0,0
976,2017,20,valtteri-bottas,mercedes,mercedes,1,1,25.0,1,1,55,0,1,1,1,1,1,1,0,1,0,,5654062.0,,1,21478.0,21478.0,1,1
976,2017,20,lewis-hamilton,mercedes,mercedes,2,2,18.0,2,2,55,0,0,1,1,1,0,0,0,0,0,,5657961.0,3899.0,1,21274.0,21274.0,0,0
976,2017,20,sebastian-vettel,ferrari,ferrari,3,3,15.0,3,3,55,0,0,1,1,1,0,0,0,0,0,,5673392.0,19330.0,1,21221.0,21221.0,0,0
976,2017,20,kimi-raikkonen,ferrari,ferrari,4,4,12.0,5,5,55,1,0,0,1,1,0,0,0,0,0,,5699448.0,45386.0,1,21609.0,21609.0,0,0
976,2017,20,max-verstappen,red-bull,tag-heuer,5,5,10.0,6,6,55,1,0,0,1,1,0,0,0,0,0,,5700331.0,46269.0,1,21269.0,21269.0,0,0
976,2017,20,nico-hulkenberg,renault,renault,6,6,8.0,7,7,55,1,0,0,1,1,0,0,0,0,0,,5739775.0,85713.0,1,29724.0,29724.0,0,0
976,2017,20,sergio-perez,force-india,mercedes,7,7,6.0,8,8,55,1,0,0,1,1,0,0,0,0,0,,5746124.0,92062.0,1,21869.0,21869.0,0,0
976,2017,20,esteban-ocon,force-india,mercedes,8,8,4.0,9,9,55,1,0,0,1,1,0,0,0,0,0,,5752973.0,98911.0,1,21865.0,21865.0,0,0
976,2017,20,fernando-alonso,mclaren,honda,9,9,2.0,11,11,54,2,0,0,1,1,0,0,0,0,0,,,,1,22541.0,22541.0,0,0
976,2017,20,felipe-massa,williams,mercedes,10,10,1.0,10,10,54,0,0,0,1,1,0,0,0,0,0,,,,1,21449.0,21449.0,0,0
976,2017,20,romain-grosjean,haas,ferrari,11,11,0,16,16,54,5,0,0,0,1,0,0,0,0,0,,,,1,21850.0,21850.0,0,0
976,2017,20,stoffel-vandoorne,mclaren,honda,12,12,0,13,13,54,1,0,0,0,1,0,0,0,0,0,,,,1,22125.0,22125.0,0,0
976,2017,20,kevin-magnussen,haas,ferrari,13,13,0,14,14,54,1,0,0,0,1,0,0,0,0,0,,,,1,21875.0,21875.0,0,0
976,2017,20,pascal-wehrlein,sauber,ferrari,14,14,0,18,18,54,4,0,0,0,1,0,0,0,0,0,,,,1,22959.0,22959.0,0,0
976,2017,20,brendon-hartley,toro-rosso,toro-rosso,15,15,0,20,20,54,5,0,0,0,1,0,0,0,0,0,,,,1,21598.0,21598.0,0,0
976,2017,20,pierre-gasly,toro-rosso,toro-rosso,16,16,0,17,17,54,1,0,0,0,1,0,0,0,0,0,,,,1,21519.0,21519.0,0,0
976,2017,20,marcus-ericsson,sauber,ferrari,17,17,0,19,19,54,2,0,0,0,1,0,0,0,0,0,,,,1,22176.0,22176.0,0,0
976,2017,20,lance-stroll,williams,mercedes,18,18,0,15,15,54,-3,0,0,0,1,0,0,0,0,0,,,,3,21543.0,65064.0,0,0
976,2017,20,carlos-sainz-jr,renault,renault,,DNF,0,12,12,31,,0,0,0,0,0,0,0,0,1,Wheel,,,1,21956.0,21956.0,0,0
976,2017,20,daniel-ricciardo,red-bull,tag-heuer,,DNF,0,4,4,20,,0,0,0,0,0,0,0,0,1,Hydraulics,,,1,23477.0,23477.0,0,0
977,2018,1,sebastian-vettel,ferrari,ferrari,1,1,25.0,3,3,58,2,1,1,1,1,0,0,0,0,0,,5373283.0,,1,21787.0,21787.0,0,0
977,2018,1,lewis-hamilton,mercedes,mercedes,2,2,18.0,1,1,58,-1,0,1,1,1,1,0,0,0,0,,5378319.0,5036.0,1,21821.0,21821.0,1,0
977,2018,1,kimi-raikkonen,ferrari,ferrari,3,3,15.0,2,2,58,-1,0,1,1,1,0,0,0,0,0,,5379592.0,6309.0,1,21421.0,21421.0,0,0
977,2018,1,daniel-ricciardo,red-bull,tag-heuer,4,4,12.0,8,5,58,4,0,0,1,1,0,1,0,0,0,,5380352.0,7069.0,1,21440.0,21440.0,0,0
977,2018,1,fernando-alonso,mclaren,renault,5,5,10.0,10,11,58,5,0,0,1,1,0,0,0,1,0,,5401169.0,27886.0,1,22573.0,22573.0,0,0
977,2018,1,max-verstappen,red-bull,tag-heuer,6,6,8.0,4,4,58,-2,0,0,1,1,0,0,0,0,0,,5402228.0,28945.0,1,20953.0,20953.0,0,0
977,2018,1,nico-hulkenberg,renault,renault,7,7,6.0,7,8,58,0,0,0,1,1,0,0,0,0,0,,5405954.0,32671.0,1,22628.0,22628.0,0,0
977,2018,1,valtteri-bottas,mercedes,mercedes,8,8,4.0,15,10,58,7,0,0,1,1,0,0,0,0,0,,5407622.0,34339.0,1,21664.0,21664.0,0,0
977,2018,1,stoffel-vandoorne,mclaren,renault,9,9,2.0,11,12,58,2,0,0,1,1,0,0,0,0,0,,5408204.0,34921.0,1,22474.0,22474.0,0,0
977,2018,1,carlos-sainz-jr,renault,renault,10,10,1.0,9,9,58,-1,0,0,1,1,0,0,0,0,0,,5419005.0,45722.0,1,23868.0,23868.0,0,0
977,2018,1,sergio-perez,force-india,mercedes,11,11,0,12,13,58,1,0,0,0,1,0,0,0,0,0,,5420100.0,46817.0,1,22327.0,22327.0,0,0
977,2018,1,esteban-ocon,force-india,mercedes,12,12,0,14,15,58,2,0,0,0,1,0,0,0,0,0,,5433561.0,60278.0,1,21854.0,21854.0,0,0
977,2018,1,charles-leclerc,sauber,ferrari,13,13,0,18,18,58,5,0,0,0,1,0,0,0,0,0,,5449042.0,75759.0,2,22242.0,45078.0,0,0
977,2018,1,lance-stroll,williams,mercedes,14,14,0,13,14,58,-1,0,0,0,1,0,0,0,0,0,,5451571.0,78288.0,2,21397.0,46901.0,0,0
977,2018,1,brendon-hartley,toro-rosso,honda,15,15,0,16,16,57,1,0,0,0,1,0,0,0,0,0,,,,2,22213.0,44509.0,0,0
977,2018,1,romain-grosjean,haas,ferrari,,DNF,0,6,7,24,,0,0,0,0,0,0,0,0,1,Wheel,,,1,23054.0,23054.0,0,0
977,2018,1,kevin-magnussen,haas,ferrari,,DNF,0,5,6,22,,0,0,0,0,0,0,0,0,1,Wheel,,,1,21983.0,21983.0,0,0
977,2018,1,pierre-gasly,toro-rosso,honda,,DNF,0,20,20,13,,0,0,0,0,0,0,0,0,1,Engine,,,0,,,0,0
977,2018,1,marcus-ericsson,sauber,ferrari,,DNF,0,17,17,5,,0,0,0,0,0,0,0,0,1,Hydraulics,,,0,,,0,0
977,2018,1,sergey-sirotkin,williams,mercedes,,DNF,0,19,19,4,,0,0,0,0,0,0,0,0,1,Brakes,,,0,,,0,0
978,2018,2,sebastian-vettel,ferrari,ferrari,1,1,25.0,1,1,57,0,1,1,1,1,1,0,0,0,0,,5521940.0,,1,24524.0,24524.0,1,1
978,2018,2,valtteri-bottas,mercedes,mercedes,2,2,18.0,3,3,57,1,0,1,1,1,0,1,0,0,0,,5522639.0,699.0,1,26105.0,26105.0,0,0
978,2018,2,lewis-hamilton,mercedes,mercedes,3,3,15.0,9,4,57,6,0,1,1,1,0,0,0,0,0,,5528452.0,6512.0,1,24302.0,24302.0,0,0
978,2018,2,pierre-gasly,toro-rosso,honda,4,4,12.0,5,6,57,1,0,0,1,1,0,0,0,1,0,,5584174.0,62234.0,2,24835.0,49792.0,0,0
978,2018,2,kevin-magnussen,haas,ferrari,5,5,10.0,6,7,57,1,0,0,1,1,0,0,0,0,0,,5596986.0,75046.0,2,24629.0,49735.0,0,0
978,2018,2,nico-hulkenberg,renault,renault,6,6,8.0,7,8,57,1,0,0,1,1,0,0,0,0,0,,5620964.0,99024.0,2,24382.0,48836.0,0,0
978,2018,2,fernando-alonso,mclaren,renault,7,7,6.0,13,13,56,6,0,0,1,1,0,0,0,0,0,,,,2,24581.0,49574.0,0,0
978,2018,2,stoffel-vandoorne,mclaren,renault,8,8,4.0,14,14,56,6,0,0,1,1,0,0,0,0,0,,,,2,25081.0,50212.0,0,0
978,2018,2,marcus-ericsson,sauber,ferrari,9,9,2.0,17,17,56,8,0,0,1,1,0,0,0,0,0,,,,1,25194.0,25194.0,0,0
978,2018,2,esteban-ocon,force-india,mercedes,10,10,1.0,8,9,56,-2,0,0,1,1,0,0,0,0,0,,,,2,24596.0,49315.0,0,0
978,2018,2,carlos-sainz-jr,renault,renault,11,11,0,10,10,56,-1,0,0,0,1,0,0,0,0,0,,,,2,25307.0,51075.0,0,0
978,2018,2,charles-leclerc,sauber,ferrari,12,12,0,19,19,56,7,0,0,0,1,0,0,0,0,0,,,,2,25139.0,50702.0,0,0
978,2018,2,romain-grosjean,haas,ferrari,13,13,0,16,16,56,3,0,0,0,1,0,0,0,0,0,,,,3,25011.0,76801.0,0,0
978,2018,2,lance-stroll,williams,mercedes,14,14,0,20,20,56,6,0,0,0,1,0,0,0,0,0,,,,2,24638.0,58250.0,0,0
978,2018,2,sergey-sirotkin,williams,mercedes,15,15,0,18,18,56,3,0,0,0,1,0,0,0,0,0,,,,2,24672.0,50365.0,0,0
978,2018,2,sergio-perez,force-india,mercedes,16,16,0,12,12,56,-4,0,0,0,1,0,0,0,0,0,,,,2,24677.0,49669.0,0,0
978,2018,2,brendon-hartley,toro-rosso,honda,17,17,0,11,11,56,-6,0,0,0,1,0,0,0,0,0,,,,2,24953.0,61599.0,0,0
978,2018,2,kimi-raikkonen,ferrari,ferrari,,DNF,0,2,2,35,,0,0,0,0,0,0,0,0,1,Wheel,,,1,25018.0,25018.0,0,0
978,2018,2,max-verstappen,red-bull,tag-heuer,,DNF,0,15,15,3,,0,0,0,0,0,0,0,0,1,Transmission,,,1,30381.0,30381.0,0,0
978,2018,2,daniel-ricciardo,red-bull,tag-heuer,,DNF,0,4,5,1,,0,0,0,0,0,0,0,0,1,Electrical,,,0,,,0,0
979,2018,3,daniel-ricciardo,red-bull,tag-heuer,1,1,25.0,6,6,56,5,1,1,1,1,0,1,0,1,0,,5736380.0,,2,22691.0,45733.0,0,0
979,2018,3,valtteri-bottas,mercedes,mercedes,2,2,18.0,3,3,56,1,0,1,1,1,0,0,0,0,0,,5745274.0,8894.0,1,22097.0,22097.0,0,0
979,2018,3,kimi-raikkonen,ferrari,ferrari,3,3,15.0,2,2,56,-1,0,1,1,1,0,0,0,0,0,,5746017.0,9637.0,1,22913.0,22913.0,0,0
979,2018,3,lewis-hamilton,mercedes,mercedes,4,4,12.0,4,4,56,0,0,0,1,1,0,0,0,0,0,,5753365.0,16985.0,1,22464.0,22464.0,0,0
979,2018,3,max-verstappen,red-bull,tag-heuer,5,5,10.0,5,5,56,0,0,0,1,1,0,0,0,0,0,,5756816.0,20436.0,2,22596.0,45311.0,0,0
979,2018,3,nico-hulkenberg,renault,renault,6,6,8.0,7,7,56,1,0,0,1,1,0,0,0,0,0,,5757432.0,21052.0,2,23297.0,46951.0,0,0
979,2018,3,fernando-alonso,mclaren,renault,7,7,6.0,13,13,56,6,0,0,1,1,0,0,0,0,0,,5767019.0,30639.0,1,24110.0,24110.0,0,0
979,2018,3,sebastian-vettel,ferrari,ferrari,8,8,4.0,1,1,56,-7,0,0,1,1,1,0,0,0,0,,5771666.0,35286.0,1,23009.0,23009.0,1,0
979,2018,3,carlos-sainz-jr,renault,renault,9,9,2.0,9,9,56,0,0,0,1,1,0,0,0,0,0,,5772143.0,35763.0,2,23117.0,47052.0,0,0
979,2018,3,kevin-magnussen,haas,ferrari,10,10,1.0,11,11,56,1,0,0,1,1,0,0,0,0,0,,5775974.0,39594.0,1,22973.0,22973.0,0,0
979,2018,3,esteban-ocon,force-india,mercedes,11,11,0,12,12,56,1,0,0,0,1,0,0,0,0,0,,5780430.0,44050.0,2,22637.0,45918.0,0,0
979,2018,3,sergio-perez,force-india,mercedes,12,12,0,8,8,56,-4,0,0,0,1,0,0,0,0,0,,5781105.0,44725.0,2,22334.0,45190.0,0,0
979,2018,3,stoffel-vandoorne,mclaren,renault,13,13,0,14,14,56,1,0,0,0,1,0,0,0,0,0,,5785753.0,49373.0,1,23730.0,23730.0,0,0
979,2018,3,lance-stroll,williams,mercedes,14,14,0,18,18,56,4,0,0,0,1,0,0,0,0,0,,5791870.0,55490.0,1,22661.0,22661.0,0,0
979,2018,3,sergey-sirotkin,williams,mercedes,15,15,0,16,16,56,1,0,0,0,1,0,0,0,0,0,,5794621.0,58241.0,2,22723.0,46439.0,0,0
979,2018,3,marcus-ericsson,sauber,ferrari,16,16,0,20,20,56,4,0,0,0,1,0,0,0,0,0,,5798984.0,62604.0,1,22785.0,22785.0,0,0
979,2018,3,romain-grosjean,haas,ferrari,17,17,0,10,10,56,-7,0,0,0,1,0,0,0,0,0,,5801676.0,65296.0,2,22981.0,46716.0,0,0
979,2018,3,pierre-gasly,toro-rosso,honda,18,18,0,17,17,56,-1,0,0,0,1,0,0,0,0,0,,5802710.0,66330.0,2,23950.0,58600.0,0,0
979,2018,3,charles-leclerc,sauber,ferrari,19,19,0,19,19,56,0,0,0,0,1,0,0,0,0,0,,5818955.0,82575.0,1,23392.0,23392.0,0,0
979,2018,3,brendon-hartley,toro-rosso,honda,20,20,0,15,15,51,-5,0,0,0,1,0,0,0,0,0,Gearbox,,,2,23172.0,47242.0,0,0
980,2018,4,lewis-hamilton,mercedes,mercedes,1,1,25.0,2,2,51,1,1,1,1,1,0,0,0,0,0,,6224291.0,,2,20377.0,41706.0,0,0
980,2018,4,kimi-raikkonen,ferrari,ferrari,2,2,18.0,6,6,51,4,0,1,1,1,0,0,0,0,0,,6226751.0,2460.0,2,21149.0,51161.0,0,0
980,2018,4,sergio-perez,force-india,mercedes,3,3,15.0,8,8,51,5,0,1,1,1,0,0,0,0,0,,6228315.0,4024.0,2,26174.0,54283.0,0,0
980,2018,4,sebastian-vettel,ferrari,ferrari,4,4,12.0,1,1,51,-3,0,0,1,1,1,0,0,0,0,,6229620.0,5329.0,2,20037.0,40860.0,1,0
980,2018,4,carlos-sainz-jr,renault,renault,5,5,10.0,9,10,51,4,0,0,1,1,0,0,0,0,0,,6231806.0,7515.0,2,20967.0,42483.0,0,0
980,2018,4,charles-leclerc,sauber,ferrari,6,6,8.0,13,14,51,7,0,0,1,1,0,0,0,1,0,,6233449.0,9158.0,2,21058.0,43088.0,0,0
980,2018,4,fernando-alonso,mclaren,renault,7,7,6.0,12,13,51,5,0,0,1,1,0,0,0,0,0,,6235222.0,10931.0,2,21371.0,78081.0,0,0
980,2018,4,lance-stroll,williams,mercedes,8,8,4.0,10,11,51,2,0,0,1,1,0,0,0,0,0,,6236837.0,12546.0,2,19737.0,40973.0,0,0
980,2018,4,stoffel-vandoorne,mclaren,renault,9,9,2.0,16,16,51,7,0,0,1,1,0,0,0,0,0,,6238443.0,14152.0,4,20760.0,83728.0,0,0
980,2018,4,brendon-hartley,toro-rosso,honda,10,10,1.0,19,,51,9,0,0,1,1,0,0,0,0,0,,6242321.0,18030.0,3,20809.0,63257.0,0,0
980,2018,4,marcus-ericsson,sauber,ferrari,11,11,0,18,18,51,7,0,0,0,1,0,0,0,0,0,,6242803.0,18512.0,4,14998.0,117112.0,0,0
980,2018,4,pierre-gasly,toro-rosso,honda,12,12,0,17,17,51,5,0,0,0,1,0,0,0,0,0,,6249011.0,24720.0,2,20782.0,42069.0,0,0
980,2018,4,kevin-magnussen,haas,ferrari,13,13,0,15,15,51,2,0,0,0,1,0,0,0,0,0,,6264954.0,40663.0,2,21778.0,57386.0,0,0
980,2018,4,valtteri-bottas,mercedes,mercedes,14,14,0,3,3,48,-11,0,0,0,1,0,1,0,0,0,Puncture,,,1,20192.0,20192.0,0,0
980,2018,4,romain-grosjean,haas,ferrari,,DNF,0,20,,42,,0,0,0,0,0,0,0,0,1,Accident,,,2,21725.0,44482.0,0,0
980,2018,4,max-verstappen,red-bull,tag-heuer,,DNF,0,5,5,39,,0,0,0,0,0,0,0,0,1,Collision,,,1,19765.0,19765.0,0,0
980,2018,4,daniel-ricciardo,red-bull,tag-heuer,,DNF,0,4,4,39,,0,0,0,0,0,0,0,0,1,Collision,,,1,19925.0,19925.0,0,0
980,2018,4,nico-hulkenberg,renault,renault,,DNF,0,14,9,10,,0,0,0,0,0,0,0,0,1,Accident,,,0,,,0,0
980,2018,4,esteban-ocon,force-india,mercedes,,DNF,0,7,7,0,,0,0,0,0,0,0,0,0,1,Collision,,,0,,,0,0
980,2018,4,sergey-sirotkin,williams,mercedes,,DNF,0,11,12,0,,0,0,0,0,0,0,0,0,1,Collision,,,0,,,0,0
981,2018,5,lewis-hamilton,mercedes,mercedes,1,1,25.0,1,1,66,0,1,1,1,1,1,0,0,1,0,,5729972.0,,1,22085.0,22085.0,1,1
981,2018,5,valtteri-bottas,mercedes,mercedes,2,2,18.0,2,2,66,0,0,1,1,1,0,0,0,0,0,,5750565.0,20593.0,1,23213.0,23213.0,0,0
981,2018,5,max-verstappen,red-bull,tag-heuer,3,3,15.0,5,5,66,2,0,1,1,1,0,0,0,0,0,,5756845.0,26873.0,1,21740.0,21740.0,0,0
981,2018,5,sebastian-vettel,ferrari,ferrari,4,4,12.0,3,3,66,-1,0,0,1,1,0,0,0,0,0,,5757556.0,27584.0,2,22054.0,46327.0,0,0
981,2018,5,daniel-ricciardo,red-bull,tag-heuer,5,5,10.0,6,6,66,1,0,0,1,1,0,1,0,0,0,,5780030.0,50058.0,1,21618.0,21618.0,0,0
981,2018,5,kevin-magnussen,haas,ferrari,6,6,8.0,7,7,65,1,0,0,1,1,0,0,0,0,0,,,,1,22917.0,22917.0,0,0
981,2018,5,carlos-sainz-jr,renault,renault,7,7,6.0,9,9,65,2,0,0,1,1,0,0,0,0,0,,,,1,22409.0,22409.0,0,0
981,2018,5,fernando-alonso,mclaren,renault,8,8,4.0,8,8,65,0,0,0,1,1,0,0,0,0,0,,,,1,21721.0,21721.0,0,0
981,2018,5,sergio-perez,force-india,mercedes,9,9,2.0,15,15,64,6,0,0,1,1,0,0,0,0,0,,,,2,22242.0,44680.0,0,0
981,2018,5,charles-leclerc,sauber,ferrari,10,10,1.0,14,14,64,4,0,0,1,1,0,0,0,0,0,,,,1,21995.0,21995.0,0,0
981,2018,5,lance-stroll,williams,mercedes,11,11,0,18,19,64,7,0,0,0,1,0,0,0,0,0,,,,1,21351.0,21351.0,0,0
981,2018,5,brendon-hartley,toro-rosso,honda,12,12,0,20,,64,8,0,0,0,1,0,0,0,0,0,,,,2,22472.0,45103.0,0,0
981,2018,5,marcus-ericsson,sauber,ferrari,13,13,0,17,17,64,4,0,0,0,1,0,0,0,0,0,,,,1,22100.0,22100.0,0,0
981,2018,5,sergey-sirotkin,williams,mercedes,14,14,0,19,18,63,5,0,0,0,1,0,0,0,0,0,,,,3,22034.0,67948.0,0,0
981,2018,5,stoffel-vandoorne,mclaren,renault,,DNF,0,11,11,45,,0,0,0,0,0,0,0,0,1,Gearbox,,,1,27416.0,27416.0,0,0
981,2018,5,esteban-ocon,force-india,mercedes,,DNF,0,13,13,38,,0,0,0,0,0,0,0,0,1,Oil leak,,,1,47910.0,47910.0,0,0
981,2018,5,kimi-raikkonen,ferrari,ferrari,,DNF,0,4,4,25,,0,0,0,0,0,0,0,0,1,Turbo,,,0,,,0,0
981,2018,5,romain-grosjean,haas,ferrari,,DNF,0,10,10,0,,0,0,0,0,0,0,0,0,1,Collision,,,0,,,0,0
981,2018,5,pierre-gasly,toro-rosso,honda,,DNF,0,12,12,0,,0,0,0,0,0,0,0,0,1,Collision,,,0,,,0,0
981,2018,5,nico-hulkenberg,renault,renault,,DNF,0,16,16,0,,0,0,0,0,0,0,0,0,1,Collision,,,0,,,0,0
982,2018,6,daniel-ricciardo,red-bull,tag-heuer,1,1,25.0,1,1,78,0,1,1,1,1,1,0,0,1,0,,6174807.0,,1,24542.0,24542.0,1,1
982,2018,6,sebastian-vettel,ferrari,ferrari,2,2,18.0,2,2,78,0,0,1,1,1,0,0,0,0,0,,6182143.0,7336.0,1,23964.0,23964.0,0,0
982,2018,6,lewis-hamilton,mercedes,mercedes,3,3,15.0,3,3,78,0,0,1,1,1,0,0,0,0,0,,6191820.0,17013.0,1,23739.0,23739.0,0,0
982,2018,6,kimi-raikkonen,ferrari,ferrari,4,4,12.0,4,4,78,0,0,0,1,1,0,0,0,0,0,,6192934.0,18127.0,1,24263.0,24263.0,0,0
982,2018,6,valtteri-bottas,mercedes,mercedes,5,5,10.0,5,5,78,0,0,0,1,1,0,0,0,0,0,,6193629.0,18822.0,1,24020.0,24020.0,0,0
982,2018,6,esteban-ocon,force-india,mercedes,6,6,8.0,6,6,78,0,0,0,1,1,0,0,0,0,0,,6198474.0,23667.0,1,24663.0,24663.0,0,0
982,2018,6,pierre-gasly,toro-rosso,honda,7,7,6.0,10,10,78,3,0,0,1,1,0,0,0,0,0,,6199138.0,24331.0,1,24296.0,24296.0,0,0
982,2018,6,nico-hulkenberg,renault,renault,8,8,4.0,11,11,78,3,0,0,1,1,0,0,0,0,0,,6199646.0,24839.0,1,25213.0,25213.0,0,0
982,2018,6,max-verstappen,red-bull,tag-heuer,9,9,2.0,20,,78,11,0,0,1,1,0,1,0,0,0,,6200124.0,25317.0,1,24111.0,24111.0,0,0
982,2018,6,carlos-sainz-jr,renault,renault,10,10,1.0,8,8,78,-2,0,0,1,1,0,0,0,0,0,,6243820.0,69013.0,1,24874.0,24874.0,0,0
982,2018,6,marcus-ericsson,sauber,ferrari,11,11,0,16,17,78,5,0,0,0,1,0,0,0,0,0,,6244671.0,69864.0,1,24291.0,24291.0,0,0
982,2018,6,sergio-perez,force-india,mercedes,12,12,0,9,9,78,-3,0,0,0,1,0,0,0,0,0,,6245268.0,70461.0,1,29379.0,29379.0,0,0
982,2018,6,kevin-magnussen,haas,ferrari,13,13,0,19,19,78,6,0,0,0,1,0,0,0,0,0,,6249630.0,74823.0,1,24237.0,24237.0,0,0
982,2018,6,stoffel-vandoorne,mclaren,renault,14,14,0,12,12,77,-2,0,0,0,1,0,0,0,0,0,,,,2,25438.0,52255.0,0,0
982,2018,6,romain-grosjean,haas,ferrari,15,15,0,18,15,77,3,0,0,0,1,0,0,0,0,0,,,,2,24568.0,49309.0,0,0
982,2018,6,sergey-sirotkin,williams,mercedes,16,16,0,13,13,77,-3,0,0,0,1,0,0,0,0,0,,,,3,25170.0,82543.0,0,0
982,2018,6,lance-stroll,williams,mercedes,17,17,0,17,18,76,0,0,0,0,1,0,0,0,0,0,,,,3,24852.0,89843.0,0,0
982,2018,6,charles-leclerc,sauber,ferrari,18,18,0,14,14,70,-4,0,0,0,1,0,0,0,0,0,Collision,,,1,23870.0,23870.0,0,0
982,2018,6,brendon-hartley,toro-rosso,honda,19,19,0,15,16,70,-4,0,0,0,1,0,0,0,0,0,Collision damage,,,1,24326.0,24326.0,0,0
982,2018,6,fernando-alonso,mclaren,renault,,DNF,0,7,7,52,,0,0,0,0,0,0,0,0,1,Gearbox,,,1,24241.0,24241.0,0,0
983,2018,7,sebastian-vettel,ferrari,ferrari,1,1,25.0,1,1,68,0,1,1,1,1,1,0,0,1,0,,5311377.0,,1,23529.0,23529.0,1,1
983,2018,7,valtteri-bottas,mercedes,mercedes,2,2,18.0,2,2,68,0,0,1,1,1,0,0,0,0,0,,5318753.0,7376.0,1,23775.0,23775.0,0,0
983,2018,7,max-verstappen,red-bull,tag-heuer,3,3,15.0,3,3,68,0,0,1,1,1,0,1,0,0,0,,5319737.0,8360.0,1,23137.0,23137.0,0,0
983,2018,7,daniel-ricciardo,red-bull,tag-heuer,4,4,12.0,6,6,68,2,0,0,1,1,0,0,0,0,0,,5332269.0,20892.0,1,23279.0,23279.0,0,0
983,2018,7,lewis-hamilton,mercedes,mercedes,5,5,10.0,4,4,68,-1,0,0,1,1,0,0,0,0,0,,5332936.0,21559.0,1,23335.0,23335.0,0,0
983,2018,7,kimi-raikkonen,ferrari,ferrari,6,6,8.0,5,5,68,-1,0,0,1,1,0,0,0,0,0,,5338561.0,27184.0,1,23645.0,23645.0,0,0
983,2018,7,nico-hulkenberg,renault,renault,7,7,6.0,7,7,67,0,0,0,1,1,0,0,0,0,0,,,,1,24521.0,24521.0,0,0
983,2018,7,carlos-sainz-jr,renault,renault,8,8,4.0,9,9,67,1,0,0,1,1,0,0,0,0,0,,,,1,24416.0,24416.0,0,0
983,2018,7,esteban-ocon,force-india,mercedes,9,9,2.0,8,8,67,-1,0,0,1,1,0,0,0,0,0,,,,1,25353.0,25353.0,0,0
983,2018,7,charles-leclerc,sauber,ferrari,10,10,1.0,13,13,67,3,0,0,1,1,0,0,0,0,0,,,,1,23666.0,23666.0,0,0
983,2018,7,pierre-gasly,toro-rosso,honda,11,11,0,19,16,67,8,0,0,0,1,0,0,0,0,0,,,,1,24107.0,24107.0,0,0
983,2018,7,romain-grosjean,haas,ferrari,12,12,0,20,,67,8,0,0,0,1,0,0,0,0,0,,,,1,24400.0,24400.0,0,0
983,2018,7,kevin-magnussen,haas,ferrari,13,13,0,11,11,67,-2,0,0,0,1,0,0,0,0,0,,,,1,24008.0,24008.0,0,0
983,2018,7,sergio-perez,force-india,mercedes,14,14,0,10,10,67,-4,0,0,0,1,0,0,0,0,0,,,,2,23718.0,47804.0,0,0
983,2018,7,marcus-ericsson,sauber,ferrari,15,15,0,18,19,66,3,0,0,0,1,0,0,0,0,0,,,,1,23529.0,23529.0,0,0
983,2018,7,stoffel-vandoorne,mclaren,renault,16,16,0,15,15,66,-1,0,0,0,1,0,0,0,0,0,,,,2,23537.0,64545.0,0,0
983,2018,7,sergey-sirotkin,williams,mercedes,17,17,0,17,18,66,0,0,0,0,1,0,0,0,0,0,,,,1,23531.0,23531.0,0,0
983,2018,7,fernando-alonso,mclaren,renault,,DNF,0,14,14,40,,0,0,0,0,0,0,0,0,1,Exhaust,,,1,23099.0,23099.0,0,0
983,2018,7,brendon-hartley,toro-rosso,honda,,DNF,0,12,12,0,,0,0,0,0,0,0,0,0,1,Collision,,,0,,,0,0
983,2018,7,lance-stroll,williams,mercedes,,DNF,0,16,17,0,,0,0,0,0,0,0,0,0,1,Collision,,,0,,,0,0
984,2018,8,lewis-hamilton,mercedes,mercedes,1,1,25.0,1,1,53,0,1,1,1,1,1,0,0,0,0,,5411385.0,,1,24310.0,24310.0,1,1
984,2018,8,max-verstappen,red-bull,tag-heuer,2,2,18.0,4,4,53,2,0,1,1,1,0,0,0,0,0,,5418475.0,7090.0,1,24395.0,24395.0,0,0
984,2018,8,kimi-raikkonen,ferrari,ferrari,3,3,15.0,6,6,53,3,0,1,1,1,0,0,0,0,0,,5437273.0,25888.0,1,24289.0,24289.0,0,0
984,2018,8,daniel-ricciardo,red-bull,tag-heuer,4,4,12.0,5,5,53,1,0,0,1,1,0,0,0,0,0,,5446121.0,34736.0,1,24309.0,24309.0,0,0
984,2018,8,sebastian-vettel,ferrari,ferrari,5,5,10.0,3,3,53,-2,0,0,1,1,0,0,0,1,0,,5473320.0,61935.0,2,31029.0,63641.0,0,0
984,2018,8,kevin-magnussen,haas,ferrari,6,6,8.0,9,9,53,3,0,0,1,1,0,0,0,0,0,,5490749.0,79364.0,1,25419.0,25419.0,0,0
984,2018,8,valtteri-bottas,mercedes,mercedes,7,7,6.0,2,2,53,-5,0,0,1,1,0,1,0,0,0,,5492017.0,80632.0,2,27955.0,58621.0,0,0
984,2018,8,carlos-sainz-jr,renault,renault,8,8,4.0,7,7,53,-1,0,0,1,1,0,0,0,0,0,,5498569.0,87184.0,1,25423.0,25423.0,0,0
984,2018,8,nico-hulkenberg,renault,renault,9,9,2.0,12,12,53,3,0,0,1,1,0,0,0,0,0,,5503374.0,91989.0,1,25016.0,25016.0,0,0
984,2018,8,charles-leclerc,sauber,ferrari,10,10,1.0,8,8,53,-2,0,0,1,1,0,0,0,0,0,,5505258.0,93873.0,1,25026.0,25026.0,0,0
984,2018,8,romain-grosjean,haas,ferrari,11,11,0,10,10,52,-1,0,0,0,1,0,0,0,0,0,,,,1,29996.0,29996.0,0,0
984,2018,8,stoffel-vandoorne,mclaren,renault,12,12,0,17,18,52,5,0,0,0,1,0,0,0,0,0,,,,1,24399.0,24399.0,0,0
984,2018,8,marcus-ericsson,sauber,ferrari,13,13,0,15,15,52,2,0,0,0,1,0,0,0,0,0,,,,1,24295.0,24295.0,0,0
984,2018,8,brendon-hartley,toro-rosso,honda,14,14,0,20,17,52,6,0,0,0,1,0,0,0,0,0,,,,1,24297.0,24297.0,0,0
984,2018,8,sergey-sirotkin,williams,mercedes,15,15,0,18,19,52,3,0,0,0,1,0,0,0,0,0,,,,1,26273.0,26273.0,0,0
984,2018,8,fernando-alonso,mclaren,renault,16,16,0,16,16,50,0,0,0,0,1,0,0,0,0,0,Suspension,,,2,24788.0,50577.0,0,0
984,2018,8,lance-stroll,williams,mercedes,17,17,0,19,20,48,2,0,0,0,1,0,0,0,0,0,Puncture,,,1,26576.0,26576.0,0,0
984,2018,8,sergio-perez,force-india,mercedes,,DNF,0,13,13,27,,0,0,0,0,0,0,0,0,1,Engine,,,0,,,0,0
984,2018,8,esteban-ocon,force-india,mercedes,,DNF,0,11,11,0,,0,0,0,0,0,0,0,0,1,Collision,,,0,,,0,0
984,2018,8,pierre-gasly,toro-rosso,honda,,DNF,0,14,14,0,,0,0,0,0,0,0,0,0,1,Collision,,,0,,,0,0
985,2018,9,max-verstappen,red-bull,tag-heuer,1,1,25.0,4,5,71,3,1,1,1,1,0,0,0,1,0,,4916024.0,,1,21214.0,21214.0,0,0
985,2018,9,kimi-raikkonen,ferrari,ferrari,2,2,18.0,3,4,71,1,0,1,1,1,0,1,0,0,0,,4917528.0,1504.0,1,21552.0,21552.0,0,0
985,2018,9,sebastian-vettel,ferrari,ferrari,3,3,15.0,6,3,71,3,0,1,1,1,0,0,0,0,0,,4919205.0,3181.0,1,23912.0,23912.0,0,0
985,2018,9,romain-grosjean,haas,ferrari,4,4,12.0,5,6,70,1,0,0,1,1,0,0,0,0,0,,,,1,22121.0,22121.0,0,0
985,2018,9,kevin-magnussen,haas,ferrari,5,5,10.0,8,8,70,3,0,0,1,1,0,0,0,0,0,,,,1,22138.0,22138.0,0,0
985,2018,9,esteban-ocon,force-india,mercedes,6,6,8.0,11,11,70,5,0,0,1,1,0,0,0,0,0,,,,1,22527.0,22527.0,0,0
985,2018,9,sergio-perez,force-india,mercedes,7,7,6.0,15,17,70,8,0,0,1,1,0,0,0,0,0,,,,1,22863.0,22863.0,0,0
985,2018,9,fernando-alonso,mclaren,renault,8,8,4.0,,14,70,12,0,0,1,1,0,0,0,0,0,,,,1,21588.0,21588.0,0,0
985,2018,9,charles-leclerc,sauber,ferrari,9,9,2.0,17,13,70,8,0,0,1,1,0,0,0,0,0,,,,1,21364.0,21364.0,0,0
985,2018,9,marcus-ericsson,sauber,ferrari,10,10,1.0,18,20,70,8,0,0,1,1,0,0,0,0,0,,,,1,21519.0,21519.0,0,0
985,2018,9,pierre-gasly,toro-rosso,honda,11,11,0,12,12,70,1,0,0,0,1,0,0,0,0,0,,,,1,22011.0,22011.0,0,0
985,2018,9,carlos-sainz-jr,renault,renault,12,12,0,9,9,70,-3,0,0,0,1,0,0,0,0,0,,,,2,23257.0,49592.0,0,0
985,2018,9,sergey-sirotkin,williams,mercedes,13,13,0,16,18,69,3,0,0,0,1,0,0,0,0,0,,,,2,23048.0,47932.0,0,0
985,2018,9,lance-stroll,williams,mercedes,14,14,0,13,15,69,-1,0,0,0,1,0,0,0,0,0,,,,2,22181.0,44480.0,0,0
985,2018,9,stoffel-vandoorne,mclaren,renault,15,15,0,14,16,65,-1,0,0,0,1,0,0,0,0,0,Collision damage,,,2,22526.0,69083.0,0,0
985,2018,9,lewis-hamilton,mercedes,mercedes,,DNF,0,2,2,62,,0,0,0,0,0,0,0,0,1,Fuel pressure,,,2,20980.0,42225.0,0,0
985,2018,9,brendon-hartley,toro-rosso,honda,,DNF,0,19,19,54,,0,0,0,0,0,0,0,0,1,Hydraulics,,,0,,,0,0
985,2018,9,daniel-ricciardo,red-bull,tag-heuer,,DNF,0,7,7,53,,0,0,0,0,0,0,0,0,1,Exhaust,,,2,21259.0,43209.0,0,0
985,2018,9,valtteri-bottas,mercedes,mercedes,,DNF,0,1,1,13,,0,0,0,0,1,0,0,0,1,Hydraulics,,,0,,,1,0
985,2018,9,nico-hulkenberg,renault,renault,,DNF,0,10,10,11,,0,0,0,0,0,0,0,0,1,Engine,,,0,,,0,0
986,2018,10,sebastian-vettel,ferrari,ferrari,1,1,25.0,2,2,52,1,1,1,1,1,0,1,0,0,0,,5249784.0,,2,28174.0,56851.0,0,0
986,2018,10,lewis-hamilton,mercedes,mercedes,2,2,18.0,1,1,52,-1,0,1,1,1,1,0,0,1,0,,5252048.0,2264.0,1,28982.0,28982.0,1,0
986,2018,10,kimi-raikkonen,ferrari,ferrari,3,3,15.0,3,3,52,0,0,1,1,1,0,0,0,0,0,,5253436.0,3652.0,2,28985.0,67558.0,0,0
986,2018,10,valtteri-bottas,mercedes,mercedes,4,4,12.0,4,4,52,0,0,0,1,1,0,0,0,0,0,,5258667.0,8883.0,1,27894.0,27894.0,0,0
986,2018,10,daniel-ricciardo,red-bull,tag-heuer,5,5,10.0,6,6,52,1,0,0,1,1,0,0,0,0,0,,5259284.0,9500.0,2,28001.0,56195.0,0,0
986,2018,10,nico-hulkenberg,renault,renault,6,6,8.0,11,11,52,5,0,0,1,1,0,0,0,0,0,,5278004.0,28220.0,1,28719.0,28719.0,0,0
986,2018,10,esteban-ocon,force-india,mercedes,7,7,6.0,10,10,52,3,0,0,1,1,0,0,0,0,0,,5279714.0,29930.0,1,29410.0,29410.0,0,0
986,2018,10,fernando-alonso,mclaren,renault,8,8,4.0,13,13,52,5,0,0,1,1,0,0,0,0,0,,5280899.0,31115.0,2,28085.0,56754.0,0,0
986,2018,10,kevin-magnussen,haas,ferrari,9,9,2.0,7,7,52,-2,0,0,1,1,0,0,0,0,0,,5282972.0,33188.0,1,28450.0,28450.0,0,0
986,2018,10,sergio-perez,force-india,mercedes,10,10,1.0,12,12,52,2,0,0,1,1,0,0,0,0,0,,5284492.0,34708.0,2,28651.0,57487.0,0,0
986,2018,10,stoffel-vandoorne,mclaren,renault,11,11,0,17,17,52,6,0,0,0,1,0,0,0,0,0,,5285558.0,35774.0,2,28284.0,56942.0,0,0
986,2018,10,lance-stroll,williams,mercedes,12,12,0,,,52,7,0,0,0,1,0,0,0,0,0,,5287890.0,38106.0,1,27774.0,27774.0,0,0
986,2018,10,pierre-gasly,toro-rosso,honda,13,13,0,14,14,52,1,0,0,0,1,0,0,0,0,0,,5288913.0,39129.0,2,28676.0,58442.0,0,0
986,2018,10,sergey-sirotkin,williams,mercedes,14,14,0,,18,52,4,0,0,0,1,0,0,0,0,0,,5297897.0,48113.0,1,28224.0,28224.0,0,0
986,2018,10,max-verstappen,red-bull,tag-heuer,15,15,0,5,5,46,-10,0,0,0,1,0,0,0,0,0,Brakes,,,2,28000.0,56458.0,0,0
986,2018,10,romain-grosjean,haas,ferrari,,DNF,0,8,8,37,,0,0,0,0,0,0,0,0,1,Collision,,,1,29254.0,29254.0,0,0
986,2018,10,carlos-sainz-jr,renault,renault,,DNF,0,16,16,37,,0,0,0,0,0,0,0,0,1,Collision,,,2,28078.0,57152.0,0,0
986,2018,10,marcus-ericsson,sauber,ferrari,,DNF,0,15,15,31,,0,0,0,0,0,0,0,0,1,Accident,,,1,28207.0,28207.0,0,0
986,2018,10,charles-leclerc,sauber,ferrari,,DNF,0,9,9,18,,0,0,0,0,0,0,0,0,1,Wheel,,,1,27865.0,27865.0,0,0
986,2018,10,brendon-hartley,toro-rosso,honda,,DNF,0,,,1,,0,0,0,0,0,0,0,0,1,Power unit,,,0,,,0,0
987,2018,11,lewis-hamilton,mercedes,mercedes,1,1,25.0,14,14,67,13,1,1,1,1,0,1,0,1,0,,5549845.0,,1,18978.0,18978.0,0,0
987,2018,11,valtteri-bottas,mercedes,mercedes,2,2,18.0,2,2,67,0,0,1,1,1,0,0,0,0,0,,5554380.0,4535.0,2,19188.0,52467.0,0,0
987,2018,11,kimi-raikkonen,ferrari,ferrari,3,3,15.0,3,3,67,0,0,1,1,1,0,0,0,0,0,,5556577.0,6732.0,2,19647.0,39635.0,0,0
987,2018,11,max-verstappen,red-bull,tag-heuer,4,4,12.0,4,4,67,0,0,0,1,1,0,0,0,0,0,,5557499.0,7654.0,3,19087.0,58126.0,0,0
987,2018,11,nico-hulkenberg,renault,renault,5,5,10.0,7,7,67,2,0,0,1,1,0,0,0,0,0,,5576454.0,26609.0,3,19584.0,61148.0,0,0
987,2018,11,romain-grosjean,haas,ferrari,6,6,8.0,6,6,67,0,0,0,1,1,0,0,0,0,0,,5578716.0,28871.0,3,19752.0,62688.0,0,0
987,2018,11,sergio-perez,force-india,mercedes,7,7,6.0,10,10,67,3,0,0,1,1,0,0,0,0,0,,5580401.0,30556.0,1,25130.0,25130.0,0,0
987,2018,11,esteban-ocon,force-india,mercedes,8,8,4.0,15,16,67,7,0,0,1,1,0,0,0,0,0,,5581595.0,31750.0,1,19570.0,19570.0,0,0
987,2018,11,marcus-ericsson,sauber,ferrari,9,9,2.0,13,13,67,4,0,0,1,1,0,0,0,0,0,,5582207.0,32362.0,1,18840.0,18840.0,0,0
987,2018,11,brendon-hartley,toro-rosso,honda,10,10,1.0,16,18,67,6,0,0,1,1,0,0,0,0,0,,5584042.0,34197.0,2,19309.0,39294.0,0,0
987,2018,11,kevin-magnussen,haas,ferrari,11,11,0,5,5,67,-6,0,0,0,1,0,0,0,0,0,,5584764.0,34919.0,3,19818.0,82296.0,0,0
987,2018,11,carlos-sainz-jr,renault,renault,12,12,0,8,8,67,-4,0,0,0,1,0,0,0,0,0,,5592914.0,43069.0,3,19637.0,60327.0,0,0
987,2018,11,stoffel-vandoorne,mclaren,renault,13,13,0,18,20,67,5,0,0,0,1,0,0,0,0,0,,5596462.0,46617.0,2,19621.0,39399.0,0,0
987,2018,11,pierre-gasly,toro-rosso,honda,14,14,0,20,17,66,6,0,0,0,1,0,0,0,0,0,,,,2,19512.0,39318.0,0,0
987,2018,11,charles-leclerc,sauber,ferrari,15,15,0,9,9,66,-6,0,0,0,1,0,0,0,0,0,,,,3,19267.0,61120.0,0,0
987,2018,11,fernando-alonso,mclaren,renault,16,16,0,11,11,65,-5,0,0,0,1,0,0,0,0,0,Gearbox,,,3,18956.0,61002.0,0,0
987,2018,11,lance-stroll,williams,mercedes,,DNF,0,17,19,53,,0,0,0,0,0,0,0,0,1,Brakes,,,2,19476.0,39002.0,0,0
987,2018,11,sebastian-vettel,ferrari,ferrari,,DNF,0,1,1,51,,0,0,0,0,1,0,0,0,1,Accident,,,1,18657.0,18657.0,1,0
987,2018,11,sergey-sirotkin,williams,mercedes,,DNF,0,12,12,51,,0,0,0,0,0,0,0,0,1,Oil leak,,,2,21711.0,45884.0,0,0
987,2018,11,daniel-ricciardo,red-bull,tag-heuer,,DNF,0,19,15,27,,0,0,0,0,0,0,0,0,1,Power loss,,,0,,,0,0
988,2018,12,lewis-hamilton,mercedes,mercedes,1,1,25.0,1,1,70,0,1,1,1,1,1,0,0,0,0,,5836427.0,,1,21480.0,21480.0,1,1
988,2018,12,sebastian-vettel,ferrari,ferrari,2,2,18.0,4,4,70,2,0,1,1,1,0,0,0,0,0,,5853550.0,17123.0,1,23111.0,23111.0,0,0
988,2018,12,kimi-raikkonen,ferrari,ferrari,3,3,15.0,3,3,70,0,0,1,1,1,0,0,0,0,0,,5856528.0,20101.0,2,21829.0,46300.0,0,0
988,2018,12,daniel-ricciardo,red-bull,tag-heuer,4,4,12.0,12,12,70,8,0,0,1,1,0,1,0,1,0,,5882846.0,46419.0,1,21364.0,21364.0,0,0
988,2018,12,valtteri-bottas,mercedes,mercedes,5,5,10.0,2,2,70,-3,0,0,1,1,0,0,0,0,0,,5896427.0,60000.0,1,21337.0,21337.0,0,0
988,2018,12,pierre-gasly,toro-rosso,honda,6,6,8.0,6,6,70,0,0,0,1,1,0,0,0,0,0,,5909700.0,73273.0,1,21684.0,21684.0,0,0
988,2018,12,kevin-magnussen,haas,ferrari,7,7,6.0,9,9,69,2,0,0,1,1,0,0,0,0,0,,,,1,25126.0,25126.0,0,0
988,2018,12,fernando-alonso,mclaren,renault,8,8,4.0,11,11,69,3,0,0,1,1,0,0,0,0,0,,,,1,21795.0,21795.0,0,0
988,2018,12,carlos-sainz-jr,renault,renault,9,9,2.0,5,5,69,-4,0,0,1,1,0,0,0,0,0,,,,1,21914.0,21914.0,0,0
988,2018,12,romain-grosjean,haas,ferrari,10,10,1.0,10,10,69,0,0,0,1,1,0,0,0,0,0,,,,1,21733.0,21733.0,0,0
988,2018,12,brendon-hartley,toro-rosso,honda,11,11,0,8,8,69,-3,0,0,0,1,0,0,0,0,0,,,,1,21831.0,21831.0,0,0
988,2018,12,nico-hulkenberg,renault,renault,12,12,0,13,13,69,1,0,0,0,1,0,0,0,0,0,,,,2,21966.0,44616.0,0,0
988,2018,12,esteban-ocon,force-india,mercedes,13,13,0,17,18,69,4,0,0,0,1,0,0,0,0,0,,,,1,22258.0,22258.0,0,0
988,2018,12,sergio-perez,force-india,mercedes,14,14,0,18,19,69,4,0,0,0,1,0,0,0,0,0,,,,1,22561.0,22561.0,0,0
988,2018,12,marcus-ericsson,sauber,ferrari,15,15,0,14,14,68,-1,0,0,0,1,0,0,0,0,0,,,,1,22640.0,22640.0,0,0
988,2018,12,sergey-sirotkin,williams,mercedes,16,16,0,19,20,68,3,0,0,0,1,0,0,0,0,0,,,,1,21509.0,21509.0,0,0
988,2018,12,lance-stroll,williams,mercedes,17,17,0,,15,68,3,0,0,0,1,0,0,0,0,0,,,,1,21291.0,21291.0,0,0
988,2018,12,stoffel-vandoorne,mclaren,renault,,DNF,0,15,16,49,,0,0,0,0,0,0,0,0,1,Gearbox,,,1,21732.0,21732.0,0,0
988,2018,12,max-verstappen,red-bull,tag-heuer,,DNF,0,7,7,5,,0,0,0,0,0,0,0,0,1,Power loss,,,0,,,0,0
988,2018,12,charles-leclerc,sauber,ferrari,,DNF,0,16,17,0,,0,0,0,0,0,0,0,0,1,Suspension,,,0,,,0,0
989,2018,13,sebastian-vettel,ferrari,ferrari,1,1,25.0,2,2,44,1,1,1,1,1,0,0,0,1,0,,5014476.0,,2,19582.0,41835.0,0,0
989,2018,13,lewis-hamilton,mercedes,mercedes,2,2,18.0,1,1,44,-1,0,1,1,1,1,0,0,0,0,,5025537.0,11061.0,2,19372.0,41747.0,1,0
989,2018,13,max-verstappen,red-bull,tag-heuer,3,3,15.0,7,7,44,4,0,1,1,1,0,0,0,0,0,,5045848.0,31372.0,2,19942.0,42283.0,0,0
989,2018,13,valtteri-bottas,mercedes,mercedes,4,4,12.0,17,10,44,13,0,0,1,1,0,1,0,0,0,,5083081.0,68605.0,3,20349.0,73267.0,0,0
989,2018,13,sergio-perez,force-india,mercedes,5,5,10.0,4,4,44,-1,0,0,1,1,0,0,0,0,0,,5085499.0,71023.0,2,19667.0,42824.0,0,0
989,2018,13,esteban-ocon,force-india,mercedes,6,6,8.0,3,3,44,-3,0,0,1,1,0,0,0,0,0,,5093996.0,79520.0,2,19582.0,42807.0,0,0
989,2018,13,romain-grosjean,haas,ferrari,7,7,6.0,5,5,44,-2,0,0,1,1,0,0,0,0,0,,5100429.0,85953.0,2,20280.0,43528.0,0,0
989,2018,13,kevin-magnussen,haas,ferrari,8,8,4.0,9,9,44,1,0,0,1,1,0,0,0,0,0,,5102115.0,87639.0,2,20021.0,44325.0,0,0
989,2018,13,pierre-gasly,toro-rosso,honda,9,9,2.0,10,11,44,1,0,0,1,1,0,0,0,0,0,,5120368.0,105892.0,2,20136.0,43089.0,0,0
989,2018,13,marcus-ericsson,sauber,ferrari,10,10,1.0,13,14,43,3,0,0,1,1,0,0,0,0,0,,,,2,19711.0,42269.0,0,0
989,2018,13,carlos-sainz-jr,renault,renault,11,11,0,19,16,43,8,0,0,0,1,0,0,0,0,0,,,,2,18509.0,42366.0,0,0
989,2018,13,sergey-sirotkin,williams,mercedes,12,12,0,15,18,43,3,0,0,0,1,0,0,0,0,0,,,,2,19791.0,42130.0,0,0
989,2018,13,lance-stroll,williams,mercedes,13,13,0,16,19,43,3,0,0,0,1,0,0,0,0,0,,,,2,19732.0,42633.0,0,0
989,2018,13,brendon-hartley,toro-rosso,honda,14,14,0,11,12,43,-3,0,0,0,1,0,0,0,0,0,,,,2,18084.0,47400.0,0,0
989,2018,13,stoffel-vandoorne,mclaren,renault,15,15,0,20,20,43,5,0,0,0,1,0,0,0,0,0,,,,3,19847.0,65942.0,0,0
989,2018,13,daniel-ricciardo,red-bull,tag-heuer,,DNF,0,8,8,28,,0,0,0,0,0,0,0,0,1,Collision damage,,,1,395824.0,395824.0,0,0
989,2018,13,kimi-raikkonen,ferrari,ferrari,,DNF,0,6,6,8,,0,0,0,0,0,0,0,0,1,Collision damage,,,2,26367.0,61818.0,0,0
989,2018,13,charles-leclerc,sauber,ferrari,,DNF,0,12,13,0,,0,0,0,0,0,0,0,0,1,Collision,,,0,,,0,0
989,2018,13,fernando-alonso,mclaren,renault,,DNF,0,14,17,0,,0,0,0,0,0,0,0,0,1,Collision,,,0,,,0,0
989,2018,13,nico-hulkenberg,renault,renault,,DNF,0,18,15,0,,0,0,0,0,0,0,0,0,1,Collision,,,0,,,0,0
990,2018,14,lewis-hamilton,mercedes,mercedes,1,1,25.0,3,3,53,2,1,1,1,1,0,1,0,0,0,,4614484.0,,1,23728.0,23728.0,0,0
990,2018,14,kimi-raikkonen,ferrari,ferrari,2,2,18.0,1,1,53,-1,0,1,1,1,1,0,0,1,0,,4623189.0,8705.0,1,23862.0,23862.0,1,0
990,2018,14,valtteri-bottas,mercedes,mercedes,3,3,15.0,4,4,53,1,0,1,1,1,0,0,0,0,0,,4628550.0,14066.0,1,23763.0,23763.0,0,0
990,2018,14,sebastian-vettel,ferrari,ferrari,4,4,12.0,2,2,53,-2,0,0,1,1,0,0,0,0,0,,4630635.0,16151.0,2,24301.0,56520.0,0,0
990,2018,14,max-verstappen,red-bull,tag-heuer,5,5,10.0,5,5,53,0,0,0,1,1,0,0,0,0,0,,4632692.0,18208.0,1,24003.0,24003.0,0,0
990,2018,14,esteban-ocon,force-india,mercedes,6,6,8.0,8,8,53,2,0,0,1,1,0,0,0,0,0,,4672245.0,57761.0,1,24827.0,24827.0,0,0
990,2018,14,sergio-perez,force-india,mercedes,7,7,6.0,14,16,53,7,0,0,1,1,0,0,0,0,0,,4673162.0,58678.0,1,25655.0,25655.0,0,0
990,2018,14,carlos-sainz-jr,renault,renault,8,8,4.0,7,7,53,-1,0,0,1,1,0,0,0,0,0,,4692624.0,78140.0,1,25774.0,25774.0,0,0
990,2018,14,lance-stroll,williams,mercedes,9,9,2.0,10,10,52,1,0,0,1,1,0,0,0,0,0,,,,1,26440.0,26440.0,0,0
990,2018,14,sergey-sirotkin,williams,mercedes,10,10,1.0,12,12,52,2,0,0,1,1,0,0,0,0,0,,,,1,25245.0,25245.0,0,0
990,2018,14,charles-leclerc,sauber,ferrari,11,11,0,15,17,52,4,0,0,0,1,0,0,0,0,0,,,,1,24084.0,24084.0,0,0
990,2018,14,stoffel-vandoorne,mclaren,renault,12,12,0,17,20,52,5,0,0,0,1,0,0,0,0,0,,,,1,24094.0,24094.0,0,0
990,2018,14,nico-hulkenberg,renault,renault,13,13,0,20,14,52,7,0,0,0,1,0,0,0,0,0,,,,2,24456.0,49690.0,0,0
990,2018,14,pierre-gasly,toro-rosso,honda,14,14,0,9,9,52,-5,0,0,0,1,0,0,0,0,0,,,,1,27792.0,27792.0,0,0
990,2018,14,marcus-ericsson,sauber,ferrari,15,15,0,18,19,52,3,0,0,0,1,0,0,0,0,0,,,,2,25575.0,55567.0,0,0
990,2018,14,kevin-magnussen,haas,ferrari,16,16,0,11,11,52,-5,0,0,0,1,0,0,0,0,0,,,,1,38563.0,38563.0,0,0
990,2018,14,daniel-ricciardo,red-bull,tag-heuer,,DNF,0,19,15,23,,0,0,0,0,0,0,0,0,1,Clutch,,,1,24805.0,24805.0,0,0
990,2018,14,fernando-alonso,mclaren,renault,,DNF,0,13,13,9,,0,0,0,0,0,0,0,0,1,Electrical,,,0,,,0,0
990,2018,14,brendon-hartley,toro-rosso,honda,,DNF,0,16,18,0,,0,0,0,0,0,0,0,0,1,Collision,,,0,,,0,0
990,2018,14,romain-grosjean,haas,ferrari,,DSQ,0,6,6,53,,0,0,0,0,0,0,0,0,1,Illegal floor,4670804.0,56320.0,1,24779.0,24779.0,0,0
991,2018,15,lewis-hamilton,mercedes,mercedes,1,1,25.0,1,1,61,0,1,1,1,1,1,0,0,0,0,,6671611.0,,1,28946.0,28946.0,1,1
991,2018,15,max-verstappen,red-bull,tag-heuer,2,2,18.0,2,2,61,0,0,1,1,1,0,0,0,1,0,,6680572.0,8961.0,1,29681.0,29681.0,0,0
991,2018,15,sebastian-vettel,ferrari,ferrari,3,3,15.0,3,3,61,0,0,1,1,1,0,0,0,0,0,,6711556.0,39945.0,1,28722.0,28722.0,0,0
991,2018,15,valtteri-bottas,mercedes,mercedes,4,4,12.0,4,4,61,0,0,0,1,1,0,0,0,0,0,,6723541.0,51930.0,1,28542.0,28542.0,0,0
991,2018,15,kimi-raikkonen,ferrari,ferrari,5,5,10.0,5,5,61,0,0,0,1,1,0,0,0,0,0,,6724612.0,53001.0,1,29513.0,29513.0,0,0
991,2018,15,daniel-ricciardo,red-bull,tag-heuer,6,6,8.0,6,6,61,0,0,0,1,1,0,0,0,0,0,,6725593.0,53982.0,1,28779.0,28779.0,0,0
991,2018,15,fernando-alonso,mclaren,renault,7,7,6.0,11,11,61,4,0,0,1,1,0,0,0,0,0,,6774622.0,103011.0,1,29922.0,29922.0,0,0
991,2018,15,carlos-sainz-jr,renault,renault,8,8,4.0,12,12,60,4,0,0,1,1,0,0,0,0,0,,,,1,30242.0,30242.0,0,0
991,2018,15,charles-leclerc,sauber,ferrari,9,9,2.0,13,13,60,4,0,0,1,1,0,0,0,0,0,,,,1,29310.0,29310.0,0,0
991,2018,15,nico-hulkenberg,renault,renault,10,10,1.0,10,10,60,0,0,0,1,1,0,0,0,0,0,,,,1,31183.0,31183.0,0,0
991,2018,15,marcus-ericsson,sauber,ferrari,11,11,0,14,14,60,3,0,0,0,1,0,0,0,0,0,,,,1,28860.0,28860.0,0,0
991,2018,15,stoffel-vandoorne,mclaren,renault,12,12,0,18,18,60,6,0,0,0,1,0,0,0,0,0,,,,1,30234.0,30234.0,0,0
991,2018,15,pierre-gasly,toro-rosso,honda,13,13,0,15,15,60,2,0,0,0,1,0,0,0,0,0,,,,1,28931.0,28931.0,0,0
991,2018,15,lance-stroll,williams,mercedes,14,14,0,20,20,60,6,0,0,0,1,0,0,0,0,0,,,,1,28767.0,28767.0,0,0
991,2018,15,romain-grosjean,haas,ferrari,15,15,0,8,8,60,-7,0,0,0,1,0,0,0,0,0,,,,1,29517.0,29517.0,0,0
991,2018,15,sergio-perez,force-india,mercedes,16,16,0,7,7,60,-9,0,0,0,1,0,0,0,0,0,,,,3,24340.0,84879.0,0,0
991,2018,15,brendon-hartley,toro-rosso,honda,17,17,0,17,17,60,0,0,0,0,1,0,0,0,0,0,,,,2,29464.0,59376.0,0,0
991,2018,15,kevin-magnussen,haas,ferrari,18,18,0,16,16,59,-2,0,0,0,1,0,1,0,0,0,,,,3,29324.0,89443.0,0,0
991,2018,15,sergey-sirotkin,williams,mercedes,19,19,0,19,19,59,0,0,0,0,1,0,0,0,0,0,,,,2,30477.0,64499.0,0,0
991,2018,15,esteban-ocon,force-india,mercedes,,DNF,0,9,9,0,,0,0,0,0,0,0,0,0,1,Collision,,,0,,,0,0
992,2018,16,lewis-hamilton,mercedes,mercedes,1,1,25.0,2,2,53,1,1,1,1,1,0,0,0,0,0,,5245181.0,,1,29551.0,29551.0,0,0
992,2018,16,valtteri-bottas,mercedes,mercedes,2,2,18.0,1,1,53,-1,0,1,1,1,1,1,0,0,0,,5247726.0,2545.0,1,29794.0,29794.0,1,0
992,2018,16,sebastian-vettel,ferrari,ferrari,3,3,15.0,3,3,53,0,0,1,1,1,0,0,0,0,0,,5252668.0,7487.0,1,29798.0,29798.0,0,0
992,2018,16,kimi-raikkonen,ferrari,ferrari,4,4,12.0,4,4,53,0,0,0,1,1,0,0,0,0,0,,5261724.0,16543.0,1,29531.0,29531.0,0,0
992,2018,16,max-verstappen,red-bull,tag-heuer,5,5,10.0,19,11,53,14,0,0,1,1,0,0,0,1,0,,5276197.0,31016.0,1,29370.0,29370.0,0,0
992,2018,16,daniel-ricciardo,red-bull,tag-heuer,6,6,8.0,18,12,53,12,0,0,1,1,0,0,0,0,0,,5325632.0,80451.0,1,37446.0,37446.0,0,0
992,2018,16,charles-leclerc,sauber,ferrari,7,7,6.0,7,7,53,0,0,0,1,1,0,0,0,0,0,,5343571.0,98390.0,1,30397.0,30397.0,0,0
992,2018,16,kevin-magnussen,haas,ferrari,8,8,4.0,5,5,52,-3,0,0,1,1,0,0,0,0,0,,,,1,29904.0,29904.0,0,0
992,2018,16,esteban-ocon,force-india,mercedes,9,9,2.0,6,6,52,-3,0,0,1,1,0,0,0,0,0,,,,1,30642.0,30642.0,0,0
992,2018,16,sergio-perez,force-india,mercedes,10,10,1.0,8,8,52,-2,0,0,1,1,0,0,0,0,0,,,,1,29924.0,29924.0,0,0
992,2018,16,romain-grosjean,haas,ferrari,11,11,0,9,9,52,-2,0,0,0,1,0,0,0,0,0,,,,1,30469.0,30469.0,0,0
992,2018,16,nico-hulkenberg,renault,renault,12,12,0,12,15,52,0,0,0,0,1,0,0,0,0,0,,,,1,30625.0,30625.0,0,0
992,2018,16,marcus-ericsson,sauber,ferrari,13,13,0,10,10,52,-3,0,0,0,1,0,0,0,0,0,,,,2,30051.0,60197.0,0,0
992,2018,16,fernando-alonso,mclaren,renault,14,14,0,16,17,52,2,0,0,0,1,0,0,0,0,0,,,,1,30348.0,30348.0,0,0
992,2018,16,lance-stroll,williams,mercedes,15,15,0,14,20,52,-1,0,0,0,1,0,0,0,0,0,,,,1,29266.0,29266.0,0,0
992,2018,16,stoffel-vandoorne,mclaren,renault,16,16,0,15,19,51,-1,0,0,0,1,0,0,0,0,0,,,,1,29636.0,29636.0,0,0
992,2018,16,carlos-sainz-jr,renault,renault,17,17,0,11,14,51,-6,0,0,0,1,0,0,0,0,0,,,,1,30021.0,30021.0,0,0
992,2018,16,sergey-sirotkin,williams,mercedes,18,18,0,13,18,51,-5,0,0,0,1,0,0,0,0,0,,,,1,29912.0,29912.0,0,0
992,2018,16,pierre-gasly,toro-rosso,honda,,DNF,0,17,13,4,,0,0,0,0,0,0,0,0,1,Brakes,,,0,,,0,0
992,2018,16,brendon-hartley,toro-rosso,honda,,DNF,0,20,16,4,,0,0,0,0,0,0,0,0,1,Brakes,,,1,29418.0,29418.0,0,0
993,2018,17,lewis-hamilton,mercedes,mercedes,1,1,25.0,1,1,53,0,1,1,1,1,1,0,0,0,0,,5237062.0,,1,22614.0,22614.0,1,1
993,2018,17,valtteri-bottas,mercedes,mercedes,2,2,18.0,2,2,53,0,0,1,1,1,0,0,0,0,0,,5249981.0,12919.0,1,22777.0,22777.0,0,0
993,2018,17,max-verstappen,red-bull,tag-heuer,3,3,15.0,3,3,53,0,0,1,1,1,0,0,0,0,0,,5251357.0,14295.0,1,28789.0,28789.0,0,0
993,2018,17,daniel-ricciardo,red-bull,tag-heuer,4,4,12.0,15,15,53,11,0,0,1,1,0,0,0,1,0,,5256557.0,19495.0,1,22864.0,22864.0,0,0
993,2018,17,kimi-raikkonen,ferrari,ferrari,5,5,10.0,4,4,53,-1,0,0,1,1,0,0,0,0,0,,5288060.0,50998.0,1,22781.0,22781.0,0,0
993,2018,17,sebastian-vettel,ferrari,ferrari,6,6,8.0,8,9,53,2,0,0,1,1,0,1,0,0,0,,5306935.0,69873.0,1,22748.0,22748.0,0,0
993,2018,17,sergio-perez,force-india,mercedes,7,7,6.0,9,10,53,2,0,0,1,1,0,0,0,0,0,,5316441.0,79379.0,1,23635.0,23635.0,0,0
993,2018,17,romain-grosjean,haas,ferrari,8,8,4.0,5,5,53,-3,0,0,1,1,0,0,0,0,0,,5324260.0,87198.0,1,23692.0,23692.0,0,0
993,2018,17,esteban-ocon,force-india,mercedes,9,9,2.0,11,8,53,2,0,0,1,1,0,0,0,0,0,,5325117.0,88055.0,1,23316.0,23316.0,0,0
993,2018,17,carlos-sainz-jr,renault,renault,10,10,1.0,13,13,52,3,0,0,1,1,0,0,0,0,0,,,,1,23477.0,23477.0,0,0
993,2018,17,pierre-gasly,toro-rosso,honda,11,11,0,7,7,52,-4,0,0,0,1,0,0,0,0,0,,,,1,23376.0,23376.0,0,0
993,2018,17,marcus-ericsson,sauber,ferrari,12,12,0,20,20,52,8,0,0,0,1,0,0,0,0,0,,,,1,23244.0,23244.0,0,0
993,2018,17,brendon-hartley,toro-rosso,honda,13,13,0,6,6,52,-7,0,0,0,1,0,0,0,0,0,,,,1,23110.0,23110.0,0,0
993,2018,17,fernando-alonso,mclaren,renault,14,14,0,18,18,52,4,0,0,0,1,0,0,0,0,0,,,,1,27454.0,27454.0,0,0
993,2018,17,stoffel-vandoorne,mclaren,renault,15,15,0,19,19,52,4,0,0,0,1,0,0,0,0,0,,,,1,23159.0,23159.0,0,0
993,2018,17,sergey-sirotkin,williams,mercedes,16,16,0,17,17,52,1,0,0,0,1,0,0,0,0,0,,,,2,23647.0,47307.0,0,0
993,2018,17,lance-stroll,williams,mercedes,17,17,0,14,14,52,-3,0,0,0,1,0,0,0,0,0,,,,2,23657.0,53461.0,0,0
993,2018,17,charles-leclerc,sauber,ferrari,,DNF,0,10,11,38,,0,0,0,0,0,0,0,0,1,Mechanical,,,2,26672.0,65563.0,0,0
993,2018,17,nico-hulkenberg,renault,renault,,DNF,0,16,16,37,,0,0,0,0,0,0,0,0,1,Engine,,,1,23555.0,23555.0,0,0
993,2018,17,kevin-magnussen,haas,ferrari,,DNF,0,12,12,8,,0,0,0,0,0,0,0,0,1,Collision damage,,,1,29007.0,29007.0,0,0
994,2018,18,kimi-raikkonen,ferrari,ferrari,1,1,25.0,2,3,56,1,1,1,1,1,0,0,0,0,0,,5658643.0,,1,23714.0,23714.0,0,0
994,2018,18,max-verstappen,red-bull,tag-heuer,2,2,18.0,18,15,56,16,0,1,1,1,0,0,0,1,0,,5659924.0,1281.0,1,23446.0,23446.0,0,0
994,2018,18,lewis-hamilton,mercedes,mercedes,3,3,15.0,1,1,56,-2,0,1,1,1,1,1,0,0,0,,5660985.0,2342.0,2,23693.0,47608.0,1,0
994,2018,18,sebastian-vettel,ferrari,ferrari,4,4,12.0,5,2,56,1,0,0,1,1,0,0,0,0,0,,5676865.0,18222.0,1,24449.0,24449.0,0,0
994,2018,18,valtteri-bottas,mercedes,mercedes,5,5,10.0,3,4,56,-2,0,0,1,1,0,0,0,0,0,,5683387.0,24744.0,1,23478.0,23478.0,0,0
994,2018,18,nico-hulkenberg,renault,renault,6,6,8.0,7,7,56,1,0,0,1,1,0,0,0,0,0,,5745853.0,87210.0,1,24681.0,24681.0,0,0
994,2018,18,carlos-sainz-jr,renault,renault,7,7,6.0,11,11,56,4,0,0,1,1,0,0,0,0,0,,5753637.0,94994.0,1,29319.0,29319.0,0,0
994,2018,18,sergio-perez,force-india,mercedes,8,8,4.0,10,10,56,2,0,0,1,1,0,0,0,0,0,,5759723.0,101080.0,1,25723.0,25723.0,0,0
994,2018,18,brendon-hartley,toro-rosso,honda,9,9,2.0,20,14,55,11,0,0,1,1,0,0,0,0,0,,,,1,23819.0,23819.0,0,0
994,2018,18,marcus-ericsson,sauber,ferrari,10,10,1.0,16,19,55,6,0,0,1,1,0,0,0,0,0,,,,1,23940.0,23940.0,0,0
994,2018,18,stoffel-vandoorne,mclaren,renault,11,11,0,17,20,55,6,0,0,0,1,0,0,0,0,0,,,,2,24065.0,48260.0,0,0
994,2018,18,pierre-gasly,toro-rosso,honda,12,12,0,19,13,55,7,0,0,0,1,0,0,0,0,0,,,,2,23865.0,48084.0,0,0
994,2018,18,sergey-sirotkin,williams,mercedes,13,13,0,14,17,55,1,0,0,0,1,0,0,0,0,0,,,,2,23686.0,47401.0,0,0
994,2018,18,lance-stroll,williams,mercedes,14,14,0,15,18,54,1,0,0,0,1,0,0,0,0,0,,,,3,18610.0,83954.0,0,0
994,2018,18,charles-leclerc,sauber,ferrari,,DNF,0,9,9,31,,0,0,0,0,0,0,0,0,1,Collision damage,,,1,34812.0,34812.0,0,0
994,2018,18,daniel-ricciardo,red-bull,tag-heuer,,DNF,0,4,5,8,,0,0,0,0,0,0,0,0,1,Battery,,,0,,,0,0
994,2018,18,romain-grosjean,haas,ferrari,,DNF,0,8,8,2,,0,0,0,0,0,0,0,0,1,Collision,,,1,35104.0,35104.0,0,0
994,2018,18,fernando-alonso,mclaren,renault,,DNF,0,13,16,1,,0,0,0,0,0,0,0,0,1,Collision,,,0,,,0,0
994,2018,18,esteban-ocon,force-india,mercedes,,DSQ,0,6,6,56,,0,0,0,0,0,0,0,0,1,Fuel,5757931.0,99288.0,1,24534.0,24534.0,0,0
994,2018,18,kevin-magnussen,haas,ferrari,,DSQ,0,12,12,56,,0,0,0,0,0,0,0,0,1,Fuel,5759300.0,100657.0,1,23723.0,23723.0,0,0
995,2018,19,max-verstappen,red-bull,tag-heuer,1,1,25.0,2,2,71,1,1,1,1,1,0,0,0,1,0,,5908851.0,,2,22088.0,44263.0,0,0
995,2018,19,sebastian-vettel,ferrari,ferrari,2,2,18.0,4,4,71,2,0,1,1,1,0,0,0,0,0,,5926167.0,17316.0,2,21777.0,44435.0,0,0
995,2018,19,kimi-raikkonen,ferrari,ferrari,3,3,15.0,6,6,71,3,0,1,1,1,0,0,0,0,0,,5958765.0,49914.0,1,22017.0,22017.0,0,0
995,2018,19,lewis-hamilton,mercedes,mercedes,4,4,12.0,3,3,71,-1,0,0,1,1,0,0,0,0,0,,5987589.0,78738.0,2,22269.0,44668.0,0,0
995,2018,19,valtteri-bottas,mercedes,mercedes,5,5,10.0,5,5,70,0,0,0,1,1,0,1,0,0,0,,,,3,22105.0,68504.0,0,0
995,2018,19,nico-hulkenberg,renault,renault,6,6,8.0,7,7,69,1,0,0,1,1,0,0,0,0,0,,,,1,23037.0,23037.0,0,0
995,2018,19,charles-leclerc,sauber,ferrari,7,7,6.0,9,9,69,2,0,0,1,1,0,0,0,0,0,,,,1,22588.0,22588.0,0,0
995,2018,19,stoffel-vandoorne,mclaren,renault,8,8,4.0,15,17,69,7,0,0,1,1,0,0,0,0,0,,,,1,22174.0,22174.0,0,0
995,2018,19,marcus-ericsson,sauber,ferrari,9,9,2.0,10,10,69,1,0,0,1,1,0,0,0,0,0,,,,1,31406.0,31406.0,0,0
995,2018,19,pierre-gasly,toro-rosso,honda,10,10,1.0,20,15,69,10,0,0,1,1,0,0,0,0,0,,,,2,22570.0,45625.0,0,0
995,2018,19,esteban-ocon,force-india,mercedes,11,11,0,11,11,69,0,0,0,0,1,0,0,0,0,0,,,,2,22756.0,50562.0,0,0
995,2018,19,lance-stroll,williams,mercedes,12,12,0,17,19,69,5,0,0,0,1,0,0,0,0,0,,,,2,23371.0,47822.0,0,0
995,2018,19,sergey-sirotkin,williams,mercedes,13,13,0,19,20,69,6,0,0,0,1,0,0,0,0,0,,,,1,22732.0,22732.0,0,0
995,2018,19,brendon-hartley,toro-rosso,honda,14,14,0,14,14,69,0,0,0,0,1,0,0,0,0,0,,,,2,22055.0,45608.0,0,0
995,2018,19,kevin-magnussen,haas,ferrari,15,15,0,16,18,69,1,0,0,0,1,0,0,0,0,0,,,,1,22390.0,22390.0,0,0
995,2018,19,romain-grosjean,haas,ferrari,16,16,0,18,16,68,2,0,0,0,1,0,0,0,0,0,,,,2,22733.0,46159.0,0,0
995,2018,19,daniel-ricciardo,red-bull,tag-heuer,,DNF,0,1,1,61,,0,0,0,0,1,0,0,0,1,Hydraulics,,,1,22022.0,22022.0,1,0
995,2018,19,sergio-perez,force-india,mercedes,,DNF,0,13,13,38,,0,0,0,0,0,0,0,0,1,Brakes,,,1,23755.0,23755.0,0,0
995,2018,19,carlos-sainz-jr,renault,renault,,DNF,0,8,8,28,,0,0,0,0,0,0,0,0,1,Clutch,,,1,22660.0,22660.0,0,0
995,2018,19,fernando-alonso,mclaren,renault,,DNF,0,12,12,3,,0,0,0,0,0,0,0,0,1,Water pressure,,,0,,,0,0
996,2018,20,lewis-hamilton,mercedes,mercedes,1,1,25.0,1,1,71,0,1,1,1,1,1,0,0,0,0,,5229066.0,,1,22641.0,22641.0,1,1
996,2018,20,max-verstappen,red-bull,tag-heuer,2,2,18.0,5,5,71,3,0,1,1,1,0,0,0,1,0,,5230535.0,1469.0,1,23432.0,23432.0,0,0
996,2018,20,kimi-raikkonen,ferrari,ferrari,3,3,15.0,4,4,71,1,0,1,1,1,0,0,0,0,0,,5233830.0,4764.0,1,22766.0,22766.0,0,0
996,2018,20,daniel-ricciardo,red-bull,tag-heuer,4,4,12.0,11,6,71,7,0,0,1,1,0,0,0,0,0,,5234259.0,5193.0,1,23300.0,23300.0,0,0
996,2018,20,valtteri-bottas,mercedes,mercedes,5,5,10.0,3,3,71,-2,0,0,1,1,0,1,0,0,0,,5252009.0,22943.0,2,22727.0,45682.0,0,0
996,2018,20,sebastian-vettel,ferrari,ferrari,6,6,8.0,2,2,71,-4,0,0,1,1,0,0,0,0,0,,5256063.0,26997.0,2,22551.0,45234.0,0,0
996,2018,20,charles-leclerc,sauber,ferrari,7,7,6.0,7,8,71,0,0,0,1,1,0,0,0,0,0,,5273265.0,44199.0,1,23593.0,23593.0,0,0
996,2018,20,romain-grosjean,haas,ferrari,8,8,4.0,8,9,71,0,0,0,1,1,0,0,0,0,0,,5280296.0,51230.0,1,23403.0,23403.0,0,0
996,2018,20,kevin-magnussen,haas,ferrari,9,9,2.0,10,11,71,1,0,0,1,1,0,0,0,0,0,,5281923.0,52857.0,1,23115.0,23115.0,0,0
996,2018,20,sergio-perez,force-india,mercedes,10,10,1.0,12,12,70,2,0,0,1,1,0,0,0,0,0,,,,1,23505.0,23505.0,0,0
996,2018,20,brendon-hartley,toro-rosso,honda,11,11,0,16,17,70,5,0,0,0,1,0,0,0,0,0,,,,1,23422.0,23422.0,0,0
996,2018,20,carlos-sainz-jr,renault,renault,12,12,0,15,16,70,3,0,0,0,1,0,0,0,0,0,,,,2,23770.0,47709.0,0,0
996,2018,20,pierre-gasly,toro-rosso,honda,13,13,0,9,10,70,-4,0,0,0,1,0,0,0,0,0,,,,1,23757.0,23757.0,0,0
996,2018,20,esteban-ocon,force-india,mercedes,14,14,0,18,13,70,4,0,0,0,1,0,0,0,0,0,,,,2,27226.0,58424.0,0,0
996,2018,20,stoffel-vandoorne,mclaren,renault,15,15,0,20,20,70,5,0,0,0,1,0,0,0,0,0,,,,1,22618.0,22618.0,0,0
996,2018,20,sergey-sirotkin,williams,mercedes,16,16,0,14,15,69,-2,0,0,0,1,0,0,0,0,0,,,,1,23273.0,23273.0,0,0
996,2018,20,fernando-alonso,mclaren,renault,17,17,0,17,18,69,0,0,0,0,1,0,0,0,0,0,,,,2,23046.0,56799.0,0,0
996,2018,20,lance-stroll,williams,mercedes,18,18,0,19,19,69,1,0,0,0,1,0,0,0,0,0,,,,2,24283.0,48891.0,0,0
996,2018,20,nico-hulkenberg,renault,renault,,DNF,0,13,14,32,,0,0,0,0,0,0,0,0,1,Overheating,,,0,,,0,0
996,2018,20,marcus-ericsson,sauber,ferrari,,DNF,0,6,7,20,,0,0,0,0,0,0,0,0,1,Collision damage,,,1,23377.0,23377.0,0,0
997,2018,21,lewis-hamilton,mercedes,mercedes,1,1,25.0,1,1,55,0,1,1,1,1,1,0,0,0,0,,5980382.0,,1,21283.0,21283.0,1,1
997,2018,21,sebastian-vettel,ferrari,ferrari,2,2,18.0,3,3,55,1,0,1,1,1,0,1,0,0,0,,5982963.0,2581.0,1,22630.0,22630.0,0,0
997,2018,21,max-verstappen,red-bull,tag-heuer,3,3,15.0,6,6,55,3,0,1,1,1,0,0,0,0,0,,5993088.0,12706.0,1,21057.0,21057.0,0,0
997,2018,21,daniel-ricciardo,red-bull,tag-heuer,4,4,12.0,5,5,55,1,0,0,1,1,0,0,0,0,0,,5995761.0,15379.0,1,21061.0,21061.0,0,0
997,2018,21,valtteri-bottas,mercedes,mercedes,5,5,10.0,2,2,55,-3,0,0,1,1,0,0,0,0,0,,6028339.0,47957.0,2,21289.0,42889.0,0,0
997,2018,21,carlos-sainz-jr,renault,renault,6,6,8.0,11,11,55,5,0,0,1,1,0,0,0,0,0,,6052930.0,72548.0,1,21964.0,21964.0,0,0
997,2018,21,charles-leclerc,sauber,ferrari,7,7,6.0,8,8,55,1,0,0,1,1,0,0,0,0,0,,6071171.0,90789.0,1,21828.0,21828.0,0,0
997,2018,21,sergio-perez,force-india,mercedes,8,8,4.0,14,14,55,6,0,0,1,1,0,0,0,0,0,,6071657.0,91275.0,1,22112.0,22112.0,0,0
997,2018,21,romain-grosjean,haas,ferrari,9,9,2.0,7,7,54,-2,0,0,1,1,0,0,0,0,0,,,,1,22354.0,22354.0,0,0
997,2018,21,kevin-magnussen,haas,ferrari,10,10,1.0,13,13,54,3,0,0,1,1,0,0,0,0,0,,,,1,21587.0,21587.0,0,0
997,2018,21,fernando-alonso,mclaren,renault,11,11,0,15,15,54,4,0,0,0,1,0,0,0,1,0,,,,1,21726.0,21726.0,0,0
997,2018,21,brendon-hartley,toro-rosso,honda,12,12,0,16,16,54,4,0,0,0,1,0,0,0,0,0,,,,1,41012.0,41012.0,0,0
997,2018,21,lance-stroll,williams,mercedes,13,13,0,20,20,54,7,0,0,0,1,0,0,0,0,0,,,,1,22189.0,22189.0,0,0
997,2018,21,stoffel-vandoorne,mclaren,renault,14,14,0,18,18,54,4,0,0,0,1,0,0,0,0,0,,,,1,22317.0,22317.0,0,0
997,2018,21,sergey-sirotkin,williams,mercedes,15,15,0,19,19,54,4,0,0,0,1,0,0,0,0,0,,,,1,22755.0,22755.0,0,0
997,2018,21,pierre-gasly,toro-rosso,honda,,DNF,0,17,17,46,,0,0,0,0,0,0,0,0,1,Engine,,,1,22493.0,22493.0,0,0
997,2018,21,esteban-ocon,force-india,mercedes,,DNF,0,9,9,44,,0,0,0,0,0,0,0,0,1,Engine,,,1,21979.0,21979.0,0,0
997,2018,21,marcus-ericsson,sauber,ferrari,,DNF,0,12,12,24,,0,0,0,0,0,0,0,0,1,Power loss,,,0,,,0,0
997,2018,21,kimi-raikkonen,ferrari,ferrari,,DNF,0,4,4,6,,0,0,0,0,0,0,0,0,1,Power loss,,,0,,,0,0
997,2018,21,nico-hulkenberg,renault,renault,,DNF,0,10,10,0,,0,0,0,0,0,0,0,0,1,Collision,,,0,,,0,0
998,2019,1,valtteri-bottas,mercedes,mercedes,1,1,26.0,2,2,58,1,1,1,1,1,0,1,0,1,0,,5127325.0,,1,22014.0,22014.0,0,0
998,2019,1,lewis-hamilton,mercedes,mercedes,2,2,18.0,1,1,58,-1,0,1,1,1,1,0,0,0,0,,5148211.0,20886.0,1,21515.0,21515.0,1,0
998,2019,1,max-verstappen,red-bull,honda,3,3,15.0,4,4,58,1,0,1,1,1,0,0,0,0,0,,5149845.0,22520.0,1,21157.0,21157.0,0,0
998,2019,1,sebastian-vettel,ferrari,ferrari,4,4,12.0,3,3,58,-1,0,0,1,1,0,0,0,0,0,,5184434.0,57109.0,1,21995.0,21995.0,0,0
998,2019,1,charles-leclerc,ferrari,ferrari,5,5,10.0,5,5,58,0,0,0,1,1,0,0,0,0,0,,5185555.0,58230.0,1,22306.0,22306.0,0,0
998,2019,1,kevin-magnussen,haas,ferrari,6,6,8.0,7,7,58,1,0,0,1,1,0,0,0,0,0,,5214481.0,87156.0,1,22388.0,22388.0,0,0
998,2019,1,nico-hulkenberg,renault,renault,7,7,6.0,11,11,57,4,0,0,1,1,0,0,0,0,0,,,,1,21588.0,21588.0,0,0
998,2019,1,kimi-raikkonen,alfa-romeo,ferrari,8,8,4.0,9,9,57,1,0,0,1,1,0,0,0,0,0,,,,1,23299.0,23299.0,0,0
998,2019,1,lance-stroll,racing-point,bwt-mercedes,9,9,2.0,16,16,57,7,0,0,1,1,0,0,0,0,0,,,,1,22471.0,22471.0,0,0
998,2019,1,daniil-kvyat,toro-rosso,honda,10,10,1.0,15,15,57,5,0,0,1,1,0,0,0,0,0,,,,1,22086.0,22086.0,0,0
998,2019,1,pierre-gasly,red-bull,honda,11,11,0,17,17,57,6,0,0,0,1,0,0,0,0,0,,,,1,21269.0,21269.0,0,0
998,2019,1,lando-norris,mclaren,renault,12,12,0,8,8,57,-4,0,0,0,1,0,0,0,0,0,,,,1,21627.0,21627.0,0,0
998,2019,1,sergio-perez,racing-point,bwt-mercedes,13,13,0,10,10,57,-3,0,0,0,1,0,0,0,0,0,,,,1,23234.0,23234.0,0,0
998,2019,1,alexander-albon,toro-rosso,honda,14,14,0,13,13,57,-1,0,0,0,1,0,0,0,0,0,,,,1,21780.0,21780.0,0,0
998,2019,1,antonio-giovinazzi,alfa-romeo,ferrari,15,15,0,14,14,57,-1,0,0,0,1,0,0,0,0,0,,,,1,27172.0,27172.0,0,0
998,2019,1,george-russell,williams,mercedes,16,16,0,19,19,56,3,0,0,0,1,0,0,0,0,0,,,,2,21543.0,43232.0,0,0
998,2019,1,robert-kubica,williams,mercedes,17,17,0,20,20,55,3,0,0,0,1,0,0,0,0,0,,,,3,21889.0,77229.0,0,0
998,2019,1,romain-grosjean,haas,ferrari,,DNF,0,6,6,29,,0,0,0,0,0,0,0,0,1,Wheel,,,1,29981.0,29981.0,0,0
998,2019,1,daniel-ricciardo,renault,renault,,DNF,0,12,12,28,,0,0,0,0,0,0,0,0,1,Accident damage,,,1,33027.0,33027.0,0,0
998,2019,1,carlos-sainz-jr,mclaren,renault,,DNF,0,18,18,9,,0,0,0,0,0,0,0,0,1,Power unit,,,0,,,0,0
999,2019,2,lewis-hamilton,mercedes,mercedes,1,1,25.0,3,3,57,2,1,1,1,1,0,0,0,0,0,,5661295.0,,2,24255.0,48579.0,0,0
999,2019,2,valtteri-bottas,mercedes,mercedes,2,2,18.0,4,4,57,2,0,1,1,1,0,0,0,0,0,,5664275.0,2980.0,2,24433.0,49298.0,0,0
999,2019,2,charles-leclerc,ferrari,ferrari,3,3,16.0,1,1,57,-2,0,1,1,1,1,1,0,1,0,,5667426.0,6131.0,2,24358.0,48876.0,1,0
999,2019,2,max-verstappen,red-bull,honda,4,4,12.0,5,5,57,1,0,0,1,1,0,0,0,0,0,,5667703.0,6408.0,2,24199.0,50928.0,0,0
999,2019,2,sebastian-vettel,ferrari,ferrari,5,5,10.0,2,2,57,-3,0,0,1,1,0,0,0,0,0,,5697363.0,36068.0,3,24212.0,82633.0,0,0
999,2019,2,lando-norris,mclaren,renault,6,6,8.0,9,10,57,3,0,0,1,1,0,0,0,0,0,,5707049.0,45754.0,2,24175.0,48892.0,0,0
999,2019,2,kimi-raikkonen,alfa-romeo,ferrari,7,7,6.0,8,9,57,1,0,0,1,1,0,0,0,0,0,,5708765.0,47470.0,2,25621.0,51268.0,0,0
999,2019,2,pierre-gasly,red-bull,honda,8,8,4.0,13,13,57,5,0,0,1,1,0,0,0,0,0,,5719389.0,58094.0,2,24484.0,52041.0,0,0
999,2019,2,alexander-albon,toro-rosso,honda,9,9,2.0,12,12,57,3,0,0,1,1,0,0,0,0,0,,5723992.0,62697.0,2,24842.0,50501.0,0,0
999,2019,2,sergio-perez,racing-point,bwt-mercedes,10,10,1.0,14,14,57,4,0,0,1,1,0,0,0,0,0,,5724991.0,63696.0,2,26798.0,53934.0,0,0
999,2019,2,antonio-giovinazzi,alfa-romeo,ferrari,11,11,0,16,16,57,5,0,0,0,1,0,0,0,0,0,,5725894.0,64599.0,2,24880.0,52605.0,0,0
999,2019,2,daniil-kvyat,toro-rosso,honda,12,12,0,15,15,56,3,0,0,0,1,0,0,0,0,0,,,,2,26508.0,57269.0,0,0
999,2019,2,kevin-magnussen,haas,ferrari,13,13,0,6,6,56,-7,0,0,0,1,0,0,0,0,0,,,,2,24948.0,50930.0,0,0
999,2019,2,lance-stroll,racing-point,bwt-mercedes,14,14,0,18,18,56,4,0,0,0,1,0,0,0,0,0,,,,2,26600.0,60938.0,0,0
999,2019,2,george-russell,williams,mercedes,15,15,0,19,19,56,4,0,0,0,1,0,0,0,0,0,,,,2,24633.0,49545.0,0,0
999,2019,2,robert-kubica,williams,mercedes,16,16,0,20,20,55,4,0,0,0,1,0,0,0,0,0,,,,2,24313.0,48980.0,0,0
999,2019,2,nico-hulkenberg,renault,renault,17,17,0,17,17,53,0,0,0,0,1,0,0,0,0,0,Power unit,,,2,25253.0,50751.0,0,0
999,2019,2,daniel-ricciardo,renault,renault,18,18,0,10,11,53,-8,0,0,0,1,0,0,0,0,0,Power loss,,,1,25676.0,25676.0,0,0
999,2019,2,carlos-sainz-jr,mclaren,renault,19,19,0,7,7,53,-12,0,0,0,1,0,0,0,0,0,Gearbox,,,3,24985.0,95562.0,0,0
999,2019,2,romain-grosjean,haas,ferrari,,DNF,0,11,8,16,,0,0,0,0,0,0,0,0,1,Collision damage,,,1,32082.0,32082.0,0,0
1000,2019,3,lewis-hamilton,mercedes,mercedes,1,1,25.0,2,2,56,1,1,1,1,1,0,0,0,0,0,,5526350.0,,2,22644.0,46241.0,0,0
1000,2019,3,valtteri-bottas,mercedes,mercedes,2,2,18.0,1,1,56,-1,0,1,1,1,1,0,0,0,0,,5532902.0,6552.0,2,22196.0,46279.0,1,0
1000,2019,3,sebastian-vettel,ferrari,ferrari,3,3,15.0,3,3,56,0,0,1,1,1,0,0,0,0,0,,5540094.0,13744.0,2,22316.0,45065.0,0,0
1000,2019,3,max-verstappen,red-bull,honda,4,4,12.0,5,5,56,1,0,0,1,1,0,0,0,0,0,,5553977.0,27627.0,2,22365.0,45588.0,0,0
1000,2019,3,charles-leclerc,ferrari,ferrari,5,5,10.0,4,4,56,-1,0,0,1,1,0,0,0,0,0,,5557626.0,31276.0,2,22921.0,47148.0,0,0
1000,2019,3,pierre-gasly,red-bull,honda,6,6,9.0,6,6,56,0,0,0,1,1,0,1,0,0,0,,5615657.0,89307.0,3,22301.0,67431.0,0,0
1000,2019,3,daniel-ricciardo,renault,renault,7,7,6.0,7,7,55,0,0,0,1,1,0,0,0,0,0,,,,1,23506.0,23506.0,0,0
1000,2019,3,sergio-perez,racing-point,bwt-mercedes,8,8,4.0,12,12,55,4,0,0,1,1,0,0,0,0,0,,,,1,23733.0,23733.0,0,0
1000,2019,3,kimi-raikkonen,alfa-romeo,ferrari,9,9,2.0,13,13,55,4,0,0,1,1,0,0,0,0,0,,,,1,23888.0,23888.0,0,0
1000,2019,3,alexander-albon,toro-rosso,honda,10,10,1.0,,,55,10,0,0,1,1,0,0,0,1,0,,,,1,23215.0,23215.0,0,0
1000,2019,3,romain-grosjean,haas,ferrari,11,11,0,10,10,55,-1,0,0,0,1,0,0,0,0,0,,,,2,23261.0,46781.0,0,0
1000,2019,3,lance-stroll,racing-point,bwt-mercedes,12,12,0,16,16,55,4,0,0,0,1,0,0,0,0,0,,,,2,23466.0,46981.0,0,0
1000,2019,3,kevin-magnussen,haas,ferrari,13,13,0,9,9,55,-4,0,0,0,1,0,0,0,0,0,,,,2,23383.0,47347.0,0,0
1000,2019,3,carlos-sainz-jr,mclaren,renault,14,14,0,14,14,55,0,0,0,0,1,0,0,0,0,0,,,,2,22532.0,68410.0,0,0
1000,2019,3,antonio-giovinazzi,alfa-romeo,ferrari,15,15,0,19,,55,4,0,0,0,1,0,0,0,0,0,,,,2,25137.0,50321.0,0,0
1000,2019,3,george-russell,williams,mercedes,16,16,0,17,17,54,1,0,0,0,1,0,0,0,0,0,,,,2,23965.0,48297.0,0,0
1000,2019,3,robert-kubica,williams,mercedes,17,17,0,18,18,54,1,0,0,0,1,0,0,0,0,0,,,,1,32627.0,32627.0,0,0
1000,2019,3,lando-norris,mclaren,renault,18,18,0,15,15,50,-3,0,0,0,1,0,0,0,0,0,Collision damage,,,3,22524.0,106900.0,0,0
1000,2019,3,daniil-kvyat,toro-rosso,honda,,DNF,0,11,11,41,,0,0,0,0,0,0,0,0,1,Collision damage,,,3,17257.0,86513.0,0,0
1000,2019,3,nico-hulkenberg,renault,renault,,DNF,0,8,8,16,,0,0,0,0,0,0,0,0,1,Power unit,,,1,24107.0,24107.0,0,0
1001,2019,4,valtteri-bottas,mercedes,mercedes,1,1,25.0,1,1,51,0,1,1,1,1,1,0,0,0,0,,5512942.0,,1,20006.0,20006.0,1,1
1001,2019,4,lewis-hamilton,mercedes,mercedes,2,2,18.0,2,2,51,0,0,1,1,1,0,0,0,0,0,,5514466.0,1524.0,1,19993.0,19993.0,0,0
1001,2019,4,sebastian-vettel,ferrari,ferrari,3,3,15.0,3,3,51,0,0,1,1,1,0,0,0,0,0,,5524681.0,11739.0,1,19981.0,19981.0,0,0
1001,2019,4,max-verstappen,red-bull,honda,4,4,12.0,4,4,51,0,0,0,1,1,0,0,0,0,0,,5530435.0,17493.0,1,20973.0,20973.0,0,0
1001,2019,4,charles-leclerc,ferrari,ferrari,5,5,11.0,8,9,51,3,0,0,1,1,0,1,0,1,0,,5582049.0,69107.0,2,19857.0,40239.0,0,0
1001,2019,4,sergio-perez,racing-point,bwt-mercedes,6,6,8.0,5,5,51,-1,0,0,1,1,0,0,0,0,0,,5589358.0,76416.0,1,20939.0,20939.0,0,0
1001,2019,4,carlos-sainz-jr,mclaren,renault,7,7,6.0,9,10,51,2,0,0,1,1,0,0,0,0,0,,5596768.0,83826.0,1,19755.0,19755.0,0,0
1001,2019,4,lando-norris,mclaren,renault,8,8,4.0,7,7,51,-1,0,0,1,1,0,0,0,0,0,,5613210.0,100268.0,2,19819.0,41899.0,0,0
1001,2019,4,lance-stroll,racing-point,bwt-mercedes,9,9,2.0,13,14,51,4,0,0,1,1,0,0,0,0,0,,5616758.0,103816.0,1,23099.0,23099.0,0,0
1001,2019,4,kimi-raikkonen,alfa-romeo,ferrari,10,10,1.0,,,50,9,0,0,1,1,0,0,0,0,0,,,,1,21401.0,21401.0,0,0
1001,2019,4,alexander-albon,toro-rosso,honda,11,11,0,11,12,50,0,0,0,0,1,0,0,0,0,0,,,,1,20720.0,20720.0,0,0
1001,2019,4,antonio-giovinazzi,alfa-romeo,ferrari,12,12,0,17,8,50,5,0,0,0,1,0,0,0,0,0,,,,1,20776.0,20776.0,0,0
1001,2019,4,kevin-magnussen,haas,ferrari,13,13,0,12,13,50,-1,0,0,0,1,0,0,0,0,0,,,,2,20118.0,40977.0,0,0
1001,2019,4,nico-hulkenberg,renault,renault,14,14,0,15,16,50,1,0,0,0,1,0,0,0,0,0,,,,2,20870.0,42195.0,0,0
1001,2019,4,george-russell,williams,mercedes,15,15,0,16,17,49,1,0,0,0,1,0,0,0,0,0,,,,2,20475.0,41226.0,0,0
1001,2019,4,robert-kubica,williams,mercedes,16,16,0,,18,49,2,0,0,0,1,0,0,0,0,0,,,,3,15069.0,56809.0,0,0
1001,2019,4,pierre-gasly,red-bull,honda,,DNF,0,,,38,,0,0,0,0,0,0,0,0,1,Driveshaft,,,0,,,0,0
1001,2019,4,romain-grosjean,haas,ferrari,,DNF,0,14,15,38,,0,0,0,0,0,0,0,0,1,Brakes,,,1,20906.0,20906.0,0,0
1001,2019,4,daniil-kvyat,toro-rosso,honda,,DNF,0,6,6,33,,0,0,0,0,0,0,0,0,1,Collision damage,,,1,21013.0,21013.0,0,0
1001,2019,4,daniel-ricciardo,renault,renault,,DNF,0,10,11,31,,0,0,0,0,0,0,0,0,1,Collision damage,,,1,20884.0,20884.0,0,0
1002,2019,5,lewis-hamilton,mercedes,mercedes,1,1,26.0,2,2,66,1,1,1,1,1,0,1,0,0,0,,5750443.0,,2,22265.0,44776.0,0,0
1002,2019,5,valtteri-bottas,mercedes,mercedes,2,2,18.0,1,1,66,-1,0,1,1,1,1,0,0,0,0,,5754517.0,4074.0,2,22018.0,44052.0,1,0
1002,2019,5,max-verstappen,red-bull,honda,3,3,15.0,4,4,66,1,0,1,1,1,0,0,0,1,0,,5758122.0,7679.0,2,22417.0,44957.0,0,0
1002,2019,5,sebastian-vettel,ferrari,ferrari,4,4,12.0,3,3,66,-1,0,0,1,1,0,0,0,0,0,,5759610.0,9167.0,2,21643.0,45389.0,0,0
1002,2019,5,charles-leclerc,ferrari,ferrari,5,5,10.0,5,5,66,0,0,0,1,1,0,0,0,0,0,,5763804.0,13361.0,2,21638.0,45284.0,0,0
1002,2019,5,pierre-gasly,red-bull,honda,6,6,8.0,6,6,66,0,0,0,1,1,0,0,0,0,0,,5770019.0,19576.0,2,22095.0,44658.0,0,0
1002,2019,5,kevin-magnussen,haas,ferrari,7,7,6.0,8,8,66,1,0,0,1,1,0,0,0,0,0,,5778602.0,28159.0,2,22025.0,45017.0,0,0
1002,2019,5,carlos-sainz-jr,mclaren,renault,8,8,4.0,12,13,66,4,0,0,1,1,0,0,0,0,0,,5782785.0,32342.0,2,21468.0,43013.0,0,0
1002,2019,5,daniil-kvyat,toro-rosso,honda,9,9,2.0,9,9,66,0,0,0,1,1,0,0,0,0,0,,5783499.0,33056.0,2,22049.0,55870.0,0,0
1002,2019,5,romain-grosjean,haas,ferrari,10,10,1.0,7,7,66,-3,0,0,1,1,0,0,0,0,0,,5785084.0,34641.0,2,22379.0,45111.0,0,0
1002,2019,5,alexander-albon,toro-rosso,honda,11,11,0,11,12,66,0,0,0,0,1,0,0,0,0,0,,5785888.0,35445.0,2,23591.0,60936.0,0,0
1002,2019,5,daniel-ricciardo,renault,renault,12,12,0,13,10,66,1,0,0,0,1,0,0,0,0,0,,5787201.0,36758.0,2,22379.0,45081.0,0,0
1002,2019,5,nico-hulkenberg,renault,renault,13,13,0,,16,66,7,0,0,0,1,0,0,0,0,0,,5789684.0,39241.0,1,22193.0,22193.0,0,0
1002,2019,5,kimi-raikkonen,alfa-romeo,ferrari,14,14,0,14,14,66,0,0,0,0,1,0,0,0,0,0,,5792246.0,41803.0,2,22342.0,44891.0,0,0
1002,2019,5,sergio-perez,racing-point,bwt-mercedes,15,15,0,15,15,66,0,0,0,0,1,0,0,0,0,0,,5797320.0,46877.0,2,22781.0,45677.0,0,0
1002,2019,5,antonio-giovinazzi,alfa-romeo,ferrari,16,16,0,18,18,66,2,0,0,0,1,0,0,0,0,0,,5798134.0,47691.0,2,22381.0,45888.0,0,0
1002,2019,5,george-russell,williams,mercedes,17,17,0,19,19,65,2,0,0,0,1,0,0,0,0,0,,,,2,21846.0,44288.0,0,0
1002,2019,5,robert-kubica,williams,mercedes,18,18,0,17,20,65,-1,0,0,0,1,0,0,0,0,0,,,,2,21954.0,44096.0,0,0
1002,2019,5,lance-stroll,racing-point,bwt-mercedes,,DNF,0,16,17,44,,0,0,0,0,0,0,0,0,1,Collision,,,1,23321.0,23321.0,0,0
1002,2019,5,lando-norris,mclaren,renault,,DNF,0,10,11,44,,0,0,0,0,0,0,0,0,1,Collision,,,1,21579.0,21579.0,0,0
1003,2019,6,lewis-hamilton,mercedes,mercedes,1,1,25.0,1,1,78,0,1,1,1,1,1,0,0,0,0,,6208437.0,,1,24266.0,24266.0,1,1
1003,2019,6,sebastian-vettel,ferrari,ferrari,2,2,18.0,4,4,78,2,0,1,1,1,0,0,0,0,0,,6211039.0,2602.0,1,24483.0,24483.0,0,0
1003,2019,6,valtteri-bottas,mercedes,mercedes,3,3,15.0,2,2,78,-1,0,1,1,1,0,0,0,0,0,,6211599.0,3162.0,2,24776.0,49806.0,0,0
1003,2019,6,max-verstappen,red-bull,honda,4,4,12.0,3,3,78,-1,0,0,1,1,0,0,0,1,0,,6213974.0,5537.0,1,24011.0,24011.0,0,0
1003,2019,6,pierre-gasly,red-bull,honda,5,5,11.0,8,5,78,3,0,0,1,1,0,1,0,0,0,,6218383.0,9946.0,2,23858.0,48019.0,0,0
1003,2019,6,carlos-sainz-jr,mclaren,renault,6,6,8.0,9,9,78,3,0,0,1,1,0,0,0,0,0,,6261891.0,53454.0,1,23795.0,23795.0,0,0
1003,2019,6,daniil-kvyat,toro-rosso,honda,7,7,6.0,7,8,78,0,0,0,1,1,0,0,0,0,0,,6263011.0,54574.0,1,24023.0,24023.0,0,0
1003,2019,6,alexander-albon,toro-rosso,honda,8,8,4.0,10,10,78,2,0,0,1,1,0,0,0,0,0,,6263637.0,55200.0,1,25062.0,25062.0,0,0
1003,2019,6,daniel-ricciardo,renault,renault,9,9,2.0,6,7,78,-3,0,0,1,1,0,0,0,0,0,,6269331.0,60894.0,1,24269.0,24269.0,0,0
1003,2019,6,romain-grosjean,haas,ferrari,10,10,1.0,13,13,78,3,0,0,1,1,0,0,0,0,0,,6269471.0,61034.0,1,24219.0,24219.0,0,0
1003,2019,6,lando-norris,mclaren,renault,11,11,0,12,12,78,1,0,0,0,1,0,0,0,0,0,,6275238.0,66801.0,1,25026.0,25026.0,0,0
1003,2019,6,sergio-perez,racing-point,bwt-mercedes,12,12,0,16,17,77,4,0,0,0,1,0,0,0,0,0,,,,1,28463.0,28463.0,0,0
1003,2019,6,nico-hulkenberg,renault,renault,13,13,0,11,11,77,-2,0,0,0,1,0,0,0,0,0,,,,1,25532.0,25532.0,0,0
1003,2019,6,kevin-magnussen,haas,ferrari,14,14,0,5,6,77,-9,0,0,0,1,0,0,0,0,0,,,,1,25419.0,25419.0,0,0
1003,2019,6,george-russell,williams,mercedes,15,15,0,19,19,77,4,0,0,0,1,0,0,0,0,0,,,,1,26165.0,26165.0,0,0
1003,2019,6,lance-stroll,racing-point,bwt-mercedes,16,16,0,17,18,77,1,0,0,0,1,0,0,0,0,0,,,,1,24591.0,24591.0,0,0
1003,2019,6,kimi-raikkonen,alfa-romeo,ferrari,17,17,0,14,14,77,-3,0,0,0,1,0,0,0,0,0,,,,1,26299.0,26299.0,0,0
1003,2019,6,robert-kubica,williams,mercedes,18,18,0,20,20,77,2,0,0,0,1,0,0,0,0,0,,,,1,23946.0,23946.0,0,0
1003,2019,6,antonio-giovinazzi,alfa-romeo,ferrari,19,19,0,18,15,76,-1,0,0,0,1,0,0,0,0,0,,,,1,35651.0,35651.0,0,0
1003,2019,6,charles-leclerc,ferrari,ferrari,,DNF,0,15,16,16,,0,0,0,0,0,0,0,0,1,Puncture,,,2,25705.0,51669.0,0,0
1004,2019,7,lewis-hamilton,mercedes,mercedes,1,1,25.0,2,2,70,1,1,1,1,1,0,0,0,0,0,,5347084.0,,1,23662.0,23662.0,0,0
1004,2019,7,sebastian-vettel,ferrari,ferrari,2,2,18.0,1,1,70,-1,0,1,1,1,1,0,0,1,0,,5350742.0,3658.0,1,23782.0,23782.0,1,0
1004,2019,7,charles-leclerc,ferrari,ferrari,3,3,15.0,3,3,70,0,0,1,1,1,0,0,0,0,0,,5351780.0,4696.0,1,23732.0,23732.0,0,0
1004,2019,7,valtteri-bottas,mercedes,mercedes,4,4,13.0,6,6,70,2,0,0,1,1,0,1,0,0,0,,5398127.0,51043.0,2,23456.0,47450.0,0,0
1004,2019,7,max-verstappen,red-bull,honda,5,5,10.0,9,11,70,4,0,0,1,1,0,0,0,0,0,,5404739.0,57655.0,1,23426.0,23426.0,0,0
1004,2019,7,daniel-ricciardo,renault,renault,6,6,8.0,4,4,69,-2,0,0,1,1,0,0,0,0,0,,,,1,23927.0,23927.0,0,0
1004,2019,7,nico-hulkenberg,renault,renault,7,7,6.0,7,7,69,0,0,0,1,1,0,0,0,0,0,,,,1,24030.0,24030.0,0,0
1004,2019,7,pierre-gasly,red-bull,honda,8,8,4.0,5,5,69,-3,0,0,1,1,0,0,0,0,0,,,,1,23485.0,23485.0,0,0
1004,2019,7,lance-stroll,racing-point,bwt-mercedes,9,9,2.0,17,18,69,8,0,0,1,1,0,0,0,0,0,,,,1,23727.0,23727.0,0,0
1004,2019,7,daniil-kvyat,toro-rosso,honda,10,10,1.0,10,12,69,0,0,0,1,1,0,0,0,0,0,,,,1,23825.0,23825.0,0,0
1004,2019,7,carlos-sainz-jr,mclaren,renault,11,11,0,11,9,69,0,0,0,0,1,0,0,0,0,0,,,,1,24727.0,24727.0,0,0
1004,2019,7,sergio-perez,racing-point,bwt-mercedes,12,12,0,15,16,69,3,0,0,0,1,0,0,0,0,0,,,,1,24076.0,24076.0,0,0
1004,2019,7,antonio-giovinazzi,alfa-romeo,ferrari,13,13,0,12,13,69,-1,0,0,0,1,0,0,0,0,0,,,,1,23884.0,23884.0,0,0
1004,2019,7,romain-grosjean,haas,ferrari,14,14,0,14,15,69,0,0,0,0,1,0,0,0,0,0,,,,1,24071.0,24071.0,0,0
1004,2019,7,kimi-raikkonen,alfa-romeo,ferrari,15,15,0,16,17,69,1,0,0,0,1,0,0,0,0,0,,,,2,24666.0,50008.0,0,0
1004,2019,7,george-russell,williams,mercedes,16,16,0,18,19,68,2,0,0,0,1,0,0,0,0,0,,,,1,23686.0,23686.0,0,0
1004,2019,7,kevin-magnussen,haas,ferrari,17,17,0,,10,68,3,0,0,0,1,0,0,0,0,0,,,,1,24381.0,24381.0,0,0
1004,2019,7,robert-kubica,williams,mercedes,18,18,0,19,20,67,1,0,0,0,1,0,0,0,0,0,,,,2,23119.0,48329.0,0,0
1004,2019,7,alexander-albon,toro-rosso,honda,,DNF,0,13,14,59,,0,0,0,0,0,0,0,0,1,Collision damage,,,1,37950.0,37950.0,0,0
1004,2019,7,lando-norris,mclaren,renault,,DNF,0,8,8,8,,0,0,0,0,0,0,0,0,1,Suspension,,,0,,,0,0
1005,2019,8,lewis-hamilton,mercedes,mercedes,1,1,25.0,1,1,53,0,1,1,1,1,1,0,0,0,0,,5071198.0,,1,30186.0,30186.0,1,1
1005,2019,8,valtteri-bottas,mercedes,mercedes,2,2,18.0,2,2,53,0,0,1,1,1,0,0,0,0,0,,5089254.0,18056.0,1,30412.0,30412.0,0,0
1005,2019,8,charles-leclerc,ferrari,ferrari,3,3,15.0,3,3,53,0,0,1,1,1,0,0,0,0,0,,5090183.0,18985.0,1,30203.0,30203.0,0,0
1005,2019,8,max-verstappen,red-bull,honda,4,4,12.0,4,4,53,0,0,0,1,1,0,0,0,0,0,,5106103.0,34905.0,1,30118.0,30118.0,0,0
1005,2019,8,sebastian-vettel,ferrari,ferrari,5,5,11.0,7,7,53,2,0,0,1,1,0,1,0,0,0,,5133994.0,62796.0,2,30044.0,60512.0,0,0
1005,2019,8,carlos-sainz-jr,mclaren,renault,6,6,8.0,6,6,53,0,0,0,1,1,0,0,0,0,0,,5166660.0,95462.0,1,29920.0,29920.0,0,0
1005,2019,8,kimi-raikkonen,alfa-romeo,ferrari,7,7,6.0,12,12,52,5,0,0,1,1,0,0,0,0,0,,,,1,29975.0,29975.0,0,0
1005,2019,8,nico-hulkenberg,renault,renault,8,8,4.0,13,13,52,5,0,0,1,1,0,0,0,0,0,,,,1,30884.0,30884.0,0,0
1005,2019,8,lando-norris,mclaren,renault,9,9,2.0,5,5,52,-4,0,0,1,1,0,0,0,1,0,,,,1,30576.0,30576.0,0,0
1005,2019,8,pierre-gasly,red-bull,honda,10,10,1.0,9,9,52,-1,0,0,1,1,0,0,0,0,0,,,,1,30228.0,30228.0,0,0
1005,2019,8,daniel-ricciardo,renault,renault,11,11,0,8,8,52,-3,0,0,0,1,0,0,0,0,0,,,,1,31031.0,31031.0,0,0
1005,2019,8,sergio-perez,racing-point,bwt-mercedes,12,12,0,14,14,52,2,0,0,0,1,0,0,0,0,0,,,,1,37286.0,37286.0,0,0
1005,2019,8,lance-stroll,racing-point,bwt-mercedes,13,13,0,17,18,52,4,0,0,0,1,0,0,0,0,0,,,,1,30849.0,30849.0,0,0
1005,2019,8,daniil-kvyat,toro-rosso,honda,14,14,0,19,16,52,5,0,0,0,1,0,0,0,0,0,,,,1,30233.0,30233.0,0,0
1005,2019,8,alexander-albon,toro-rosso,honda,15,15,0,11,11,52,-4,0,0,0,1,0,0,0,0,0,,,,1,30279.0,30279.0,0,0
1005,2019,8,antonio-giovinazzi,alfa-romeo,ferrari,16,16,0,10,10,52,-6,0,0,0,1,0,0,0,0,0,,,,2,30842.0,62539.0,0,0
1005,2019,8,kevin-magnussen,haas,ferrari,17,17,0,15,15,52,-2,0,0,0,1,0,0,0,0,0,,,,1,30832.0,30832.0,0,0
1005,2019,8,robert-kubica,williams,mercedes,18,18,0,18,20,51,0,0,0,0,1,0,0,0,0,0,,,,1,29792.0,29792.0,0,0
1005,2019,8,george-russell,williams,mercedes,19,19,0,20,19,51,1,0,0,0,1,0,0,0,0,0,,,,2,31950.0,69444.0,0,0
1005,2019,8,romain-grosjean,haas,ferrari,,DNF,0,16,17,44,,0,0,0,0,0,0,0,0,1,Retirement,,,1,30837.0,30837.0,0,0
1006,2019,9,max-verstappen,red-bull,honda,1,1,26.0,2,3,71,1,1,1,1,1,0,1,0,0,0,,4921822.0,,1,21110.0,21110.0,0,0
1006,2019,9,charles-leclerc,ferrari,ferrari,2,2,18.0,1,1,71,-1,0,1,1,1,1,0,0,0,0,,4924546.0,2724.0,1,21878.0,21878.0,1,0
1006,2019,9,valtteri-bottas,mercedes,mercedes,3,3,15.0,3,4,71,0,0,1,1,1,0,0,0,0,0,,4940782.0,18960.0,1,22552.0,22552.0,0,0
1006,2019,9,sebastian-vettel,ferrari,ferrari,4,4,12.0,9,10,71,5,0,0,1,1,0,0,0,0,0,,4941432.0,19610.0,2,22251.0,47487.0,0,0
1006,2019,9,lewis-hamilton,mercedes,mercedes,5,5,10.0,4,2,71,-1,0,0,1,1,0,0,0,0,0,,4944627.0,22805.0,1,30067.0,30067.0,0,0
1006,2019,9,lando-norris,mclaren,renault,6,6,8.0,5,6,70,-1,0,0,1,1,0,0,0,0,0,,,,1,21547.0,21547.0,0,0
1006,2019,9,pierre-gasly,red-bull,honda,7,7,6.0,8,9,70,1,0,0,1,1,0,0,0,0,0,,,,1,22239.0,22239.0,0,0
1006,2019,9,carlos-sainz-jr,mclaren,renault,8,8,4.0,19,15,70,11,0,0,1,1,0,0,0,0,0,,,,1,21266.0,21266.0,0,0
1006,2019,9,kimi-raikkonen,alfa-romeo,ferrari,9,9,2.0,6,7,70,-3,0,0,1,1,0,0,0,0,0,,,,1,21709.0,21709.0,0,0
1006,2019,9,antonio-giovinazzi,alfa-romeo,ferrari,10,10,1.0,7,8,70,-3,0,0,1,1,0,0,0,0,0,,,,1,21672.0,21672.0,0,0
1006,2019,9,sergio-perez,racing-point,bwt-mercedes,11,11,0,13,16,70,2,0,0,0,1,0,0,0,0,0,,,,1,22330.0,22330.0,0,0
1006,2019,9,daniel-ricciardo,renault,renault,12,12,0,12,14,70,0,0,0,0,1,0,0,0,0,0,,,,1,22305.0,22305.0,0,0
1006,2019,9,nico-hulkenberg,renault,renault,13,13,0,15,12,70,2,0,0,0,1,0,0,0,0,0,,,,1,21985.0,21985.0,0,0
1006,2019,9,lance-stroll,racing-point,bwt-mercedes,14,14,0,14,17,70,0,0,0,0,1,0,0,0,0,0,,,,1,21982.0,21982.0,0,0
1006,2019,9,alexander-albon,toro-rosso,honda,15,15,0,18,13,70,3,0,0,0,1,0,0,0,0,0,,,,1,21225.0,21225.0,0,0
1006,2019,9,romain-grosjean,haas,ferrari,16,16,0,11,11,70,-5,0,0,0,1,0,0,0,0,0,,,,1,22265.0,22265.0,0,0
1006,2019,9,daniil-kvyat,toro-rosso,honda,17,17,0,16,18,70,-1,0,0,0,1,0,0,0,0,0,,,,1,25091.0,25091.0,0,0
1006,2019,9,george-russell,williams,mercedes,18,18,0,,19,69,2,0,0,0,1,0,0,0,0,0,,,,1,22772.0,22772.0,0,0
1006,2019,9,kevin-magnussen,haas,ferrari,19,19,0,10,5,69,-9,0,0,0,1,0,0,0,0,0,,,,3,16224.0,61776.0,0,0
1006,2019,9,robert-kubica,williams,mercedes,20,20,0,17,20,68,-3,0,0,0,1,0,0,0,1,0,,,,1,21525.0,21525.0,0,0
1007,2019,10,lewis-hamilton,mercedes,mercedes,1,1,26.0,2,2,52,1,1,1,1,1,0,1,0,0,0,,4868452.0,,1,28905.0,28905.0,0,0
1007,2019,10,valtteri-bottas,mercedes,mercedes,2,2,18.0,1,1,52,-1,0,1,1,1,1,0,0,0,0,,4893380.0,24928.0,2,28177.0,56670.0,1,0
1007,2019,10,charles-leclerc,ferrari,ferrari,3,3,15.0,3,3,52,0,0,1,1,1,0,0,0,1,0,,4898569.0,30117.0,2,28348.0,56906.0,0,0
1007,2019,10,pierre-gasly,red-bull,honda,4,4,12.0,5,5,52,1,0,0,1,1,0,0,0,0,0,,4903144.0,34692.0,1,27905.0,27905.0,0,0
1007,2019,10,max-verstappen,red-bull,honda,5,5,10.0,4,4,52,-1,0,0,1,1,0,0,0,0,0,,4907910.0,39458.0,2,27827.0,55777.0,0,0
1007,2019,10,carlos-sainz-jr,mclaren,renault,6,6,8.0,13,13,52,7,0,0,1,1,0,0,0,0,0,,4922091.0,53639.0,1,27980.0,27980.0,0,0
1007,2019,10,daniel-ricciardo,renault,renault,7,7,6.0,7,7,52,0,0,0,1,1,0,0,0,0,0,,4922853.0,54401.0,2,28381.0,56797.0,0,0
1007,2019,10,kimi-raikkonen,alfa-romeo,ferrari,8,8,4.0,12,12,52,4,0,0,1,1,0,0,0,0,0,,4933992.0,65540.0,1,28364.0,28364.0,0,0
1007,2019,10,daniil-kvyat,toro-rosso,honda,9,9,2.0,17,17,52,8,0,0,1,1,0,0,0,0,0,,4935172.0,66720.0,2,28811.0,58188.0,0,0
1007,2019,10,nico-hulkenberg,renault,renault,10,10,1.0,10,10,52,0,0,0,1,1,0,0,0,0,0,,4941185.0,72733.0,1,28926.0,28926.0,0,0
1007,2019,10,lando-norris,mclaren,renault,11,11,0,8,8,52,-3,0,0,0,1,0,0,0,0,0,,4942733.0,74281.0,2,27919.0,56194.0,0,0
1007,2019,10,alexander-albon,toro-rosso,honda,12,12,0,9,9,52,-3,0,0,0,1,0,0,0,0,0,,4944069.0,75617.0,1,28954.0,28954.0,0,0
1007,2019,10,lance-stroll,racing-point,bwt-mercedes,13,13,0,18,18,52,5,0,0,0,1,0,0,0,0,0,,4949538.0,81086.0,2,29074.0,59474.0,0,0
1007,2019,10,george-russell,williams,mercedes,14,14,0,19,19,51,5,0,0,0,1,0,0,0,0,0,,,,1,30245.0,30245.0,0,0
1007,2019,10,robert-kubica,williams,mercedes,15,15,0,20,20,51,5,0,0,0,1,0,0,0,0,0,,,,1,28694.0,28694.0,0,0
1007,2019,10,sebastian-vettel,ferrari,ferrari,16,16,0,6,6,51,-10,0,0,0,1,0,0,0,0,0,,,,2,28021.0,66489.0,0,0
1007,2019,10,sergio-perez,racing-point,bwt-mercedes,17,17,0,15,15,51,-2,0,0,0,1,0,0,0,0,0,,,,3,28747.0,97043.0,0,0
1007,2019,10,antonio-giovinazzi,alfa-romeo,ferrari,,DNF,0,11,11,18,,0,0,0,0,0,0,0,0,1,Spun off,,,0,,,0,0
1007,2019,10,romain-grosjean,haas,ferrari,,DNF,0,14,14,9,,0,0,0,0,0,0,0,0,1,Collision damage,,,1,33562.0,33562.0,0,0
1007,2019,10,kevin-magnussen,haas,ferrari,,DNF,0,16,16,6,,0,0,0,0,0,0,0,0,1,Collision damage,,,1,32767.0,32767.0,0,0
1008,2019,11,max-verstappen,red-bull,honda,1,1,26.0,2,2,64,1,1,1,1,1,0,1,0,1,0,,6271275.0,,5,19062.0,101859.0,0,0
1008,2019,11,sebastian-vettel,ferrari,ferrari,2,2,18.0,20,,64,18,0,1,1,1,0,0,0,0,0,,6278608.0,7333.0,5,19586.0,103762.0,0,0
1008,2019,11,daniil-kvyat,toro-rosso,honda,3,3,15.0,14,14,64,11,0,1,1,1,0,0,0,0,0,,6279580.0,8305.0,4,20671.0,89559.0,0,0
1008,2019,11,lance-stroll,racing-point,bwt-mercedes,4,4,12.0,15,15,64,11,0,0,1,1,0,0,0,0,0,,6280241.0,8966.0,5,20152.0,106542.0,0,0
1008,2019,11,carlos-sainz-jr,mclaren,renault,5,5,10.0,7,7,64,2,0,0,1,1,0,0,0,0,0,,6280858.0,9583.0,3,19964.0,64038.0,0,0
1008,2019,11,alexander-albon,toro-rosso,honda,6,6,8.0,16,17,64,10,0,0,1,1,0,0,0,0,0,,6281327.0,10052.0,4,19931.0,83740.0,0,0
1008,2019,11,romain-grosjean,haas,ferrari,7,7,6.0,6,6,64,-1,0,0,1,1,0,0,0,0,0,,6288113.0,16838.0,5,20622.0,113323.0,0,0
1008,2019,11,kevin-magnussen,haas,ferrari,8,8,4.0,12,12,64,4,0,0,1,1,0,0,0,0,0,,6290040.0,18765.0,6,20285.0,125009.0,0,0
1008,2019,11,lewis-hamilton,mercedes,mercedes,9,9,2.0,1,1,64,-8,0,0,1,1,1,0,0,0,0,,6290942.0,19667.0,6,19610.0,178866.0,1,0
1008,2019,11,robert-kubica,williams,mercedes,10,10,1.0,18,19,64,8,0,0,1,1,0,0,0,0,0,,6296262.0,24987.0,5,19626.0,104058.0,0,0
1008,2019,11,george-russell,williams,mercedes,11,11,0,17,18,64,6,0,0,0,1,0,0,0,0,0,,6297679.0,26404.0,5,19287.0,104429.0,0,0
1008,2019,11,kimi-raikkonen,alfa-romeo,ferrari,12,12,0,5,5,64,-7,0,0,0,1,0,0,0,0,0,,6313489.0,42214.0,4,20930.0,91635.0,0,0
1008,2019,11,antonio-giovinazzi,alfa-romeo,ferrari,13,13,0,11,11,64,-2,0,0,0,1,0,0,0,0,0,,6315124.0,43849.0,4,20096.0,91577.0,0,0
1008,2019,11,pierre-gasly,red-bull,honda,14,14,0,4,4,61,-10,0,0,0,1,0,0,0,0,0,Collision,,,4,19875.0,90106.0,0,0
1008,2019,11,valtteri-bottas,mercedes,mercedes,,DNF,0,3,3,56,,0,0,0,0,0,0,0,0,1,Accident,,,4,20498.0,84892.0,0,0
1008,2019,11,nico-hulkenberg,renault,renault,,DNF,0,9,9,39,,0,0,0,0,0,0,0,0,1,Accident,,,3,20118.0,62874.0,0,0
1008,2019,11,charles-leclerc,ferrari,ferrari,,DNF,0,10,10,27,,0,0,0,0,0,0,0,0,1,Accident,,,3,20317.0,62780.0,0,0
1008,2019,11,lando-norris,mclaren,renault,,DNF,0,19,16,25,,0,0,0,0,0,0,0,0,1,Power loss,,,2,20242.0,41644.0,0,0
1008,2019,11,daniel-ricciardo,renault,renault,,DNF,0,13,13,13,,0,0,0,0,0,0,0,0,1,Exhaust,,,1,21224.0,21224.0,0,0
1008,2019,11,sergio-perez,racing-point,bwt-mercedes,,DNF,0,8,8,1,,0,0,0,0,0,0,0,0,1,Accident,,,0,,,0,0
1009,2019,12,lewis-hamilton,mercedes,mercedes,1,1,25.0,3,3,70,2,1,1,1,1,0,0,0,0,0,,5703796.0,,2,21390.0,44270.0,0,0
1009,2019,12,max-verstappen,red-bull,honda,2,2,19.0,1,1,70,-1,0,1,1,1,1,1,0,1,0,,5721592.0,17796.0,2,21164.0,42869.0,1,0
1009,2019,12,sebastian-vettel,ferrari,ferrari,3,3,15.0,5,5,70,2,0,1,1,1,0,0,0,0,0,,5765229.0,61433.0,1,24819.0,24819.0,0,0
1009,2019,12,charles-leclerc,ferrari,ferrari,4,4,12.0,4,4,70,0,0,0,1,1,0,0,0,0,0,,5769046.0,65250.0,1,21575.0,21575.0,0,0
1009,2019,12,carlos-sainz-jr,mclaren,renault,5,5,10.0,8,8,69,3,0,0,1,1,0,0,0,0,0,,,,1,21832.0,21832.0,0,0
1009,2019,12,pierre-gasly,red-bull,honda,6,6,8.0,6,6,69,0,0,0,1,1,0,0,0,0,0,,,,1,22104.0,22104.0,0,0
1009,2019,12,kimi-raikkonen,alfa-romeo,ferrari,7,7,6.0,10,10,69,3,0,0,1,1,0,0,0,0,0,,,,1,22205.0,22205.0,0,0
1009,2019,12,valtteri-bottas,mercedes,mercedes,8,8,4.0,2,2,69,-6,0,0,1,1,0,0,0,0,0,,,,2,21744.0,55072.0,0,0
1009,2019,12,lando-norris,mclaren,renault,9,9,2.0,7,7,69,-2,0,0,1,1,0,0,0,0,0,,,,1,26066.0,26066.0,0,0
1009,2019,12,alexander-albon,toro-rosso,honda,10,10,1.0,12,12,69,2,0,0,1,1,0,0,0,0,0,,,,1,23676.0,23676.0,0,0
1009,2019,12,sergio-perez,racing-point,bwt-mercedes,11,11,0,16,17,69,5,0,0,0,1,0,0,0,0,0,,,,1,21901.0,21901.0,0,0
1009,2019,12,nico-hulkenberg,renault,renault,12,12,0,11,11,69,-1,0,0,0,1,0,0,0,0,0,,,,1,21734.0,21734.0,0,0
1009,2019,12,kevin-magnussen,haas,ferrari,13,13,0,14,15,69,1,0,0,0,1,0,0,0,0,0,,,,1,21618.0,21618.0,0,0
1009,2019,12,daniel-ricciardo,renault,renault,14,14,0,20,18,69,6,0,0,0,1,0,0,0,0,0,,,,1,22498.0,22498.0,0,0
1009,2019,12,daniil-kvyat,toro-rosso,honda,15,15,0,13,13,68,-2,0,0,0,1,0,0,0,0,0,,,,1,23002.0,23002.0,0,0
1009,2019,12,george-russell,williams,mercedes,16,16,0,15,16,68,-1,0,0,0,1,0,0,0,0,0,,,,1,21333.0,21333.0,0,0
1009,2019,12,lance-stroll,racing-point,bwt-mercedes,17,17,0,18,19,68,1,0,0,0,1,0,0,0,0,0,,,,2,21563.0,43648.0,0,0
1009,2019,12,antonio-giovinazzi,alfa-romeo,ferrari,18,18,0,17,14,68,-1,0,0,0,1,0,0,0,0,0,,,,1,23218.0,23218.0,0,0
1009,2019,12,robert-kubica,williams,mercedes,19,19,0,19,20,67,0,0,0,0,1,0,0,0,0,0,,,,1,21754.0,21754.0,0,0
1009,2019,12,romain-grosjean,haas,ferrari,,DNF,0,9,9,49,,0,0,0,0,0,0,0,0,1,Water pressure,,,1,22035.0,22035.0,0,0
1010,2019,13,charles-leclerc,ferrari,ferrari,1,1,25.0,1,1,44,0,1,1,1,1,1,0,0,0,0,,5025710.0,,1,22449.0,22449.0,1,1
1010,2019,13,lewis-hamilton,mercedes,mercedes,2,2,18.0,3,3,44,1,0,1,1,1,0,0,0,0,0,,5026691.0,981.0,1,23497.0,23497.0,0,0
1010,2019,13,valtteri-bottas,mercedes,mercedes,3,3,15.0,4,4,44,1,0,1,1,1,0,0,0,0,0,,5038295.0,12585.0,1,22579.0,22579.0,0,0
1010,2019,13,sebastian-vettel,ferrari,ferrari,4,4,13.0,2,2,44,-2,0,0,1,1,0,1,0,0,0,,5052132.0,26422.0,2,22786.0,45649.0,0,0
1010,2019,13,alexander-albon,red-bull,honda,5,5,10.0,17,14,44,12,0,0,1,1,0,0,0,0,0,,5107035.0,81325.0,1,22506.0,22506.0,0,0
1010,2019,13,sergio-perez,racing-point,bwt-mercedes,6,6,8.0,7,9,44,1,0,0,1,1,0,0,0,0,0,,5110158.0,84448.0,1,23133.0,23133.0,0,0
1010,2019,13,daniil-kvyat,toro-rosso,honda,7,7,6.0,19,18,44,12,0,0,1,1,0,0,0,0,0,,5115367.0,89657.0,1,22834.0,22834.0,0,0
1010,2019,13,nico-hulkenberg,renault,renault,8,8,4.0,12,7,44,4,0,0,1,1,0,0,0,0,0,,5132349.0,106639.0,2,23000.0,46475.0,0,0
1010,2019,13,pierre-gasly,toro-rosso,honda,9,9,2.0,13,16,44,4,0,0,1,1,0,0,0,0,0,,5134878.0,109168.0,1,22772.0,22772.0,0,0
1010,2019,13,lance-stroll,racing-point,bwt-mercedes,10,10,1.0,16,13,44,6,0,0,1,1,0,0,0,0,0,,5135548.0,109838.0,2,22774.0,48024.0,0,0
1010,2019,13,lando-norris,mclaren,renault,11,11,0,11,12,43,0,0,0,0,1,0,0,0,1,0,Power loss,,,1,23182.0,23182.0,0,0
1010,2019,13,kevin-magnussen,haas,ferrari,12,12,0,8,10,43,-4,0,0,0,1,0,0,0,0,0,,,,1,22584.0,22584.0,0,0
1010,2019,13,romain-grosjean,haas,ferrari,13,13,0,9,11,43,-4,0,0,0,1,0,0,0,0,0,,,,1,22912.0,22912.0,0,0
1010,2019,13,daniel-ricciardo,renault,renault,14,14,0,10,6,43,-4,0,0,0,1,0,0,0,0,0,,,,1,27620.0,27620.0,0,0
1010,2019,13,george-russell,williams,mercedes,15,15,0,14,19,43,-1,0,0,0,1,0,0,0,0,0,,,,1,22442.0,22442.0,0,0
1010,2019,13,kimi-raikkonen,alfa-romeo,ferrari,16,16,0,6,8,43,-10,0,0,0,1,0,0,0,0,0,,,,3,25005.0,90942.0,0,0
1010,2019,13,robert-kubica,williams,mercedes,17,17,0,,,43,3,0,0,0,1,0,0,0,0,0,,,,1,24247.0,24247.0,0,0
1010,2019,13,antonio-giovinazzi,alfa-romeo,ferrari,18,18,0,18,15,42,0,0,0,0,1,0,0,0,0,0,Accident,,,1,23044.0,23044.0,0,0
1010,2019,13,carlos-sainz-jr,mclaren,renault,,DNF,0,15,17,1,,0,0,0,0,0,0,0,0,1,Power loss,,,1,59291.0,59291.0,0,0
1010,2019,13,max-verstappen,red-bull,honda,,DNF,0,5,5,0,,0,0,0,0,0,0,0,0,1,Accident,,,0,,,0,0
1011,2019,14,charles-leclerc,ferrari,ferrari,1,1,25.0,1,1,53,0,1,1,1,1,1,0,0,1,0,,4526665.0,,1,23833.0,23833.0,1,1
1011,2019,14,valtteri-bottas,mercedes,mercedes,2,2,18.0,3,3,53,1,0,1,1,1,0,0,0,0,0,,4527500.0,835.0,1,23700.0,23700.0,0,0
1011,2019,14,lewis-hamilton,mercedes,mercedes,3,3,16.0,2,2,53,-1,0,1,1,1,0,1,0,0,0,,4561864.0,35199.0,2,23731.0,47643.0,0,0
1011,2019,14,daniel-ricciardo,renault,renault,4,4,12.0,5,5,53,1,0,0,1,1,0,0,0,0,0,,4572180.0,45515.0,1,24320.0,24320.0,0,0
1011,2019,14,nico-hulkenberg,renault,renault,5,5,10.0,6,6,53,1,0,0,1,1,0,0,0,0,0,,4584830.0,58165.0,1,24092.0,24092.0,0,0
1011,2019,14,alexander-albon,red-bull,honda,6,6,8.0,8,8,53,2,0,0,1,1,0,0,0,0,0,,4585980.0,59315.0,1,29830.0,29830.0,0,0
1011,2019,14,sergio-perez,racing-point,bwt-mercedes,7,7,6.0,18,17,53,11,0,0,1,1,0,0,0,0,0,,4600467.0,73802.0,1,25340.0,25340.0,0,0
1011,2019,14,max-verstappen,red-bull,honda,8,8,4.0,19,,53,11,0,0,1,1,0,0,0,0,0,,4601157.0,74492.0,2,24303.0,55514.0,0,0
1011,2019,14,antonio-giovinazzi,alfa-romeo,ferrari,9,9,2.0,10,11,52,1,0,0,1,1,0,0,0,0,0,,,,1,25698.0,25698.0,0,0
1011,2019,14,lando-norris,mclaren,renault,10,10,1.0,16,14,52,6,0,0,1,1,0,0,0,0,0,,,,1,24311.0,24311.0,0,0
1011,2019,14,pierre-gasly,toro-rosso,honda,11,11,0,17,15,52,6,0,0,0,1,0,0,0,0,0,,,,1,24363.0,24363.0,0,0
1011,2019,14,lance-stroll,racing-point,bwt-mercedes,12,12,0,9,9,52,-3,0,0,0,1,0,0,0,0,0,,,,2,18838.0,43257.0,0,0
1011,2019,14,sebastian-vettel,ferrari,ferrari,13,13,0,4,4,52,-9,0,0,0,1,0,0,0,0,0,,,,3,24376.0,88670.0,0,0
1011,2019,14,george-russell,williams,mercedes,14,14,0,14,18,52,0,0,0,0,1,0,0,0,0,0,,,,1,24198.0,24198.0,0,0
1011,2019,14,kimi-raikkonen,alfa-romeo,ferrari,15,15,0,,10,52,5,0,0,0,1,0,0,0,0,0,,,,2,24568.0,56961.0,0,0
1011,2019,14,romain-grosjean,haas,ferrari,16,16,0,13,16,52,-3,0,0,0,1,0,0,0,0,0,,,,2,25121.0,51602.0,0,0
1011,2019,14,robert-kubica,williams,mercedes,17,17,0,15,19,51,-2,0,0,0,1,0,0,0,0,0,,,,2,23860.0,55702.0,0,0
1011,2019,14,kevin-magnussen,haas,ferrari,,DNF,0,11,12,43,,0,0,0,0,0,0,0,0,1,Hydraulics,,,2,24400.0,49378.0,0,0
1011,2019,14,daniil-kvyat,toro-rosso,honda,,DNF,0,12,13,29,,0,0,0,0,0,0,0,0,1,Oil leak,,,1,24479.0,24479.0,0,0
1011,2019,14,carlos-sainz-jr,mclaren,renault,,DNF,0,7,7,27,,0,0,0,0,0,0,0,0,1,Wheel,,,1,27010.0,27010.0,0,0
1012,2019,15,sebastian-vettel,ferrari,ferrari,1,1,25.0,3,3,61,2,1,1,1,1,0,0,0,1,0,,7113667.0,,1,29384.0,29384.0,0,0
1012,2019,15,charles-leclerc,ferrari,ferrari,2,2,18.0,1,1,61,-1,0,1,1,1,1,0,0,0,0,,7116308.0,2641.0,1,29168.0,29168.0,1,0
1012,2019,15,max-verstappen,red-bull,honda,3,3,15.0,4,4,61,1,0,1,1,1,0,0,0,0,0,,7117488.0,3821.0,1,28846.0,28846.0,0,0
1012,2019,15,lewis-hamilton,mercedes,mercedes,4,4,12.0,2,2,61,-2,0,0,1,1,0,0,0,0,0,,7118275.0,4608.0,1,28930.0,28930.0,0,0
1012,2019,15,valtteri-bottas,mercedes,mercedes,5,5,10.0,5,5,61,0,0,0,1,1,0,0,0,0,0,,7119786.0,6119.0,1,29234.0,29234.0,0,0
1012,2019,15,alexander-albon,red-bull,honda,6,6,8.0,6,6,61,0,0,0,1,1,0,0,0,0,0,,7125330.0,11663.0,1,28606.0,28606.0,0,0
1012,2019,15,lando-norris,mclaren,renault,7,7,6.0,9,9,61,2,0,0,1,1,0,0,0,0,0,,7128436.0,14769.0,1,30397.0,30397.0,0,0
1012,2019,15,pierre-gasly,toro-rosso,honda,8,8,4.0,11,12,61,3,0,0,1,1,0,0,0,0,0,,7129214.0,15547.0,1,32482.0,32482.0,0,0
1012,2019,15,nico-hulkenberg,renault,renault,9,9,2.0,8,8,61,-1,0,0,1,1,0,0,0,0,0,,7130385.0,16718.0,2,29152.0,58715.0,0,0
1012,2019,15,antonio-giovinazzi,alfa-romeo,ferrari,10,10,1.0,10,11,61,0,0,0,1,1,0,0,0,0,0,,7141522.0,27855.0,2,28960.0,58030.0,0,0
1012,2019,15,romain-grosjean,haas,ferrari,11,11,0,17,17,61,6,0,0,0,1,0,0,0,0,0,,7149103.0,35436.0,2,29456.0,73032.0,0,0
1012,2019,15,carlos-sainz-jr,mclaren,renault,12,12,0,7,7,61,-5,0,0,0,1,0,0,0,0,0,,7149641.0,35974.0,2,30623.0,100503.0,0,0
1012,2019,15,lance-stroll,racing-point,bwt-mercedes,13,13,0,16,16,61,3,0,0,0,1,0,0,0,0,0,,7150086.0,36419.0,3,29460.0,98130.0,0,0
1012,2019,15,daniel-ricciardo,renault,renault,14,14,0,20,,61,6,0,0,0,1,0,0,0,0,0,,7151327.0,37660.0,1,30756.0,30756.0,0,0
1012,2019,15,daniil-kvyat,toro-rosso,honda,15,15,0,14,15,61,-1,0,0,0,1,0,0,0,0,0,,7151845.0,38178.0,2,28799.0,63510.0,0,0
1012,2019,15,robert-kubica,williams,mercedes,16,16,0,19,19,61,3,0,0,0,1,0,0,0,0,0,,7160691.0,47024.0,2,29033.0,59354.0,0,0
1012,2019,15,kevin-magnussen,haas,ferrari,17,17,0,13,14,61,-4,0,0,0,1,0,1,0,0,0,,7200189.0,86522.0,2,29403.0,60319.0,0,0
1012,2019,15,kimi-raikkonen,alfa-romeo,ferrari,,DNF,0,12,13,49,,0,0,0,0,0,0,0,0,1,Collision,,,1,29992.0,29992.0,0,0
1012,2019,15,sergio-perez,racing-point,bwt-mercedes,,DNF,0,15,10,42,,0,0,0,0,0,0,0,0,1,Oil leak,,,1,29082.0,29082.0,0,0
1012,2019,15,george-russell,williams,mercedes,,DNF,0,18,18,34,,0,0,0,0,0,0,0,0,1,Collision,,,1,38752.0,38752.0,0,0
1013,2019,16,lewis-hamilton,mercedes,mercedes,1,1,26.0,2,2,53,1,1,1,1,1,0,1,0,0,0,,5618992.0,,1,29751.0,29751.0,0,0
1013,2019,16,valtteri-bottas,mercedes,mercedes,2,2,18.0,4,5,53,2,0,1,1,1,0,0,0,0,0,,5622821.0,3829.0,1,29436.0,29436.0,0,0
1013,2019,16,charles-leclerc,ferrari,ferrari,3,3,15.0,1,1,53,-2,0,1,1,1,1,0,0,0,0,,5624204.0,5212.0,2,29401.0,58949.0,1,0
1013,2019,16,max-verstappen,red-bull,honda,4,4,12.0,9,4,53,5,0,0,1,1,0,0,0,0,0,,5633202.0,14210.0,1,29978.0,29978.0,0,0
1013,2019,16,alexander-albon,red-bull,honda,5,5,10.0,,19,53,15,0,0,1,1,0,0,0,0,0,,5657340.0,38348.0,1,29854.0,29854.0,0,0
1013,2019,16,carlos-sainz-jr,mclaren,renault,6,6,8.0,5,6,53,-1,0,0,1,1,0,0,0,0,0,,5664881.0,45889.0,1,30103.0,30103.0,0,0
1013,2019,16,sergio-perez,racing-point,bwt-mercedes,7,7,6.0,11,12,53,4,0,0,1,1,0,0,0,0,0,,5667720.0,48728.0,1,30271.0,30271.0,0,0
1013,2019,16,lando-norris,mclaren,renault,8,8,4.0,7,8,53,-1,0,0,1,1,0,0,0,0,0,,5676741.0,57749.0,1,29290.0,29290.0,0,0
1013,2019,16,kevin-magnussen,haas,ferrari,9,9,2.0,13,14,53,4,0,0,1,1,0,0,0,0,0,,5677771.0,58779.0,1,30509.0,30509.0,0,0
1013,2019,16,nico-hulkenberg,renault,renault,10,10,1.0,6,7,53,-4,0,0,1,1,0,0,0,0,0,,5678833.0,59841.0,2,29786.0,64050.0,0,0
1013,2019,16,lance-stroll,racing-point,bwt-mercedes,11,11,0,14,15,53,3,0,0,0,1,0,0,0,0,0,,5679813.0,60821.0,1,30168.0,30168.0,0,0
1013,2019,16,daniil-kvyat,toro-rosso,honda,12,12,0,19,,53,7,0,0,0,1,0,0,0,0,0,,5681488.0,62496.0,2,29571.0,60324.0,0,0
1013,2019,16,kimi-raikkonen,alfa-romeo,ferrari,13,13,0,15,16,53,2,0,0,0,1,0,0,0,0,0,,5687902.0,68910.0,2,25038.0,61550.0,0,0
1013,2019,16,pierre-gasly,toro-rosso,honda,14,14,0,16,11,53,2,0,0,0,1,0,0,0,0,0,,5689068.0,70076.0,1,29935.0,29935.0,0,0
1013,2019,16,antonio-giovinazzi,alfa-romeo,ferrari,15,15,0,12,13,53,-3,0,0,0,1,0,0,0,0,0,,5692338.0,73346.0,2,30227.0,68420.0,0,0
1013,2019,16,robert-kubica,williams,mercedes,,DNF,0,18,18,28,,0,0,0,0,0,0,0,0,1,Withdrew,,,2,30177.0,60764.0,0,0
1013,2019,16,george-russell,williams,mercedes,,DNF,0,17,17,27,,0,0,0,0,0,0,0,0,1,Wheel nut,,,1,29857.0,29857.0,0,0
1013,2019,16,sebastian-vettel,ferrari,ferrari,,DNF,0,3,3,26,,0,0,0,0,0,0,0,1,1,Power loss,,,1,29860.0,29860.0,0,0
1013,2019,16,daniel-ricciardo,renault,renault,,DNF,0,10,10,24,,0,0,0,0,0,0,0,0,1,Collision damage,,,1,36031.0,36031.0,0,0
1013,2019,16,romain-grosjean,haas,ferrari,,DNF,0,8,9,0,,0,0,0,0,0,0,0,0,1,Collision,,,0,,,0,0
1014,2019,17,valtteri-bottas,mercedes,mercedes,1,1,25.0,3,3,52,2,1,1,1,1,0,0,0,1,0,,4906755.0,,2,23000.0,46157.0,0,0
1014,2019,17,sebastian-vettel,ferrari,ferrari,2,2,18.0,1,1,52,-1,0,1,1,1,1,0,0,0,0,,4920098.0,13343.0,2,23213.0,47245.0,1,0
1014,2019,17,lewis-hamilton,mercedes,mercedes,3,3,16.0,4,4,52,1,0,1,1,1,0,1,0,0,0,,4920613.0,13858.0,2,23582.0,47173.0,0,0
1014,2019,17,alexander-albon,red-bull,honda,4,4,12.0,6,6,52,2,0,0,1,1,0,0,0,0,0,,4966292.0,59537.0,2,23301.0,46655.0,0,0
1014,2019,17,carlos-sainz-jr,mclaren,renault,5,5,10.0,7,7,52,2,0,0,1,1,0,0,0,0,0,,4975856.0,69101.0,1,23476.0,23476.0,0,0
1014,2019,17,charles-leclerc,ferrari,ferrari,6,6,8.0,2,2,51,-4,0,0,1,1,0,0,0,0,0,,,,3,23280.0,77362.0,0,0
1014,2019,17,pierre-gasly,toro-rosso,honda,7,7,6.0,9,9,51,2,0,0,1,1,0,0,0,0,0,,,,1,23180.0,23180.0,0,0
1014,2019,17,sergio-perez,racing-point,bwt-mercedes,8,8,4.0,17,17,51,9,0,0,1,1,0,0,0,0,0,,,,2,22880.0,46181.0,0,0
1014,2019,17,lance-stroll,racing-point,bwt-mercedes,9,9,2.0,12,12,51,3,0,0,1,1,0,0,0,0,0,,,,1,23292.0,23292.0,0,0
1014,2019,17,daniil-kvyat,toro-rosso,honda,10,10,1.0,14,14,51,4,0,0,1,1,0,0,0,0,0,,,,1,23293.0,23293.0,0,0
1014,2019,17,lando-norris,mclaren,renault,11,11,0,8,8,51,-3,0,0,0,1,0,0,0,0,0,,,,2,23949.0,49296.0,0,0
1014,2019,17,kimi-raikkonen,alfa-romeo,ferrari,12,12,0,13,13,51,1,0,0,0,1,0,0,0,0,0,,,,2,23164.0,47632.0,0,0
1014,2019,17,romain-grosjean,haas,ferrari,13,13,0,10,10,51,-3,0,0,0,1,0,0,0,0,0,,,,1,23478.0,23478.0,0,0
1014,2019,17,antonio-giovinazzi,alfa-romeo,ferrari,14,14,0,11,11,51,-3,0,0,0,1,0,0,0,0,0,,,,2,23351.0,46763.0,0,0
1014,2019,17,kevin-magnussen,haas,ferrari,15,15,0,19,,51,4,0,0,0,1,0,0,0,0,0,,,,2,23973.0,48129.0,0,0
1014,2019,17,george-russell,williams,mercedes,16,16,0,18,18,50,2,0,0,0,1,0,0,0,0,0,,,,1,23792.0,23792.0,0,0
1014,2019,17,robert-kubica,williams,mercedes,17,17,0,,,50,3,0,0,0,1,0,0,0,0,0,,,,2,22970.0,49704.0,0,0
1014,2019,17,max-verstappen,red-bull,honda,,DNF,0,5,5,14,,0,0,0,0,0,0,0,0,1,Collision damage,,,0,,,0,0
1014,2019,17,daniel-ricciardo,renault,renault,,DSQ,0,16,16,51,,0,0,0,0,0,0,0,0,1,Brake bias,,,1,23292.0,23292.0,0,0
1014,2019,17,nico-hulkenberg,renault,renault,,DSQ,0,15,15,51,,0,0,0,0,0,0,0,0,1,Brake bias,,,1,24132.0,24132.0,0,0
1015,2019,18,lewis-hamilton,mercedes,mercedes,1,1,25.0,3,4,71,2,1,1,1,1,0,0,0,0,0,,5808904.0,,1,22269.0,22269.0,0,0
1015,2019,18,sebastian-vettel,ferrari,ferrari,2,2,18.0,2,3,71,0,0,1,1,1,0,0,0,0,0,,5810670.0,1766.0,1,21862.0,21862.0,0,0
1015,2019,18,valtteri-bottas,mercedes,mercedes,3,3,15.0,6,6,71,3,0,1,1,1,0,0,0,0,0,,5812457.0,3553.0,1,22179.0,22179.0,0,0
1015,2019,18,charles-leclerc,ferrari,ferrari,4,4,13.0,1,2,71,-3,0,0,1,1,1,1,0,0,0,,5815272.0,6368.0,2,22002.0,47788.0,1,0
1015,2019,18,alexander-albon,red-bull,honda,5,5,10.0,5,5,71,0,0,0,1,1,0,0,0,0,0,,5830303.0,21399.0,2,22003.0,44195.0,0,0
1015,2019,18,max-verstappen,red-bull,honda,6,6,8.0,4,1,71,-2,0,0,1,1,0,0,0,1,0,,5877711.0,68807.0,1,24493.0,24493.0,0,0
1015,2019,18,sergio-perez,racing-point,bwt-mercedes,7,7,6.0,11,11,71,4,0,0,1,1,0,0,0,0,0,,5882723.0,73819.0,1,22357.0,22357.0,0,0
1015,2019,18,daniel-ricciardo,renault,renault,8,8,4.0,13,13,71,5,0,0,1,1,0,0,0,0,0,,5883828.0,74924.0,1,22345.0,22345.0,0,0
1015,2019,18,pierre-gasly,toro-rosso,honda,9,9,2.0,10,10,70,1,0,0,1,1,0,0,0,0,0,,,,2,22618.0,45307.0,0,0
1015,2019,18,nico-hulkenberg,renault,renault,10,10,1.0,12,12,70,2,0,0,1,1,0,0,0,0,0,,,,1,22484.0,22484.0,0,0
1015,2019,18,daniil-kvyat,toro-rosso,honda,11,11,0,9,9,70,-2,0,0,0,1,0,0,0,0,0,,,,2,22033.0,44523.0,0,0
1015,2019,18,lance-stroll,racing-point,bwt-mercedes,12,12,0,16,16,70,4,0,0,0,1,0,0,0,0,0,,,,1,22745.0,22745.0,0,0
1015,2019,18,carlos-sainz-jr,mclaren,renault,13,13,0,7,7,70,-6,0,0,0,1,0,0,0,0,0,,,,2,22179.0,44420.0,0,0
1015,2019,18,antonio-giovinazzi,alfa-romeo,ferrari,14,14,0,15,15,70,1,0,0,0,1,0,0,0,0,0,,,,1,43411.0,43411.0,0,0
1015,2019,18,kevin-magnussen,haas,ferrari,15,15,0,17,17,69,2,0,0,0,1,0,0,0,0,0,,,,1,23084.0,23084.0,0,0
1015,2019,18,george-russell,williams,mercedes,16,16,0,19,19,69,3,0,0,0,1,0,0,0,0,0,,,,1,22887.0,22887.0,0,0
1015,2019,18,romain-grosjean,haas,ferrari,17,17,0,18,18,69,1,0,0,0,1,0,0,0,0,0,,,,1,24128.0,24128.0,0,0
1015,2019,18,robert-kubica,williams,mercedes,18,18,0,20,20,69,2,0,0,0,1,0,0,0,0,0,,,,2,22570.0,47176.0,0,0
1015,2019,18,kimi-raikkonen,alfa-romeo,ferrari,,DNF,0,14,14,58,,0,0,0,0,0,0,0,0,1,Overheating,,,2,22754.0,45717.0,0,0
1015,2019,18,lando-norris,mclaren,renault,,DNF,0,8,8,48,,0,0,0,0,0,0,0,0,1,Withdrew,,,1,123388.0,123388.0,0,0
1016,2019,19,valtteri-bottas,mercedes,mercedes,1,1,25.0,1,1,56,0,1,1,1,1,1,0,0,0,0,,5635653.0,,2,23819.0,47970.0,1,1
1016,2019,19,lewis-hamilton,mercedes,mercedes,2,2,18.0,5,5,56,3,0,1,1,1,0,0,0,0,0,,5639801.0,4148.0,1,23943.0,23943.0,0,0
1016,2019,19,max-verstappen,red-bull,honda,3,3,15.0,3,3,56,0,0,1,1,1,0,0,0,0,0,,5640655.0,5002.0,2,23444.0,47160.0,0,0
1016,2019,19,charles-leclerc,ferrari,ferrari,4,4,13.0,4,4,56,0,0,0,1,1,0,1,0,0,0,,5687892.0,52239.0,2,23844.0,53001.0,0,0
1016,2019,19,alexander-albon,red-bull,honda,5,5,10.0,6,6,56,1,0,0,1,1,0,0,0,1,0,,5713691.0,78038.0,3,23213.0,81018.0,0,0
1016,2019,19,daniel-ricciardo,renault,renault,6,6,8.0,9,9,56,3,0,0,1,1,0,0,0,0,0,,5726019.0,90366.0,1,23751.0,23751.0,0,0
1016,2019,19,lando-norris,mclaren,renault,7,7,6.0,8,8,56,1,0,0,1,1,0,0,0,0,0,,5726417.0,90764.0,2,24678.0,50454.0,0,0
1016,2019,19,carlos-sainz-jr,mclaren,renault,8,8,4.0,7,7,55,-1,0,0,1,1,0,0,0,0,0,,,,1,24784.0,24784.0,0,0
1016,2019,19,nico-hulkenberg,renault,renault,9,9,2.0,11,11,55,2,0,0,1,1,0,0,0,0,0,,,,2,23684.0,47929.0,0,0
1016,2019,19,sergio-perez,racing-point,bwt-mercedes,10,10,1.0,,19,55,10,0,0,1,1,0,0,0,0,0,,,,1,24207.0,24207.0,0,0
1016,2019,19,kimi-raikkonen,alfa-romeo,ferrari,11,11,0,17,17,55,6,0,0,0,1,0,0,0,0,0,,,,2,24544.0,49230.0,0,0
1016,2019,19,daniil-kvyat,toro-rosso,honda,12,12,0,13,13,55,1,0,0,0,1,0,0,0,0,0,,,,2,24162.0,51277.0,0,0
1016,2019,19,lance-stroll,racing-point,bwt-mercedes,13,13,0,14,14,55,1,0,0,0,1,0,0,0,0,0,,,,2,24567.0,49762.0,0,0
1016,2019,19,antonio-giovinazzi,alfa-romeo,ferrari,14,14,0,16,16,55,2,0,0,0,1,0,0,0,0,0,,,,2,24206.0,49436.0,0,0
1016,2019,19,romain-grosjean,haas,ferrari,15,15,0,15,15,55,0,0,0,0,1,0,0,0,0,0,,,,1,24583.0,24583.0,0,0
1016,2019,19,pierre-gasly,toro-rosso,honda,16,16,0,10,10,54,-6,0,0,0,1,0,0,0,0,0,Suspension,,,2,24195.0,48455.0,0,0
1016,2019,19,george-russell,williams,mercedes,17,17,0,18,18,54,1,0,0,0,1,0,0,0,0,0,,,,2,23702.0,52450.0,0,0
1016,2019,19,kevin-magnussen,haas,ferrari,18,18,0,12,12,52,-6,0,0,0,1,0,0,0,0,0,Brakes,,,2,24731.0,49660.0,0,0
1016,2019,19,robert-kubica,williams,mercedes,,DNF,0,19,20,31,,0,0,0,0,0,0,0,0,1,Oil leak,,,1,24164.0,24164.0,0,0
1016,2019,19,sebastian-vettel,ferrari,ferrari,,DNF,0,2,2,7,,0,0,0,0,0,0,0,0,1,Suspension,,,0,,,0,0
1017,2019,20,max-verstappen,red-bull,honda,1,1,25.0,1,1,71,0,1,1,1,1,1,0,0,1,0,,5594678.0,,3,22593.0,68068.0,1,1
1017,2019,20,pierre-gasly,toro-rosso,honda,2,2,18.0,6,7,71,4,0,1,1,1,0,0,0,0,0,,5600755.0,6077.0,2,22922.0,46506.0,0,0
1017,2019,20,carlos-sainz-jr,mclaren,renault,3,3,15.0,20,,71,17,0,1,1,1,0,0,0,0,0,,5603574.0,8896.0,1,22770.0,22770.0,0,0
1017,2019,20,kimi-raikkonen,alfa-romeo,ferrari,4,4,12.0,8,9,71,4,0,0,1,1,0,0,0,0,0,,5604130.0,9452.0,2,23463.0,47304.0,0,0
1017,2019,20,antonio-giovinazzi,alfa-romeo,ferrari,5,5,10.0,12,13,71,7,0,0,1,1,0,0,0,0,0,,5604879.0,10201.0,2,23155.0,46679.0,0,0
1017,2019,20,daniel-ricciardo,renault,renault,6,6,8.0,11,12,71,5,0,0,1,1,0,0,0,0,0,,5605219.0,10541.0,2,29491.0,60251.0,0,0
1017,2019,20,lewis-hamilton,mercedes,mercedes,7,7,6.0,3,3,71,-4,0,0,1,1,0,0,0,0,0,,5605817.0,11139.0,3,22882.0,69030.0,0,0
1017,2019,20,lando-norris,mclaren,renault,8,8,4.0,10,11,71,2,0,0,1,1,0,0,0,0,0,,5605882.0,11204.0,2,23355.0,46736.0,0,0
1017,2019,20,sergio-perez,racing-point,bwt-mercedes,9,9,2.0,15,15,71,6,0,0,1,1,0,0,0,0,0,,5606207.0,11529.0,2,23079.0,46221.0,0,0
1017,2019,20,daniil-kvyat,toro-rosso,honda,10,10,1.0,16,16,71,6,0,0,1,1,0,0,0,0,0,,5606609.0,11931.0,2,22759.0,46137.0,0,0
1017,2019,20,kevin-magnussen,haas,ferrari,11,11,0,9,10,71,-2,0,0,0,1,0,0,0,0,0,,5607410.0,12732.0,2,23479.0,47370.0,0,0
1017,2019,20,george-russell,williams,mercedes,12,12,0,18,18,71,6,0,0,0,1,0,0,0,0,0,,5608277.0,13599.0,3,22441.0,68140.0,0,0
1017,2019,20,romain-grosjean,haas,ferrari,13,13,0,7,8,71,-6,0,0,0,1,0,0,0,0,0,,5608925.0,14247.0,2,23471.0,47247.0,0,0
1017,2019,20,alexander-albon,red-bull,honda,14,14,0,5,6,71,-9,0,0,0,1,0,0,0,0,0,,5609605.0,14927.0,2,23071.0,46144.0,0,0
1017,2019,20,nico-hulkenberg,renault,renault,15,15,0,13,14,71,-2,0,0,0,1,0,0,0,0,0,,5612737.0,18059.0,3,22747.0,69687.0,0,0
1017,2019,20,robert-kubica,williams,mercedes,16,16,0,19,19,70,3,0,0,0,1,0,0,0,0,0,,,,4,23158.0,101160.0,0,0
1017,2019,20,sebastian-vettel,ferrari,ferrari,17,17,0,2,2,65,-15,0,0,0,1,0,0,0,0,0,Collision,,,2,23039.0,46177.0,0,0
1017,2019,20,charles-leclerc,ferrari,ferrari,18,18,0,14,4,65,-4,0,0,0,1,0,0,0,0,0,Collision,,,2,22966.0,46008.0,0,0
1017,2019,20,lance-stroll,racing-point,bwt-mercedes,19,19,0,17,17,65,-2,0,0,0,1,0,0,0,0,0,Suspension,,,2,23346.0,48187.0,0,0
1017,2019,20,valtteri-bottas,mercedes,mercedes,,DNF,0,4,5,51,,0,0,0,0,0,1,0,0,1,Oil pressure,,,2,23148.0,46358.0,0,0
1018,2019,21,lewis-hamilton,mercedes,mercedes,1,1,26.0,1,1,55,0,1,1,1,1,1,1,1,0,0,,5645715.0,,1,22178.0,22178.0,1,1
1018,2019,21,max-verstappen,red-bull,honda,2,2,18.0,2,3,55,0,0,1,1,1,0,0,0,0,0,,5662487.0,16772.0,1,21023.0,21023.0,0,0
1018,2019,21,charles-leclerc,ferrari,ferrari,3,3,15.0,3,4,55,0,0,1,1,1,0,0,0,0,0,,5689150.0,43435.0,2,21274.0,42971.0,0,0
1018,2019,21,valtteri-bottas,mercedes,mercedes,4,4,12.0,20,2,55,16,0,0,1,1,0,0,0,0,0,,5690094.0,44379.0,1,21145.0,21145.0,0,0
1018,2019,21,sebastian-vettel,ferrari,ferrari,5,5,10.0,4,5,55,-1,0,0,1,1,0,0,0,0,0,,5710072.0,64357.0,2,21858.0,47629.0,0,0
1018,2019,21,alexander-albon,red-bull,honda,6,6,8.0,5,6,55,-1,0,0,1,1,0,0,0,0,0,,5714920.0,69205.0,1,22028.0,22028.0,0,0
1018,2019,21,sergio-perez,racing-point,bwt-mercedes,7,7,6.0,10,11,54,3,0,0,1,1,0,0,0,0,0,,,,1,22230.0,22230.0,0,0
1018,2019,21,lando-norris,mclaren,renault,8,8,4.0,6,7,54,-2,0,0,1,1,0,0,0,0,0,,,,1,22974.0,22974.0,0,0
1018,2019,21,daniil-kvyat,toro-rosso,honda,9,9,2.0,13,14,54,4,0,0,1,1,0,0,0,0,0,,,,1,21496.0,21496.0,0,0
1018,2019,21,carlos-sainz-jr,mclaren,renault,10,10,1.0,8,9,54,-2,0,0,1,1,0,0,0,0,0,,,,2,21466.0,43394.0,0,0
1018,2019,21,daniel-ricciardo,renault,renault,11,11,0,7,8,54,-4,0,0,0,1,0,0,0,0,0,,,,2,21624.0,43528.0,0,0
1018,2019,21,nico-hulkenberg,renault,renault,12,12,0,9,10,54,-3,0,0,0,1,0,0,0,1,0,,,,1,21578.0,21578.0,0,0
1018,2019,21,kimi-raikkonen,alfa-romeo,ferrari,13,13,0,17,18,54,4,0,0,0,1,0,0,0,0,0,,,,1,22410.0,22410.0,0,0
1018,2019,21,kevin-magnussen,haas,ferrari,14,14,0,14,15,54,0,0,0,0,1,0,0,0,0,0,,,,1,21531.0,21531.0,0,0
1018,2019,21,romain-grosjean,haas,ferrari,15,15,0,15,16,54,0,0,0,0,1,0,0,0,0,0,,,,1,21968.0,21968.0,0,0
1018,2019,21,antonio-giovinazzi,alfa-romeo,ferrari,16,16,0,16,17,54,0,0,0,0,1,0,0,0,0,0,,,,2,21977.0,44165.0,0,0
1018,2019,21,george-russell,williams,mercedes,17,17,0,18,19,54,1,0,0,0,1,0,0,0,0,0,,,,1,22272.0,22272.0,0,0
1018,2019,21,pierre-gasly,toro-rosso,honda,18,18,0,11,12,53,-7,0,0,0,1,0,0,0,0,0,,,,1,77467.0,77467.0,0,0
1018,2019,21,robert-kubica,williams,mercedes,19,19,0,19,20,53,0,0,0,0,1,0,0,0,0,0,,,,1,21688.0,21688.0,0,0
1018,2019,21,lance-stroll,racing-point,bwt-mercedes,,DNF,0,12,13,45,,0,0,0,0,0,0,0,0,1,Brakes,,,2,21778.0,50620.0,0,0
1019,2020,1,valtteri-bottas,mercedes,mercedes,1,1,25.0,1,1,71,0,1,1,1,1,1,0,0,0,0,,5455739.0,,2,16407.0,38344.0,1,1
1019,2020,1,charles-leclerc,ferrari,ferrari,2,2,18.0,7,7,71,5,0,1,1,1,0,0,0,0,0,,5458439.0,2700.0,3,18748.0,63476.0,0,0
1019,2020,1,lando-norris,mclaren,renault,3,3,16.0,3,4,71,0,0,1,1,1,0,1,0,0,0,,5461230.0,5491.0,3,18163.0,63721.0,0,0
1019,2020,1,lewis-hamilton,mercedes,mercedes,4,4,12.0,5,2,71,1,0,0,1,1,0,0,0,0,0,,5461428.0,5689.0,2,16365.0,38215.0,0,0
1019,2020,1,carlos-sainz-jr,mclaren,renault,5,5,10.0,8,8,71,3,0,0,1,1,0,0,0,0,0,,5464642.0,8903.0,3,20064.0,65696.0,0,0
1019,2020,1,sergio-perez,racing-point,bwt-mercedes,6,6,8.0,6,6,71,0,0,0,1,1,0,0,0,0,0,,5470831.0,15092.0,2,16546.0,38929.0,0,0
1019,2020,1,pierre-gasly,alphatauri,honda,7,7,6.0,12,12,71,5,0,0,1,1,0,0,0,0,0,,5472421.0,16682.0,2,19911.0,42377.0,0,0
1019,2020,1,esteban-ocon,renault,renault,8,8,4.0,14,14,71,6,0,0,1,1,0,0,0,0,0,,5473195.0,17456.0,2,19626.0,41309.0,0,0
1019,2020,1,antonio-giovinazzi,alfa-romeo,ferrari,9,9,2.0,18,18,71,9,0,0,1,1,0,0,0,0,0,,5476885.0,21146.0,3,19678.0,66137.0,0,0
1019,2020,1,sebastian-vettel,ferrari,ferrari,10,10,1.0,11,11,71,1,0,0,1,1,0,0,0,0,0,,5480284.0,24545.0,3,19330.0,64299.0,0,0
1019,2020,1,nicholas-latifi,williams,mercedes,11,11,0,20,20,71,9,0,0,0,1,0,0,0,0,0,,5487389.0,31650.0,3,19488.0,63464.0,0,0
1019,2020,1,daniil-kvyat,alphatauri,honda,12,12,0,13,13,69,1,0,0,0,1,0,0,0,0,0,Suspension,,,3,19656.0,64047.0,0,0
1019,2020,1,alexander-albon,red-bull,honda,13,13,0,4,5,67,-9,0,0,0,1,0,0,0,1,0,Electronics,,,3,17035.0,60156.0,0,0
1019,2020,1,kimi-raikkonen,alfa-romeo,ferrari,,DNF,0,19,19,53,,0,0,0,0,0,0,0,0,1,Wheel,,,2,21569.0,44798.0,0,0
1019,2020,1,george-russell,williams,mercedes,,DNF,0,17,17,49,,0,0,0,0,0,0,0,0,1,Fuel pressure,,,1,21417.0,21417.0,0,0
1019,2020,1,romain-grosjean,haas,ferrari,,DNF,0,15,15,49,,0,0,0,0,0,0,0,0,1,Brakes,,,1,23280.0,23280.0,0,0
1019,2020,1,kevin-magnussen,haas,ferrari,,DNF,0,16,16,24,,0,0,0,0,0,0,0,0,1,Brakes,,,0,,,0,0
1019,2020,1,lance-stroll,racing-point,bwt-mercedes,,DNF,0,9,9,20,,0,0,0,0,0,0,0,0,1,Engine,,,0,,,0,0
1019,2020,1,daniel-ricciardo,renault,renault,,DNF,0,10,10,17,,0,0,0,0,0,0,0,0,1,Overheating,,,0,,,0,0
1019,2020,1,max-verstappen,red-bull,honda,,DNF,0,2,3,11,,0,0,0,0,0,0,0,0,1,Electronics,,,0,,,0,0
1020,2020,2,lewis-hamilton,mercedes,mercedes,1,1,25.0,1,1,71,0,1,1,1,1,1,0,0,0,0,,4970683.0,,1,21729.0,21729.0,1,1
1020,2020,2,valtteri-bottas,mercedes,mercedes,2,2,18.0,4,4,71,2,0,1,1,1,0,0,0,0,0,,4984402.0,13719.0,1,21376.0,21376.0,0,0
1020,2020,2,max-verstappen,red-bull,honda,3,3,15.0,2,2,71,-1,0,1,1,1,0,0,0,0,0,,5004381.0,33698.0,2,20937.0,42028.0,0,0
1020,2020,2,alexander-albon,red-bull,honda,4,4,12.0,6,7,71,2,0,0,1,1,0,0,0,0,0,,5015083.0,44400.0,1,21505.0,21505.0,0,0
1020,2020,2,lando-norris,mclaren,renault,5,5,10.0,9,6,71,4,0,0,1,1,0,0,0,0,0,,5032153.0,61470.0,1,22406.0,22406.0,0,0
1020,2020,2,sergio-perez,racing-point,bwt-mercedes,6,6,8.0,17,17,71,11,0,0,1,1,0,0,0,1,0,,5033070.0,62387.0,1,22761.0,22761.0,0,0
1020,2020,2,lance-stroll,racing-point,bwt-mercedes,7,7,6.0,13,13,71,6,0,0,1,1,0,0,0,0,0,,5033136.0,62453.0,1,22118.0,22118.0,0,0
1020,2020,2,daniel-ricciardo,renault,renault,8,8,4.0,8,9,71,0,0,0,1,1,0,0,0,0,0,,5033274.0,62591.0,1,21603.0,21603.0,0,0
1020,2020,2,carlos-sainz-jr,mclaren,renault,9,9,3.0,3,3,70,-6,0,0,1,1,0,1,0,0,0,,,,2,21873.0,47856.0,0,0
1020,2020,2,daniil-kvyat,alphatauri,honda,10,10,1.0,14,14,70,4,0,0,1,1,0,0,0,0,0,,,,1,22197.0,22197.0,0,0
1020,2020,2,kimi-raikkonen,alfa-romeo,ferrari,11,11,0,16,16,70,5,0,0,0,1,0,0,0,0,0,,,,1,21459.0,21459.0,0,0
1020,2020,2,kevin-magnussen,haas,ferrari,12,12,0,15,15,70,3,0,0,0,1,0,0,0,0,0,,,,1,21977.0,21977.0,0,0
1020,2020,2,romain-grosjean,haas,ferrari,13,13,0,,20,70,7,0,0,0,1,0,0,0,0,0,,,,1,22444.0,22444.0,0,0
1020,2020,2,antonio-giovinazzi,alfa-romeo,ferrari,14,14,0,19,19,70,5,0,0,0,1,0,0,0,0,0,,,,1,21667.0,21667.0,0,0
1020,2020,2,pierre-gasly,alphatauri,honda,15,15,0,7,8,70,-8,0,0,0,1,0,0,0,0,0,,,,2,21950.0,44230.0,0,0
1020,2020,2,george-russell,williams,mercedes,16,16,0,12,12,69,-4,0,0,0,1,0,0,0,0,0,,,,1,21697.0,21697.0,0,0
1020,2020,2,nicholas-latifi,williams,mercedes,17,17,0,18,18,69,1,0,0,0,1,0,0,0,0,0,,,,1,22745.0,22745.0,0,0
1020,2020,2,esteban-ocon,renault,renault,,DNF,0,5,5,25,,0,0,0,0,0,0,0,0,1,Overheating,,,0,,,0,0
1020,2020,2,charles-leclerc,ferrari,ferrari,,DNF,0,11,11,4,,0,0,0,0,0,0,0,0,1,Collision damage,,,1,39715.0,39715.0,0,0
1020,2020,2,sebastian-vettel,ferrari,ferrari,,DNF,0,10,10,1,,0,0,0,0,0,0,0,0,1,Collision damage,,,0,,,0,0
1021,2020,3,lewis-hamilton,mercedes,mercedes,1,1,26.0,1,1,70,0,1,1,1,1,1,1,0,0,0,,5772473.0,,3,22264.0,67010.0,1,1
1021,2020,3,max-verstappen,red-bull,honda,2,2,18.0,7,7,70,5,0,1,1,1,0,0,0,1,0,,5781175.0,8702.0,2,21268.0,42797.0,0,0
1021,2020,3,valtteri-bottas,mercedes,mercedes,3,3,15.0,2,2,70,-1,0,1,1,1,0,0,0,0,0,,5781925.0,9452.0,3,21572.0,65122.0,0,0
1021,2020,3,lance-stroll,racing-point,bwt-mercedes,4,4,12.0,3,3,70,-1,0,0,1,1,0,0,0,0,0,,5830052.0,57579.0,3,22057.0,67672.0,0,0
1021,2020,3,alexander-albon,red-bull,honda,5,5,10.0,13,13,70,8,0,0,1,1,0,0,0,0,0,,5850789.0,78316.0,2,22174.0,45220.0,0,0
1021,2020,3,sebastian-vettel,ferrari,ferrari,6,6,8.0,5,5,69,-1,0,0,1,1,0,0,0,0,0,,,,2,21880.0,50166.0,0,0
1021,2020,3,sergio-perez,racing-point,bwt-mercedes,7,7,6.0,4,4,69,-3,0,0,1,1,0,0,0,0,0,,,,2,22051.0,45314.0,0,0
1021,2020,3,daniel-ricciardo,renault,renault,8,8,4.0,11,11,69,3,0,0,1,1,0,0,0,0,0,,,,2,21920.0,43993.0,0,0
1021,2020,3,carlos-sainz-jr,mclaren,renault,9,9,2.0,9,9,69,0,0,0,1,1,0,0,0,0,0,,,,2,22438.0,49569.0,0,0
1021,2020,3,kevin-magnussen,haas,ferrari,10,10,1.0,,16,69,6,0,0,1,1,0,0,0,0,0,,,,1,23621.0,23621.0,0,0
1021,2020,3,charles-leclerc,ferrari,ferrari,11,11,0,6,6,69,-5,0,0,0,1,0,0,0,0,0,,,,2,22266.0,44830.0,0,0
1021,2020,3,daniil-kvyat,alphatauri,honda,12,12,0,17,17,69,5,0,0,0,1,0,0,0,0,0,,,,2,22685.0,46253.0,0,0
1021,2020,3,lando-norris,mclaren,renault,13,13,0,8,8,69,-5,0,0,0,1,0,0,0,0,0,,,,2,22742.0,45754.0,0,0
1021,2020,3,esteban-ocon,renault,renault,14,14,0,14,14,69,0,0,0,0,1,0,0,0,0,0,,,,2,21860.0,46141.0,0,0
1021,2020,3,kimi-raikkonen,alfa-romeo,ferrari,15,15,0,20,20,69,5,0,0,0,1,0,0,0,0,0,,,,2,22299.0,49427.0,0,0
1021,2020,3,romain-grosjean,haas,ferrari,16,16,0,,18,69,2,0,0,0,1,0,0,0,0,0,,,,1,22591.0,22591.0,0,0
1021,2020,3,antonio-giovinazzi,alfa-romeo,ferrari,17,17,0,19,19,69,2,0,0,0,1,0,0,0,0,0,,,,3,21831.0,67196.0,0,0
1021,2020,3,george-russell,williams,mercedes,18,18,0,12,12,69,-6,0,0,0,1,0,0,0,0,0,,,,3,21184.0,64599.0,0,0
1021,2020,3,nicholas-latifi,williams,mercedes,19,19,0,15,15,65,-4,0,0,0,1,0,0,0,0,0,,,,5,21596.0,133867.0,0,0
1021,2020,3,pierre-gasly,alphatauri,honda,,DNF,0,10,10,15,,0,0,0,0,0,0,0,0,1,Gearbox,,,1,22740.0,22740.0,0,0
1022,2020,4,lewis-hamilton,mercedes,mercedes,1,1,25.0,1,1,52,0,1,1,1,1,1,0,0,0,0,,5281283.0,,1,28805.0,28805.0,1,1
1022,2020,4,max-verstappen,red-bull,honda,2,2,19.0,3,3,52,1,0,1,1,1,0,1,0,0,0,,5287139.0,5856.0,2,28208.0,56481.0,0,0
1022,2020,4,charles-leclerc,ferrari,ferrari,3,3,15.0,4,4,52,1,0,1,1,1,0,0,0,0,0,,5299757.0,18474.0,1,29520.0,29520.0,0,0
1022,2020,4,daniel-ricciardo,renault,renault,4,4,12.0,8,8,52,4,0,0,1,1,0,0,0,0,0,,5300933.0,19650.0,1,29559.0,29559.0,0,0
1022,2020,4,lando-norris,mclaren,renault,5,5,10.0,5,5,52,0,0,0,1,1,0,0,0,0,0,,5303560.0,22277.0,1,30289.0,30289.0,0,0
1022,2020,4,esteban-ocon,renault,renault,6,6,8.0,9,9,52,3,0,0,1,1,0,0,0,0,0,,5308220.0,26937.0,1,30768.0,30768.0,0,0
1022,2020,4,pierre-gasly,alphatauri,honda,7,7,6.0,11,11,52,4,0,0,1,1,0,0,0,0,0,,5312471.0,31188.0,1,29414.0,29414.0,0,0
1022,2020,4,alexander-albon,red-bull,honda,8,8,4.0,12,12,52,4,0,0,1,1,0,0,0,0,0,,5313953.0,32670.0,2,28834.0,62142.0,0,0
1022,2020,4,lance-stroll,racing-point,bwt-mercedes,9,9,2.0,6,6,52,-3,0,0,1,1,0,0,0,0,0,,5318594.0,37311.0,1,28716.0,28716.0,0,0
1022,2020,4,sebastian-vettel,ferrari,ferrari,10,10,1.0,10,10,52,0,0,0,1,1,0,0,0,0,0,,5323140.0,41857.0,1,29439.0,29439.0,0,0
1022,2020,4,valtteri-bottas,mercedes,mercedes,11,11,0,2,2,52,-9,0,0,0,1,0,0,0,0,0,,5323450.0,42167.0,2,30571.0,64173.0,0,0
1022,2020,4,george-russell,williams,mercedes,12,12,0,20,15,52,8,0,0,0,1,0,0,0,0,0,,5333287.0,52004.0,1,29302.0,29302.0,0,0
1022,2020,4,carlos-sainz-jr,mclaren,renault,13,13,0,7,7,52,-6,0,0,0,1,0,0,0,0,0,,5334653.0,53370.0,2,28487.0,64765.0,0,0
1022,2020,4,antonio-giovinazzi,alfa-romeo,ferrari,14,14,0,15,17,52,1,0,0,0,1,0,0,0,0,0,,5335488.0,54205.0,1,28355.0,28355.0,0,0
1022,2020,4,nicholas-latifi,williams,mercedes,15,15,0,18,20,52,3,0,0,0,1,0,0,0,0,0,,5335832.0,54549.0,1,31371.0,31371.0,0,0
1022,2020,4,romain-grosjean,haas,ferrari,16,16,0,17,19,52,1,0,0,0,1,0,0,0,0,0,,5336333.0,55050.0,1,33816.0,33816.0,0,0
1022,2020,4,kimi-raikkonen,alfa-romeo,ferrari,17,17,0,16,18,51,-1,0,0,0,1,0,0,0,0,0,,,,2,36590.0,80675.0,0,0
1022,2020,4,daniil-kvyat,alphatauri,honda,,DNF,0,19,14,11,,0,0,0,0,0,0,0,0,1,Puncture,,,0,,,0,0
1022,2020,4,kevin-magnussen,haas,ferrari,,DNF,0,14,16,1,,0,0,0,0,0,0,0,0,1,Collision,,,0,,,0,0
1022,2020,4,nico-hulkenberg,racing-point,bwt-mercedes,,DNS,0,13,13,0,,0,0,0,0,0,0,0,1,1,Clutch,,,0,,,0,0
1023,2020,5,max-verstappen,red-bull,honda,1,1,25.0,4,4,52,3,1,1,1,1,0,0,0,1,0,,4781993.0,,2,28986.0,58101.0,0,0
1023,2020,5,lewis-hamilton,mercedes,mercedes,2,2,19.0,2,2,52,0,0,1,1,1,0,1,0,0,0,,4793319.0,11326.0,2,28406.0,57808.0,0,0
1023,2020,5,valtteri-bottas,mercedes,mercedes,3,3,15.0,1,1,52,-2,0,1,1,1,1,0,0,0,0,,4801224.0,19231.0,2,28188.0,56596.0,1,0
1023,2020,5,charles-leclerc,ferrari,ferrari,4,4,12.0,8,8,52,4,0,0,1,1,0,0,0,0,0,,4811282.0,29289.0,1,29419.0,29419.0,0,0
1023,2020,5,alexander-albon,red-bull,honda,5,5,10.0,9,9,52,4,0,0,1,1,0,0,0,0,0,,4821139.0,39146.0,2,27858.0,56275.0,0,0
1023,2020,5,lance-stroll,racing-point,bwt-mercedes,6,6,8.0,6,6,52,0,0,0,1,1,0,0,0,0,0,,4824531.0,42538.0,2,27974.0,56209.0,0,0
1023,2020,5,nico-hulkenberg,racing-point,bwt-mercedes,7,7,6.0,3,3,52,-4,0,0,1,1,0,0,0,0,0,,4837944.0,55951.0,3,28386.0,86103.0,0,0
1023,2020,5,esteban-ocon,renault,renault,8,8,4.0,14,11,52,6,0,0,1,1,0,0,0,0,0,,4846766.0,64773.0,1,28093.0,28093.0,0,0
1023,2020,5,lando-norris,mclaren,renault,9,9,2.0,10,10,52,1,0,0,1,1,0,0,0,0,0,,4847537.0,65544.0,2,27949.0,56823.0,0,0
1023,2020,5,daniil-kvyat,alphatauri,honda,10,10,1.0,16,16,52,6,0,0,1,1,0,0,0,0,0,,4851662.0,69669.0,2,28036.0,56401.0,0,0
1023,2020,5,pierre-gasly,alphatauri,honda,11,11,0,7,7,52,-4,0,0,0,1,0,0,0,0,0,,4852635.0,70642.0,2,28306.0,56662.0,0,0
1023,2020,5,sebastian-vettel,ferrari,ferrari,12,12,0,11,12,52,-1,0,0,0,1,0,0,0,0,0,,4855363.0,73370.0,2,28167.0,56519.0,0,0
1023,2020,5,carlos-sainz-jr,mclaren,renault,13,13,0,12,13,52,-1,0,0,0,1,0,0,0,0,0,,4856063.0,74070.0,2,28772.0,64636.0,0,0
1023,2020,5,daniel-ricciardo,renault,renault,14,14,0,5,5,51,-9,0,0,0,1,0,0,0,0,0,,,,3,28057.0,84811.0,0,0
1023,2020,5,kimi-raikkonen,alfa-romeo,ferrari,15,15,0,20,20,51,5,0,0,0,1,0,0,0,0,0,,,,1,29296.0,29296.0,0,0
1023,2020,5,romain-grosjean,haas,ferrari,16,16,0,13,14,51,-3,0,0,0,1,0,0,0,0,0,,,,2,29377.0,59180.0,0,0
1023,2020,5,antonio-giovinazzi,alfa-romeo,ferrari,17,17,0,19,19,51,2,0,0,0,1,0,0,0,0,0,,,,2,27693.0,55585.0,0,0
1023,2020,5,george-russell,williams,mercedes,18,18,0,15,15,51,-3,0,0,0,1,0,0,0,0,0,,,,3,28331.0,85414.0,0,0
1023,2020,5,nicholas-latifi,williams,mercedes,19,19,0,18,18,51,-1,0,0,0,1,0,0,0,0,0,,,,3,28086.0,85831.0,0,0
1023,2020,5,kevin-magnussen,haas,ferrari,,DNF,0,17,17,43,,0,0,0,0,0,0,0,0,1,Tyre shortage,,,2,28934.0,58323.0,0,0
1024,2020,6,lewis-hamilton,mercedes,mercedes,1,1,25.0,1,1,66,0,1,1,1,1,1,0,0,0,0,,5505279.0,,2,21853.0,45230.0,1,1
1024,2020,6,max-verstappen,red-bull,honda,2,2,18.0,3,3,66,1,0,1,1,1,0,0,0,0,0,,5529456.0,24177.0,2,21532.0,43133.0,0,0
1024,2020,6,valtteri-bottas,mercedes,mercedes,3,3,16.0,2,2,66,-1,0,1,1,1,0,1,0,0,0,,5550031.0,44752.0,3,22143.0,67060.0,0,0
1024,2020,6,lance-stroll,racing-point,bwt-mercedes,4,4,12.0,5,5,65,1,0,0,1,1,0,0,0,0,0,,,,2,22351.0,44739.0,0,0
1024,2020,6,sergio-perez,racing-point,bwt-mercedes,5,5,10.0,4,4,65,-1,0,0,1,1,0,0,0,0,0,,,,1,22641.0,22641.0,0,0
1024,2020,6,carlos-sainz-jr,mclaren,renault,6,6,8.0,7,7,65,1,0,0,1,1,0,0,0,0,0,,,,2,22078.0,44244.0,0,0
1024,2020,6,sebastian-vettel,ferrari,ferrari,7,7,6.0,11,11,65,4,0,0,1,1,0,0,0,1,0,,,,1,21820.0,21820.0,0,0
1024,2020,6,alexander-albon,red-bull,honda,8,8,4.0,6,6,65,-2,0,0,1,1,0,0,0,0,0,,,,2,21663.0,43467.0,0,0
1024,2020,6,pierre-gasly,alphatauri,honda,9,9,2.0,10,10,65,1,0,0,1,1,0,0,0,0,0,,,,2,22241.0,44635.0,0,0
1024,2020,6,lando-norris,mclaren,renault,10,10,1.0,8,8,65,-2,0,0,1,1,0,0,0,0,0,,,,2,21761.0,43860.0,0,0
1024,2020,6,daniel-ricciardo,renault,renault,11,11,0,13,13,65,2,0,0,0,1,0,0,0,0,0,,,,1,21837.0,21837.0,0,0
1024,2020,6,daniil-kvyat,alphatauri,honda,12,12,0,12,12,65,0,0,0,0,1,0,0,0,0,0,,,,2,22079.0,45115.0,0,0
1024,2020,6,esteban-ocon,renault,renault,13,13,0,15,15,65,2,0,0,0,1,0,0,0,0,0,,,,1,22366.0,22366.0,0,0
1024,2020,6,kimi-raikkonen,alfa-romeo,ferrari,14,14,0,14,14,65,0,0,0,0,1,0,0,0,0,0,,,,2,22197.0,44511.0,0,0
1024,2020,6,kevin-magnussen,haas,ferrari,15,15,0,16,16,65,1,0,0,0,1,0,0,0,0,0,,,,1,24148.0,24148.0,0,0
1024,2020,6,antonio-giovinazzi,alfa-romeo,ferrari,16,16,0,20,20,65,4,0,0,0,1,0,0,0,0,0,,,,2,21794.0,44037.0,0,0
1024,2020,6,george-russell,williams,mercedes,17,17,0,18,18,65,1,0,0,0,1,0,0,0,0,0,,,,2,21889.0,44597.0,0,0
1024,2020,6,nicholas-latifi,williams,mercedes,18,18,0,19,19,64,1,0,0,0,1,0,0,0,0,0,,,,2,22322.0,44797.0,0,0
1024,2020,6,romain-grosjean,haas,ferrari,19,19,0,17,17,64,-2,0,0,0,1,0,0,0,0,0,,,,2,23212.0,47222.0,0,0
1024,2020,6,charles-leclerc,ferrari,ferrari,,DNF,0,9,9,38,,0,0,0,0,0,0,0,0,1,Electrical,,,1,22274.0,22274.0,0,0
1025,2020,7,lewis-hamilton,mercedes,mercedes,1,1,25.0,1,1,44,0,1,1,1,1,1,0,0,0,0,,5048761.0,,1,23298.0,23298.0,1,1
1025,2020,7,valtteri-bottas,mercedes,mercedes,2,2,18.0,2,2,44,0,0,1,1,1,0,0,0,0,0,,5057209.0,8448.0,1,25548.0,25548.0,0,0
1025,2020,7,max-verstappen,red-bull,honda,3,3,15.0,3,3,44,0,0,1,1,1,0,0,0,0,0,,5064216.0,15455.0,1,23314.0,23314.0,0,0
1025,2020,7,daniel-ricciardo,renault,renault,4,4,13.0,4,4,44,0,0,0,1,1,0,1,0,0,0,,5067638.0,18877.0,1,23586.0,23586.0,0,0
1025,2020,7,esteban-ocon,renault,renault,5,5,10.0,6,6,44,1,0,0,1,1,0,0,0,0,0,,5089411.0,40650.0,1,24305.0,24305.0,0,0
1025,2020,7,alexander-albon,red-bull,honda,6,6,8.0,5,5,44,-1,0,0,1,1,0,0,0,0,0,,5091473.0,42712.0,1,22738.0,22738.0,0,0
1025,2020,7,lando-norris,mclaren,renault,7,7,6.0,10,10,44,3,0,0,1,1,0,0,0,0,0,,5092535.0,43774.0,1,23046.0,23046.0,0,0
1025,2020,7,pierre-gasly,alphatauri,honda,8,8,4.0,12,12,44,4,0,0,1,1,0,0,0,1,0,,5096132.0,47371.0,1,22681.0,22681.0,0,0
1025,2020,7,lance-stroll,racing-point,bwt-mercedes,9,9,2.0,9,9,44,0,0,0,1,1,0,0,0,0,0,,5101364.0,52603.0,1,23689.0,23689.0,0,0
1025,2020,7,sergio-perez,racing-point,bwt-mercedes,10,10,1.0,8,8,44,-2,0,0,1,1,0,0,0,0,0,,5101940.0,53179.0,1,23175.0,23175.0,0,0
1025,2020,7,daniil-kvyat,alphatauri,honda,11,11,0,11,11,44,0,0,0,0,1,0,0,0,0,0,,5118961.0,70200.0,1,23769.0,23769.0,0,0
1025,2020,7,kimi-raikkonen,alfa-romeo,ferrari,12,12,0,16,16,44,4,0,0,0,1,0,0,0,0,0,,5120265.0,71504.0,1,22960.0,22960.0,0,0
1025,2020,7,sebastian-vettel,ferrari,ferrari,13,13,0,14,14,44,1,0,0,0,1,0,0,0,0,0,,5121655.0,72894.0,1,22982.0,22982.0,0,0
1025,2020,7,charles-leclerc,ferrari,ferrari,14,14,0,13,13,44,-1,0,0,0,1,0,0,0,0,0,,5123681.0,74920.0,2,25100.0,55778.0,0,0
1025,2020,7,romain-grosjean,haas,ferrari,15,15,0,17,17,44,2,0,0,0,1,0,0,0,0,0,,5125554.0,76793.0,1,23636.0,23636.0,0,0
1025,2020,7,nicholas-latifi,williams,mercedes,16,16,0,19,19,44,3,0,0,0,1,0,0,0,0,0,,5126556.0,77795.0,2,23477.0,47009.0,0,0
1025,2020,7,kevin-magnussen,haas,ferrari,17,17,0,20,20,44,3,0,0,0,1,0,0,0,0,0,,5134301.0,85540.0,2,24339.0,50495.0,0,0
1025,2020,7,antonio-giovinazzi,alfa-romeo,ferrari,,DNF,0,18,18,9,,0,0,0,0,0,0,0,0,1,Accident,,,0,,,0,0
1025,2020,7,george-russell,williams,mercedes,,DNF,0,15,15,9,,0,0,0,0,0,0,0,0,1,Collision,,,0,,,0,0
1025,2020,7,carlos-sainz-jr,mclaren,renault,,DNS,0,,7,0,,0,0,0,0,0,0,0,0,1,Power unit,,,0,,,0,0
1026,2020,8,pierre-gasly,alphatauri,honda,1,1,25.0,10,10,53,9,1,1,1,1,0,0,0,1,0,,6426056.0,,2,24096.0,1543975.0,0,0
1026,2020,8,carlos-sainz-jr,mclaren,renault,2,2,18.0,3,3,53,1,0,1,1,1,0,0,0,0,0,,6426471.0,415.0,2,24398.0,1546767.0,0,0
1026,2020,8,lance-stroll,racing-point,bwt-mercedes,3,3,15.0,8,8,53,5,0,1,1,1,0,0,0,0,0,,6429414.0,3358.0,1,1517308.0,1517308.0,0,0
1026,2020,8,lando-norris,mclaren,renault,4,4,12.0,6,6,53,2,0,0,1,1,0,0,0,0,0,,6432056.0,6000.0,2,24612.0,1546621.0,0,0
1026,2020,8,valtteri-bottas,mercedes,mercedes,5,5,10.0,2,2,53,-3,0,0,1,1,0,0,0,0,0,,6433164.0,7108.0,2,24410.0,1546674.0,0,0
1026,2020,8,daniel-ricciardo,renault,renault,6,6,8.0,7,7,53,1,0,0,1,1,0,0,0,0,0,,6434447.0,8391.0,2,25498.0,1549135.0,0,0
1026,2020,8,lewis-hamilton,mercedes,mercedes,7,7,7.0,1,1,53,-6,0,0,1,1,1,1,0,0,0,,6443301.0,17245.0,3,24671.0,1573178.0,1,0
1026,2020,8,esteban-ocon,renault,renault,8,8,4.0,12,12,53,4,0,0,1,1,0,0,0,0,0,,6444747.0,18691.0,2,25290.0,1548513.0,0,0
1026,2020,8,daniil-kvyat,alphatauri,honda,9,9,2.0,11,11,53,2,0,0,1,1,0,0,0,0,0,,6448264.0,22208.0,2,25920.0,1550059.0,0,0
1026,2020,8,sergio-perez,racing-point,bwt-mercedes,10,10,1.0,4,4,53,-6,0,0,1,1,0,0,0,0,0,,6449280.0,23224.0,2,26693.0,1551682.0,0,0
1026,2020,8,nicholas-latifi,williams,mercedes,11,11,0,20,20,53,9,0,0,0,1,0,0,0,0,0,,6458932.0,32876.0,2,26335.0,1549465.0,0,0
1026,2020,8,romain-grosjean,haas,ferrari,12,12,0,16,16,53,4,0,0,0,1,0,0,0,0,0,,6461220.0,35164.0,2,25936.0,1556124.0,0,0
1026,2020,8,kimi-raikkonen,alfa-romeo,ferrari,13,13,0,14,14,53,1,0,0,0,1,0,0,0,0,0,,6462368.0,36312.0,2,24454.0,1545439.0,0,0
1026,2020,8,george-russell,williams,mercedes,14,14,0,19,19,53,5,0,0,0,1,0,0,0,0,0,,6462649.0,36593.0,2,25249.0,1553187.0,0,0
1026,2020,8,alexander-albon,red-bull,honda,15,15,0,9,9,53,-6,0,0,0,1,0,0,0,0,0,,6463589.0,37533.0,2,29661.0,1557908.0,0,0
1026,2020,8,antonio-giovinazzi,alfa-romeo,ferrari,16,16,0,18,18,53,2,0,0,0,1,0,0,0,0,0,,6481255.0,55199.0,3,23998.0,1577303.0,0,0
1026,2020,8,max-verstappen,red-bull,honda,,DNF,0,5,5,30,,0,0,0,0,0,0,0,0,1,Power unit,,,2,26149.0,1548945.0,0,0
1026,2020,8,charles-leclerc,ferrari,ferrari,,DNF,0,13,13,23,,0,0,0,0,0,0,0,0,1,Accident,,,1,24344.0,24344.0,0,0
1026,2020,8,kevin-magnussen,haas,ferrari,,DNF,0,15,15,17,,0,0,0,0,0,0,0,0,1,Power unit,,,1,40078.0,40078.0,0,0
1026,2020,8,sebastian-vettel,ferrari,ferrari,,DNF,0,17,17,6,,0,0,0,0,0,0,0,0,1,Brakes,,,0,,,0,0
1027,2020,9,lewis-hamilton,mercedes,mercedes,1,1,26.0,1,1,59,0,1,1,1,1,1,1,0,0,0,,8375060.0,,5,17536.0,2800388.0,1,1
1027,2020,9,valtteri-bottas,mercedes,mercedes,2,2,18.0,2,2,59,0,0,1,1,1,0,0,0,0,0,,8379940.0,4880.0,5,17560.0,2802282.0,0,0
1027,2020,9,alexander-albon,red-bull,honda,3,3,15.0,4,4,59,1,0,1,1,1,0,0,0,0,0,,8383124.0,8064.0,5,17591.0,2803954.0,0,0
1027,2020,9,daniel-ricciardo,renault,renault,4,4,12.0,8,8,59,4,0,0,1,1,0,0,0,1,0,,8385477.0,10417.0,5,17464.0,2804005.0,0,0
1027,2020,9,sergio-perez,racing-point,bwt-mercedes,5,5,10.0,7,6,59,2,0,0,1,1,0,0,0,0,0,,8390710.0,15650.0,5,17531.0,2804880.0,0,0
1027,2020,9,lando-norris,mclaren,renault,6,6,8.0,11,11,59,5,0,0,1,1,0,0,0,0,0,,8393943.0,18883.0,5,17845.0,2805287.0,0,0
1027,2020,9,daniil-kvyat,alphatauri,honda,7,7,6.0,12,12,59,5,0,0,1,1,0,0,0,0,0,,8396816.0,21756.0,5,17522.0,2799562.0,0,0
1027,2020,9,charles-leclerc,ferrari,ferrari,8,8,4.0,5,5,59,-3,0,0,1,1,0,0,0,0,0,,8403405.0,28345.0,5,17516.0,2786368.0,0,0
1027,2020,9,kimi-raikkonen,alfa-romeo,ferrari,9,9,2.0,13,13,59,4,0,0,1,1,0,0,0,0,0,,8404830.0,29770.0,6,17594.0,2741369.0,0,0
1027,2020,9,sebastian-vettel,ferrari,ferrari,10,10,1.0,14,14,59,4,0,0,1,1,0,0,0,0,0,,8405043.0,29983.0,6,17516.0,2812686.0,0,0
1027,2020,9,george-russell,williams,mercedes,11,11,0,18,18,59,7,0,0,0,1,0,0,0,0,0,,8407464.0,32404.0,5,18399.0,2781685.0,0,0
1027,2020,9,romain-grosjean,haas,ferrari,12,12,0,15,15,59,3,0,0,0,1,0,0,0,0,0,,8417096.0,42036.0,5,23720.0,2705017.0,0,0
1027,2020,9,lance-stroll,racing-point,bwt-mercedes,,DNF,0,6,7,42,,0,0,0,0,0,0,0,0,1,Accident,,,3,17625.0,1480049.0,0,0
1027,2020,9,esteban-ocon,renault,renault,,DNF,0,10,10,7,,0,0,0,0,0,0,0,0,1,Brakes,,,1,17455.0,17455.0,0,0
1027,2020,9,nicholas-latifi,williams,mercedes,,DNF,0,19,19,6,,0,0,0,0,0,0,0,0,1,Collision damage,,,0,,,0,0
1027,2020,9,kevin-magnussen,haas,ferrari,,DNF,0,20,20,5,,0,0,0,0,0,0,0,0,1,Collision,,,0,,,0,0
1027,2020,9,antonio-giovinazzi,alfa-romeo,ferrari,,DNF,0,17,17,5,,0,0,0,0,0,0,0,0,1,Collision,,,0,,,0,0
1027,2020,9,carlos-sainz-jr,mclaren,renault,,DNF,0,9,9,5,,0,0,0,0,0,0,0,0,1,Collision,,,0,,,0,0
1027,2020,9,max-verstappen,red-bull,honda,,DNF,0,3,3,0,,0,0,0,0,0,0,0,0,1,Collision,,,0,,,0,0
1027,2020,9,pierre-gasly,alphatauri,honda,,DNF,0,16,16,0,,0,0,0,0,0,0,0,0,1,Collision,,,0,,,0,0
1028,2020,10,valtteri-bottas,mercedes,mercedes,1,1,26.0,3,3,53,2,1,1,1,1,0,1,0,0,0,,5640364.0,,1,29750.0,29750.0,0,0
1028,2020,10,max-verstappen,red-bull,honda,2,2,18.0,2,2,53,0,0,1,1,1,0,0,0,1,0,,5648093.0,7729.0,1,28748.0,28748.0,0,0
1028,2020,10,lewis-hamilton,mercedes,mercedes,3,3,15.0,1,1,53,-2,0,1,1,1,1,0,0,0,0,,5663093.0,22729.0,1,41352.0,41352.0,1,0
1028,2020,10,sergio-perez,racing-point,bwt-mercedes,4,4,12.0,4,4,53,0,0,0,1,1,0,0,0,0,0,,5670922.0,30558.0,1,29602.0,29602.0,0,0
1028,2020,10,daniel-ricciardo,renault,renault,5,5,10.0,5,5,53,0,0,0,1,1,0,0,0,0,0,,5692429.0,52065.0,1,30112.0,30112.0,0,0
1028,2020,10,charles-leclerc,ferrari,ferrari,6,6,8.0,10,11,53,4,0,0,1,1,0,0,0,0,0,,5702550.0,62186.0,1,30261.0,30261.0,0,0
1028,2020,10,esteban-ocon,renault,renault,7,7,6.0,7,7,53,0,0,0,1,1,0,0,0,0,0,,5708370.0,68006.0,1,30068.0,30068.0,0,0
1028,2020,10,daniil-kvyat,alphatauri,honda,8,8,4.0,11,12,53,3,0,0,1,1,0,0,0,0,0,,5709104.0,68740.0,1,29662.0,29662.0,0,0
1028,2020,10,pierre-gasly,alphatauri,honda,9,9,2.0,9,9,53,0,0,0,1,1,0,0,0,0,0,,5730130.0,89766.0,2,29409.0,59179.0,0,0
1028,2020,10,alexander-albon,red-bull,honda,10,10,1.0,15,10,53,5,0,0,1,1,0,0,0,0,0,,5738224.0,97860.0,2,30111.0,60322.0,0,0
1028,2020,10,antonio-giovinazzi,alfa-romeo,ferrari,11,11,0,17,17,52,6,0,0,0,1,0,0,0,0,0,,,,1,29767.0,29767.0,0,0
1028,2020,10,kevin-magnussen,haas,ferrari,12,12,0,18,18,52,6,0,0,0,1,0,0,0,0,0,,,,1,30188.0,30188.0,0,0
1028,2020,10,sebastian-vettel,ferrari,ferrari,13,13,0,14,15,52,1,0,0,0,1,0,0,0,0,0,,,,1,29395.0,29395.0,0,0
1028,2020,10,kimi-raikkonen,alfa-romeo,ferrari,14,14,0,19,20,52,5,0,0,0,1,0,0,0,0,0,,,,1,33317.0,33317.0,0,0
1028,2020,10,lando-norris,mclaren,renault,15,15,0,8,8,52,-7,0,0,0,1,0,0,0,0,0,,,,2,31368.0,68476.0,0,0
1028,2020,10,nicholas-latifi,williams,mercedes,16,16,0,20,19,52,4,0,0,0,1,0,0,0,0,0,,,,1,29862.0,29862.0,0,0
1028,2020,10,romain-grosjean,haas,ferrari,17,17,0,16,16,52,-1,0,0,0,1,0,0,0,0,0,,,,2,29988.0,60042.0,0,0
1028,2020,10,george-russell,williams,mercedes,18,18,0,13,14,52,-5,0,0,0,1,0,0,0,0,0,,,,3,29433.0,89273.0,0,0
1028,2020,10,carlos-sainz-jr,mclaren,renault,,DNF,0,6,6,0,,0,0,0,0,0,0,0,0,1,Accident,,,0,,,0,0
1028,2020,10,lance-stroll,racing-point,bwt-mercedes,,DNF,0,12,13,0,,0,0,0,0,0,0,0,0,1,Collision,,,0,,,0,0
1029,2020,11,lewis-hamilton,mercedes,mercedes,1,1,25.0,2,2,60,1,1,1,1,1,0,0,0,0,0,,5749641.0,,2,23180.0,47163.0,0,0
1029,2020,11,max-verstappen,red-bull,honda,2,2,19.0,3,3,60,1,0,1,1,1,0,1,0,0,0,,5754111.0,4470.0,2,22106.0,44674.0,0,0
1029,2020,11,daniel-ricciardo,renault,renault,3,3,15.0,6,6,60,3,0,1,1,1,0,0,0,0,0,,5764254.0,14613.0,2,22159.0,44689.0,0,0
1029,2020,11,sergio-perez,racing-point,bwt-mercedes,4,4,12.0,9,9,60,5,0,0,1,1,0,0,0,0,0,,5765711.0,16070.0,2,22612.0,45492.0,0,0
1029,2020,11,carlos-sainz-jr,mclaren,renault,5,5,10.0,10,10,60,5,0,0,1,1,0,0,0,0,0,,5771546.0,21905.0,2,22503.0,45144.0,0,0
1029,2020,11,pierre-gasly,alphatauri,honda,6,6,8.0,12,12,60,6,0,0,1,1,0,0,0,0,0,,5772407.0,22766.0,2,22625.0,45542.0,0,0
1029,2020,11,charles-leclerc,ferrari,ferrari,7,7,6.0,4,4,60,-3,0,0,1,1,0,0,0,0,0,,5780455.0,30814.0,2,22560.0,45671.0,0,0
1029,2020,11,nico-hulkenberg,racing-point,bwt-mercedes,8,8,4.0,20,20,60,12,0,0,1,1,0,0,0,1,0,,5782237.0,32596.0,2,22686.0,45386.0,0,0
1029,2020,11,romain-grosjean,haas,ferrari,9,9,2.0,16,16,60,7,0,0,1,1,0,0,0,0,0,,5788722.0,39081.0,1,23635.0,23635.0,0,0
1029,2020,11,antonio-giovinazzi,alfa-romeo,ferrari,10,10,1.0,14,14,60,4,0,0,1,1,0,0,0,0,0,,5789676.0,40035.0,2,22482.0,45254.0,0,0
1029,2020,11,sebastian-vettel,ferrari,ferrari,11,11,0,11,11,60,0,0,0,0,1,0,0,0,0,0,,5790451.0,40810.0,2,22616.0,46982.0,0,0
1029,2020,11,kimi-raikkonen,alfa-romeo,ferrari,12,12,0,19,19,60,7,0,0,0,1,0,0,0,0,0,,5791117.0,41476.0,2,22865.0,55881.0,0,0
1029,2020,11,kevin-magnussen,haas,ferrari,13,13,0,15,15,60,2,0,0,0,1,0,0,0,0,0,,5799226.0,49585.0,2,23016.0,46130.0,0,0
1029,2020,11,nicholas-latifi,williams,mercedes,14,14,0,18,18,60,4,0,0,0,1,0,0,0,0,0,,5804090.0,54449.0,2,24063.0,48800.0,0,0
1029,2020,11,daniil-kvyat,alphatauri,honda,15,15,0,13,13,60,-2,0,0,0,1,0,0,0,0,0,,5805229.0,55588.0,2,22527.0,53353.0,0,0
1029,2020,11,lando-norris,mclaren,renault,,DNF,0,8,8,42,,0,0,0,0,0,0,0,0,1,Power unit,,,1,21991.0,21991.0,0,0
1029,2020,11,alexander-albon,red-bull,honda,,DNF,0,5,5,23,,0,0,0,0,0,0,0,0,1,Radiator,,,1,23562.0,23562.0,0,0
1029,2020,11,esteban-ocon,renault,renault,,DNF,0,7,7,22,,0,0,0,0,0,0,0,0,1,Hydraulics,,,0,,,0,0
1029,2020,11,valtteri-bottas,mercedes,mercedes,,DNF,0,1,1,18,,0,0,0,0,1,0,0,0,1,Power unit,,,1,22625.0,22625.0,1,0
1029,2020,11,george-russell,williams,mercedes,,DNF,0,17,17,12,,0,0,0,0,0,0,0,0,1,Collision,,,1,22496.0,22496.0,0,0
1030,2020,12,lewis-hamilton,mercedes,mercedes,1,1,26.0,1,1,66,0,1,1,1,1,1,1,0,0,0,,5396828.0,,1,27162.0,27162.0,1,1
1030,2020,12,valtteri-bottas,mercedes,mercedes,2,2,18.0,2,2,66,0,0,1,1,1,0,0,0,0,0,,5422420.0,25592.0,1,26512.0,26512.0,0,0
1030,2020,12,max-verstappen,red-bull,honda,3,3,15.0,3,3,66,0,0,1,1,1,0,0,0,0,0,,5431336.0,34508.0,1,26394.0,26394.0,0,0
1030,2020,12,charles-leclerc,ferrari,ferrari,4,4,12.0,4,4,66,0,0,0,1,1,0,0,0,0,0,,5462140.0,65312.0,1,26940.0,26940.0,0,0
1030,2020,12,pierre-gasly,alphatauri,honda,5,5,10.0,9,9,65,4,0,0,1,1,0,0,0,0,0,,,,1,27204.0,27204.0,0,0
1030,2020,12,carlos-sainz-jr,mclaren,renault,6,6,8.0,7,7,65,1,0,0,1,1,0,0,0,0,0,,,,1,27299.0,27299.0,0,0
1030,2020,12,sergio-perez,racing-point,bwt-mercedes,7,7,6.0,5,5,65,-2,0,0,1,1,0,0,0,1,0,,,,2,26177.0,52812.0,0,0
1030,2020,12,esteban-ocon,renault,renault,8,8,4.0,11,11,65,3,0,0,1,1,0,0,0,0,0,,,,1,28535.0,28535.0,0,0
1030,2020,12,daniel-ricciardo,renault,renault,9,9,2.0,10,10,65,1,0,0,1,1,0,0,0,0,0,,,,1,26999.0,26999.0,0,0
1030,2020,12,sebastian-vettel,ferrari,ferrari,10,10,1.0,15,15,65,5,0,0,1,1,0,0,0,0,0,,,,1,26666.0,26666.0,0,0
1030,2020,12,kimi-raikkonen,alfa-romeo,ferrari,11,11,0,16,16,65,5,0,0,0,1,0,0,0,0,0,,,,1,29061.0,29061.0,0,0
1030,2020,12,alexander-albon,red-bull,honda,12,12,0,6,6,65,-6,0,0,0,1,0,0,0,0,0,,,,2,25882.0,52169.0,0,0
1030,2020,12,lando-norris,mclaren,renault,13,13,0,8,8,65,-5,0,0,0,1,0,0,0,0,0,,,,2,27750.0,62557.0,0,0
1030,2020,12,george-russell,williams,mercedes,14,14,0,14,14,65,0,0,0,0,1,0,0,0,0,0,,,,1,32991.0,32991.0,0,0
1030,2020,12,antonio-giovinazzi,alfa-romeo,ferrari,15,15,0,17,17,65,2,0,0,0,1,0,0,0,0,0,,,,1,26473.0,26473.0,0,0
1030,2020,12,kevin-magnussen,haas,ferrari,16,16,0,19,19,65,3,0,0,0,1,0,0,0,0,0,,,,1,27300.0,27300.0,0,0
1030,2020,12,romain-grosjean,haas,ferrari,17,17,0,18,18,65,1,0,0,0,1,0,0,0,0,0,,,,1,26985.0,26985.0,0,0
1030,2020,12,nicholas-latifi,williams,mercedes,18,18,0,20,20,64,2,0,0,0,1,0,0,0,0,0,,,,1,26739.0,26739.0,0,0
1030,2020,12,daniil-kvyat,alphatauri,honda,19,19,0,13,13,64,-6,0,0,0,1,0,0,0,0,0,,,,2,27211.0,60154.0,0,0
1030,2020,12,lance-stroll,racing-point,bwt-mercedes,,DNF,0,12,12,51,,0,0,0,0,0,0,0,0,1,Collision damage,,,2,36314.0,73797.0,0,0
1031,2020,13,lewis-hamilton,mercedes,mercedes,1,1,26.0,2,2,63,1,1,1,1,1,0,1,0,0,0,,5312430.0,,2,30382.0,61307.0,0,0
1031,2020,13,valtteri-bottas,mercedes,mercedes,2,2,18.0,1,1,63,-1,0,1,1,1,1,0,0,0,0,,5318213.0,5783.0,2,29600.0,59729.0,1,0
1031,2020,13,daniel-ricciardo,renault,renault,3,3,15.0,5,5,63,2,0,1,1,1,0,0,0,0,0,,5326750.0,14320.0,1,30204.0,30204.0,0,0
1031,2020,13,daniil-kvyat,alphatauri,honda,4,4,12.0,8,8,63,4,0,0,1,1,0,0,0,0,0,,5327571.0,15141.0,2,29809.0,60086.0,0,0
1031,2020,13,charles-leclerc,ferrari,ferrari,5,5,10.0,7,7,63,2,0,0,1,1,0,0,0,0,0,,5331541.0,19111.0,1,30243.0,30243.0,0,0
1031,2020,13,sergio-perez,racing-point,bwt-mercedes,6,6,8.0,11,11,63,5,0,0,1,1,0,0,0,0,0,,5332082.0,19652.0,2,29985.0,60540.0,0,0
1031,2020,13,carlos-sainz-jr,mclaren,renault,7,7,6.0,10,10,63,3,0,0,1,1,0,0,0,0,0,,5332660.0,20230.0,2,29950.0,60564.0,0,0
1031,2020,13,lando-norris,mclaren,renault,8,8,4.0,9,9,63,1,0,0,1,1,0,0,0,0,0,,5333561.0,21131.0,2,29683.0,59886.0,0,0
1031,2020,13,kimi-raikkonen,alfa-romeo,ferrari,9,9,2.0,18,18,63,9,0,0,1,1,0,0,0,1,0,,5334654.0,22224.0,1,29863.0,29863.0,0,0
1031,2020,13,antonio-giovinazzi,alfa-romeo,ferrari,10,10,1.0,20,20,63,10,0,0,1,1,0,0,0,0,0,,5338828.0,26398.0,1,29745.0,29745.0,0,0
1031,2020,13,nicholas-latifi,williams,mercedes,11,11,0,19,19,63,8,0,0,0,1,0,0,0,0,0,,5339565.0,27135.0,1,29892.0,29892.0,0,0
1031,2020,13,sebastian-vettel,ferrari,ferrari,12,12,0,14,14,63,2,0,0,0,1,0,0,0,0,0,,5340883.0,28453.0,2,29934.0,70431.0,0,0
1031,2020,13,lance-stroll,racing-point,bwt-mercedes,13,13,0,15,15,63,2,0,0,0,1,0,0,0,0,0,,5341593.0,29163.0,3,30566.0,103385.0,0,0
1031,2020,13,romain-grosjean,haas,ferrari,14,14,0,16,16,63,2,0,0,0,1,0,0,0,0,0,,5345365.0,32935.0,2,30422.0,61621.0,0,0
1031,2020,13,alexander-albon,red-bull,honda,15,15,0,6,6,63,-9,0,0,0,1,0,0,0,0,0,,5369714.0,57284.0,2,29552.0,59322.0,0,0
1031,2020,13,george-russell,williams,mercedes,,DNF,0,13,13,51,,0,0,0,0,0,0,0,0,1,Accident,,,1,29707.0,29707.0,0,0
1031,2020,13,max-verstappen,red-bull,honda,,DNF,0,3,3,50,,0,0,0,0,0,0,0,0,1,Puncture,,,1,29427.0,29427.0,0,0
1031,2020,13,kevin-magnussen,haas,ferrari,,DNF,0,17,17,47,,0,0,0,0,0,0,0,0,1,Gearbox,,,1,30708.0,30708.0,0,0
1031,2020,13,esteban-ocon,renault,renault,,DNF,0,12,12,27,,0,0,0,0,0,0,0,0,1,Gearbox,,,1,30559.0,30559.0,0,0
1031,2020,13,pierre-gasly,alphatauri,honda,,DNF,0,4,4,8,,0,0,0,0,0,0,0,0,1,Coolant leak,,,0,,,0,0
1032,2020,14,lewis-hamilton,mercedes,mercedes,1,1,25.0,6,6,58,5,1,1,1,1,0,0,0,0,0,,6139313.0,,1,23860.0,23860.0,0,0
1032,2020,14,sergio-perez,racing-point,bwt-mercedes,2,2,18.0,3,3,58,1,0,1,1,1,0,0,0,0,0,,6170946.0,31633.0,1,25163.0,25163.0,0,0
1032,2020,14,sebastian-vettel,ferrari,ferrari,3,3,15.0,11,12,58,8,0,1,1,1,0,0,0,1,0,,6171273.0,31960.0,2,24022.0,49423.0,0,0
1032,2020,14,charles-leclerc,ferrari,ferrari,4,4,12.0,12,14,58,8,0,0,1,1,0,0,0,0,0,,6173171.0,33858.0,2,23687.0,47962.0,0,0
1032,2020,14,carlos-sainz-jr,mclaren,renault,5,5,10.0,15,13,58,10,0,0,1,1,0,0,0,0,0,,6173676.0,34363.0,2,23537.0,47447.0,0,0
1032,2020,14,max-verstappen,red-bull,honda,6,6,8.0,2,2,58,-4,0,0,1,1,0,0,0,0,0,,6184186.0,44873.0,3,22518.0,69561.0,0,0
1032,2020,14,alexander-albon,red-bull,honda,7,7,6.0,4,4,58,-3,0,0,1,1,0,0,0,0,0,,6185797.0,46484.0,2,22490.0,45092.0,0,0
1032,2020,14,lando-norris,mclaren,renault,8,8,5.0,14,11,58,6,0,0,1,1,0,1,0,0,0,,6200572.0,61259.0,2,22684.0,46370.0,0,0
1032,2020,14,lance-stroll,racing-point,bwt-mercedes,9,9,2.0,1,1,58,-8,0,0,1,1,1,0,0,0,0,,6211666.0,72353.0,2,23650.0,47380.0,1,0
1032,2020,14,daniel-ricciardo,renault,renault,10,10,1.0,5,5,58,-5,0,0,1,1,0,0,0,0,0,,6234773.0,95460.0,2,23208.0,46678.0,0,0
1032,2020,14,esteban-ocon,renault,renault,11,11,0,7,7,57,-4,0,0,0,1,0,0,0,0,0,,,,2,23475.0,49194.0,0,0
1032,2020,14,daniil-kvyat,alphatauri,honda,12,12,0,16,17,57,4,0,0,0,1,0,0,0,0,0,,,,1,23417.0,23417.0,0,0
1032,2020,14,pierre-gasly,alphatauri,honda,13,13,0,19,15,57,6,0,0,0,1,0,0,0,0,0,,,,2,23288.0,46957.0,0,0
1032,2020,14,valtteri-bottas,mercedes,mercedes,14,14,0,9,9,57,-5,0,0,0,1,0,0,0,0,0,,,,2,22853.0,46251.0,0,0
1032,2020,14,kimi-raikkonen,alfa-romeo,ferrari,15,15,0,8,8,57,-7,0,0,0,1,0,0,0,0,0,,,,3,23180.0,85301.0,0,0
1032,2020,14,george-russell,williams,mercedes,16,16,0,,18,57,4,0,0,0,1,0,0,0,0,0,,,,2,22692.0,45580.0,0,0
1032,2020,14,kevin-magnussen,haas,ferrari,17,17,0,13,16,55,-4,0,0,0,1,0,0,0,0,0,Withdrew,,,2,24552.0,178516.0,0,0
1032,2020,14,romain-grosjean,haas,ferrari,,DNF,0,17,19,49,,0,0,0,0,0,0,0,0,1,Collision damage,,,2,26686.0,58108.0,0,0
1032,2020,14,nicholas-latifi,williams,mercedes,,DNF,0,,20,39,,0,0,0,0,0,0,0,0,1,Collision damage,,,2,24738.0,61337.0,0,0
1032,2020,14,antonio-giovinazzi,alfa-romeo,ferrari,,DNF,0,10,10,11,,0,0,0,0,0,0,0,0,1,Gearbox,,,1,25432.0,25432.0,0,0
1033,2020,15,lewis-hamilton,mercedes,mercedes,1,1,25.0,1,1,57,0,1,1,1,1,1,0,0,0,0,,10787515.0,,3,24061.0,1212385.0,1,1
1033,2020,15,max-verstappen,red-bull,honda,2,2,19.0,3,3,57,1,0,1,1,1,0,1,0,0,0,,10788769.0,1254.0,4,23906.0,1240007.0,0,0
1033,2020,15,alexander-albon,red-bull,honda,3,3,15.0,4,4,57,1,0,1,1,1,0,0,0,0,0,,10795520.0,8005.0,3,23848.0,1209627.0,0,0
1033,2020,15,lando-norris,mclaren,renault,4,4,12.0,9,9,57,5,0,0,1,1,0,0,0,0,0,,10798852.0,11337.0,3,24666.0,1203243.0,0,0
1033,2020,15,carlos-sainz-jr,mclaren,renault,5,5,10.0,15,15,57,10,0,0,1,1,0,0,0,0,0,,10799302.0,11787.0,3,24511.0,1207304.0,0,0
1033,2020,15,pierre-gasly,alphatauri,honda,6,6,8.0,8,8,57,2,0,0,1,1,0,0,0,0,0,,10799457.0,11942.0,2,24398.0,1184867.0,0,0
1033,2020,15,daniel-ricciardo,renault,renault,7,7,6.0,6,6,57,-1,0,0,1,1,0,0,0,0,0,,10806883.0,19368.0,3,24617.0,1209156.0,0,0
1033,2020,15,valtteri-bottas,mercedes,mercedes,8,8,4.0,2,2,57,-6,0,0,1,1,0,0,0,0,0,,10807195.0,19680.0,4,24675.0,1233550.0,0,0
1033,2020,15,esteban-ocon,renault,renault,9,9,2.0,7,7,57,-2,0,0,1,1,0,0,0,0,0,,10810318.0,22803.0,3,24076.0,1210276.0,0,0
1033,2020,15,charles-leclerc,ferrari,ferrari,10,10,1.0,12,12,56,2,0,0,1,1,0,0,0,0,0,,,,3,24855.0,1204309.0,0,0
1033,2020,15,daniil-kvyat,alphatauri,honda,11,11,0,10,10,56,-1,0,0,0,1,0,0,0,0,0,,,,3,24135.0,1224466.0,0,0
1033,2020,15,george-russell,williams,mercedes,12,12,0,14,14,56,2,0,0,0,1,0,0,0,0,0,,,,3,24029.0,1214472.0,0,0
1033,2020,15,sebastian-vettel,ferrari,ferrari,13,13,0,11,11,56,-2,0,0,0,1,0,0,0,0,0,,,,3,24774.0,1207260.0,0,0
1033,2020,15,nicholas-latifi,williams,mercedes,14,14,0,20,20,56,6,0,0,0,1,0,0,0,0,0,,,,3,24024.0,1206267.0,0,0
1033,2020,15,kimi-raikkonen,alfa-romeo,ferrari,15,15,0,17,17,56,2,0,0,0,1,0,0,0,0,0,,,,3,25270.0,1219087.0,0,0
1033,2020,15,antonio-giovinazzi,alfa-romeo,ferrari,16,16,0,16,16,56,0,0,0,0,1,0,0,0,0,0,,,,3,24145.0,1203887.0,0,0
1033,2020,15,kevin-magnussen,haas,ferrari,17,17,0,18,18,56,1,0,0,0,1,0,0,0,0,0,,,,4,25793.0,1247004.0,0,0
1033,2020,15,sergio-perez,racing-point,bwt-mercedes,18,18,0,5,5,53,-13,0,0,0,1,0,0,0,0,0,Power unit,,,3,24317.0,1212348.0,0,0
1033,2020,15,lance-stroll,racing-point,bwt-mercedes,,DNF,0,13,13,2,,0,0,0,0,0,0,0,0,1,Collision,,,1,1154123.0,1154123.0,0,0
1033,2020,15,romain-grosjean,haas,ferrari,,DNF,0,19,19,0,,0,0,0,0,0,0,0,1,1,Collision,,,0,,,0,0
1034,2020,16,sergio-perez,racing-point,bwt-mercedes,1,1,25.0,5,5,87,4,1,1,1,1,0,0,0,0,0,,5475114.0,,2,24214.0,48721.0,0,0
1034,2020,16,esteban-ocon,renault,renault,2,2,18.0,11,11,87,9,0,1,1,1,0,0,0,0,0,,5485632.0,10518.0,1,24414.0,24414.0,0,0
1034,2020,16,lance-stroll,racing-point,bwt-mercedes,3,3,15.0,10,10,87,7,0,1,1,1,0,0,0,0,0,,5486983.0,11869.0,1,24684.0,24684.0,0,0
1034,2020,16,carlos-sainz-jr,mclaren,renault,4,4,12.0,8,8,87,4,0,0,1,1,0,0,0,0,0,,5487694.0,12580.0,2,24162.0,49015.0,0,0
1034,2020,16,daniel-ricciardo,renault,renault,5,5,10.0,7,7,87,2,0,0,1,1,0,0,0,0,0,,5488444.0,13330.0,2,24474.0,49169.0,0,0
1034,2020,16,alexander-albon,red-bull,honda,6,6,8.0,12,12,87,6,0,0,1,1,0,0,0,0,0,,5488956.0,13842.0,2,23645.0,47519.0,0,0
1034,2020,16,daniil-kvyat,alphatauri,honda,7,7,6.0,6,6,87,-1,0,0,1,1,0,0,0,0,0,,5489648.0,14534.0,2,24101.0,48333.0,0,0
1034,2020,16,valtteri-bottas,mercedes,mercedes,8,8,4.0,1,1,87,-7,0,0,1,1,1,0,0,0,0,,5490503.0,15389.0,2,24552.0,77426.0,1,0
1034,2020,16,george-russell,mercedes,mercedes,9,9,3.0,2,2,87,-7,0,0,1,1,0,1,0,1,0,,5493670.0,18556.0,4,24235.0,102432.0,0,0
1034,2020,16,lando-norris,mclaren,renault,10,10,1.0,19,15,87,9,0,0,1,1,0,0,0,0,0,,5494655.0,19541.0,2,24245.0,49130.0,0,0
1034,2020,16,pierre-gasly,alphatauri,honda,11,11,0,9,9,87,-2,0,0,0,1,0,0,0,0,0,,5495641.0,20527.0,2,24577.0,49654.0,0,0
1034,2020,16,sebastian-vettel,ferrari,ferrari,12,12,0,13,13,87,1,0,0,0,1,0,0,0,0,0,,5497725.0,22611.0,3,24809.0,79105.0,0,0
1034,2020,16,antonio-giovinazzi,alfa-romeo,ferrari,13,13,0,14,14,87,1,0,0,0,1,0,0,0,0,0,,5499225.0,24111.0,2,24551.0,49361.0,0,0
1034,2020,16,kimi-raikkonen,alfa-romeo,ferrari,14,14,0,18,19,87,4,0,0,0,1,0,0,0,0,0,,5501267.0,26153.0,3,24401.0,77605.0,0,0
1034,2020,16,kevin-magnussen,haas,ferrari,15,15,0,15,16,87,0,0,0,0,1,0,0,0,0,0,,5507484.0,32370.0,2,25466.0,50940.0,0,0
1034,2020,16,jack-aitken,williams,mercedes,16,16,0,17,18,87,1,0,0,0,1,0,0,0,0,0,,5508788.0,33674.0,3,24863.0,90579.0,0,0
1034,2020,16,pietro-fittipaldi,haas,ferrari,17,17,0,20,20,87,3,0,0,0,1,0,0,0,0,0,,5511972.0,36858.0,3,25780.0,79854.0,0,0
1034,2020,16,nicholas-latifi,williams,mercedes,,DNF,0,16,17,52,,0,0,0,0,0,0,0,0,1,Oil leak,,,1,24297.0,24297.0,0,0
1034,2020,16,max-verstappen,red-bull,honda,,DNF,0,3,3,0,,0,0,0,0,0,0,0,0,1,Collision,,,0,,,0,0
1034,2020,16,charles-leclerc,ferrari,ferrari,,DNF,0,4,4,0,,0,0,0,0,0,0,0,0,1,Collision,,,0,,,0,0
1035,2020,17,max-verstappen,red-bull,honda,1,1,25.0,1,1,55,0,1,1,1,1,1,0,0,1,0,,5788645.0,,1,21289.0,21289.0,1,1
1035,2020,17,valtteri-bottas,mercedes,mercedes,2,2,18.0,2,2,55,0,0,1,1,1,0,0,0,0,0,,5804621.0,15976.0,1,21587.0,21587.0,0,0
1035,2020,17,lewis-hamilton,mercedes,mercedes,3,3,15.0,3,3,55,0,0,1,1,1,0,0,0,0,0,,5807060.0,18415.0,1,22406.0,22406.0,0,0
1035,2020,17,alexander-albon,red-bull,honda,4,4,12.0,5,5,55,1,0,0,1,1,0,0,0,0,0,,5808632.0,19987.0,1,21508.0,21508.0,0,0
1035,2020,17,lando-norris,mclaren,renault,5,5,10.0,4,4,55,-1,0,0,1,1,0,0,0,0,0,,5849374.0,60729.0,1,21840.0,21840.0,0,0
1035,2020,17,carlos-sainz-jr,mclaren,renault,6,6,8.0,6,6,55,0,0,0,1,1,0,0,0,0,0,,5854307.0,65662.0,1,22140.0,22140.0,0,0
1035,2020,17,daniel-ricciardo,renault,renault,7,7,7.0,11,12,55,4,0,0,1,1,0,1,0,0,0,,5862393.0,73748.0,1,22123.0,22123.0,0,0
1035,2020,17,pierre-gasly,alphatauri,honda,8,8,4.0,9,10,55,1,0,0,1,1,0,0,0,0,0,,5878363.0,89718.0,1,22000.0,22000.0,0,0
1035,2020,17,esteban-ocon,renault,renault,9,9,2.0,10,11,55,1,0,0,1,1,0,0,0,0,0,,5889714.0,101069.0,1,21615.0,21615.0,0,0
1035,2020,17,lance-stroll,racing-point,bwt-mercedes,10,10,1.0,8,8,55,-2,0,0,1,1,0,0,0,0,0,,5891383.0,102738.0,1,22036.0,22036.0,0,0
1035,2020,17,daniil-kvyat,alphatauri,honda,11,11,0,7,7,54,-4,0,0,0,1,0,0,0,0,0,,,,1,25724.0,25724.0,0,0
1035,2020,17,kimi-raikkonen,alfa-romeo,ferrari,12,12,0,15,16,54,3,0,0,0,1,0,0,0,0,0,,,,1,22012.0,22012.0,0,0
1035,2020,17,charles-leclerc,ferrari,ferrari,13,13,0,12,9,54,-1,0,0,0,1,0,0,0,0,0,,,,1,22178.0,22178.0,0,0
1035,2020,17,sebastian-vettel,ferrari,ferrari,14,14,0,13,13,54,-1,0,0,0,1,0,0,0,0,0,,,,1,22040.0,22040.0,0,0
1035,2020,17,george-russell,williams,mercedes,15,15,0,16,18,54,1,0,0,0,1,0,0,0,0,0,,,,1,22085.0,22085.0,0,0
1035,2020,17,antonio-giovinazzi,alfa-romeo,ferrari,16,16,0,14,14,54,-2,0,0,0,1,0,0,0,0,0,,,,1,21480.0,21480.0,0,0
1035,2020,17,nicholas-latifi,williams,mercedes,17,17,0,18,20,54,1,0,0,0,1,0,0,0,0,0,,,,2,21357.0,43741.0,0,0
1035,2020,17,kevin-magnussen,haas,ferrari,18,18,0,20,17,54,2,0,0,0,1,0,0,0,0,0,,,,2,22714.0,45812.0,0,0
1035,2020,17,pietro-fittipaldi,haas,ferrari,19,19,0,17,19,53,-2,0,0,0,1,0,0,0,0,0,,,,3,23217.0,78047.0,0,0
1035,2020,17,sergio-perez,racing-point,bwt-mercedes,,DNF,0,19,15,8,,0,0,0,0,0,0,0,0,1,Power unit,,,0,,,0,0
1036,2021,1,lewis-hamilton,mercedes,mercedes,1,1,25.0,2,2,56,1,1,1,1,1,0,0,0,0,0,,5523897.0,,2,24076.0,48915.0,0,0
1036,2021,1,max-verstappen,red-bull,honda,2,2,18.0,1,1,56,-1,0,1,1,1,1,0,0,0,0,,5524642.0,745.0,2,23848.0,48615.0,1,0
1036,2021,1,valtteri-bottas,mercedes,mercedes,3,3,16.0,3,3,56,0,0,1,1,1,0,1,0,0,0,,5561280.0,37383.0,3,24262.0,81725.0,0,0
1036,2021,1,lando-norris,mclaren,mercedes,4,4,12.0,7,7,56,3,0,0,1,1,0,0,0,0,0,,5570363.0,46466.0,2,24899.0,50539.0,0,0
1036,2021,1,sergio-perez,red-bull,honda,5,5,10.0,,11,56,6,0,0,1,1,0,0,0,1,0,,5575944.0,52047.0,3,23993.0,72289.0,0,0
1036,2021,1,charles-leclerc,ferrari,ferrari,6,6,8.0,4,4,56,-2,0,0,1,1,0,0,0,0,0,,5582987.0,59090.0,2,24176.0,49101.0,0,0
1036,2021,1,daniel-ricciardo,mclaren,mercedes,7,7,6.0,6,6,56,-1,0,0,1,1,0,0,0,0,0,,5589901.0,66004.0,2,24655.0,49343.0,0,0
1036,2021,1,carlos-sainz-jr,ferrari,ferrari,8,8,4.0,8,8,56,0,0,0,1,1,0,0,0,0,0,,5590997.0,67100.0,2,24341.0,48694.0,0,0
1036,2021,1,yuki-tsunoda,alphatauri,honda,9,9,2.0,13,13,56,4,0,0,1,1,0,0,0,0,0,,5609589.0,85692.0,2,24328.0,49374.0,0,0
1036,2021,1,lance-stroll,aston-martin,mercedes,10,10,1.0,10,10,56,0,0,0,1,1,0,0,0,0,0,,5610610.0,86713.0,2,24884.0,50409.0,0,0
1036,2021,1,kimi-raikkonen,alfa-romeo,ferrari,11,11,0,14,14,56,3,0,0,0,1,0,0,0,0,0,,5612761.0,88864.0,2,24046.0,48153.0,0,0
1036,2021,1,antonio-giovinazzi,alfa-romeo,ferrari,12,12,0,12,12,55,0,0,0,0,1,0,0,0,0,0,,,,2,24223.0,56221.0,0,0
1036,2021,1,esteban-ocon,alpine,renault,13,13,0,16,16,55,3,0,0,0,1,0,0,0,0,0,,,,2,24471.0,49697.0,0,0
1036,2021,1,george-russell,williams,mercedes,14,14,0,15,15,55,1,0,0,0,1,0,0,0,0,0,,,,2,24248.0,48869.0,0,0
1036,2021,1,sebastian-vettel,aston-martin,mercedes,15,15,0,20,18,55,5,0,0,0,1,0,0,0,0,0,,,,1,24626.0,24626.0,0,0
1036,2021,1,mick-schumacher,haas,ferrari,16,16,0,18,19,55,2,0,0,0,1,0,0,0,0,0,,,,2,25343.0,51141.0,0,0
1036,2021,1,pierre-gasly,alphatauri,honda,17,17,0,5,5,52,-12,0,0,0,1,0,0,0,0,0,Suspension,,,3,24317.0,87638.0,0,0
1036,2021,1,nicholas-latifi,williams,mercedes,18,18,0,17,17,51,-1,0,0,0,1,0,0,0,0,0,Fuel system,,,2,23983.0,50029.0,0,0
1036,2021,1,fernando-alonso,alpine,renault,,DNF,0,9,9,32,,0,0,0,0,0,0,0,0,1,Brakes,,,2,24373.0,49148.0,0,0
1036,2021,1,nikita-mazepin,haas,ferrari,,DNF,0,19,20,0,,0,0,0,0,0,0,0,0,1,Accident,,,0,,,0,0
1037,2021,2,max-verstappen,red-bull,honda,1,1,25.0,3,3,63,2,1,1,1,1,0,0,0,0,0,,7354598.0,,2,29809.0,1651170.0,0,0
1037,2021,2,lewis-hamilton,mercedes,mercedes,2,2,19.0,1,1,63,-1,0,1,1,1,1,1,0,0,0,,7376598.0,22000.0,4,32112.0,1630911.0,1,0
1037,2021,2,lando-norris,mclaren,mercedes,3,3,15.0,7,7,63,4,0,1,1,1,0,0,0,1,0,,7378300.0,23702.0,2,30654.0,1615607.0,0,0
1037,2021,2,charles-leclerc,ferrari,ferrari,4,4,12.0,4,4,63,0,0,0,1,1,0,0,0,0,0,,7380177.0,25579.0,2,31002.0,1640486.0,0,0
1037,2021,2,carlos-sainz-jr,ferrari,ferrari,5,5,10.0,11,11,63,6,0,0,1,1,0,0,0,0,0,,7381634.0,27036.0,2,30856.0,1613067.0,0,0
1037,2021,2,daniel-ricciardo,mclaren,mercedes,6,6,8.0,6,6,63,0,0,0,1,1,0,0,0,0,0,,7405818.0,51220.0,2,34340.0,1609167.0,0,0
1037,2021,2,pierre-gasly,alphatauri,honda,7,7,6.0,5,5,63,-2,0,0,1,1,0,0,0,0,0,,7407416.0,52818.0,4,31068.0,1572967.0,0,0
1037,2021,2,lance-stroll,aston-martin,mercedes,8,8,4.0,10,10,63,2,0,0,1,1,0,0,0,0,0,,7411507.0,56909.0,3,31138.0,1588618.0,0,0
1037,2021,2,esteban-ocon,alpine,renault,9,9,2.0,9,9,63,0,0,0,1,1,0,0,0,0,0,,7420302.0,65704.0,5,30652.0,1627926.0,0,0
1037,2021,2,fernando-alonso,alpine,renault,10,10,1.0,15,15,63,5,0,0,1,1,0,0,0,0,0,,7421159.0,66561.0,3,30864.0,1576837.0,0,0
1037,2021,2,sergio-perez,red-bull,honda,11,11,0,2,2,63,-9,0,0,0,1,0,0,0,0,0,,7421749.0,67151.0,2,44608.0,1625766.0,0,0
1037,2021,2,yuki-tsunoda,alphatauri,honda,12,12,0,20,,63,8,0,0,0,1,0,0,0,0,0,,7427782.0,73184.0,3,30696.0,1585360.0,0,0
1037,2021,2,kimi-raikkonen,alfa-romeo,ferrari,13,13,0,16,16,63,3,0,0,0,1,0,0,0,0,0,,7449371.0,94773.0,3,30280.0,1585784.0,0,0
1037,2021,2,antonio-giovinazzi,alfa-romeo,ferrari,14,14,0,17,17,62,3,0,0,0,1,0,0,0,0,0,,,,4,29742.0,1618754.0,0,0
1037,2021,2,sebastian-vettel,aston-martin,mercedes,15,15,0,,13,61,-2,0,0,0,1,0,0,0,0,0,Gearbox,,,5,31184.0,1607076.0,0,0
1037,2021,2,mick-schumacher,haas,ferrari,16,16,0,18,18,61,2,0,0,0,1,0,0,0,0,0,,,,4,32479.0,1656170.0,0,0
1037,2021,2,nikita-mazepin,haas,ferrari,17,17,0,19,19,61,2,0,0,0,1,0,0,0,0,0,,,,4,31168.0,1598551.0,0,0
1037,2021,2,valtteri-bottas,mercedes,mercedes,,DNF,0,8,8,30,,0,0,0,0,0,0,0,0,1,Collision,,,1,30167.0,30167.0,0,0
1037,2021,2,george-russell,williams,mercedes,,DNF,0,12,12,30,,0,0,0,0,0,0,0,0,1,Collision,,,1,29983.0,29983.0,0,0
1037,2021,2,nicholas-latifi,williams,mercedes,,DNF,0,14,14,0,,0,0,0,0,0,0,0,0,1,Accident,,,0,,,0,0
1038,2021,3,lewis-hamilton,mercedes,mercedes,1,1,25.0,2,2,66,1,1,1,1,1,0,0,0,0,0,,5671421.0,,3,22164.0,71497.0,0,0
1038,2021,3,max-verstappen,red-bull,honda,2,2,18.0,3,3,66,1,0,1,1,1,0,0,0,0,0,,5700569.0,29148.0,4,22104.0,97884.0,0,0
1038,2021,3,valtteri-bottas,mercedes,mercedes,3,3,16.0,1,1,66,-2,0,1,1,1,1,1,0,0,0,,5704951.0,33530.0,4,21377.0,96960.0,1,0
1038,2021,3,sergio-perez,red-bull,honda,4,4,12.0,4,4,66,0,0,0,1,1,0,0,0,0,0,,5711156.0,39735.0,3,21890.0,70597.0,0,0
1038,2021,3,lando-norris,mclaren,mercedes,5,5,10.0,7,7,66,2,0,0,1,1,0,0,0,0,0,,5722790.0,51369.0,3,21407.0,70910.0,0,0
1038,2021,3,charles-leclerc,ferrari,ferrari,6,6,8.0,8,8,66,2,0,0,1,1,0,0,0,0,0,,5727202.0,55781.0,3,21323.0,70992.0,0,0
1038,2021,3,esteban-ocon,alpine,renault,7,7,6.0,6,6,66,-1,0,0,1,1,0,0,0,0,0,,5735170.0,63749.0,3,21275.0,70548.0,0,0
1038,2021,3,fernando-alonso,alpine,renault,8,8,4.0,13,13,66,5,0,0,1,1,0,0,0,0,0,,5736229.0,64808.0,3,21452.0,69515.0,0,0
1038,2021,3,daniel-ricciardo,mclaren,mercedes,9,9,2.0,16,16,66,7,0,0,1,1,0,0,0,0,0,,5746790.0,75369.0,3,21965.0,72959.0,0,0
1038,2021,3,pierre-gasly,alphatauri,honda,10,10,1.0,9,9,66,-1,0,0,1,1,0,0,0,0,0,,5747884.0,76463.0,3,21353.0,69844.0,0,0
1038,2021,3,carlos-sainz-jr,ferrari,ferrari,11,11,0,5,5,66,-6,0,0,0,1,0,0,0,0,0,,5750376.0,78955.0,3,22029.0,70165.0,0,0
1038,2021,3,antonio-giovinazzi,alfa-romeo,ferrari,12,12,0,12,12,65,0,0,0,0,1,0,0,0,0,0,,,,3,22485.0,71883.0,0,0
1038,2021,3,sebastian-vettel,aston-martin,mercedes,13,13,0,10,10,65,-3,0,0,0,1,0,0,0,0,0,,,,3,21398.0,69768.0,0,0
1038,2021,3,lance-stroll,aston-martin,mercedes,14,14,0,17,17,65,3,0,0,0,1,0,0,0,0,0,,,,3,22176.0,70467.0,0,0
1038,2021,3,yuki-tsunoda,alphatauri,honda,15,15,0,14,14,65,-1,0,0,0,1,0,0,0,0,0,,,,3,22266.0,71010.0,0,0
1038,2021,3,george-russell,williams,mercedes,16,16,0,11,11,65,-5,0,0,0,1,0,0,0,0,0,,,,3,22755.0,73130.0,0,0
1038,2021,3,mick-schumacher,haas,ferrari,17,17,0,19,19,64,2,0,0,0,1,0,0,0,0,0,,,,3,21454.0,70718.0,0,0
1038,2021,3,nicholas-latifi,williams,mercedes,18,18,0,18,18,64,0,0,0,0,1,0,0,0,0,0,,,,3,21730.0,70295.0,0,0
1038,2021,3,nikita-mazepin,haas,ferrari,19,19,0,20,20,64,1,0,0,0,1,0,0,0,1,0,,,,4,21372.0,96946.0,0,0
1038,2021,3,kimi-raikkonen,alfa-romeo,ferrari,,DNF,0,15,15,1,,0,0,0,0,0,0,0,0,1,Collision,,,0,,,0,0
1039,2021,4,lewis-hamilton,mercedes,mercedes,1,1,25.0,1,1,66,0,1,1,1,1,1,0,0,1,0,,5587680.0,,2,22078.0,44298.0,1,1
1039,2021,4,max-verstappen,red-bull,honda,2,2,19.0,2,2,66,0,0,1,1,1,0,1,0,0,0,,5603521.0,15841.0,2,21592.0,45157.0,0,0
1039,2021,4,valtteri-bottas,mercedes,mercedes,3,3,15.0,3,3,66,0,0,1,1,1,0,0,0,0,0,,5614290.0,26610.0,2,21638.0,43949.0,0,0
1039,2021,4,charles-leclerc,ferrari,ferrari,4,4,12.0,4,4,66,0,0,0,1,1,0,0,0,0,0,,5642296.0,54616.0,2,21613.0,43905.0,0,0
1039,2021,4,sergio-perez,red-bull,honda,5,5,10.0,8,8,66,3,0,0,1,1,0,0,0,0,0,,5651351.0,63671.0,2,21345.0,43727.0,0,0
1039,2021,4,daniel-ricciardo,mclaren,mercedes,6,6,8.0,7,7,66,1,0,0,1,1,0,0,0,0,0,,5661448.0,73768.0,2,21762.0,44168.0,0,0
1039,2021,4,carlos-sainz-jr,ferrari,ferrari,7,7,6.0,6,6,66,-1,0,0,1,1,0,0,0,0,0,,5662350.0,74670.0,2,21779.0,43635.0,0,0
1039,2021,4,lando-norris,mclaren,mercedes,8,8,4.0,9,9,65,1,0,0,1,1,0,0,0,0,0,,,,2,21864.0,44331.0,0,0
1039,2021,4,esteban-ocon,alpine,renault,9,9,2.0,5,5,65,-4,0,0,1,1,0,0,0,0,0,,,,1,22798.0,22798.0,0,0
1039,2021,4,pierre-gasly,alphatauri,honda,10,10,1.0,12,12,65,2,0,0,1,1,0,0,0,0,0,,,,2,26065.0,54107.0,0,0
1039,2021,4,lance-stroll,aston-martin,mercedes,11,11,0,11,11,65,0,0,0,0,1,0,0,0,0,0,,,,2,21432.0,43188.0,0,0
1039,2021,4,kimi-raikkonen,alfa-romeo,ferrari,12,12,0,17,17,65,5,0,0,0,1,0,0,0,0,0,,,,1,21572.0,21572.0,0,0
1039,2021,4,sebastian-vettel,aston-martin,mercedes,13,13,0,13,13,65,0,0,0,0,1,0,0,0,0,0,,,,2,21973.0,45060.0,0,0
1039,2021,4,george-russell,williams,mercedes,14,14,0,15,15,65,1,0,0,0,1,0,0,0,0,0,,,,2,21919.0,45733.0,0,0
1039,2021,4,antonio-giovinazzi,alfa-romeo,ferrari,15,15,0,14,14,65,-1,0,0,0,1,0,0,0,0,0,,,,2,22871.0,77544.0,0,0
1039,2021,4,nicholas-latifi,williams,mercedes,16,16,0,19,19,65,3,0,0,0,1,0,0,0,0,0,,,,3,21424.0,70501.0,0,0
1039,2021,4,fernando-alonso,alpine,renault,17,17,0,10,10,65,-7,0,0,0,1,0,0,0,0,0,,,,2,22043.0,45522.0,0,0
1039,2021,4,mick-schumacher,haas,ferrari,18,18,0,18,18,64,0,0,0,0,1,0,0,0,0,0,,,,2,22310.0,46316.0,0,0
1039,2021,4,nikita-mazepin,haas,ferrari,19,19,0,20,20,64,1,0,0,0,1,0,0,0,0,0,,,,2,22502.0,45600.0,0,0
1039,2021,4,yuki-tsunoda,alphatauri,honda,,DNF,0,16,16,6,,0,0,0,0,0,0,0,0,1,Electrical,,,0,,,0,0
1040,2021,5,max-verstappen,red-bull,honda,1,1,25.0,2,2,78,1,1,1,1,1,0,0,0,0,0,,5936820.0,,1,23746.0,23746.0,0,0
1040,2021,5,carlos-sainz-jr,ferrari,ferrari,2,2,18.0,4,4,78,2,0,1,1,1,0,0,0,0,0,,5945788.0,8968.0,1,24150.0,24150.0,0,0
1040,2021,5,lando-norris,mclaren,mercedes,3,3,15.0,5,5,78,2,0,1,1,1,0,0,0,0,0,,5956247.0,19427.0,1,23874.0,23874.0,0,0
1040,2021,5,sergio-perez,red-bull,honda,4,4,12.0,9,9,78,5,0,0,1,1,0,0,0,0,0,,5957310.0,20490.0,1,24548.0,24548.0,0,0
1040,2021,5,sebastian-vettel,aston-martin,mercedes,5,5,10.0,8,8,78,3,0,0,1,1,0,0,0,1,0,,5989411.0,52591.0,1,24369.0,24369.0,0,0
1040,2021,5,pierre-gasly,alphatauri,honda,6,6,8.0,6,6,78,0,0,0,1,1,0,0,0,0,0,,5990716.0,53896.0,1,24428.0,24428.0,0,0
1040,2021,5,lewis-hamilton,mercedes,mercedes,7,7,7.0,7,7,78,0,0,0,1,1,0,1,0,0,0,,6005051.0,68231.0,2,23783.0,48027.0,0,0
1040,2021,5,lance-stroll,aston-martin,mercedes,8,8,4.0,13,13,77,5,0,0,1,1,0,0,0,0,0,,,,1,23474.0,23474.0,0,0
1040,2021,5,esteban-ocon,alpine,renault,9,9,2.0,11,11,77,2,0,0,1,1,0,0,0,0,0,,,,1,23935.0,23935.0,0,0
1040,2021,5,antonio-giovinazzi,alfa-romeo,ferrari,10,10,1.0,10,10,77,0,0,0,1,1,0,0,0,0,0,,,,1,24521.0,24521.0,0,0
1040,2021,5,kimi-raikkonen,alfa-romeo,ferrari,11,11,0,14,14,77,3,0,0,0,1,0,0,0,0,0,,,,1,24077.0,24077.0,0,0
1040,2021,5,daniel-ricciardo,mclaren,mercedes,12,12,0,12,12,77,0,0,0,0,1,0,0,0,0,0,,,,1,24715.0,24715.0,0,0
1040,2021,5,fernando-alonso,alpine,renault,13,13,0,17,17,77,4,0,0,0,1,0,0,0,0,0,,,,1,23803.0,23803.0,0,0
1040,2021,5,george-russell,williams,mercedes,14,14,0,15,15,77,1,0,0,0,1,0,0,0,0,0,,,,1,23928.0,23928.0,0,0
1040,2021,5,nicholas-latifi,williams,mercedes,15,15,0,18,18,77,3,0,0,0,1,0,0,0,0,0,,,,1,23703.0,23703.0,0,0
1040,2021,5,yuki-tsunoda,alphatauri,honda,16,16,0,16,16,77,0,0,0,0,1,0,0,0,0,0,,,,1,24430.0,24430.0,0,0
1040,2021,5,nikita-mazepin,haas,ferrari,17,17,0,19,19,75,2,0,0,0,1,0,0,0,0,0,,,,1,25202.0,25202.0,0,0
1040,2021,5,mick-schumacher,haas,ferrari,18,18,0,20,,75,2,0,0,0,1,0,0,0,0,0,,,,1,24797.0,24797.0,0,0
1040,2021,5,valtteri-bottas,mercedes,mercedes,,DNF,0,3,3,29,,0,0,0,0,0,0,0,0,1,Wheel nut,,,0,,,0,0
1040,2021,5,charles-leclerc,ferrari,ferrari,,DNS,0,,1,0,,0,0,0,0,1,0,0,0,1,Driveshaft hub,,,0,,,0,0
1041,2021,6,sergio-perez,red-bull,honda,1,1,25.0,6,7,51,5,1,1,1,1,0,0,0,0,0,,8016410.0,,3,15277.0,2035617.0,0,0
1041,2021,6,sebastian-vettel,aston-martin,mercedes,2,2,18.0,11,11,51,9,0,1,1,1,0,0,0,1,0,,8017795.0,1385.0,3,14945.0,2035202.0,0,0
1041,2021,6,pierre-gasly,alphatauri,honda,3,3,15.0,4,4,51,1,0,1,1,1,0,0,0,0,0,,8019172.0,2762.0,3,15085.0,2037071.0,0,0
1041,2021,6,charles-leclerc,ferrari,ferrari,4,4,12.0,1,1,51,-3,0,0,1,1,1,0,0,0,0,,8020238.0,3828.0,3,15092.0,2037472.0,1,0
1041,2021,6,lando-norris,mclaren,mercedes,5,5,10.0,9,6,51,4,0,0,1,1,0,0,0,0,0,,8021164.0,4754.0,3,15866.0,2046808.0,0,0
1041,2021,6,fernando-alonso,alpine,renault,6,6,8.0,8,9,51,2,0,0,1,1,0,0,0,0,0,,8022792.0,6382.0,4,15432.0,2070109.0,0,0
1041,2021,6,yuki-tsunoda,alphatauri,honda,7,7,6.0,7,8,51,0,0,0,1,1,0,0,0,0,0,,8023034.0,6624.0,3,14943.0,2038722.0,0,0
1041,2021,6,carlos-sainz-jr,ferrari,ferrari,8,8,4.0,5,5,51,-3,0,0,1,1,0,0,0,0,0,,8024119.0,7709.0,3,15119.0,2047907.0,0,0
1041,2021,6,daniel-ricciardo,mclaren,mercedes,9,9,2.0,13,13,51,4,0,0,1,1,0,0,0,0,0,,8025284.0,8874.0,3,14994.0,2050239.0,0,0
1041,2021,6,kimi-raikkonen,alfa-romeo,ferrari,10,10,1.0,14,14,51,4,0,0,1,1,0,0,0,0,0,,8025986.0,9576.0,3,15064.0,2051549.0,0,0
1041,2021,6,antonio-giovinazzi,alfa-romeo,ferrari,11,11,0,20,,51,9,0,0,0,1,0,0,0,0,0,,8026664.0,10254.0,4,14881.0,2072800.0,0,0
1041,2021,6,valtteri-bottas,mercedes,mercedes,12,12,0,10,10,51,-2,0,0,0,1,0,0,0,0,0,,8027674.0,11264.0,3,20356.0,2076931.0,0,0
1041,2021,6,mick-schumacher,haas,ferrari,13,13,0,17,17,51,4,0,0,0,1,0,0,0,0,0,,8030651.0,14241.0,5,15058.0,2143022.0,0,0
1041,2021,6,nikita-mazepin,haas,ferrari,14,14,0,18,18,51,4,0,0,0,1,0,0,0,0,0,,8030725.0,14315.0,6,15054.0,1998956.0,0,0
1041,2021,6,lewis-hamilton,mercedes,mercedes,15,15,0,2,2,51,-13,0,0,0,1,0,0,0,0,0,,8034078.0,17668.0,3,15432.0,2038825.0,0,0
1041,2021,6,nicholas-latifi,williams,mercedes,16,16,0,16,16,51,0,0,0,0,1,0,0,0,0,0,,8058789.0,42379.0,2,22149.0,2070324.0,0,0
1041,2021,6,george-russell,williams,mercedes,17,17,0,15,15,48,-2,0,0,0,1,0,0,0,0,0,Gearbox,,,4,19970.0,2097609.0,0,0
1041,2021,6,max-verstappen,red-bull,honda,18,18,0,3,3,45,-15,0,0,0,1,0,1,0,0,0,Tyre,,,1,19769.0,19769.0,0,0
1041,2021,6,lance-stroll,aston-martin,mercedes,,DNF,0,19,,29,,0,0,0,0,0,0,0,0,1,Tyre,,,0,,,0,0
1041,2021,6,esteban-ocon,alpine,renault,,DNF,0,12,12,3,,0,0,0,0,0,0,0,0,1,Turbocharger,,,0,,,0,0
1042,2021,7,max-verstappen,red-bull,honda,1,1,26.0,1,1,53,0,1,1,1,1,1,1,0,1,0,,5245770.0,,2,29803.0,59926.0,1,1
1042,2021,7,lewis-hamilton,mercedes,mercedes,2,2,18.0,2,2,53,0,0,1,1,1,0,0,0,0,0,,5248674.0,2904.0,1,30263.0,30263.0,0,0
1042,2021,7,sergio-perez,red-bull,honda,3,3,15.0,4,4,53,1,0,1,1,1,0,0,0,0,0,,5254581.0,8811.0,1,29682.0,29682.0,0,0
1042,2021,7,valtteri-bottas,mercedes,mercedes,4,4,12.0,3,3,53,-1,0,0,1,1,0,0,0,0,0,,5260388.0,14618.0,1,30572.0,30572.0,0,0
1042,2021,7,lando-norris,mclaren,mercedes,5,5,10.0,8,8,53,3,0,0,1,1,0,0,0,0,0,,5309802.0,64032.0,1,30531.0,30531.0,0,0
1042,2021,7,daniel-ricciardo,mclaren,mercedes,6,6,8.0,10,10,53,4,0,0,1,1,0,0,0,0,0,,5321627.0,75857.0,1,29951.0,29951.0,0,0
1042,2021,7,pierre-gasly,alphatauri,honda,7,7,6.0,6,6,53,-1,0,0,1,1,0,0,0,0,0,,5322366.0,76596.0,1,30781.0,30781.0,0,0
1042,2021,7,fernando-alonso,alpine,renault,8,8,4.0,9,9,53,1,0,0,1,1,0,0,0,0,0,,5323465.0,77695.0,1,31288.0,31288.0,0,0
1042,2021,7,sebastian-vettel,aston-martin,mercedes,9,9,2.0,12,12,53,3,0,0,1,1,0,0,0,0,0,,5325436.0,79666.0,1,31069.0,31069.0,0,0
1042,2021,7,lance-stroll,aston-martin,mercedes,10,10,1.0,19,,53,9,0,0,1,1,0,0,0,0,0,,5337716.0,91946.0,1,30996.0,30996.0,0,0
1042,2021,7,carlos-sainz-jr,ferrari,ferrari,11,11,0,5,5,53,-6,0,0,0,1,0,0,0,0,0,,5345107.0,99337.0,1,30534.0,30534.0,0,0
1042,2021,7,george-russell,williams,mercedes,12,12,0,14,14,52,2,0,0,0,1,0,0,0,0,0,,,,1,30092.0,30092.0,0,0
1042,2021,7,yuki-tsunoda,alphatauri,honda,13,13,0,,,52,7,0,0,0,1,0,0,0,0,0,,,,1,30226.0,30226.0,0,0
1042,2021,7,esteban-ocon,alpine,renault,14,14,0,11,11,52,-3,0,0,0,1,0,0,0,0,0,,,,1,30207.0,30207.0,0,0
1042,2021,7,antonio-giovinazzi,alfa-romeo,ferrari,15,15,0,13,13,52,-2,0,0,0,1,0,0,0,0,0,,,,1,30586.0,30586.0,0,0
1042,2021,7,charles-leclerc,ferrari,ferrari,16,16,0,7,7,52,-9,0,0,0,1,0,0,0,0,0,,,,2,30798.0,62166.0,0,0
1042,2021,7,kimi-raikkonen,alfa-romeo,ferrari,17,17,0,17,17,52,0,0,0,0,1,0,0,0,0,0,,,,1,31327.0,31327.0,0,0
1042,2021,7,nicholas-latifi,williams,mercedes,18,18,0,16,16,52,-2,0,0,0,1,0,0,0,0,0,,,,1,29775.0,29775.0,0,0
1042,2021,7,mick-schumacher,haas,ferrari,19,19,0,15,15,52,-4,0,0,0,1,0,0,0,0,0,,,,1,31457.0,31457.0,0,0
1042,2021,7,nikita-mazepin,haas,ferrari,20,20,0,18,18,52,-2,0,0,0,1,0,0,0,0,0,,,,1,30983.0,30983.0,0,0
1043,2021,8,max-verstappen,red-bull,honda,1,1,25.0,1,1,71,0,1,1,1,1,1,0,0,0,0,,4938925.0,,1,20936.0,20936.0,1,1
1043,2021,8,lewis-hamilton,mercedes,mercedes,2,2,19.0,2,3,71,0,0,1,1,1,0,1,0,0,0,,4974668.0,35743.0,2,21219.0,42859.0,0,0
1043,2021,8,valtteri-bottas,mercedes,mercedes,3,3,15.0,5,2,71,2,0,1,1,1,0,0,0,0,0,,4985832.0,46907.0,1,21752.0,21752.0,0,0
1043,2021,8,sergio-perez,red-bull,honda,4,4,12.0,4,5,71,0,0,0,1,1,0,0,0,0,0,,4986359.0,47434.0,2,20961.0,44438.0,0,0
1043,2021,8,lando-norris,mclaren,mercedes,5,5,10.0,3,4,70,-2,0,0,1,1,0,0,0,0,0,,,,1,21692.0,21692.0,0,0
1043,2021,8,carlos-sainz-jr,ferrari,ferrari,6,6,8.0,12,12,70,6,0,0,1,1,0,0,0,0,0,,,,1,21226.0,21226.0,0,0
1043,2021,8,charles-leclerc,ferrari,ferrari,7,7,6.0,7,7,70,0,0,0,1,1,0,0,0,1,0,,,,2,21924.0,50310.0,0,0
1043,2021,8,lance-stroll,aston-martin,mercedes,8,8,4.0,9,10,70,1,0,0,1,1,0,0,0,0,0,,,,1,20936.0,20936.0,0,0
1043,2021,8,fernando-alonso,alpine,renault,9,9,2.0,8,9,70,-1,0,0,1,1,0,0,0,0,0,,,,1,21131.0,21131.0,0,0
1043,2021,8,yuki-tsunoda,alphatauri,honda,10,10,1.0,11,8,70,1,0,0,1,1,0,0,0,0,0,,,,1,21234.0,21234.0,0,0
1043,2021,8,kimi-raikkonen,alfa-romeo,ferrari,11,11,0,18,18,70,7,0,0,0,1,0,0,0,0,0,,,,1,21227.0,21227.0,0,0
1043,2021,8,sebastian-vettel,aston-martin,mercedes,12,12,0,14,14,70,2,0,0,0,1,0,0,0,0,0,,,,1,21546.0,21546.0,0,0
1043,2021,8,daniel-ricciardo,mclaren,mercedes,13,13,0,13,13,70,0,0,0,0,1,0,0,0,0,0,,,,1,21410.0,21410.0,0,0
1043,2021,8,esteban-ocon,alpine,renault,14,14,0,17,17,70,3,0,0,0,1,0,0,0,0,0,,,,1,21238.0,21238.0,0,0
1043,2021,8,antonio-giovinazzi,alfa-romeo,ferrari,15,15,0,15,15,70,0,0,0,0,1,0,0,0,0,0,,,,1,21210.0,21210.0,0,0
1043,2021,8,mick-schumacher,haas,ferrari,16,16,0,19,19,69,3,0,0,0,1,0,0,0,0,0,,,,1,22400.0,22400.0,0,0
1043,2021,8,nicholas-latifi,williams,mercedes,17,17,0,16,16,68,-1,0,0,0,1,0,0,0,0,0,,,,2,21953.0,48372.0,0,0
1043,2021,8,nikita-mazepin,haas,ferrari,18,18,0,20,20,68,2,0,0,0,1,0,0,0,0,0,,,,1,22759.0,22759.0,0,0
1043,2021,8,george-russell,williams,mercedes,,DNF,0,10,11,36,,0,0,0,0,0,0,0,0,1,Power unit,,,2,37309.0,83624.0,0,0
1043,2021,8,pierre-gasly,alphatauri,honda,,DNF,0,6,6,1,,0,0,0,0,0,0,0,0,1,Collision,,,0,,,0,0
1044,2021,9,max-verstappen,red-bull,honda,1,1,26.0,1,1,71,0,1,1,1,1,1,1,1,0,0,,5034543.0,,2,21090.0,42326.0,1,1
1044,2021,9,valtteri-bottas,mercedes,mercedes,2,2,18.0,5,5,71,3,0,1,1,1,0,0,0,0,0,,5052516.0,17973.0,1,21071.0,21071.0,0,0
1044,2021,9,lando-norris,mclaren,mercedes,3,3,15.0,2,2,71,-1,0,1,1,1,0,0,0,1,0,,5054562.0,20019.0,1,26474.0,26474.0,0,0
1044,2021,9,lewis-hamilton,mercedes,mercedes,4,4,12.0,4,4,71,0,0,0,1,1,0,0,0,0,0,,5080995.0,46452.0,2,21005.0,42426.0,0,0
1044,2021,9,carlos-sainz-jr,ferrari,ferrari,5,5,10.0,10,11,71,5,0,0,1,1,0,0,0,0,0,,5091687.0,57144.0,1,21431.0,21431.0,0,0
1044,2021,9,sergio-perez,red-bull,honda,6,6,8.0,3,3,71,-3,0,0,1,1,0,0,0,0,0,,5092458.0,57915.0,1,21735.0,21735.0,0,0
1044,2021,9,daniel-ricciardo,mclaren,mercedes,7,7,6.0,13,13,71,6,0,0,1,1,0,0,0,0,0,,5094938.0,60395.0,1,21151.0,21151.0,0,0
1044,2021,9,charles-leclerc,ferrari,ferrari,8,8,4.0,12,12,71,4,0,0,1,1,0,0,0,0,0,,5095738.0,61195.0,1,21143.0,21143.0,0,0
1044,2021,9,pierre-gasly,alphatauri,honda,9,9,2.0,6,6,71,-3,0,0,1,1,0,0,0,0,0,,5096387.0,61844.0,2,20850.0,43414.0,0,0
1044,2021,9,fernando-alonso,alpine,renault,10,10,1.0,14,14,70,4,0,0,1,1,0,0,0,0,0,,,,1,22663.0,22663.0,0,0
1044,2021,9,george-russell,williams,mercedes,11,11,0,8,9,70,-3,0,0,0,1,0,0,0,0,0,,,,1,21606.0,21606.0,0,0
1044,2021,9,yuki-tsunoda,alphatauri,honda,12,12,0,7,7,70,-5,0,0,0,1,0,0,0,0,0,,,,2,21145.0,47749.0,0,0
1044,2021,9,lance-stroll,aston-martin,mercedes,13,13,0,9,10,70,-4,0,0,0,1,0,0,0,0,0,,,,2,21391.0,42863.0,0,0
1044,2021,9,antonio-giovinazzi,alfa-romeo,ferrari,14,14,0,15,15,70,1,0,0,0,1,0,0,0,0,0,,,,2,21129.0,48251.0,0,0
1044,2021,9,kimi-raikkonen,alfa-romeo,ferrari,15,15,0,16,16,70,1,0,0,0,1,0,0,0,0,0,,,,1,21896.0,21896.0,0,0
1044,2021,9,nicholas-latifi,williams,mercedes,16,16,0,18,18,70,2,0,0,0,1,0,0,0,0,0,,,,1,21152.0,21152.0,0,0
1044,2021,9,sebastian-vettel,aston-martin,mercedes,17,17,0,11,8,69,-6,0,0,0,1,0,0,0,0,0,,,,2,20841.0,41927.0,0,0
1044,2021,9,mick-schumacher,haas,ferrari,18,18,0,19,19,69,1,0,0,0,1,0,0,0,0,0,,,,1,21798.0,21798.0,0,0
1044,2021,9,nikita-mazepin,haas,ferrari,19,19,0,20,20,69,1,0,0,0,1,0,0,0,0,0,,,,2,22000.0,45182.0,0,0
1044,2021,9,esteban-ocon,alpine,renault,,DNF,0,17,17,0,,0,0,0,0,0,0,0,0,1,Collision,,,0,,,0,0
1045,2021,10,lewis-hamilton,mercedes,mercedes,1,1,25.0,2,2,52,1,1,1,1,1,0,0,0,0,0,,7103284.0,,2,40266.0,2088642.0,0,0
1045,2021,10,charles-leclerc,ferrari,ferrari,2,2,18.0,4,4,52,2,0,1,1,1,0,0,0,1,0,,7107155.0,3871.0,2,28433.0,2076164.0,0,0
1045,2021,10,valtteri-bottas,mercedes,mercedes,3,3,15.0,3,3,52,0,0,1,1,1,0,0,0,0,0,,7114409.0,11125.0,2,28209.0,2077358.0,0,0
1045,2021,10,lando-norris,mclaren,mercedes,4,4,12.0,5,5,52,1,0,0,1,1,0,0,0,0,0,,7131857.0,28573.0,2,31706.0,2083924.0,0,0
1045,2021,10,daniel-ricciardo,mclaren,mercedes,5,5,10.0,6,6,52,1,0,0,1,1,0,0,0,0,0,,7145908.0,42624.0,2,28817.0,2080098.0,0,0
1045,2021,10,carlos-sainz-jr,ferrari,ferrari,6,6,8.0,10,11,52,4,0,0,1,1,0,0,0,0,0,,7146738.0,43454.0,2,37509.0,2096631.0,0,0
1045,2021,10,fernando-alonso,alpine,renault,7,7,6.0,7,7,52,0,0,0,1,1,0,0,0,0,0,,7175377.0,72093.0,2,29743.0,2088323.0,0,0
1045,2021,10,lance-stroll,aston-martin,mercedes,8,8,4.0,14,14,52,6,0,0,1,1,0,0,0,0,0,,7177573.0,74289.0,2,28213.0,2096074.0,0,0
1045,2021,10,esteban-ocon,alpine,renault,9,9,2.0,9,10,52,0,0,0,1,1,0,0,0,0,0,,7179446.0,76162.0,2,28772.0,2095766.0,0,0
1045,2021,10,yuki-tsunoda,alphatauri,honda,10,10,1.0,16,16,52,6,0,0,1,1,0,0,0,0,0,,7185349.0,82065.0,2,29134.0,2104829.0,0,0
1045,2021,10,pierre-gasly,alphatauri,honda,11,11,0,11,12,52,0,0,0,0,1,0,0,0,0,0,,7188611.0,85327.0,3,28180.0,2124109.0,0,0
1045,2021,10,george-russell,williams,mercedes,12,12,0,12,9,51,0,0,0,0,1,0,0,0,0,0,,,,2,27812.0,2100355.0,0,0
1045,2021,10,antonio-giovinazzi,alfa-romeo,ferrari,13,13,0,15,15,51,2,0,0,0,1,0,0,0,0,0,,,,2,28137.0,2098387.0,0,0
1045,2021,10,nicholas-latifi,williams,mercedes,14,14,0,17,17,51,3,0,0,0,1,0,0,0,0,0,,,,2,27543.0,2104707.0,0,0
1045,2021,10,kimi-raikkonen,alfa-romeo,ferrari,15,15,0,13,13,51,-2,0,0,0,1,0,0,0,0,0,,,,2,28110.0,2091094.0,0,0
1045,2021,10,sergio-perez,red-bull,honda,16,16,0,,20,51,4,0,0,0,1,0,1,0,0,0,,,,4,27848.0,2161227.0,0,0
1045,2021,10,nikita-mazepin,haas,ferrari,17,17,0,19,19,51,2,0,0,0,1,0,0,0,0,0,,,,2,29253.0,2106230.0,0,0
1045,2021,10,mick-schumacher,haas,ferrari,18,18,0,18,18,51,0,0,0,0,1,0,0,0,0,0,,,,2,29319.0,2105047.0,0,0
1045,2021,10,sebastian-vettel,aston-martin,mercedes,,DNF,0,8,8,40,,0,0,0,0,0,0,0,0,1,Overheating,,,2,28145.0,2083367.0,0,0
1045,2021,10,max-verstappen,red-bull,honda,,DNF,0,1,1,0,,0,0,0,0,1,0,0,0,1,Collision,,,0,,,1,0
1046,2021,11,esteban-ocon,alpine,renault,1,1,25.0,8,8,70,7,1,1,1,1,0,0,0,0,0,,7483199.0,,3,21642.0,1511354.0,0,0
1046,2021,11,lewis-hamilton,mercedes,mercedes,2,2,18.0,1,1,70,-1,0,1,1,1,1,0,0,0,0,,7485935.0,2736.0,4,21208.0,1513714.0,1,0
1046,2021,11,carlos-sainz-jr,ferrari,ferrari,3,3,15.0,15,15,70,12,0,1,1,1,0,0,0,0,0,,7498217.0,15018.0,3,21951.0,1517264.0,0,0
1046,2021,11,fernando-alonso,alpine,renault,4,4,12.0,9,9,70,5,0,0,1,1,0,0,0,1,0,,7498850.0,15651.0,3,21523.0,1513624.0,0,0
1046,2021,11,pierre-gasly,alphatauri,honda,5,5,11.0,5,5,70,0,0,0,1,1,0,1,0,0,0,,7546813.0,63614.0,4,21295.0,1540292.0,0,0
1046,2021,11,yuki-tsunoda,alphatauri,honda,6,6,8.0,16,16,70,10,0,0,1,1,0,0,0,0,0,,7559002.0,75803.0,3,21819.0,1516189.0,0,0
1046,2021,11,nicholas-latifi,williams,mercedes,7,7,6.0,18,18,70,11,0,0,1,1,0,0,0,0,0,,7561109.0,77910.0,3,22704.0,1516220.0,0,0
1046,2021,11,george-russell,williams,mercedes,8,8,4.0,17,17,70,9,0,0,1,1,0,0,0,0,0,,7562293.0,79094.0,3,22186.0,1509047.0,0,0
1046,2021,11,max-verstappen,red-bull,honda,9,9,2.0,3,3,70,-6,0,0,1,1,0,0,0,0,0,,7563443.0,80244.0,5,20848.0,1556058.0,0,0
1046,2021,11,kimi-raikkonen,alfa-romeo,ferrari,10,10,1.0,13,13,69,3,0,0,1,1,0,0,0,0,0,,,,4,21172.0,1550924.0,0,0
1046,2021,11,daniel-ricciardo,mclaren,mercedes,11,11,0,11,11,69,0,0,0,0,1,0,0,0,0,0,,,,3,21623.0,1513242.0,0,0
1046,2021,11,mick-schumacher,haas,ferrari,12,12,0,20,,69,8,0,0,0,1,0,0,0,0,0,,,,3,22113.0,1515968.0,0,0
1046,2021,11,antonio-giovinazzi,alfa-romeo,ferrari,13,13,0,,14,69,1,0,0,0,1,0,0,0,0,0,,,,5,21874.0,1570886.0,0,0
1046,2021,11,nikita-mazepin,haas,ferrari,,DNF,0,19,19,3,,0,0,0,0,0,0,0,0,1,Collision,,,2,23715.0,1481135.0,0,0
1046,2021,11,lando-norris,mclaren,mercedes,,DNF,0,6,6,2,,0,0,0,0,0,0,0,0,1,Collision damage,,,1,38267.0,38267.0,0,0
1046,2021,11,valtteri-bottas,mercedes,mercedes,,DNF,0,2,2,0,,0,0,0,0,0,0,0,0,1,Collision,,,0,,,0,0
1046,2021,11,sergio-perez,red-bull,honda,,DNF,0,4,4,0,,0,0,0,0,0,0,0,0,1,Collision,,,0,,,0,0
1046,2021,11,charles-leclerc,ferrari,ferrari,,DNF,0,7,7,0,,0,0,0,0,0,0,0,0,1,Collision,,,0,,,0,0
1046,2021,11,lance-stroll,aston-martin,mercedes,,DNF,0,12,12,0,,0,0,0,0,0,0,0,0,1,Collision,,,0,,,0,0
1046,2021,11,sebastian-vettel,aston-martin,mercedes,,DSQ,0,10,10,70,,0,0,0,0,0,0,0,0,1,Fuel sample,7485058.0,1859.0,3,22703.0,1515475.0,0,0
1047,2021,12,max-verstappen,red-bull,honda,1,1,12.5,1,1,1,0,1,1,1,1,1,0,0,0,0,,207071.0,,0,,,1,1
1047,2021,12,george-russell,williams,mercedes,2,2,9.0,2,2,1,0,0,1,1,1,0,0,0,0,0,,209066.0,1995.0,0,,,0,0
1047,2021,12,lewis-hamilton,mercedes,mercedes,3,3,7.5,3,3,1,0,0,1,1,1,0,0,0,0,0,,209672.0,2601.0,0,,,0,0
1047,2021,12,daniel-ricciardo,mclaren,mercedes,4,4,6.0,4,4,1,0,0,0,1,1,0,0,0,0,0,,211567.0,4496.0,0,,,0,0
1047,2021,12,sebastian-vettel,aston-martin,mercedes,5,5,5.0,5,5,1,0,0,0,1,1,0,0,0,0,0,,214550.0,7479.0,0,,,0,0
1047,2021,12,pierre-gasly,alphatauri,honda,6,6,4.0,6,6,1,0,0,0,1,1,0,0,0,0,0,,217248.0,10177.0,0,,,0,0
1047,2021,12,esteban-ocon,alpine,renault,7,7,3.0,8,9,1,1,0,0,1,1,0,0,0,0,0,,218650.0,11579.0,0,,,0,0
1047,2021,12,charles-leclerc,ferrari,ferrari,8,8,2.0,9,11,1,1,0,0,1,1,0,0,0,0,0,,219679.0,12608.0,0,,,0,0
1047,2021,12,nicholas-latifi,williams,mercedes,9,9,1.0,10,12,1,1,0,0,1,1,0,0,0,0,0,,222555.0,15484.0,0,,,0,0
1047,2021,12,carlos-sainz-jr,ferrari,ferrari,10,10,0.5,11,13,1,1,0,0,1,1,0,0,0,0,0,,223237.0,16166.0,0,,,0,0
1047,2021,12,fernando-alonso,alpine,renault,11,11,0,12,14,1,1,0,0,0,1,0,0,0,0,0,,227661.0,20590.0,0,,,0,0
1047,2021,12,valtteri-bottas,mercedes,mercedes,12,12,0,13,8,1,1,0,0,0,1,0,0,0,0,0,,229485.0,22414.0,0,,,0,0
1047,2021,12,antonio-giovinazzi,alfa-romeo,ferrari,13,13,0,14,16,1,1,0,0,0,1,0,0,0,0,0,,231234.0,24163.0,0,,,0,0
1047,2021,12,lando-norris,mclaren,mercedes,14,14,0,15,10,1,1,0,0,0,1,0,0,0,0,0,,234180.0,27109.0,0,,,0,0
1047,2021,12,yuki-tsunoda,alphatauri,honda,15,15,0,16,17,1,1,0,0,0,1,0,0,0,0,0,,235400.0,28329.0,0,,,0,0
1047,2021,12,mick-schumacher,haas,ferrari,16,16,0,17,18,1,1,0,0,0,1,0,0,0,0,0,,236578.0,29507.0,0,,,0,0
1047,2021,12,nikita-mazepin,haas,ferrari,17,17,0,18,20,1,1,0,0,0,1,0,0,0,0,0,,239064.0,31993.0,0,,,0,0
1047,2021,12,kimi-raikkonen,alfa-romeo,ferrari,18,18,0,,19,1,2,0,0,0,1,0,0,0,0,0,,243125.0,36054.0,0,,,0,0
1047,2021,12,sergio-perez,red-bull,honda,19,19,0,,7,1,-12,0,0,0,1,0,0,0,0,0,,245276.0,38205.0,0,,,0,0
1047,2021,12,lance-stroll,aston-martin,mercedes,20,20,0,19,15,1,-1,0,0,0,1,0,0,0,0,0,,251179.0,44108.0,0,,,0,0
1048,2021,13,max-verstappen,red-bull,honda,1,1,25.0,1,1,72,0,1,1,1,1,1,0,0,0,0,,5405395.0,,2,18578.0,37720.0,1,1
1048,2021,13,lewis-hamilton,mercedes,mercedes,2,2,19.0,2,2,72,0,0,1,1,1,0,1,0,0,0,,5426327.0,20932.0,3,18868.0,57840.0,0,0
1048,2021,13,valtteri-bottas,mercedes,mercedes,3,3,15.0,3,3,72,0,0,1,1,1,0,0,0,0,0,,5461855.0,56460.0,2,18873.0,40603.0,0,0
1048,2021,13,pierre-gasly,alphatauri,honda,4,4,12.0,4,4,71,0,0,0,1,1,0,0,0,0,0,,,,1,19163.0,19163.0,0,0
1048,2021,13,charles-leclerc,ferrari,ferrari,5,5,10.0,5,5,71,0,0,0,1,1,0,0,0,0,0,,,,1,19490.0,19490.0,0,0
1048,2021,13,fernando-alonso,alpine,renault,6,6,8.0,9,9,71,3,0,0,1,1,0,0,0,0,0,,,,1,19018.0,19018.0,0,0
1048,2021,13,carlos-sainz-jr,ferrari,ferrari,7,7,6.0,6,6,71,-1,0,0,1,1,0,0,0,0,0,,,,1,20327.0,20327.0,0,0
1048,2021,13,sergio-perez,red-bull,honda,8,8,4.0,,16,71,11,0,0,1,1,0,0,0,1,0,,,,2,18555.0,37842.0,0,0
1048,2021,13,esteban-ocon,alpine,renault,9,9,2.0,8,8,71,-1,0,0,1,1,0,0,0,0,0,,,,1,19240.0,19240.0,0,0
1048,2021,13,lando-norris,mclaren,mercedes,10,10,1.0,13,13,71,3,0,0,1,1,0,0,0,0,0,,,,1,20443.0,20443.0,0,0
1048,2021,13,daniel-ricciardo,mclaren,mercedes,11,11,0,10,10,71,-1,0,0,0,1,0,0,0,0,0,,,,1,19449.0,19449.0,0,0
1048,2021,13,lance-stroll,aston-martin,mercedes,12,12,0,12,12,70,0,0,0,0,1,0,0,0,0,0,,,,1,19389.0,19389.0,0,0
1048,2021,13,sebastian-vettel,aston-martin,mercedes,13,13,0,15,17,70,2,0,0,0,1,0,0,0,0,0,,,,2,18664.0,37345.0,0,0
1048,2021,13,antonio-giovinazzi,alfa-romeo,ferrari,14,14,0,7,7,70,-7,0,0,0,1,0,0,0,0,0,,,,2,19049.0,39092.0,0,0
1048,2021,13,robert-kubica,alfa-romeo,ferrari,15,15,0,16,18,70,1,0,0,0,1,0,0,0,0,0,,,,1,19708.0,19708.0,0,0
1048,2021,13,nicholas-latifi,williams,mercedes,16,16,0,,14,70,4,0,0,0,1,0,0,0,0,0,,,,1,20646.0,20646.0,0,0
1048,2021,13,george-russell,williams,mercedes,17,17,0,11,11,69,-6,0,0,0,1,0,0,0,0,0,Battery,,,2,18634.0,44167.0,0,0
1048,2021,13,mick-schumacher,haas,ferrari,18,18,0,17,19,69,-1,0,0,0,1,0,0,0,0,0,,,,2,24578.0,60151.0,0,0
1048,2021,13,yuki-tsunoda,alphatauri,honda,,DNF,0,14,15,48,,0,0,0,0,0,0,0,0,1,Engine,,,1,19850.0,19850.0,0,0
1048,2021,13,nikita-mazepin,haas,ferrari,,DNF,0,18,20,41,,0,0,0,0,0,0,0,0,1,Water leak,,,1,19999.0,19999.0,0,0
1049,2021,14,daniel-ricciardo,mclaren,mercedes,1,1,26.0,2,3,53,1,1,1,1,1,0,1,0,1,0,,4914365.0,,1,23812.0,23812.0,0,0
1049,2021,14,lando-norris,mclaren,mercedes,2,2,18.0,3,4,53,1,0,1,1,1,0,0,0,0,0,,4916112.0,1747.0,1,24168.0,24168.0,0,0
1049,2021,14,valtteri-bottas,mercedes,mercedes,3,3,15.0,19,1,53,16,0,1,1,1,0,0,0,0,0,,4919286.0,4921.0,1,24308.0,24308.0,0,0
1049,2021,14,charles-leclerc,ferrari,ferrari,4,4,12.0,5,6,53,1,0,0,1,1,0,0,0,0,0,,4921674.0,7309.0,1,24557.0,24557.0,0,0
1049,2021,14,sergio-perez,red-bull,honda,5,5,10.0,8,9,53,3,0,0,1,1,0,0,0,0,0,,4923088.0,8723.0,1,23906.0,23906.0,0,0
1049,2021,14,carlos-sainz-jr,ferrari,ferrari,6,6,8.0,6,7,53,0,0,0,1,1,0,0,0,0,0,,4924900.0,10535.0,1,24283.0,24283.0,0,0
1049,2021,14,lance-stroll,aston-martin,mercedes,7,7,6.0,9,10,53,2,0,0,1,1,0,0,0,0,0,,4930169.0,15804.0,1,24846.0,24846.0,0,0
1049,2021,14,fernando-alonso,alpine,renault,8,8,4.0,10,11,53,2,0,0,1,1,0,0,0,0,0,,4931566.0,17201.0,1,24797.0,24797.0,0,0
1049,2021,14,george-russell,williams,mercedes,9,9,2.0,14,15,53,5,0,0,1,1,0,0,0,0,0,,4934107.0,19742.0,1,24156.0,24156.0,0,0
1049,2021,14,esteban-ocon,alpine,renault,10,10,1.0,12,13,53,2,0,0,1,1,0,0,0,0,0,,4935233.0,20868.0,1,30333.0,30333.0,0,0
1049,2021,14,nicholas-latifi,williams,mercedes,11,11,0,13,14,53,2,0,0,0,1,0,0,0,0,0,,4938108.0,23743.0,1,24168.0,24168.0,0,0
1049,2021,14,sebastian-vettel,aston-martin,mercedes,12,12,0,11,12,53,-1,0,0,0,1,0,0,0,0,0,,4938986.0,24621.0,2,25157.0,51084.0,0,0
1049,2021,14,antonio-giovinazzi,alfa-romeo,ferrari,13,13,0,7,8,53,-6,0,0,0,1,0,0,0,0,0,,4941581.0,27216.0,2,30551.0,67741.0,0,0
1049,2021,14,robert-kubica,alfa-romeo,ferrari,14,14,0,17,18,53,3,0,0,0,1,0,0,0,0,0,,4944134.0,29769.0,1,24501.0,24501.0,0,0
1049,2021,14,mick-schumacher,haas,ferrari,15,15,0,18,19,53,3,0,0,0,1,0,0,0,0,0,,4965453.0,51088.0,1,24714.0,24714.0,0,0
1049,2021,14,nikita-mazepin,haas,ferrari,,DNF,0,16,17,41,,0,0,0,0,0,0,0,0,1,Power unit,,,3,24806.0,80651.0,0,0
1049,2021,14,lewis-hamilton,mercedes,mercedes,,DNF,0,4,5,25,,0,0,0,0,0,0,0,0,1,Collision,,,1,25619.0,25619.0,0,0
1049,2021,14,max-verstappen,red-bull,honda,,DNF,0,1,2,25,,0,0,0,0,1,0,0,0,1,Collision,,,1,32456.0,32456.0,1,0
1049,2021,14,pierre-gasly,alphatauri,honda,,DNF,0,,,3,,0,0,0,0,0,0,0,0,1,Suspension,,,0,,,0,0
1049,2021,14,yuki-tsunoda,alphatauri,honda,,DNS,0,15,16,0,,0,0,0,0,0,0,0,0,1,Brakes,,,0,,,0,0
1050,2021,15,lewis-hamilton,mercedes,mercedes,1,1,25.0,4,4,53,3,1,1,1,1,0,0,0,0,0,,5441001.0,,2,29878.0,59923.0,0,0
1050,2021,15,max-verstappen,red-bull,honda,2,2,18.0,20,20,53,18,0,1,1,1,0,0,0,0,0,,5494272.0,53271.0,2,29578.0,60595.0,0,0
1050,2021,15,carlos-sainz-jr,ferrari,ferrari,3,3,15.0,2,2,53,-1,0,1,1,1,0,0,0,0,0,,5503476.0,62475.0,2,30677.0,61392.0,0,0
1050,2021,15,daniel-ricciardo,mclaren,mercedes,4,4,12.0,5,5,53,1,0,0,1,1,0,0,0,0,0,,5506608.0,65607.0,2,31016.0,64633.0,0,0
1050,2021,15,valtteri-bottas,mercedes,mercedes,5,5,10.0,16,7,53,11,0,0,1,1,0,0,0,0,0,,5508534.0,67533.0,2,29569.0,59505.0,0,0
1050,2021,15,fernando-alonso,alpine,renault,6,6,8.0,6,6,53,0,0,0,1,1,0,0,0,0,0,,5522322.0,81321.0,2,30157.0,60859.0,0,0
1050,2021,15,lando-norris,mclaren,mercedes,7,7,7.0,1,1,53,-6,0,0,1,1,1,1,0,1,0,,5528225.0,87224.0,2,29824.0,62494.0,1,0
1050,2021,15,kimi-raikkonen,alfa-romeo,ferrari,8,8,4.0,13,16,53,5,0,0,1,1,0,0,0,0,0,,5529956.0,88955.0,2,30102.0,60233.0,0,0
1050,2021,15,sergio-perez,red-bull,honda,9,9,2.0,8,9,53,-1,0,0,1,1,0,0,0,0,0,,5531077.0,90076.0,2,32313.0,68339.0,0,0
1050,2021,15,george-russell,williams,mercedes,10,10,1.0,3,3,53,-7,0,0,1,1,0,0,0,0,0,,5541552.0,100551.0,2,30665.0,62746.0,0,0
1050,2021,15,lance-stroll,aston-martin,mercedes,11,11,0,7,8,53,-4,0,0,0,1,0,0,0,0,0,,5557199.0,116198.0,2,30241.0,73365.0,0,0
1050,2021,15,sebastian-vettel,aston-martin,mercedes,12,12,0,10,11,52,-2,0,0,0,1,0,0,0,0,0,,,,2,29242.0,61370.0,0,0
1050,2021,15,pierre-gasly,alphatauri,honda,13,13,0,11,12,52,-2,0,0,0,1,0,0,0,0,0,,,,2,29354.0,61269.0,0,0
1050,2021,15,esteban-ocon,alpine,renault,14,14,0,9,10,52,-5,0,0,0,1,0,0,0,0,0,,,,2,29901.0,63165.0,0,0
1050,2021,15,charles-leclerc,ferrari,ferrari,15,15,0,19,15,52,4,0,0,0,1,0,0,0,0,0,,,,2,31849.0,64497.0,0,0
1050,2021,15,antonio-giovinazzi,alfa-romeo,ferrari,16,16,0,17,18,52,1,0,0,0,1,0,0,0,0,0,,,,2,30081.0,64042.0,0,0
1050,2021,15,yuki-tsunoda,alphatauri,honda,17,17,0,12,13,52,-5,0,0,0,1,0,0,0,0,0,,,,3,30112.0,92064.0,0,0
1050,2021,15,nikita-mazepin,haas,ferrari,18,18,0,15,19,51,-3,0,0,0,1,0,0,0,0,0,,,,2,30127.0,64058.0,0,0
1050,2021,15,nicholas-latifi,williams,mercedes,19,19,0,18,14,47,-1,0,0,0,1,0,0,0,0,0,Accident damage,,,1,30056.0,30056.0,0,0
1050,2021,15,mick-schumacher,haas,ferrari,,DNF,0,14,17,32,,0,0,0,0,0,0,0,0,1,Oil leak,,,1,29996.0,29996.0,0,0
1051,2021,16,valtteri-bottas,mercedes,mercedes,1,1,26.0,1,2,58,0,1,1,1,1,1,1,0,0,0,,5464103.0,,1,22962.0,22962.0,1,1
1051,2021,16,max-verstappen,red-bull,honda,2,2,18.0,2,3,58,0,0,1,1,1,0,0,0,0,0,,5478687.0,14584.0,1,22442.0,22442.0,0,0
1051,2021,16,sergio-perez,red-bull,honda,3,3,15.0,6,7,58,3,0,1,1,1,0,0,0,0,0,,5497574.0,33471.0,1,22463.0,22463.0,0,0
1051,2021,16,charles-leclerc,ferrari,ferrari,4,4,12.0,3,4,58,-1,0,0,1,1,0,0,0,0,0,,5501917.0,37814.0,1,23646.0,23646.0,0,0
1051,2021,16,lewis-hamilton,mercedes,mercedes,5,5,10.0,11,1,58,6,0,0,1,1,0,0,0,0,0,,5505915.0,41812.0,1,22684.0,22684.0,0,0
1051,2021,16,pierre-gasly,alphatauri,honda,6,6,8.0,4,5,58,-2,0,0,1,1,0,0,0,0,0,,5508395.0,44292.0,1,29310.0,29310.0,0,0
1051,2021,16,lando-norris,mclaren,mercedes,7,7,6.0,7,8,58,0,0,0,1,1,0,0,0,0,0,,5511316.0,47213.0,1,23239.0,23239.0,0,0
1051,2021,16,carlos-sainz-jr,ferrari,ferrari,8,8,4.0,19,15,58,11,0,0,1,1,0,0,0,1,0,,5515629.0,51526.0,1,28353.0,28353.0,0,0
1051,2021,16,lance-stroll,aston-martin,mercedes,9,9,2.0,8,9,58,-1,0,0,1,1,0,0,0,0,0,,5546121.0,82018.0,1,35509.0,35509.0,0,0
1051,2021,16,esteban-ocon,alpine,renault,10,10,1.0,12,12,57,2,0,0,1,1,0,0,0,0,0,,,,0,,,0,0
1051,2021,16,antonio-giovinazzi,alfa-romeo,ferrari,11,11,0,16,18,57,5,0,0,0,1,0,0,0,0,0,,,,1,23150.0,23150.0,0,0
1051,2021,16,kimi-raikkonen,alfa-romeo,ferrari,12,12,0,17,19,57,5,0,0,0,1,0,0,0,0,0,,,,1,23164.0,23164.0,0,0
1051,2021,16,daniel-ricciardo,mclaren,mercedes,13,13,0,20,16,57,7,0,0,0,1,0,0,0,0,0,,,,1,23028.0,23028.0,0,0
1051,2021,16,yuki-tsunoda,alphatauri,honda,14,14,0,9,10,57,-5,0,0,0,1,0,0,0,0,0,,,,1,23329.0,23329.0,0,0
1051,2021,16,george-russell,williams,mercedes,15,15,0,13,13,57,-2,0,0,0,1,0,0,0,0,0,,,,1,23551.0,23551.0,0,0
1051,2021,16,fernando-alonso,alpine,renault,16,16,0,5,6,57,-11,0,0,0,1,0,0,0,0,0,,,,1,29116.0,29116.0,0,0
1051,2021,16,nicholas-latifi,williams,mercedes,17,17,0,15,17,57,-2,0,0,0,1,0,0,0,0,0,,,,1,24104.0,24104.0,0,0
1051,2021,16,sebastian-vettel,aston-martin,mercedes,18,18,0,10,11,57,-8,0,0,0,1,0,0,0,0,0,,,,2,23500.0,47014.0,0,0
1051,2021,16,mick-schumacher,haas,ferrari,19,19,0,14,14,56,-5,0,0,0,1,0,0,0,0,0,,,,1,23892.0,23892.0,0,0
1051,2021,16,nikita-mazepin,haas,ferrari,20,20,0,18,20,56,-2,0,0,0,1,0,0,0,0,0,,,,1,23829.0,23829.0,0,0
1052,2021,17,max-verstappen,red-bull,honda,1,1,25.0,1,1,56,0,1,1,1,1,1,0,0,1,0,,5676552.0,,2,23727.0,47779.0,1,1
1052,2021,17,lewis-hamilton,mercedes,mercedes,2,2,19.0,2,2,56,0,0,1,1,1,0,1,0,0,0,,5677885.0,1333.0,2,23676.0,48157.0,0,0
1052,2021,17,sergio-perez,red-bull,honda,3,3,15.0,3,3,56,0,0,1,1,1,0,0,0,0,0,,5718775.0,42223.0,2,23604.0,48622.0,0,0
1052,2021,17,charles-leclerc,ferrari,ferrari,4,4,12.0,4,5,56,0,0,0,1,1,0,0,0,0,0,,5728798.0,52246.0,2,23805.0,47816.0,0,0
1052,2021,17,daniel-ricciardo,mclaren,mercedes,5,5,10.0,6,7,56,1,0,0,1,1,0,0,0,0,0,,5753406.0,76854.0,2,24036.0,48212.0,0,0
1052,2021,17,valtteri-bottas,mercedes,mercedes,6,6,8.0,9,4,56,3,0,0,1,1,0,0,0,0,0,,5756680.0,80128.0,2,23619.0,48063.0,0,0
1052,2021,17,carlos-sainz-jr,ferrari,ferrari,7,7,6.0,5,6,56,-2,0,0,1,1,0,0,0,0,0,,5760097.0,83545.0,2,23414.0,50280.0,0,0
1052,2021,17,lando-norris,mclaren,mercedes,8,8,4.0,7,8,56,-1,0,0,1,1,0,0,0,0,0,,5760947.0,84395.0,2,24385.0,49933.0,0,0
1052,2021,17,yuki-tsunoda,alphatauri,honda,9,9,2.0,10,10,55,1,0,0,1,1,0,0,0,0,0,,,,2,23529.0,47331.0,0,0
1052,2021,17,sebastian-vettel,aston-martin,mercedes,10,10,1.0,18,12,55,8,0,0,1,1,0,0,0,0,0,,,,2,23849.0,48826.0,0,0
1052,2021,17,antonio-giovinazzi,alfa-romeo,ferrari,11,11,0,12,13,55,1,0,0,0,1,0,0,0,0,0,,,,2,23502.0,47495.0,0,0
1052,2021,17,lance-stroll,aston-martin,mercedes,12,12,0,13,16,55,1,0,0,0,1,0,0,0,0,0,,,,2,23455.0,47282.0,0,0
1052,2021,17,kimi-raikkonen,alfa-romeo,ferrari,13,13,0,15,18,55,2,0,0,0,1,0,0,0,0,0,,,,2,24090.0,48281.0,0,0
1052,2021,17,george-russell,williams,mercedes,14,14,0,20,15,55,6,0,0,0,1,0,0,0,0,0,,,,2,23572.0,48552.0,0,0
1052,2021,17,nicholas-latifi,williams,mercedes,15,15,0,14,17,55,-1,0,0,0,1,0,0,0,0,0,,,,2,23653.0,56263.0,0,0
1052,2021,17,mick-schumacher,haas,ferrari,16,16,0,16,19,54,0,0,0,0,1,0,0,0,0,0,,,,2,24247.0,48540.0,0,0
1052,2021,17,nikita-mazepin,haas,ferrari,17,17,0,17,20,54,0,0,0,0,1,0,0,0,0,0,,,,3,24169.0,79453.0,0,0
1052,2021,17,fernando-alonso,alpine,renault,,DNF,0,19,14,49,,0,0,0,0,0,0,0,0,1,Rear wing,,,3,23314.0,70734.0,0,0
1052,2021,17,esteban-ocon,alpine,renault,,DNF,0,11,11,40,,0,0,0,0,0,0,0,0,1,Mechanical,,,2,23919.0,64719.0,0,0
1052,2021,17,pierre-gasly,alphatauri,honda,,DNF,0,8,9,14,,0,0,0,0,0,0,0,0,1,Suspension,,,1,23745.0,23745.0,0,0
1053,2021,18,max-verstappen,red-bull,honda,1,1,25.0,3,3,71,2,1,1,1,1,0,0,0,0,0,,5919086.0,,1,21908.0,21908.0,0,0
1053,2021,18,lewis-hamilton,mercedes,mercedes,2,2,18.0,2,2,71,0,0,1,1,1,0,0,0,0,0,,5935641.0,16555.0,1,22373.0,22373.0,0,0
1053,2021,18,sergio-perez,red-bull,honda,3,3,15.0,4,4,71,1,0,1,1,1,0,0,0,1,0,,5936838.0,17752.0,1,22114.0,22114.0,0,0
1053,2021,18,pierre-gasly,alphatauri,honda,4,4,12.0,5,5,71,1,0,0,1,1,0,0,0,0,0,,5982931.0,63845.0,1,22549.0,22549.0,0,0
1053,2021,18,charles-leclerc,ferrari,ferrari,5,5,10.0,8,8,71,3,0,0,1,1,0,0,0,0,0,,6000123.0,81037.0,1,22085.0,22085.0,0,0
1053,2021,18,carlos-sainz-jr,ferrari,ferrari,6,6,8.0,6,6,70,0,0,0,1,1,0,0,0,0,0,,,,1,22031.0,22031.0,0,0
1053,2021,18,sebastian-vettel,aston-martin,mercedes,7,7,6.0,9,11,70,2,0,0,1,1,0,0,0,0,0,,,,1,22277.0,22277.0,0,0
1053,2021,18,kimi-raikkonen,alfa-romeo,ferrari,8,8,4.0,10,12,70,2,0,0,1,1,0,0,0,0,0,,,,1,22424.0,22424.0,0,0
1053,2021,18,fernando-alonso,alpine,renault,9,9,2.0,12,16,70,3,0,0,1,1,0,0,0,0,0,,,,1,23985.0,23985.0,0,0
1053,2021,18,lando-norris,mclaren,mercedes,10,10,1.0,18,10,70,8,0,0,1,1,0,0,0,0,0,,,,1,22534.0,22534.0,0,0
1053,2021,18,antonio-giovinazzi,alfa-romeo,ferrari,11,11,0,11,14,70,0,0,0,0,1,0,0,0,0,0,,,,1,22205.0,22205.0,0,0
1053,2021,18,daniel-ricciardo,mclaren,mercedes,12,12,0,7,7,70,-5,0,0,0,1,0,0,0,0,0,,,,2,22813.0,60941.0,0,0
1053,2021,18,esteban-ocon,alpine,renault,13,13,0,19,15,70,6,0,0,0,1,0,0,0,0,0,,,,1,23100.0,23100.0,0,0
1053,2021,18,lance-stroll,aston-martin,mercedes,14,14,0,20,20,69,6,0,0,0,1,0,0,0,0,0,,,,2,23586.0,49642.0,0,0
1053,2021,18,valtteri-bottas,mercedes,mercedes,15,15,0,1,1,69,-14,0,0,0,1,1,1,0,0,0,,,,4,22463.0,103250.0,1,0
1053,2021,18,george-russell,williams,mercedes,16,16,0,16,13,69,0,0,0,0,1,0,0,0,0,0,,,,1,21984.0,21984.0,0,0
1053,2021,18,nicholas-latifi,williams,mercedes,17,17,0,13,17,69,-4,0,0,0,1,0,0,0,0,0,,,,2,22739.0,46420.0,0,0
1053,2021,18,nikita-mazepin,haas,ferrari,18,18,0,15,19,68,-3,0,0,0,1,0,0,0,0,0,,,,2,23637.0,48731.0,0,0
1053,2021,18,mick-schumacher,haas,ferrari,,DNF,0,14,18,0,,0,0,0,0,0,0,0,0,1,Collision,,,0,,,0,0
1053,2021,18,yuki-tsunoda,alphatauri,honda,,DNF,0,17,9,0,,0,0,0,0,0,0,0,0,1,Collision,,,0,,,0,0
1054,2021,19,lewis-hamilton,mercedes,mercedes,1,1,25.0,10,5,71,9,1,1,1,1,0,0,0,1,0,,5542851.0,,4,17910.0,81924.0,0,0
1054,2021,19,max-verstappen,red-bull,honda,2,2,18.0,2,2,71,0,0,1,1,1,0,0,0,0,0,,5553347.0,10496.0,4,17807.0,81211.0,0,0
1054,2021,19,valtteri-bottas,mercedes,mercedes,3,3,15.0,1,1,71,-2,0,1,1,1,1,0,0,0,0,,5556427.0,13576.0,4,17837.0,81855.0,1,0
1054,2021,19,sergio-perez,red-bull,honda,4,4,13.0,4,4,71,0,0,0,1,1,0,1,0,0,0,,5582791.0,39940.0,5,18136.0,105181.0,0,0
1054,2021,19,charles-leclerc,ferrari,ferrari,5,5,10.0,6,7,71,1,0,0,1,1,0,0,0,0,0,,5592368.0,49517.0,4,17771.0,81445.0,0,0
1054,2021,19,carlos-sainz-jr,ferrari,ferrari,6,6,8.0,3,3,71,-3,0,0,1,1,0,0,0,0,0,,5594671.0,51820.0,4,18373.0,82899.0,0,0
1054,2021,19,pierre-gasly,alphatauri,honda,7,7,6.0,7,8,70,0,0,0,1,1,0,0,0,0,0,,,,4,18608.0,84202.0,0,0
1054,2021,19,esteban-ocon,alpine,renault,8,8,4.0,8,9,70,0,0,0,1,1,0,0,0,0,0,,,,3,17818.0,60607.0,0,0
1054,2021,19,fernando-alonso,alpine,renault,9,9,2.0,12,12,70,3,0,0,1,1,0,0,0,0,0,,,,3,17705.0,59831.0,0,0
1054,2021,19,lando-norris,mclaren,mercedes,10,10,1.0,5,6,70,-5,0,0,1,1,0,0,0,0,0,,,,5,17673.0,106092.0,0,0
1054,2021,19,sebastian-vettel,aston-martin,mercedes,11,11,0,9,10,70,-2,0,0,0,1,0,0,0,0,0,,,,4,17896.0,83445.0,0,0
1054,2021,19,kimi-raikkonen,alfa-romeo,ferrari,12,12,0,,18,70,8,0,0,0,1,0,0,0,0,0,,,,4,18327.0,83297.0,0,0
1054,2021,19,george-russell,williams,mercedes,13,13,0,17,17,70,4,0,0,0,1,0,0,0,0,0,,,,4,18179.0,85133.0,0,0
1054,2021,19,antonio-giovinazzi,alfa-romeo,ferrari,14,14,0,13,13,70,-1,0,0,0,1,0,0,0,0,0,,,,4,17713.0,82090.0,0,0
1054,2021,19,yuki-tsunoda,alphatauri,honda,15,15,0,15,15,70,0,0,0,0,1,0,0,0,0,0,,,,5,17711.0,121323.0,0,0
1054,2021,19,nicholas-latifi,williams,mercedes,16,16,0,16,16,70,0,0,0,0,1,0,0,0,0,0,,,,4,18153.0,82831.0,0,0
1054,2021,19,nikita-mazepin,haas,ferrari,17,17,0,19,20,69,2,0,0,0,1,0,0,0,0,0,,,,3,17995.0,60008.0,0,0
1054,2021,19,mick-schumacher,haas,ferrari,18,18,0,18,19,69,0,0,0,0,1,0,0,0,0,0,,,,5,17861.0,127846.0,0,0
1054,2021,19,daniel-ricciardo,mclaren,mercedes,,DNF,0,11,11,49,,0,0,0,0,0,0,0,0,1,Power loss,,,3,18347.0,60918.0,0,0
1054,2021,19,lance-stroll,aston-martin,mercedes,,DNF,0,14,14,47,,0,0,0,0,0,0,0,0,1,Collision damage,,,3,17935.0,60880.0,0,0
1055,2021,20,lewis-hamilton,mercedes,mercedes,1,1,25.0,1,1,57,0,1,1,1,1,1,0,0,0,0,,5068471.0,,2,25235.0,50616.0,1,1
1055,2021,20,max-verstappen,red-bull,honda,2,2,19.0,7,2,57,5,0,1,1,1,0,1,0,0,0,,5094214.0,25743.0,3,25175.0,75940.0,0,0
1055,2021,20,fernando-alonso,alpine,renault,3,3,15.0,3,5,57,0,0,1,1,1,0,0,0,1,0,,5127928.0,59457.0,1,25991.0,25991.0,0,0
1055,2021,20,sergio-perez,red-bull,honda,4,4,12.0,11,11,57,7,0,0,1,1,0,0,0,0,0,,5130777.0,62306.0,2,25419.0,50839.0,0,0
1055,2021,20,esteban-ocon,alpine,renault,5,5,10.0,9,9,57,4,0,0,1,1,0,0,0,0,0,,5149041.0,80570.0,1,25517.0,25517.0,0,0
1055,2021,20,lance-stroll,aston-martin,mercedes,6,6,8.0,12,12,57,6,0,0,1,1,0,0,0,0,0,,5149745.0,81274.0,1,26157.0,26157.0,0,0
1055,2021,20,carlos-sainz-jr,ferrari,ferrari,7,7,6.0,5,7,57,-2,0,0,1,1,0,0,0,0,0,,5150382.0,81911.0,1,25639.0,25639.0,0,0
1055,2021,20,charles-leclerc,ferrari,ferrari,8,8,4.0,13,13,57,5,0,0,1,1,0,0,0,0,0,,5151597.0,83126.0,1,25799.0,25799.0,0,0
1055,2021,20,lando-norris,mclaren,mercedes,9,9,2.0,4,6,56,-5,0,0,1,1,0,0,0,0,0,,,,2,25319.0,51871.0,0,0
1055,2021,20,sebastian-vettel,aston-martin,mercedes,10,10,1.0,10,10,56,0,0,0,1,1,0,0,0,0,0,,,,1,25726.0,25726.0,0,0
1055,2021,20,pierre-gasly,alphatauri,honda,11,11,0,2,4,56,-9,0,0,0,1,0,0,0,0,0,,,,2,25630.0,51739.0,0,0
1055,2021,20,daniel-ricciardo,mclaren,mercedes,12,12,0,14,14,56,2,0,0,0,1,0,0,0,0,0,,,,1,25562.0,25562.0,0,0
1055,2021,20,yuki-tsunoda,alphatauri,honda,13,13,0,8,8,56,-5,0,0,0,1,0,0,0,0,0,,,,2,25659.0,52333.0,0,0
1055,2021,20,kimi-raikkonen,alfa-romeo,ferrari,14,14,0,16,16,56,2,0,0,0,1,0,0,0,0,0,,,,2,25633.0,51807.0,0,0
1055,2021,20,antonio-giovinazzi,alfa-romeo,ferrari,15,15,0,18,18,56,3,0,0,0,1,0,0,0,0,0,,,,2,25347.0,51334.0,0,0
1055,2021,20,mick-schumacher,haas,ferrari,16,16,0,19,19,56,3,0,0,0,1,0,0,0,0,0,,,,1,25881.0,25881.0,0,0
1055,2021,20,george-russell,williams,mercedes,17,17,0,15,15,55,-2,0,0,0,1,0,0,0,0,0,,,,2,26121.0,61127.0,0,0
1055,2021,20,nikita-mazepin,haas,ferrari,18,18,0,20,20,55,2,0,0,0,1,0,0,0,0,0,,,,1,26515.0,26515.0,0,0
1055,2021,20,nicholas-latifi,williams,mercedes,,DNF,0,17,17,50,,0,0,0,0,0,0,0,0,1,Puncture,,,1,25811.0,25811.0,0,0
1055,2021,20,valtteri-bottas,mercedes,mercedes,,DNF,0,6,3,48,,0,0,0,0,0,0,0,0,1,Puncture damage,,,1,36341.0,36341.0,0,0
1056,2021,21,lewis-hamilton,mercedes,mercedes,1,1,26.0,1,1,50,0,1,1,1,1,1,1,0,0,0,,7575118.0,,3,20580.0,2103110.0,1,1
1056,2021,21,max-verstappen,red-bull,honda,2,2,18.0,3,3,50,1,0,1,1,1,0,0,0,1,0,,7596943.0,21825.0,2,996375.0,2083966.0,0,0
1056,2021,21,valtteri-bottas,mercedes,mercedes,3,3,15.0,2,2,50,-1,0,1,1,1,0,0,0,0,0,,7602649.0,27531.0,3,21668.0,2107083.0,0,0
1056,2021,21,esteban-ocon,alpine,renault,4,4,12.0,9,9,50,5,0,0,1,1,0,0,0,0,0,,7602751.0,27633.0,2,997126.0,2085416.0,0,0
1056,2021,21,daniel-ricciardo,mclaren,mercedes,5,5,10.0,11,11,50,6,0,0,1,1,0,0,0,0,0,,7615239.0,40121.0,2,997029.0,2084325.0,0,0
1056,2021,21,pierre-gasly,alphatauri,honda,6,6,8.0,6,6,50,0,0,0,1,1,0,0,0,0,0,,7616731.0,41613.0,2,1001775.0,2094062.0,0,0
1056,2021,21,charles-leclerc,ferrari,ferrari,7,7,6.0,4,4,50,-3,0,0,1,1,0,0,0,0,0,,7619593.0,44475.0,3,20531.0,2115208.0,0,0
1056,2021,21,carlos-sainz-jr,ferrari,ferrari,8,8,4.0,15,15,50,7,0,0,1,1,0,0,0,0,0,,7621724.0,46606.0,2,1004618.0,2101812.0,0,0
1056,2021,21,antonio-giovinazzi,alfa-romeo,ferrari,9,9,2.0,10,10,50,1,0,0,1,1,0,0,0,0,0,,7633623.0,58505.0,2,1004917.0,2099666.0,0,0
1056,2021,21,lando-norris,mclaren,mercedes,10,10,1.0,7,7,50,-3,0,0,1,1,0,0,0,0,0,,7636476.0,61358.0,3,20973.0,2154852.0,0,0
1056,2021,21,lance-stroll,aston-martin,mercedes,11,11,0,18,18,50,7,0,0,0,1,0,0,0,0,0,,7652330.0,77212.0,3,27165.0,2151083.0,0,0
1056,2021,21,nicholas-latifi,williams,mercedes,12,12,0,16,16,50,4,0,0,0,1,0,0,0,0,0,,7658367.0,83249.0,3,24220.0,2148529.0,0,0
1056,2021,21,fernando-alonso,alpine,renault,13,13,0,13,13,49,0,0,0,0,1,0,0,0,0,0,,,,4,20405.0,2163178.0,0,0
1056,2021,21,yuki-tsunoda,alphatauri,honda,14,14,0,8,8,49,-6,0,0,0,1,0,0,0,0,0,,,,3,27874.0,2134925.0,0,0
1056,2021,21,kimi-raikkonen,alfa-romeo,ferrari,15,15,0,12,12,49,-3,0,0,0,1,0,0,0,0,0,,,,3,34489.0,2142340.0,0,0
1056,2021,21,sebastian-vettel,aston-martin,mercedes,,DNF,0,17,17,44,,0,0,0,0,0,0,0,0,1,Collision damage,,,2,1012304.0,2111053.0,0,0
1056,2021,21,sergio-perez,red-bull,honda,,DNF,0,5,5,14,,0,0,0,0,0,0,0,0,1,Collision,,,2,20710.0,1023329.0,0,0
1056,2021,21,nikita-mazepin,haas,ferrari,,DNF,0,20,20,14,,0,0,0,0,0,0,0,0,1,Collision,,,1,1019226.0,1019226.0,0,0
1056,2021,21,george-russell,williams,mercedes,,DNF,0,14,14,14,,0,0,0,0,0,0,0,0,1,Collision,,,2,20519.0,1042134.0,0,0
1056,2021,21,mick-schumacher,haas,ferrari,,DNF,0,19,19,8,,0,0,0,0,0,0,0,0,1,Accident,,,0,,,0,0
1057,2021,22,max-verstappen,red-bull,honda,1,1,26.0,1,1,58,0,1,1,1,1,1,1,0,0,0,,5417345.0,,3,21152.0,64476.0,1,1
1057,2021,22,lewis-hamilton,mercedes,mercedes,2,2,18.0,2,2,58,0,0,1,1,1,0,0,0,0,0,,5419601.0,2256.0,1,21595.0,21595.0,0,0
1057,2021,22,carlos-sainz-jr,ferrari,ferrari,3,3,15.0,5,5,58,2,0,1,1,1,0,0,0,0,0,,5422518.0,5173.0,1,22213.0,22213.0,0,0
1057,2021,22,yuki-tsunoda,alphatauri,honda,4,4,12.0,8,8,58,4,0,0,1,1,0,0,0,0,0,,5423037.0,5692.0,2,21909.0,44364.0,0,0
1057,2021,22,pierre-gasly,alphatauri,honda,5,5,10.0,12,12,58,7,0,0,1,1,0,0,0,0,0,,5423876.0,6531.0,2,21920.0,44053.0,0,0
1057,2021,22,valtteri-bottas,mercedes,mercedes,6,6,8.0,6,6,58,0,0,0,1,1,0,0,0,0,0,,5424808.0,7463.0,1,21669.0,21669.0,0,0
1057,2021,22,lando-norris,mclaren,mercedes,7,7,6.0,3,3,58,-4,0,0,1,1,0,0,0,0,0,,5476545.0,59200.0,2,21380.0,43553.0,0,0
1057,2021,22,fernando-alonso,alpine,renault,8,8,4.0,11,11,58,3,0,0,1,1,0,0,0,0,0,,5479053.0,61708.0,1,21304.0,21304.0,0,0
1057,2021,22,esteban-ocon,alpine,renault,9,9,2.0,9,9,58,0,0,0,1,1,0,0,0,0,0,,5481371.0,64026.0,1,21677.0,21677.0,0,0
1057,2021,22,charles-leclerc,ferrari,ferrari,10,10,1.0,7,7,58,-3,0,0,1,1,0,0,0,0,0,,5483402.0,66057.0,2,21173.0,43634.0,0,0
1057,2021,22,sebastian-vettel,aston-martin,mercedes,11,11,0,15,15,58,4,0,0,0,1,0,0,0,0,0,,5484872.0,67527.0,1,21221.0,21221.0,0,0
1057,2021,22,daniel-ricciardo,mclaren,mercedes,12,12,0,10,10,57,-2,0,0,0,1,0,0,0,0,0,,,,2,21449.0,43505.0,0,0
1057,2021,22,lance-stroll,aston-martin,mercedes,13,13,0,13,13,57,0,0,0,0,1,0,0,0,0,0,,,,2,22288.0,44949.0,0,0
1057,2021,22,mick-schumacher,haas,ferrari,14,14,0,19,19,57,5,0,0,0,1,0,0,0,0,0,,,,2,22070.0,44194.0,0,0
1057,2021,22,sergio-perez,red-bull,honda,15,15,0,4,4,55,-11,0,0,0,1,0,0,0,0,0,Oil pressure,,,3,21385.0,64269.0,0,0
1057,2021,22,nicholas-latifi,williams,mercedes,,DNF,0,16,16,50,,0,0,0,0,0,0,0,0,1,Accident,,,1,21241.0,21241.0,0,0
1057,2021,22,antonio-giovinazzi,alfa-romeo,ferrari,,DNF,0,14,14,33,,0,0,0,0,0,0,0,0,1,Hydraulics,,,1,22283.0,22283.0,0,0
1057,2021,22,george-russell,williams,mercedes,,DNF,0,17,17,26,,0,0,0,0,0,0,0,0,1,Gearbox,,,0,,,0,0
1057,2021,22,kimi-raikkonen,alfa-romeo,ferrari,,DNF,0,18,18,25,,0,0,0,0,0,0,0,1,1,Brakes,,,1,22338.0,22338.0,0,0
1057,2021,22,nikita-mazepin,haas,ferrari,,DNS,0,,20,0,,0,0,0,0,0,0,0,0,1,Withdrew,,,0,,,0,0
1058,2022,1,charles-leclerc,ferrari,ferrari,1,1,26.0,1,1,57,0,1,1,1,1,1,1,0,1,0,,5853584.0,,3,24527.0,74152.0,1,1
1058,2022,1,carlos-sainz-jr,ferrari,ferrari,2,2,18.0,3,3,57,1,0,1,1,1,0,0,0,0,0,,5859182.0,5598.0,3,24287.0,73391.0,0,0
1058,2022,1,lewis-hamilton,mercedes,mercedes,3,3,15.0,5,5,57,2,0,1,1,1,0,0,0,0,0,,5863259.0,9675.0,3,25201.0,76576.0,0,0
1058,2022,1,george-russell,mercedes,mercedes,4,4,12.0,9,9,57,5,0,0,1,1,0,0,0,0,0,,5864795.0,11211.0,3,25334.0,76796.0,0,0
1058,2022,1,kevin-magnussen,haas,ferrari,5,5,10.0,7,7,57,2,0,0,1,1,0,0,0,0,0,,5868338.0,14754.0,3,25478.0,77405.0,0,0
1058,2022,1,valtteri-bottas,alfa-romeo,ferrari,6,6,8.0,6,6,57,0,0,0,1,1,0,0,0,0,0,,5869703.0,16119.0,3,25156.0,76237.0,0,0
1058,2022,1,esteban-ocon,alpine,renault,7,7,6.0,11,11,57,4,0,0,1,1,0,0,0,0,0,,5873007.0,19423.0,3,24233.0,80110.0,0,0
1058,2022,1,yuki-tsunoda,alphatauri,rbpt,8,8,4.0,16,16,57,8,0,0,1,1,0,0,0,0,0,,5873970.0,20386.0,3,24188.0,74633.0,0,0
1058,2022,1,fernando-alonso,alpine,renault,9,9,2.0,8,8,57,-1,0,0,1,1,0,0,0,0,0,,5875974.0,22390.0,3,24508.0,74782.0,0,0
1058,2022,1,guanyu-zhou,alfa-romeo,ferrari,10,10,1.0,15,15,57,5,0,0,1,1,0,0,0,0,0,,5876648.0,23064.0,3,25291.0,79366.0,0,0
1058,2022,1,mick-schumacher,haas,ferrari,11,11,0,12,12,57,1,0,0,0,1,0,0,0,0,0,,5886158.0,32574.0,2,25214.0,50800.0,0,0
1058,2022,1,lance-stroll,aston-martin,mercedes,12,12,0,19,19,57,7,0,0,0,1,0,0,0,0,0,,5899457.0,45873.0,3,25039.0,77735.0,0,0
1058,2022,1,alexander-albon,williams,mercedes,13,13,0,14,14,57,1,0,0,0,1,0,0,0,0,0,,5907516.0,53932.0,3,24874.0,75499.0,0,0
1058,2022,1,daniel-ricciardo,mclaren,mercedes,14,14,0,18,18,57,4,0,0,0,1,0,0,0,0,0,,5908559.0,54975.0,3,24885.0,74939.0,0,0
1058,2022,1,lando-norris,mclaren,mercedes,15,15,0,13,13,57,-2,0,0,0,1,0,0,0,0,0,,5909919.0,56335.0,3,24568.0,76910.0,0,0
1058,2022,1,nicholas-latifi,williams,mercedes,16,16,0,20,20,57,4,0,0,0,1,0,0,0,0,0,,5915379.0,61795.0,3,24457.0,73893.0,0,0
1058,2022,1,nico-hulkenberg,aston-martin,mercedes,17,17,0,17,17,57,0,0,0,0,1,0,0,0,0,0,,5917413.0,63829.0,3,25748.0,79825.0,0,0
1058,2022,1,sergio-perez,red-bull,rbpt,18,18,0,4,4,56,-14,0,0,0,1,0,0,0,0,0,Fuel system,,,3,24173.0,74166.0,0,0
1058,2022,1,max-verstappen,red-bull,rbpt,19,19,0,2,2,54,-17,0,0,0,1,0,0,0,0,0,Fuel system,,,3,24402.0,74236.0,0,0
1058,2022,1,pierre-gasly,alphatauri,rbpt,,DNF,0,10,10,44,,0,0,0,0,0,0,0,0,1,Power unit,,,2,24575.0,50450.0,0,0
1059,2022,2,max-verstappen,red-bull,rbpt,1,1,25.0,4,4,50,3,1,1,1,1,0,0,0,0,0,,5059293.0,,1,20731.0,20731.0,0,0
1059,2022,2,charles-leclerc,ferrari,ferrari,2,2,19.0,2,2,50,0,0,1,1,1,0,1,0,1,0,,5059842.0,549.0,1,21038.0,21038.0,0,0
1059,2022,2,carlos-sainz-jr,ferrari,ferrari,3,3,15.0,3,3,50,0,0,1,1,1,0,0,0,0,0,,5067390.0,8097.0,1,21521.0,21521.0,0,0
1059,2022,2,sergio-perez,red-bull,rbpt,4,4,12.0,1,1,50,-3,0,0,1,1,1,0,0,0,0,,5070093.0,10800.0,1,20481.0,20481.0,1,0
1059,2022,2,george-russell,mercedes,mercedes,5,5,10.0,6,6,50,1,0,0,1,1,0,0,0,0,0,,5092025.0,32732.0,1,21415.0,21415.0,0,0
1059,2022,2,esteban-ocon,alpine,renault,6,6,8.0,5,5,50,-1,0,0,1,1,0,0,0,0,0,,5115310.0,56017.0,1,21141.0,21141.0,0,0
1059,2022,2,lando-norris,mclaren,mercedes,7,7,6.0,11,11,50,4,0,0,1,1,0,0,0,0,0,,5115417.0,56124.0,1,20383.0,20383.0,0,0
1059,2022,2,pierre-gasly,alphatauri,rbpt,8,8,4.0,9,9,50,1,0,0,1,1,0,0,0,0,0,,5122239.0,62946.0,1,22820.0,22820.0,0,0
1059,2022,2,kevin-magnussen,haas,ferrari,9,9,2.0,10,10,50,1,0,0,1,1,0,0,0,0,0,,5123601.0,64308.0,1,22374.0,22374.0,0,0
1059,2022,2,lewis-hamilton,mercedes,mercedes,10,10,1.0,15,16,50,5,0,0,1,1,0,0,0,0,0,,5133241.0,73948.0,1,21788.0,21788.0,0,0
1059,2022,2,guanyu-zhou,alfa-romeo,ferrari,11,11,0,12,13,50,1,0,0,0,1,0,0,0,0,0,,5141508.0,82215.0,2,15103.0,48837.0,0,0
1059,2022,2,nico-hulkenberg,aston-martin,mercedes,12,12,0,17,18,50,5,0,0,0,1,0,0,0,0,0,,5151035.0,91742.0,1,21425.0,21425.0,0,0
1059,2022,2,lance-stroll,aston-martin,mercedes,13,13,0,13,15,49,0,0,0,0,1,0,0,0,0,0,,,,1,22339.0,22339.0,0,0
1059,2022,2,alexander-albon,williams,mercedes,14,14,0,16,17,47,2,0,0,0,1,0,0,0,0,0,Collision damage,,,1,20683.0,20683.0,0,0
1059,2022,2,valtteri-bottas,alfa-romeo,ferrari,,DNF,0,8,8,36,,0,0,0,0,0,0,0,0,1,Cooling system,,,2,22561.0,45271.0,0,0
1059,2022,2,fernando-alonso,alpine,renault,,DNF,0,7,7,35,,0,0,0,0,0,0,0,0,1,Water pressure,,,1,21543.0,21543.0,0,0
1059,2022,2,daniel-ricciardo,mclaren,mercedes,,DNF,0,14,12,35,,0,0,0,0,0,0,0,0,1,Gearbox,,,1,20650.0,20650.0,0,0
1059,2022,2,nicholas-latifi,williams,mercedes,,DNF,0,18,19,14,,0,0,0,0,0,0,0,0,1,Accident,,,0,,,0,0
1059,2022,2,yuki-tsunoda,alphatauri,rbpt,,DNS,0,,,0,,0,0,0,0,0,0,0,0,1,Power unit,,,0,,,0,0
1059,2022,2,mick-schumacher,haas,ferrari,,DNS,0,,14,0,,0,0,0,0,0,0,0,0,1,Accident in qualifying,,,0,,,0,0
1060,2022,3,charles-leclerc,ferrari,ferrari,1,1,26.0,1,1,58,0,1,1,1,1,1,1,1,1,0,,5266548.0,,1,17973.0,17973.0,1,1
1060,2022,3,sergio-perez,red-bull,rbpt,2,2,18.0,3,3,58,1,0,1,1,1,0,0,0,0,0,,5287072.0,20524.0,1,17434.0,17434.0,0,0
1060,2022,3,george-russell,mercedes,mercedes,3,3,15.0,6,6,58,3,0,1,1,1,0,0,0,0,0,,5292141.0,25593.0,1,18479.0,18479.0,0,0
1060,2022,3,lewis-hamilton,mercedes,mercedes,4,4,12.0,5,5,58,1,0,0,1,1,0,0,0,0,0,,5295091.0,28543.0,1,17877.0,17877.0,0,0
1060,2022,3,lando-norris,mclaren,mercedes,5,5,10.0,4,4,58,-1,0,0,1,1,0,0,0,0,0,,5319851.0,53303.0,1,17556.0,17556.0,0,0
1060,2022,3,daniel-ricciardo,mclaren,mercedes,6,6,8.0,7,7,58,1,0,0,1,1,0,0,0,0,0,,5320285.0,53737.0,1,18150.0,18150.0,0,0
1060,2022,3,esteban-ocon,alpine,renault,7,7,6.0,8,8,58,1,0,0,1,1,0,0,0,0,0,,5328231.0,61683.0,1,19128.0,19128.0,0,0
1060,2022,3,valtteri-bottas,alfa-romeo,ferrari,8,8,4.0,12,12,58,4,0,0,1,1,0,0,0,0,0,,5334987.0,68439.0,1,18413.0,18413.0,0,0
1060,2022,3,pierre-gasly,alphatauri,rbpt,9,9,2.0,11,11,58,2,0,0,1,1,0,0,0,0,0,,5342769.0,76221.0,1,18926.0,18926.0,0,0
1060,2022,3,alexander-albon,williams,mercedes,10,10,1.0,20,,58,10,0,0,1,1,0,0,0,0,0,,5345930.0,79382.0,1,19845.0,19845.0,0,0
1060,2022,3,guanyu-zhou,alfa-romeo,ferrari,11,11,0,14,14,58,3,0,0,0,1,0,0,0,0,0,,5348243.0,81695.0,1,18380.0,18380.0,0,0
1060,2022,3,lance-stroll,aston-martin,mercedes,12,12,0,19,,58,7,0,0,0,1,0,0,0,0,0,,5355146.0,88598.0,3,18242.0,57204.0,0,0
1060,2022,3,mick-schumacher,haas,ferrari,13,13,0,15,15,57,2,0,0,0,1,0,0,0,0,0,,,,1,19039.0,19039.0,0,0
1060,2022,3,kevin-magnussen,haas,ferrari,14,14,0,16,16,57,2,0,0,0,1,0,0,0,0,0,,,,1,19111.0,19111.0,0,0
1060,2022,3,yuki-tsunoda,alphatauri,rbpt,15,15,0,13,13,57,-2,0,0,0,1,0,0,0,0,0,,,,1,18443.0,18443.0,0,0
1060,2022,3,nicholas-latifi,williams,mercedes,16,16,0,18,18,57,2,0,0,0,1,0,0,0,0,0,,,,2,17936.0,36488.0,0,0
1060,2022,3,fernando-alonso,alpine,renault,17,17,0,10,10,57,-7,0,0,0,1,0,0,0,0,0,,,,2,18394.0,37190.0,0,0
1060,2022,3,max-verstappen,red-bull,rbpt,,DNF,0,2,2,38,,0,0,0,0,0,0,0,0,1,Fuel leak,,,1,18281.0,18281.0,0,0
1060,2022,3,sebastian-vettel,aston-martin,mercedes,,DNF,0,17,17,22,,0,0,0,0,0,0,0,0,1,Accident,,,0,,,0,0
1060,2022,3,carlos-sainz-jr,ferrari,ferrari,,DNF,0,9,9,1,,0,0,0,0,0,0,0,0,1,Spun off,,,0,,,0,0
1061,2022,4,max-verstappen,red-bull,rbpt,1,1,26.0,1,1,63,0,1,1,1,1,1,1,1,1,0,,5527986.0,,2,29942.0,59943.0,1,1
1061,2022,4,sergio-perez,red-bull,rbpt,2,2,18.0,3,3,63,1,0,1,1,1,0,0,0,0,0,,5544513.0,16527.0,2,29627.0,59993.0,0,0
1061,2022,4,lando-norris,mclaren,mercedes,3,3,15.0,5,5,63,2,0,1,1,1,0,0,0,0,0,,5562820.0,34834.0,1,30070.0,30070.0,0,0
1061,2022,4,george-russell,mercedes,mercedes,4,4,12.0,11,11,63,7,0,0,1,1,0,0,0,0,0,,5570492.0,42506.0,1,31079.0,31079.0,0,0
1061,2022,4,valtteri-bottas,alfa-romeo,ferrari,5,5,10.0,7,7,63,2,0,0,1,1,0,0,0,0,0,,5571167.0,43181.0,1,40957.0,40957.0,0,0
1061,2022,4,charles-leclerc,ferrari,ferrari,6,6,8.0,2,2,63,-4,0,0,1,1,0,0,0,0,0,,5584058.0,56072.0,3,30042.0,98396.0,0,0
1061,2022,4,yuki-tsunoda,alphatauri,rbpt,7,7,6.0,12,12,63,5,0,0,1,1,0,0,0,0,0,,5589096.0,61110.0,1,30372.0,30372.0,0,0
1061,2022,4,sebastian-vettel,aston-martin,mercedes,8,8,4.0,13,13,63,5,0,0,1,1,0,0,0,0,0,,5598878.0,70892.0,1,30484.0,30484.0,0,0
1061,2022,4,kevin-magnussen,haas,ferrari,9,9,2.0,8,8,63,-1,0,0,1,1,0,0,0,0,0,,5603246.0,75260.0,1,33765.0,33765.0,0,0
1061,2022,4,lance-stroll,aston-martin,mercedes,10,10,1.0,15,15,62,5,0,0,1,1,0,0,0,0,0,,,,1,32667.0,32667.0,0,0
1061,2022,4,alexander-albon,williams,mercedes,11,11,0,18,18,62,7,0,0,0,1,0,0,0,0,0,,,,1,30793.0,30793.0,0,0
1061,2022,4,pierre-gasly,alphatauri,rbpt,12,12,0,17,17,62,5,0,0,0,1,0,0,0,0,0,,,,1,30405.0,30405.0,0,0
1061,2022,4,lewis-hamilton,mercedes,mercedes,13,13,0,14,14,62,1,0,0,0,1,0,0,0,0,0,,,,1,32740.0,32740.0,0,0
1061,2022,4,esteban-ocon,alpine,renault,14,14,0,16,16,62,2,0,0,0,1,0,0,0,0,0,,,,1,31409.0,31409.0,0,0
1061,2022,4,guanyu-zhou,alfa-romeo,ferrari,15,15,0,,,62,5,0,0,0,1,0,0,0,0,0,,,,1,32203.0,32203.0,0,0
1061,2022,4,nicholas-latifi,williams,mercedes,16,16,0,19,19,62,3,0,0,0,1,0,0,0,0,0,,,,1,31125.0,31125.0,0,0
1061,2022,4,mick-schumacher,haas,ferrari,17,17,0,10,10,62,-7,0,0,0,1,0,0,0,0,0,,,,2,30984.0,62304.0,0,0
1061,2022,4,daniel-ricciardo,mclaren,mercedes,18,18,0,6,6,62,-12,0,0,0,1,0,0,0,0,0,,,,3,30155.0,92939.0,0,0
1061,2022,4,fernando-alonso,alpine,renault,,DNF,0,9,9,6,,0,0,0,0,0,0,0,0,1,Collision damage,,,0,,,0,0
1061,2022,4,carlos-sainz-jr,ferrari,ferrari,,DNF,0,4,4,0,,0,0,0,0,0,0,0,0,1,Collision,,,0,,,0,0
1062,2022,5,max-verstappen,red-bull,rbpt,1,1,26.0,3,3,57,2,1,1,1,1,0,1,0,1,0,,5664258.0,,1,18798.0,18798.0,0,0
1062,2022,5,charles-leclerc,ferrari,ferrari,2,2,18.0,1,1,57,-1,0,1,1,1,1,0,0,0,0,,5668044.0,3786.0,1,19697.0,19697.0,1,0
1062,2022,5,carlos-sainz-jr,ferrari,ferrari,3,3,15.0,2,2,57,-1,0,1,1,1,0,0,0,0,0,,5672487.0,8229.0,1,22063.0,22063.0,0,0
1062,2022,5,sergio-perez,red-bull,rbpt,4,4,12.0,4,4,57,0,0,0,1,1,0,0,0,0,0,,5674896.0,10638.0,2,18433.0,36952.0,0,0
1062,2022,5,george-russell,mercedes,mercedes,5,5,10.0,12,12,57,7,0,0,1,1,0,0,0,0,0,,5682840.0,18582.0,1,19035.0,19035.0,0,0
1062,2022,5,lewis-hamilton,mercedes,mercedes,6,6,8.0,6,6,57,0,0,0,1,1,0,0,0,0,0,,5685626.0,21368.0,1,18820.0,18820.0,0,0
1062,2022,5,valtteri-bottas,alfa-romeo,ferrari,7,7,6.0,5,5,57,-2,0,0,1,1,0,0,0,0,0,,5689331.0,25073.0,1,19614.0,19614.0,0,0
1062,2022,5,esteban-ocon,alpine,renault,8,8,4.0,20,,57,12,0,0,1,1,0,0,0,0,0,,5692644.0,28386.0,1,19019.0,19019.0,0,0
1062,2022,5,alexander-albon,williams,mercedes,9,9,2.0,18,18,57,9,0,0,1,1,0,0,0,0,0,,5696623.0,32365.0,1,20059.0,20059.0,0,0
1062,2022,5,lance-stroll,aston-martin,mercedes,10,10,1.0,,10,57,0,0,0,1,1,0,0,0,0,0,,5701284.0,37026.0,1,19074.0,19074.0,0,0
1062,2022,5,fernando-alonso,alpine,renault,11,11,0,11,11,57,0,0,0,0,1,0,0,0,0,0,,5701386.0,37128.0,1,21638.0,21638.0,0,0
1062,2022,5,yuki-tsunoda,alphatauri,rbpt,12,12,0,9,9,57,-3,0,0,0,1,0,0,0,0,0,,5704404.0,40146.0,2,18870.0,38488.0,0,0
1062,2022,5,daniel-ricciardo,mclaren,mercedes,13,13,0,14,14,57,1,0,0,0,1,0,0,0,0,0,,5705160.0,40902.0,2,19280.0,38764.0,0,0
1062,2022,5,nicholas-latifi,williams,mercedes,14,14,0,19,19,57,5,0,0,0,1,0,0,0,0,0,,5714194.0,49936.0,1,19185.0,19185.0,0,0
1062,2022,5,mick-schumacher,haas,ferrari,15,15,0,15,15,57,0,0,0,0,1,0,0,0,0,0,,5737563.0,73305.0,2,20413.0,52794.0,0,0
1062,2022,5,kevin-magnussen,haas,ferrari,16,16,0,16,16,56,0,0,0,0,1,0,0,0,0,0,Front wing,,,2,19760.0,40433.0,0,0
1062,2022,5,sebastian-vettel,aston-martin,mercedes,17,17,0,,13,54,-4,0,0,0,1,0,0,0,0,0,Collision,,,1,19861.0,19861.0,0,0
1062,2022,5,pierre-gasly,alphatauri,rbpt,,DNF,0,7,7,45,,0,0,0,0,0,0,0,0,1,Suspension,,,2,19007.0,38550.0,0,0
1062,2022,5,lando-norris,mclaren,mercedes,,DNF,0,8,8,39,,0,0,0,0,0,0,0,0,1,Collision,,,1,19986.0,19986.0,0,0
1062,2022,5,guanyu-zhou,alfa-romeo,ferrari,,DNF,0,17,17,6,,0,0,0,0,0,0,0,0,1,Water leak,,,0,,,0,0
1063,2022,6,max-verstappen,red-bull,rbpt,1,1,25.0,2,2,66,1,1,1,1,1,0,0,0,0,0,,5840475.0,,3,21941.0,66080.0,0,0
1063,2022,6,sergio-perez,red-bull,rbpt,2,2,19.0,5,5,66,3,0,1,1,1,0,1,0,0,0,,5853547.0,13072.0,3,21619.0,65345.0,0,0
1063,2022,6,george-russell,mercedes,mercedes,3,3,15.0,4,4,66,1,0,1,1,1,0,0,0,0,0,,5873402.0,32927.0,3,22039.0,67008.0,0,0
1063,2022,6,carlos-sainz-jr,ferrari,ferrari,4,4,12.0,3,3,66,-1,0,0,1,1,0,0,0,0,0,,5885683.0,45208.0,3,21867.0,66510.0,0,0
1063,2022,6,lewis-hamilton,mercedes,mercedes,5,5,10.0,6,6,66,1,0,0,1,1,0,0,0,1,0,,5895009.0,54534.0,3,22105.0,75400.0,0,0
1063,2022,6,valtteri-bottas,alfa-romeo,ferrari,6,6,8.0,7,7,66,1,0,0,1,1,0,0,0,0,0,,5900451.0,59976.0,2,22541.0,45528.0,0,0
1063,2022,6,esteban-ocon,alpine,renault,7,7,6.0,12,12,66,5,0,0,1,1,0,0,0,0,0,,5915872.0,75397.0,3,22033.0,67123.0,0,0
1063,2022,6,lando-norris,mclaren,mercedes,8,8,4.0,11,11,66,3,0,0,1,1,0,0,0,0,0,,5923710.0,83235.0,3,21916.0,67422.0,0,0
1063,2022,6,fernando-alonso,alpine,renault,9,9,2.0,20,17,65,11,0,0,1,1,0,0,0,0,0,,,,3,21914.0,69696.0,0,0
1063,2022,6,yuki-tsunoda,alphatauri,rbpt,10,10,1.0,13,13,65,3,0,0,1,1,0,0,0,0,0,,,,3,22316.0,68201.0,0,0
1063,2022,6,sebastian-vettel,aston-martin,mercedes,11,11,0,16,16,65,5,0,0,0,1,0,0,0,0,0,,,,2,22456.0,44992.0,0,0
1063,2022,6,daniel-ricciardo,mclaren,mercedes,12,12,0,9,9,65,-3,0,0,0,1,0,0,0,0,0,,,,3,22124.0,66677.0,0,0
1063,2022,6,pierre-gasly,alphatauri,rbpt,13,13,0,14,14,65,1,0,0,0,1,0,0,0,0,0,,,,3,21838.0,71793.0,0,0
1063,2022,6,mick-schumacher,haas,ferrari,14,14,0,10,10,65,-4,0,0,0,1,0,0,0,0,0,,,,2,23127.0,46709.0,0,0
1063,2022,6,lance-stroll,aston-martin,mercedes,15,15,0,17,18,65,2,0,0,0,1,0,0,0,0,0,,,,3,22833.0,70039.0,0,0
1063,2022,6,nicholas-latifi,williams,mercedes,16,16,0,19,20,64,3,0,0,0,1,0,0,0,0,0,,,,3,22311.0,68261.0,0,0
1063,2022,6,kevin-magnussen,haas,ferrari,17,17,0,8,8,64,-9,0,0,0,1,0,0,0,0,0,,,,2,23878.0,53510.0,0,0
1063,2022,6,alexander-albon,williams,mercedes,18,18,0,18,19,64,0,0,0,0,1,0,0,0,0,0,,,,4,22657.0,92808.0,0,0
1063,2022,6,guanyu-zhou,alfa-romeo,ferrari,,DNF,0,15,15,28,,0,0,0,0,0,0,0,0,1,Power loss,,,1,23109.0,23109.0,0,0
1063,2022,6,charles-leclerc,ferrari,ferrari,,DNF,0,1,1,27,,0,0,0,0,1,0,0,0,1,Turbo,,,1,21794.0,21794.0,1,0
1064,2022,7,sergio-perez,red-bull,rbpt,1,1,25.0,3,3,64,2,1,1,1,1,0,0,0,1,0,,6990265.0,,3,24409.0,1221007.0,0,0
1064,2022,7,carlos-sainz-jr,ferrari,ferrari,2,2,18.0,2,2,64,0,0,1,1,1,0,0,0,0,0,,6991419.0,1154.0,2,24666.0,1199459.0,0,0
1064,2022,7,max-verstappen,red-bull,rbpt,3,3,15.0,4,4,64,1,0,1,1,1,0,0,0,0,0,,6991756.0,1491.0,3,26930.0,1229514.0,0,0
1064,2022,7,charles-leclerc,ferrari,ferrari,4,4,12.0,1,1,64,-3,0,0,1,1,1,0,0,0,0,,6993187.0,2922.0,3,25710.0,1230566.0,1,0
1064,2022,7,george-russell,mercedes,mercedes,5,5,10.0,6,6,64,1,0,0,1,1,0,0,0,0,0,,7002233.0,11968.0,2,25352.0,1202897.0,0,0
1064,2022,7,lando-norris,mclaren,mercedes,6,6,9.0,5,5,64,-1,0,0,1,1,0,1,0,0,0,,7002496.0,12231.0,4,24607.0,1257268.0,0,0
1064,2022,7,fernando-alonso,alpine,renault,7,7,6.0,7,7,64,0,0,0,1,1,0,0,0,0,0,,7036623.0,46358.0,2,24526.0,1206584.0,0,0
1064,2022,7,lewis-hamilton,mercedes,mercedes,8,8,4.0,8,8,64,0,0,0,1,1,0,0,0,0,0,,7040653.0,50388.0,3,24507.0,1235584.0,0,0
1064,2022,7,valtteri-bottas,alfa-romeo,ferrari,9,9,2.0,12,12,64,3,0,0,1,1,0,0,0,0,0,,7042790.0,52525.0,2,25865.0,1212564.0,0,0
1064,2022,7,sebastian-vettel,aston-martin,mercedes,10,10,1.0,9,9,64,-1,0,0,1,1,0,0,0,0,0,,7043801.0,53536.0,3,24965.0,1219593.0,0,0
1064,2022,7,pierre-gasly,alphatauri,rbpt,11,11,0,17,17,64,6,0,0,0,1,0,0,0,0,0,,7044554.0,54289.0,3,28770.0,1233716.0,0,0
1064,2022,7,esteban-ocon,alpine,renault,12,12,0,10,10,64,-2,0,0,0,1,0,0,0,0,0,,7045909.0,55644.0,2,24875.0,1211360.0,0,0
1064,2022,7,daniel-ricciardo,mclaren,mercedes,13,13,0,14,14,64,1,0,0,0,1,0,0,0,0,0,,7047900.0,57635.0,2,26056.0,1194729.0,0,0
1064,2022,7,lance-stroll,aston-martin,mercedes,14,14,0,18,18,64,4,0,0,0,1,0,0,0,0,0,,7051067.0,60802.0,4,25650.0,1260096.0,0,0
1064,2022,7,nicholas-latifi,williams,mercedes,15,15,0,19,19,63,4,0,0,0,1,0,0,0,0,0,,,,4,26910.0,1281873.0,0,0
1064,2022,7,guanyu-zhou,alfa-romeo,ferrari,16,16,0,20,20,63,4,0,0,0,1,0,0,0,0,0,,,,2,25594.0,1199829.0,0,0
1064,2022,7,yuki-tsunoda,alphatauri,rbpt,17,17,0,11,11,63,-6,0,0,0,1,0,0,0,0,0,,,,4,25068.0,1250799.0,0,0
1064,2022,7,alexander-albon,williams,mercedes,,DNF,0,16,16,48,,0,0,0,0,0,0,0,0,1,Mechanical,,,3,27231.0,1244425.0,0,0
1064,2022,7,mick-schumacher,haas,ferrari,,DNF,0,15,15,24,,0,0,0,0,0,0,0,0,1,Accident,,,2,27637.0,64491.0,0,0
1064,2022,7,kevin-magnussen,haas,ferrari,,DNF,0,13,13,19,,0,0,0,0,0,0,0,0,1,Water pressure,,,0,,,0,0
1065,2022,8,max-verstappen,red-bull,rbpt,1,1,25.0,3,3,51,2,1,1,1,1,0,0,0,0,0,,5645941.0,,2,20722.0,42190.0,0,0
1065,2022,8,sergio-perez,red-bull,rbpt,2,2,19.0,2,2,51,0,0,1,1,1,0,1,0,0,0,,5666764.0,20823.0,2,22349.0,45728.0,0,0
1065,2022,8,george-russell,mercedes,mercedes,3,3,15.0,5,5,51,2,0,1,1,1,0,0,0,0,0,,5691936.0,45995.0,2,20527.0,41065.0,0,0
1065,2022,8,lewis-hamilton,mercedes,mercedes,4,4,12.0,7,7,51,3,0,0,1,1,0,0,0,1,0,,5717620.0,71679.0,2,20831.0,42301.0,0,0
1065,2022,8,pierre-gasly,alphatauri,rbpt,5,5,10.0,6,6,51,1,0,0,1,1,0,0,0,0,0,,5723240.0,77299.0,1,22698.0,22698.0,0,0
1065,2022,8,sebastian-vettel,aston-martin,mercedes,6,6,8.0,9,9,51,3,0,0,1,1,0,0,0,0,0,,5730040.0,84099.0,1,20249.0,20249.0,0,0
1065,2022,8,fernando-alonso,alpine,renault,7,7,6.0,10,10,51,3,0,0,1,1,0,0,0,0,0,,5734537.0,88596.0,1,20571.0,20571.0,0,0
1065,2022,8,daniel-ricciardo,mclaren,mercedes,8,8,4.0,12,12,51,4,0,0,1,1,0,0,0,0,0,,5738148.0,92207.0,1,21794.0,21794.0,0,0
1065,2022,8,lando-norris,mclaren,mercedes,9,9,2.0,11,11,51,2,0,0,1,1,0,0,0,0,0,,5738497.0,92556.0,1,21443.0,21443.0,0,0
1065,2022,8,esteban-ocon,alpine,renault,10,10,1.0,13,13,51,3,0,0,1,1,0,0,0,0,0,,5754125.0,108184.0,1,22638.0,22638.0,0,0
1065,2022,8,valtteri-bottas,alfa-romeo,ferrari,11,11,0,15,15,50,4,0,0,0,1,0,0,0,0,0,,,,1,20979.0,20979.0,0,0
1065,2022,8,alexander-albon,williams,mercedes,12,12,0,17,17,50,5,0,0,0,1,0,0,0,0,0,,,,2,21540.0,47117.0,0,0
1065,2022,8,yuki-tsunoda,alphatauri,rbpt,13,13,0,8,8,50,-5,0,0,0,1,0,0,0,0,0,,,,2,23083.0,64583.0,0,0
1065,2022,8,mick-schumacher,haas,ferrari,14,14,0,20,20,50,6,0,0,0,1,0,0,0,0,0,,,,2,22231.0,49204.0,0,0
1065,2022,8,nicholas-latifi,williams,mercedes,15,15,0,18,18,50,3,0,0,0,1,0,0,0,0,0,,,,2,22069.0,51464.0,0,0
1065,2022,8,lance-stroll,aston-martin,mercedes,16,16,0,19,19,46,3,0,0,0,1,0,0,0,0,0,Vibrations,,,1,22059.0,22059.0,0,0
1065,2022,8,kevin-magnussen,haas,ferrari,,DNF,0,16,16,31,,0,0,0,0,0,0,0,0,1,Power unit,,,1,21555.0,21555.0,0,0
1065,2022,8,guanyu-zhou,alfa-romeo,ferrari,,DNF,0,14,14,23,,0,0,0,0,0,0,0,0,1,Hydraulics,,,1,23001.0,23001.0,0,0
1065,2022,8,charles-leclerc,ferrari,ferrari,,DNF,0,1,1,21,,0,0,0,0,1,0,0,0,1,Power unit,,,1,23212.0,23212.0,1,0
1065,2022,8,carlos-sainz-jr,ferrari,ferrari,,DNF,0,4,4,8,,0,0,0,0,0,0,0,0,1,Hydraulics,,,0,,,0,0
1066,2022,9,max-verstappen,red-bull,rbpt,1,1,25.0,1,1,70,0,1,1,1,1,1,0,0,0,0,,5781757.0,,2,23704.0,47921.0,1,1
1066,2022,9,carlos-sainz-jr,ferrari,ferrari,2,2,19.0,3,3,70,1,0,1,1,1,0,1,0,0,0,,5782750.0,993.0,2,24215.0,49096.0,0,0
1066,2022,9,lewis-hamilton,mercedes,mercedes,3,3,15.0,4,4,70,1,0,1,1,1,0,0,0,0,0,,5788763.0,7006.0,2,23841.0,47686.0,0,0
1066,2022,9,george-russell,mercedes,mercedes,4,4,12.0,8,8,70,4,0,0,1,1,0,0,0,0,0,,5794070.0,12313.0,2,23951.0,48020.0,0,0
1066,2022,9,charles-leclerc,ferrari,ferrari,5,5,10.0,19,15,70,14,0,0,1,1,0,0,0,0,0,,5796925.0,15168.0,1,26199.0,26199.0,0,0
1066,2022,9,esteban-ocon,alpine,renault,6,6,8.0,7,7,70,1,0,0,1,1,0,0,0,0,0,,5805647.0,23890.0,2,23945.0,49629.0,0,0
1066,2022,9,valtteri-bottas,alfa-romeo,ferrari,7,7,6.0,11,11,70,4,0,0,1,1,0,0,0,0,0,,5807004.0,25247.0,1,26089.0,26089.0,0,0
1066,2022,9,guanyu-zhou,alfa-romeo,ferrari,8,8,4.0,10,10,70,2,0,0,1,1,0,0,0,0,0,,5808709.0,26952.0,2,23980.0,48261.0,0,0
1066,2022,9,fernando-alonso,alpine,renault,9,9,2.0,2,2,70,-7,0,0,1,1,0,0,0,0,0,,5811702.0,29945.0,2,23779.0,48918.0,0,0
1066,2022,9,lance-stroll,aston-martin,mercedes,10,10,1.0,17,18,70,7,0,0,1,1,0,0,0,0,0,,5819979.0,38222.0,1,25252.0,25252.0,0,0
1066,2022,9,daniel-ricciardo,mclaren,mercedes,11,11,0,9,9,70,-2,0,0,0,1,0,0,0,0,0,,5824804.0,43047.0,2,24833.0,52770.0,0,0
1066,2022,9,sebastian-vettel,aston-martin,mercedes,12,12,0,16,17,70,4,0,0,0,1,0,0,0,0,0,,5826002.0,44245.0,2,23406.0,47087.0,0,0
1066,2022,9,alexander-albon,williams,mercedes,13,13,0,12,12,70,-1,0,0,0,1,0,0,0,0,0,,5826650.0,44893.0,2,23530.0,47334.0,0,0
1066,2022,9,pierre-gasly,alphatauri,rbpt,14,14,0,15,16,70,1,0,0,0,1,0,0,0,0,0,,5826940.0,45183.0,2,23557.0,47170.0,0,0
1066,2022,9,lando-norris,mclaren,mercedes,15,15,0,14,14,70,-1,0,0,0,1,0,0,0,0,0,,5833902.0,52145.0,2,24134.0,67166.0,0,0
1066,2022,9,nicholas-latifi,williams,mercedes,16,16,0,18,19,70,2,0,0,0,1,0,0,0,1,0,,5841735.0,59978.0,2,24020.0,54054.0,0,0
1066,2022,9,kevin-magnussen,haas,ferrari,17,17,0,5,5,70,-12,0,0,0,1,0,0,0,0,0,,5849937.0,68180.0,1,38262.0,38262.0,0,0
1066,2022,9,yuki-tsunoda,alphatauri,rbpt,,DNF,0,20,20,47,,0,0,0,0,0,0,0,0,1,Accident,,,2,23248.0,46698.0,0,0
1066,2022,9,mick-schumacher,haas,ferrari,,DNF,0,6,6,18,,0,0,0,0,0,0,0,0,1,Hydraulics,,,0,,,0,0
1066,2022,9,sergio-perez,red-bull,rbpt,,DNF,0,13,13,7,,0,0,0,0,0,0,0,0,1,Gearbox,,,0,,,0,0
1067,2022,10,carlos-sainz-jr,ferrari,ferrari,1,1,25.0,1,1,52,0,1,1,1,1,1,0,0,0,0,,8270311.0,,3,28435.0,3088761.0,1,1
1067,2022,10,sergio-perez,red-bull,rbpt,2,2,18.0,4,4,52,2,0,1,1,1,0,0,0,1,0,,8274090.0,3779.0,3,28155.0,3100229.0,0,0
1067,2022,10,lewis-hamilton,mercedes,mercedes,3,3,16.0,5,5,52,2,0,1,1,1,0,1,0,0,0,,8276536.0,6225.0,3,28996.0,3105721.0,0,0
1067,2022,10,charles-leclerc,ferrari,ferrari,4,4,12.0,3,3,52,-1,0,0,1,1,0,0,0,0,0,,8278857.0,8546.0,2,28805.0,3065165.0,0,0
1067,2022,10,fernando-alonso,alpine,renault,5,5,10.0,7,7,52,2,0,0,1,1,0,0,0,0,0,,8279882.0,9571.0,3,28733.0,3113274.0,0,0
1067,2022,10,lando-norris,mclaren,mercedes,6,6,8.0,6,6,52,0,0,0,1,1,0,0,0,0,0,,8282254.0,11943.0,3,28659.0,3100821.0,0,0
1067,2022,10,max-verstappen,red-bull,rbpt,7,7,6.0,2,2,52,-5,0,0,1,1,0,0,0,0,0,,8289088.0,18777.0,4,28709.0,3124723.0,0,0
1067,2022,10,mick-schumacher,haas,ferrari,8,8,4.0,19,19,52,11,0,0,1,1,0,0,0,0,0,,8289306.0,18995.0,3,29147.0,3125153.0,0,0
1067,2022,10,sebastian-vettel,aston-martin,mercedes,9,9,2.0,18,18,52,9,0,0,1,1,0,0,0,0,0,,8292667.0,22356.0,3,28540.0,3125687.0,0,0
1067,2022,10,kevin-magnussen,haas,ferrari,10,10,1.0,17,17,52,7,0,0,1,1,0,0,0,0,0,,8294901.0,24590.0,2,29473.0,3093086.0,0,0
1067,2022,10,lance-stroll,aston-martin,mercedes,11,11,0,20,20,52,9,0,0,0,1,0,0,0,0,0,,8296458.0,26147.0,3,28632.0,3127429.0,0,0
1067,2022,10,nicholas-latifi,williams,mercedes,12,12,0,10,10,52,-2,0,0,0,1,0,0,0,0,0,,8302822.0,32511.0,3,28438.0,3109171.0,0,0
1067,2022,10,daniel-ricciardo,mclaren,mercedes,13,13,0,14,14,52,1,0,0,0,1,0,0,0,0,0,,8303128.0,32817.0,4,29345.0,3153520.0,0,0
1067,2022,10,yuki-tsunoda,alphatauri,rbpt,14,14,0,13,13,52,-1,0,0,0,1,0,0,0,0,0,,8311221.0,40910.0,3,29448.0,3076068.0,0,0
1067,2022,10,esteban-ocon,alpine,renault,,DNF,0,15,15,37,,0,0,0,0,0,0,0,0,1,Fuel pump,,,2,30342.0,2981102.0,0,0
1067,2022,10,pierre-gasly,alphatauri,rbpt,,DNF,0,11,11,26,,0,0,0,0,0,0,0,0,1,Collision damage,,,2,29632.0,3078582.0,0,0
1067,2022,10,valtteri-bottas,alfa-romeo,ferrari,,DNF,0,12,12,20,,0,0,0,0,0,0,0,0,1,Gearbox,,,1,3055732.0,3055732.0,0,0
1067,2022,10,george-russell,mercedes,mercedes,,DNF,0,8,8,0,,0,0,0,0,0,0,0,0,1,Collision,,,0,,,0,0
1067,2022,10,guanyu-zhou,alfa-romeo,ferrari,,DNF,0,9,9,0,,0,0,0,0,0,0,0,0,1,Collision,,,0,,,0,0
1067,2022,10,alexander-albon,williams,mercedes,,DNF,0,16,16,0,,0,0,0,0,0,0,0,0,1,Collision,,,0,,,0,0
1068,2022,11,charles-leclerc,ferrari,ferrari,1,1,25.0,2,2,71,1,1,1,1,1,0,0,0,0,0,,5064312.0,,3,21319.0,64501.0,0,0
1068,2022,11,max-verstappen,red-bull,rbpt,2,2,19.0,1,1,71,-1,0,1,1,1,1,1,0,0,0,,5065844.0,1532.0,3,21319.0,64785.0,1,0
1068,2022,11,lewis-hamilton,mercedes,mercedes,3,3,15.0,8,8,71,5,0,1,1,1,0,0,0,0,0,,5105529.0,41217.0,2,22697.0,45723.0,0,0
1068,2022,11,george-russell,mercedes,mercedes,4,4,12.0,4,4,71,0,0,0,1,1,0,0,0,0,0,,5123284.0,58972.0,2,21731.0,59932.0,0,0
1068,2022,11,esteban-ocon,alpine,renault,5,5,10.0,6,6,71,1,0,0,1,1,0,0,0,0,0,,5132748.0,68436.0,2,21755.0,43864.0,0,0
1068,2022,11,mick-schumacher,haas,ferrari,6,6,8.0,9,9,70,3,0,0,1,1,0,0,0,1,0,,,,2,22120.0,45000.0,0,0
1068,2022,11,lando-norris,mclaren,mercedes,7,7,6.0,10,11,70,3,0,0,1,1,0,0,0,0,0,,,,2,22684.0,50008.0,0,0
1068,2022,11,kevin-magnussen,haas,ferrari,8,8,4.0,7,7,70,-1,0,0,1,1,0,0,0,0,0,,,,2,22088.0,44293.0,0,0
1068,2022,11,daniel-ricciardo,mclaren,mercedes,9,9,2.0,11,12,70,2,0,0,1,1,0,0,0,0,0,,,,2,21356.0,43245.0,0,0
1068,2022,11,fernando-alonso,alpine,renault,10,10,1.0,19,,70,9,0,0,1,1,0,0,0,0,0,,,,3,21552.0,67631.0,0,0
1068,2022,11,valtteri-bottas,alfa-romeo,ferrari,11,11,0,,10,70,9,0,0,0,1,0,0,0,0,0,,,,2,22278.0,46955.0,0,0
1068,2022,11,alexander-albon,williams,mercedes,12,12,0,15,16,70,3,0,0,0,1,0,0,0,0,0,,,,2,22122.0,44423.0,0,0
1068,2022,11,lance-stroll,aston-martin,mercedes,13,13,0,12,13,70,-1,0,0,0,1,0,0,0,0,0,,,,2,21431.0,43383.0,0,0
1068,2022,11,guanyu-zhou,alfa-romeo,ferrari,14,14,0,13,14,70,-1,0,0,0,1,0,0,0,0,0,,,,2,22704.0,51564.0,0,0
1068,2022,11,pierre-gasly,alphatauri,rbpt,15,15,0,14,15,70,-1,0,0,0,1,0,0,0,0,0,,,,2,22724.0,50334.0,0,0
1068,2022,11,yuki-tsunoda,alphatauri,rbpt,16,16,0,16,17,70,0,0,0,0,1,0,0,0,0,0,,,,2,21519.0,43268.0,0,0
1068,2022,11,sebastian-vettel,aston-martin,mercedes,17,17,0,18,19,70,1,0,0,0,1,0,0,0,0,0,,,,2,21583.0,43695.0,0,0
1068,2022,11,carlos-sainz-jr,ferrari,ferrari,,DNF,0,3,3,56,,0,0,0,0,0,0,0,0,1,Power unit,,,2,21212.0,42704.0,0,0
1068,2022,11,nicholas-latifi,williams,mercedes,,DNF,0,17,18,48,,0,0,0,0,0,0,0,0,1,Undertray,,,2,21206.0,42928.0,0,0
1068,2022,11,sergio-perez,red-bull,rbpt,,DNF,0,5,5,24,,0,0,0,0,0,0,0,0,1,Collision damage,,,1,23681.0,23681.0,0,0
1069,2022,12,max-verstappen,red-bull,rbpt,1,1,25.0,2,2,53,1,1,1,1,1,0,0,0,0,0,,5402112.0,,1,35266.0,35266.0,0,0
1069,2022,12,lewis-hamilton,mercedes,mercedes,2,2,18.0,4,4,53,2,0,1,1,1,0,0,0,0,0,,5412699.0,10587.0,1,37189.0,37189.0,0,0
1069,2022,12,george-russell,mercedes,mercedes,3,3,15.0,6,6,53,3,0,1,1,1,0,0,0,0,0,,5418607.0,16495.0,1,38277.0,38277.0,0,0
1069,2022,12,sergio-perez,red-bull,rbpt,4,4,12.0,3,3,53,-1,0,0,1,1,0,0,0,0,0,,5419422.0,17310.0,1,38061.0,38061.0,0,0
1069,2022,12,carlos-sainz-jr,ferrari,ferrari,5,5,11.0,19,9,53,14,0,0,1,1,0,1,0,1,0,,5430984.0,28872.0,2,41458.0,83750.0,0,0
1069,2022,12,fernando-alonso,alpine,renault,6,6,8.0,7,7,53,1,0,0,1,1,0,0,0,0,0,,5444991.0,42879.0,1,36524.0,36524.0,0,0
1069,2022,12,lando-norris,mclaren,mercedes,7,7,6.0,5,5,53,-2,0,0,1,1,0,0,0,0,0,,5454138.0,52026.0,1,37539.0,37539.0,0,0
1069,2022,12,esteban-ocon,alpine,renault,8,8,4.0,10,12,53,2,0,0,1,1,0,0,0,0,0,,5459071.0,56959.0,1,44747.0,44747.0,0,0
1069,2022,12,daniel-ricciardo,mclaren,mercedes,9,9,2.0,9,11,53,0,0,0,1,1,0,0,0,0,0,,5462484.0,60372.0,1,36264.0,36264.0,0,0
1069,2022,12,lance-stroll,aston-martin,mercedes,10,10,1.0,15,17,53,5,0,0,1,1,0,0,0,0,0,,5464661.0,62549.0,1,39844.0,39844.0,0,0
1069,2022,12,sebastian-vettel,aston-martin,mercedes,11,11,0,12,14,53,1,0,0,0,1,0,0,0,0,0,,5466606.0,64494.0,1,36671.0,36671.0,0,0
1069,2022,12,pierre-gasly,alphatauri,rbpt,12,12,0,14,16,53,2,0,0,0,1,0,0,0,0,0,,5467560.0,65448.0,1,35969.0,35969.0,0,0
1069,2022,12,alexander-albon,williams,mercedes,13,13,0,13,15,53,0,0,0,0,1,0,0,0,0,0,,5470677.0,68565.0,1,37380.0,37380.0,0,0
1069,2022,12,valtteri-bottas,alfa-romeo,ferrari,14,14,0,11,13,53,-3,0,0,0,1,0,0,0,0,0,,5478778.0,76666.0,2,36520.0,74375.0,0,0
1069,2022,12,mick-schumacher,haas,ferrari,15,15,0,17,19,53,2,0,0,0,1,0,0,0,0,0,,5482506.0,80394.0,2,36704.0,73707.0,0,0
1069,2022,12,guanyu-zhou,alfa-romeo,ferrari,16,16,0,16,18,47,0,0,0,0,1,0,0,0,0,0,Power unit,,,2,36444.0,87234.0,0,0
1069,2022,12,nicholas-latifi,williams,mercedes,,DNF,0,18,20,40,,0,0,0,0,0,0,0,0,1,Collision damage,,,2,36942.0,74439.0,0,0
1069,2022,12,kevin-magnussen,haas,ferrari,,DNF,0,20,10,37,,0,0,0,0,0,0,0,0,1,Collision damage,,,2,36403.0,73182.0,0,0
1069,2022,12,charles-leclerc,ferrari,ferrari,,DNF,0,1,1,17,,0,0,0,0,1,0,0,0,1,Accident,,,0,,,1,0
1069,2022,12,yuki-tsunoda,alphatauri,rbpt,,DNF,0,8,8,17,,0,0,0,0,0,0,0,0,1,Undertray,,,1,37648.0,37648.0,0,0
1070,2022,13,max-verstappen,red-bull,rbpt,1,1,25.0,10,10,70,9,1,1,1,1,0,0,0,1,0,,5975912.0,,2,21228.0,42579.0,0,0
1070,2022,13,lewis-hamilton,mercedes,mercedes,2,2,19.0,7,7,70,5,0,1,1,1,0,1,0,0,0,,5983746.0,7834.0,2,21699.0,43794.0,0,0
1070,2022,13,george-russell,mercedes,mercedes,3,3,15.0,1,1,70,-2,0,1,1,1,1,0,0,0,0,,5988249.0,12337.0,2,21743.0,44506.0,1,0
1070,2022,13,carlos-sainz-jr,ferrari,ferrari,4,4,12.0,2,2,70,-2,0,0,1,1,0,0,0,0,0,,5990491.0,14579.0,2,22820.0,46276.0,0,0
1070,2022,13,sergio-perez,red-bull,rbpt,5,5,10.0,11,11,70,6,0,0,1,1,0,0,0,0,0,,5991600.0,15688.0,2,21118.0,42285.0,0,0
1070,2022,13,charles-leclerc,ferrari,ferrari,6,6,8.0,3,3,70,-3,0,0,1,1,0,0,0,0,0,,5991959.0,16047.0,3,21544.0,65291.0,0,0
1070,2022,13,lando-norris,mclaren,mercedes,7,7,6.0,4,4,70,-3,0,0,1,1,0,0,0,0,0,,6054212.0,78300.0,2,21855.0,45422.0,0,0
1070,2022,13,fernando-alonso,alpine,renault,8,8,4.0,6,6,69,-2,0,0,1,1,0,0,0,0,0,,,,1,22083.0,22083.0,0,0
1070,2022,13,esteban-ocon,alpine,renault,9,9,2.0,5,5,69,-4,0,0,1,1,0,0,0,0,0,,,,1,23581.0,23581.0,0,0
1070,2022,13,sebastian-vettel,aston-martin,mercedes,10,10,1.0,18,18,69,8,0,0,1,1,0,0,0,0,0,,,,2,21402.0,46432.0,0,0
1070,2022,13,lance-stroll,aston-martin,mercedes,11,11,0,14,14,69,3,0,0,0,1,0,0,0,0,0,,,,2,21615.0,43394.0,0,0
1070,2022,13,pierre-gasly,alphatauri,rbpt,12,12,0,20,19,69,8,0,0,0,1,0,0,0,0,0,,,,2,21489.0,43164.0,0,0
1070,2022,13,guanyu-zhou,alfa-romeo,ferrari,13,13,0,12,12,69,-1,0,0,0,1,0,0,0,0,0,,,,2,22321.0,50539.0,0,0
1070,2022,13,mick-schumacher,haas,ferrari,14,14,0,15,15,69,1,0,0,0,1,0,0,0,0,0,,,,2,22566.0,45519.0,0,0
1070,2022,13,daniel-ricciardo,mclaren,mercedes,15,15,0,9,9,69,-6,0,0,0,1,0,0,0,0,0,,,,2,21521.0,43079.0,0,0
1070,2022,13,kevin-magnussen,haas,ferrari,16,16,0,13,13,69,-3,0,0,0,1,0,0,0,0,0,,,,3,23147.0,75998.0,0,0
1070,2022,13,alexander-albon,williams,mercedes,17,17,0,17,17,69,0,0,0,0,1,0,0,0,0,0,,,,3,21816.0,77338.0,0,0
1070,2022,13,nicholas-latifi,williams,mercedes,18,18,0,19,20,69,1,0,0,0,1,0,0,0,0,0,,,,3,21865.0,73094.0,0,0
1070,2022,13,yuki-tsunoda,alphatauri,rbpt,19,19,0,16,16,68,-3,0,0,0,1,0,0,0,0,0,,,,3,21577.0,65721.0,0,0
1070,2022,13,valtteri-bottas,alfa-romeo,ferrari,20,20,0,8,8,65,-12,0,0,0,1,0,0,0,0,0,Fuel system,,,1,22272.0,22272.0,0,0
1071,2022,14,max-verstappen,red-bull,rbpt,1,1,26.0,14,1,44,13,1,1,1,1,0,1,0,1,0,,5152894.0,,2,22322.0,45204.0,0,0
1071,2022,14,sergio-perez,red-bull,rbpt,2,2,18.0,2,3,44,0,0,1,1,1,0,0,0,0,0,,5170735.0,17841.0,2,22349.0,44999.0,0,0
1071,2022,14,carlos-sainz-jr,ferrari,ferrari,3,3,15.0,1,2,44,-2,0,1,1,1,1,0,0,0,0,,5179780.0,26886.0,2,22543.0,45293.0,1,0
1071,2022,14,george-russell,mercedes,mercedes,4,4,12.0,5,8,44,1,0,0,1,1,0,0,0,0,0,,5182034.0,29140.0,2,22825.0,45802.0,0,0
1071,2022,14,fernando-alonso,alpine,renault,5,5,10.0,3,6,44,-2,0,0,1,1,0,0,0,0,0,,5226150.0,73256.0,2,22641.0,46595.0,0,0
1071,2022,14,charles-leclerc,ferrari,ferrari,6,6,8.0,15,4,44,9,0,0,1,1,0,0,0,0,0,,5227830.0,74936.0,3,23189.0,70721.0,0,0
1071,2022,14,esteban-ocon,alpine,renault,7,7,6.0,16,5,44,9,0,0,1,1,0,0,0,0,0,,5228534.0,75640.0,2,23491.0,47002.0,0,0
1071,2022,14,sebastian-vettel,aston-martin,mercedes,8,8,4.0,10,16,44,2,0,0,1,1,0,0,0,0,0,,5231001.0,78107.0,2,22833.0,46055.0,0,0
1071,2022,14,pierre-gasly,alphatauri,rbpt,9,9,2.0,,12,44,11,0,0,1,1,0,0,0,0,0,,5245075.0,92181.0,2,22542.0,45399.0,0,0
1071,2022,14,alexander-albon,williams,mercedes,10,10,1.0,6,9,44,-4,0,0,1,1,0,0,0,0,0,,5254794.0,101900.0,2,23334.0,47749.0,0,0
1071,2022,14,lance-stroll,aston-martin,mercedes,11,11,0,9,14,44,-2,0,0,0,1,0,0,0,0,0,,5255972.0,103078.0,2,23349.0,46904.0,0,0
1071,2022,14,lando-norris,mclaren,mercedes,12,12,0,17,10,44,5,0,0,0,1,0,0,0,0,0,,5257633.0,104739.0,2,23036.0,46596.0,0,0
1071,2022,14,yuki-tsunoda,alphatauri,rbpt,13,13,0,20,19,44,7,0,0,0,1,0,0,0,0,0,,5258111.0,105217.0,2,24253.0,54308.0,0,0
1071,2022,14,guanyu-zhou,alfa-romeo,ferrari,14,14,0,18,13,44,4,0,0,0,1,0,0,0,0,0,,5259146.0,106252.0,2,23364.0,47108.0,0,0
1071,2022,14,daniel-ricciardo,mclaren,mercedes,15,15,0,7,11,44,-8,0,0,0,1,0,0,0,0,0,,5260057.0,107163.0,2,23085.0,46231.0,0,0
1071,2022,14,kevin-magnussen,haas,ferrari,16,16,0,12,18,43,-4,0,0,0,1,0,0,0,0,0,,,,2,23396.0,50211.0,0,0
1071,2022,14,mick-schumacher,haas,ferrari,17,17,0,19,15,43,2,0,0,0,1,0,0,0,0,0,,,,2,24158.0,49140.0,0,0
1071,2022,14,nicholas-latifi,williams,mercedes,18,18,0,11,17,43,-7,0,0,0,1,0,0,0,0,0,,,,3,23414.0,83407.0,0,0
1071,2022,14,valtteri-bottas,alfa-romeo,ferrari,,DNF,0,13,20,1,,0,0,0,0,0,0,0,0,1,Accident,,,0,,,0,0
1071,2022,14,lewis-hamilton,mercedes,mercedes,,DNF,0,4,7,0,,0,0,0,0,0,0,0,0,1,Collision damage,,,0,,,0,0
1072,2022,15,max-verstappen,red-bull,rbpt,1,1,26.0,1,1,72,0,1,1,1,1,1,1,0,1,0,,5802773.0,,4,14113.0,73012.0,1,1
1072,2022,15,george-russell,mercedes,mercedes,2,2,18.0,6,6,72,4,0,1,1,1,0,0,0,0,0,,5806844.0,4071.0,3,19359.0,61464.0,0,0
1072,2022,15,charles-leclerc,ferrari,ferrari,3,3,15.0,2,2,72,-1,0,1,1,1,0,0,0,0,0,,5813702.0,10929.0,4,14008.0,71748.0,0,0
1072,2022,15,lewis-hamilton,mercedes,mercedes,4,4,12.0,4,4,72,0,0,0,1,1,0,0,0,0,0,,5815789.0,13016.0,3,14155.0,52365.0,0,0
1072,2022,15,sergio-perez,red-bull,rbpt,5,5,10.0,5,5,72,0,0,0,1,1,0,0,0,0,0,,5820941.0,18168.0,4,14113.0,70936.0,0,0
1072,2022,15,fernando-alonso,alpine,renault,6,6,8.0,13,13,72,7,0,0,1,1,0,0,0,0,0,,5821527.0,18754.0,3,15762.0,56841.0,0,0
1072,2022,15,lando-norris,mclaren,mercedes,7,7,6.0,7,7,72,0,0,0,1,1,0,0,0,0,0,,5822079.0,19306.0,3,19303.0,61684.0,0,0
1072,2022,15,carlos-sainz-jr,ferrari,ferrari,8,8,4.0,3,3,72,-5,0,0,1,1,0,0,0,0,0,,5823689.0,20916.0,3,19493.0,70362.0,0,0
1072,2022,15,esteban-ocon,alpine,renault,9,9,2.0,12,12,72,3,0,0,1,1,0,0,0,0,0,,5823890.0,21117.0,3,14041.0,55098.0,0,0
1072,2022,15,lance-stroll,aston-martin,mercedes,10,10,1.0,10,10,72,0,0,0,1,1,0,0,0,0,0,,5825232.0,22459.0,4,14118.0,73678.0,0,0
1072,2022,15,pierre-gasly,alphatauri,rbpt,11,11,0,11,11,72,0,0,0,0,1,0,0,0,0,0,,5829782.0,27009.0,4,13973.0,70034.0,0,0
1072,2022,15,alexander-albon,williams,mercedes,12,12,0,15,15,72,3,0,0,0,1,0,0,0,0,0,,5833163.0,30390.0,4,14114.0,73858.0,0,0
1072,2022,15,mick-schumacher,haas,ferrari,13,13,0,8,8,72,-5,0,0,0,1,0,0,0,0,0,,5835768.0,32995.0,4,14144.0,83054.0,0,0
1072,2022,15,sebastian-vettel,aston-martin,mercedes,14,14,0,19,19,72,5,0,0,0,1,0,0,0,0,0,,5838780.0,36007.0,4,14349.0,74605.0,0,0
1072,2022,15,kevin-magnussen,haas,ferrari,15,15,0,18,18,72,3,0,0,0,1,0,0,0,0,0,,5839642.0,36869.0,4,14175.0,82333.0,0,0
1072,2022,15,guanyu-zhou,alfa-romeo,ferrari,16,16,0,14,14,72,-2,0,0,0,1,0,0,0,0,0,,5840093.0,37320.0,4,14128.0,79297.0,0,0
1072,2022,15,daniel-ricciardo,mclaren,mercedes,17,17,0,17,17,72,0,0,0,0,1,0,0,0,0,0,,5840537.0,37764.0,5,14493.0,93619.0,0,0
1072,2022,15,nicholas-latifi,williams,mercedes,18,18,0,20,20,71,2,0,0,0,1,0,0,0,0,0,,,,4,14459.0,75527.0,0,0
1072,2022,15,valtteri-bottas,alfa-romeo,ferrari,,DNF,0,16,16,53,,0,0,0,0,0,0,0,0,1,Engine,,,2,19741.0,40790.0,0,0
1072,2022,15,yuki-tsunoda,alphatauri,rbpt,,DNF,0,9,9,43,,0,0,0,0,0,0,0,0,1,Differential,,,3,18774.0,90751.0,0,0
1073,2022,16,max-verstappen,red-bull,rbpt,1,1,25.0,7,2,53,6,1,1,1,1,0,0,0,0,0,,4827511.0,,2,23791.0,47882.0,0,0
1073,2022,16,charles-leclerc,ferrari,ferrari,2,2,18.0,1,1,53,-1,0,1,1,1,1,0,0,0,0,,4829957.0,2446.0,3,23531.0,71154.0,1,0
1073,2022,16,george-russell,mercedes,mercedes,3,3,15.0,2,6,53,-1,0,1,1,1,0,0,0,0,0,,4830916.0,3405.0,2,24114.0,49189.0,0,0
1073,2022,16,carlos-sainz-jr,ferrari,ferrari,4,4,12.0,18,3,53,14,0,0,1,1,0,0,0,0,0,,4832572.0,5061.0,2,23728.0,48253.0,0,0
1073,2022,16,lewis-hamilton,mercedes,mercedes,5,5,10.0,19,5,53,14,0,0,1,1,0,0,0,0,0,,4832891.0,5380.0,1,24282.0,24282.0,0,0
1073,2022,16,sergio-perez,red-bull,rbpt,6,6,9.0,13,4,53,7,0,0,1,1,0,1,0,0,0,,4833602.0,6091.0,2,23299.0,46997.0,0,0
1073,2022,16,lando-norris,mclaren,mercedes,7,7,6.0,3,7,53,-4,0,0,1,1,0,0,0,0,0,,4833718.0,6207.0,2,24784.0,51498.0,0,0
1073,2022,16,pierre-gasly,alphatauri,rbpt,8,8,4.0,5,9,53,-3,0,0,1,1,0,0,0,0,0,,4833907.0,6396.0,1,25376.0,25376.0,0,0
1073,2022,16,nyck-de-vries,williams,mercedes,9,9,2.0,8,13,53,-1,0,0,1,1,0,0,0,1,0,,4834633.0,7122.0,1,24628.0,24628.0,0,0
1073,2022,16,guanyu-zhou,alfa-romeo,ferrari,10,10,1.0,9,14,53,-1,0,0,1,1,0,0,0,0,0,,4835421.0,7910.0,1,25366.0,25366.0,0,0
1073,2022,16,esteban-ocon,alpine,renault,11,11,0,14,11,53,3,0,0,0,1,0,0,0,0,0,,4835834.0,8323.0,1,24336.0,24336.0,0,0
1073,2022,16,mick-schumacher,haas,ferrari,12,12,0,17,20,53,5,0,0,0,1,0,0,0,0,0,,4836060.0,8549.0,1,24817.0,24817.0,0,0
1073,2022,16,valtteri-bottas,alfa-romeo,ferrari,13,13,0,15,12,52,2,0,0,0,1,0,0,0,0,0,,,,1,24758.0,24758.0,0,0
1073,2022,16,yuki-tsunoda,alphatauri,rbpt,14,14,0,20,15,52,6,0,0,0,1,0,0,0,0,0,,,,2,23904.0,47913.0,0,0
1073,2022,16,nicholas-latifi,williams,mercedes,15,15,0,10,16,52,-5,0,0,0,1,0,0,0,0,0,,,,2,24263.0,51045.0,0,0
1073,2022,16,kevin-magnussen,haas,ferrari,16,16,0,16,19,52,0,0,0,0,1,0,0,0,0,0,,,,2,24846.0,55010.0,0,0
1073,2022,16,daniel-ricciardo,mclaren,mercedes,,DNF,0,4,8,45,,0,0,0,0,0,0,0,0,1,Oil leak,,,1,25164.0,25164.0,0,0
1073,2022,16,lance-stroll,aston-martin,mercedes,,DNF,0,12,18,39,,0,0,0,0,0,0,0,0,1,Engine,,,1,24254.0,24254.0,0,0
1073,2022,16,fernando-alonso,alpine,renault,,DNF,0,6,10,31,,0,0,0,0,0,0,0,0,1,Water pressure,,,0,,,0,0
1073,2022,16,sebastian-vettel,aston-martin,mercedes,,DNF,0,11,17,10,,0,0,0,0,0,0,0,0,1,Engine,,,0,,,0,0
1074,2022,17,sergio-perez,red-bull,rbpt,1,1,25.0,2,2,59,1,1,1,1,1,0,0,0,1,0,,7340238.0,,1,29550.0,29550.0,0,0
1074,2022,17,charles-leclerc,ferrari,ferrari,2,2,18.0,1,1,59,-1,0,1,1,1,1,0,0,0,0,,7342833.0,2595.0,1,32058.0,32058.0,1,0
1074,2022,17,carlos-sainz-jr,ferrari,ferrari,3,3,15.0,4,4,59,1,0,1,1,1,0,0,0,0,0,,7350543.0,10305.0,1,30603.0,30603.0,0,0
1074,2022,17,lando-norris,mclaren,mercedes,4,4,12.0,6,6,59,2,0,0,1,1,0,0,0,0,0,,7361371.0,21133.0,1,30528.0,30528.0,0,0
1074,2022,17,daniel-ricciardo,mclaren,mercedes,5,5,10.0,16,17,59,11,0,0,1,1,0,0,0,0,0,,7393520.0,53282.0,1,30946.0,30946.0,0,0
1074,2022,17,lance-stroll,aston-martin,mercedes,6,6,8.0,11,12,59,5,0,0,1,1,0,0,0,0,0,,7396568.0,56330.0,1,29863.0,29863.0,0,0
1074,2022,17,max-verstappen,red-bull,rbpt,7,7,6.0,8,8,59,1,0,0,1,1,0,0,0,0,0,,7399063.0,58825.0,2,29407.0,59182.0,0,0
1074,2022,17,sebastian-vettel,aston-martin,mercedes,8,8,4.0,13,14,59,5,0,0,1,1,0,0,0,0,0,,7400270.0,60032.0,1,29704.0,29704.0,0,0
1074,2022,17,lewis-hamilton,mercedes,mercedes,9,9,2.0,3,3,59,-6,0,0,1,1,0,0,0,0,0,,7401753.0,61515.0,1,41019.0,41019.0,0,0
1074,2022,17,pierre-gasly,alphatauri,rbpt,10,10,1.0,7,7,59,-3,0,0,1,1,0,0,0,0,0,,7409814.0,69576.0,1,29867.0,29867.0,0,0
1074,2022,17,valtteri-bottas,alfa-romeo,ferrari,11,11,0,15,16,59,4,0,0,0,1,0,0,0,0,0,,7429082.0,88844.0,1,32167.0,32167.0,0,0
1074,2022,17,kevin-magnussen,haas,ferrari,12,12,0,9,9,59,-3,0,0,0,1,0,0,0,0,0,,7432848.0,92610.0,2,32603.0,71850.0,0,0
1074,2022,17,mick-schumacher,haas,ferrari,13,13,0,12,13,58,-1,0,0,0,1,0,0,0,0,0,,,,2,31201.0,65923.0,0,0
1074,2022,17,george-russell,mercedes,mercedes,14,14,0,,11,57,6,0,0,0,1,0,1,0,0,0,,,,4,29713.0,123195.0,0,0
1074,2022,17,yuki-tsunoda,alphatauri,rbpt,,DNF,0,10,10,34,,0,0,0,0,0,0,0,0,1,Accident,,,1,31293.0,31293.0,0,0
1074,2022,17,esteban-ocon,alpine,renault,,DNF,0,17,18,26,,0,0,0,0,0,0,0,0,1,Engine,,,0,,,0,0
1074,2022,17,alexander-albon,williams,mercedes,,DNF,0,18,19,25,,0,0,0,0,0,0,0,0,1,Collision damage,,,0,,,0,0
1074,2022,17,fernando-alonso,alpine,renault,,DNF,0,5,5,20,,0,0,0,0,0,0,0,0,1,Engine,,,0,,,0,0
1074,2022,17,nicholas-latifi,williams,mercedes,,DNF,0,19,20,7,,0,0,0,0,0,0,0,0,1,Collision damage,,,0,,,0,0
1074,2022,17,guanyu-zhou,alfa-romeo,ferrari,,DNF,0,14,15,6,,0,0,0,0,0,0,0,0,1,Collision,,,0,,,0,0
1075,2022,18,max-verstappen,red-bull,rbpt,1,1,25.0,1,1,28,0,1,1,1,1,1,0,0,0,0,,10904004.0,,2,24308.0,411707.0,1,1
1075,2022,18,sergio-perez,red-bull,rbpt,2,2,18.0,4,4,28,2,0,1,1,1,0,0,0,0,0,,10931070.0,27066.0,2,25322.0,417839.0,0,0
1075,2022,18,charles-leclerc,ferrari,ferrari,3,3,15.0,2,2,28,-1,0,1,1,1,0,0,0,0,0,,10935767.0,31763.0,2,25899.0,415872.0,0,0
1075,2022,18,esteban-ocon,alpine,renault,4,4,12.0,5,5,28,1,0,0,1,1,0,0,0,0,0,,10943689.0,39685.0,2,25172.0,418773.0,0,0
1075,2022,18,lewis-hamilton,mercedes,mercedes,5,5,10.0,6,6,28,1,0,0,1,1,0,0,0,0,0,,10944330.0,40326.0,2,25059.0,421563.0,0,0
1075,2022,18,sebastian-vettel,aston-martin,mercedes,6,6,8.0,9,9,28,3,0,0,1,1,0,0,0,1,0,,10950362.0,46358.0,2,24218.0,433865.0,0,0
1075,2022,18,fernando-alonso,alpine,renault,7,7,6.0,7,7,28,0,0,0,1,1,0,0,0,0,0,,10950373.0,46369.0,3,24106.0,445066.0,0,0
1075,2022,18,george-russell,mercedes,mercedes,8,8,4.0,8,8,28,0,0,0,1,1,0,0,0,0,0,,10951665.0,47661.0,2,28728.0,429785.0,0,0
1075,2022,18,nicholas-latifi,williams,mercedes,9,9,2.0,19,20,28,10,0,0,1,1,0,0,0,0,0,,10974147.0,70143.0,2,24785.0,432458.0,0,0
1075,2022,18,lando-norris,mclaren,mercedes,10,10,1.0,10,10,28,0,0,0,1,1,0,0,0,0,0,,10974786.0,70782.0,2,24595.0,430851.0,0,0
1075,2022,18,daniel-ricciardo,mclaren,mercedes,11,11,0,11,11,28,0,0,0,0,1,0,0,0,0,0,,10976881.0,72877.0,2,25377.0,427126.0,0,0
1075,2022,18,lance-stroll,aston-martin,mercedes,12,12,0,18,19,28,6,0,0,0,1,0,0,0,0,0,,10977908.0,73904.0,3,23870.0,448338.0,0,0
1075,2022,18,yuki-tsunoda,alphatauri,rbpt,13,13,0,13,13,28,0,0,0,0,1,0,0,0,0,0,,10979603.0,75599.0,3,23756.0,450673.0,0,0
1075,2022,18,kevin-magnussen,haas,ferrari,14,14,0,17,18,28,3,0,0,0,1,0,0,0,0,0,,10990020.0,86016.0,2,25594.0,427623.0,0,0
1075,2022,18,valtteri-bottas,alfa-romeo,ferrari,15,15,0,12,12,28,-3,0,0,0,1,0,0,0,0,0,,10990500.0,86496.0,2,24869.0,432422.0,0,0
1075,2022,18,guanyu-zhou,alfa-romeo,ferrari,16,16,0,14,14,28,-2,0,0,0,1,0,1,0,0,0,,10991047.0,87043.0,3,24266.0,458834.0,0,0
1075,2022,18,mick-schumacher,haas,ferrari,17,17,0,15,15,28,-2,0,0,0,1,0,0,0,0,0,,10996527.0,92523.0,2,24608.0,425465.0,0,0
1075,2022,18,pierre-gasly,alphatauri,rbpt,18,18,0,,17,28,2,0,0,0,1,0,0,0,0,0,,11012095.0,108091.0,4,23966.0,499262.0,0,0
1075,2022,18,carlos-sainz-jr,ferrari,ferrari,,DNF,0,3,3,0,,0,0,0,0,0,0,0,0,1,Accident,,,0,,,0,0
1075,2022,18,alexander-albon,williams,mercedes,,DNF,0,16,16,0,,0,0,0,0,0,0,0,0,1,Collision damage,,,0,,,0,0
1076,2022,19,max-verstappen,red-bull,rbpt,1,1,25.0,2,3,56,1,1,1,1,1,0,0,0,0,0,,6131687.0,,2,23866.0,56120.0,0,0
1076,2022,19,lewis-hamilton,mercedes,mercedes,2,2,18.0,3,5,56,1,0,1,1,1,0,0,0,0,0,,6136710.0,5023.0,2,24135.0,48497.0,0,0
1076,2022,19,charles-leclerc,ferrari,ferrari,3,3,15.0,12,2,56,9,0,1,1,1,0,0,0,0,0,,6139188.0,7501.0,2,23755.0,48069.0,0,0
1076,2022,19,sergio-perez,red-bull,rbpt,4,4,12.0,9,4,56,5,0,0,1,1,0,0,0,0,0,,6139980.0,8293.0,2,23403.0,48204.0,0,0
1076,2022,19,george-russell,mercedes,mercedes,5,5,11.0,4,6,56,-1,0,0,1,1,0,1,0,0,0,,6176502.0,44815.0,3,23947.0,78494.0,0,0
1076,2022,19,lando-norris,mclaren,mercedes,6,6,8.0,6,8,56,0,0,0,1,1,0,0,0,0,0,,6185472.0,53785.0,2,23702.0,47728.0,0,0
1076,2022,19,fernando-alonso,alpine,renault,7,7,6.0,14,9,56,7,0,0,1,1,0,0,0,0,0,,6186765.0,55078.0,2,23870.0,63577.0,0,0
1076,2022,19,sebastian-vettel,aston-martin,mercedes,8,8,4.0,10,12,56,2,0,0,1,1,0,0,0,1,0,,6197041.0,65354.0,2,24307.0,62464.0,0,0
1076,2022,19,kevin-magnussen,haas,ferrari,9,9,2.0,13,16,56,4,0,0,1,1,0,0,0,0,0,,6197521.0,65834.0,1,29039.0,29039.0,0,0
1076,2022,19,yuki-tsunoda,alphatauri,rbpt,10,10,1.0,19,15,56,9,0,0,1,1,0,0,0,0,0,,6202606.0,70919.0,2,23241.0,46929.0,0,0
1076,2022,19,esteban-ocon,alpine,renault,11,11,0,,18,56,9,0,0,0,1,0,0,0,0,0,,6204562.0,72875.0,2,24711.0,49527.0,0,0
1076,2022,19,guanyu-zhou,alfa-romeo,ferrari,12,12,0,18,14,56,6,0,0,0,1,0,0,0,0,0,,6207851.0,76164.0,2,25015.0,52341.0,0,0
1076,2022,19,alexander-albon,williams,mercedes,13,13,0,8,11,56,-5,0,0,0,1,0,0,0,0,0,,6211744.0,80057.0,2,24311.0,48935.0,0,0
1076,2022,19,pierre-gasly,alphatauri,rbpt,14,14,0,11,13,56,-3,0,0,0,1,0,0,0,0,0,,6213450.0,81763.0,2,23670.0,52588.0,0,0
1076,2022,19,mick-schumacher,haas,ferrari,15,15,0,16,19,56,1,0,0,0,1,0,0,0,0,0,,6216177.0,84490.0,2,24651.0,49860.0,0,0
1076,2022,19,daniel-ricciardo,mclaren,mercedes,16,16,0,15,17,56,-1,0,0,0,1,0,0,0,0,0,,6222174.0,90487.0,2,24436.0,50642.0,0,0
1076,2022,19,nicholas-latifi,williams,mercedes,17,17,0,17,20,56,0,0,0,0,1,0,0,0,0,0,,6235275.0,103588.0,2,24195.0,49516.0,0,0
1076,2022,19,lance-stroll,aston-martin,mercedes,,DNF,0,5,7,21,,0,0,0,0,0,0,0,0,1,Collision,,,1,25417.0,25417.0,0,0
1076,2022,19,valtteri-bottas,alfa-romeo,ferrari,,DNF,0,7,10,16,,0,0,0,0,0,0,0,0,1,Spun off,,,1,25013.0,25013.0,0,0
1076,2022,19,carlos-sainz-jr,ferrari,ferrari,,DNF,0,1,1,1,,0,0,0,0,1,0,0,0,1,Collision damage,,,0,,,1,0
1077,2022,20,max-verstappen,red-bull,rbpt,1,1,25.0,1,1,71,0,1,1,1,1,1,0,0,0,0,,5916729.0,,1,22487.0,22487.0,1,1
1077,2022,20,lewis-hamilton,mercedes,mercedes,2,2,18.0,3,3,71,1,0,1,1,1,0,0,0,0,0,,5931915.0,15186.0,1,23194.0,23194.0,0,0
1077,2022,20,sergio-perez,red-bull,rbpt,3,3,15.0,4,4,71,1,0,1,1,1,0,0,0,0,0,,5934826.0,18097.0,1,24892.0,24892.0,0,0
1077,2022,20,george-russell,mercedes,mercedes,4,4,13.0,2,2,71,-2,0,0,1,1,0,1,0,0,0,,5966160.0,49431.0,2,22795.0,45913.0,0,0
1077,2022,20,carlos-sainz-jr,ferrari,ferrari,5,5,10.0,5,5,71,0,0,0,1,1,0,0,0,0,0,,5974852.0,58123.0,1,23469.0,23469.0,0,0
1077,2022,20,charles-leclerc,ferrari,ferrari,6,6,8.0,7,7,71,1,0,0,1,1,0,0,0,0,0,,5985503.0,68774.0,1,22193.0,22193.0,0,0
1077,2022,20,daniel-ricciardo,mclaren,mercedes,7,7,6.0,11,11,70,4,0,0,1,1,0,0,0,1,0,,,,1,22280.0,22280.0,0,0
1077,2022,20,esteban-ocon,alpine,renault,8,8,4.0,10,10,70,2,0,0,1,1,0,0,0,0,0,,,,1,22343.0,22343.0,0,0
1077,2022,20,lando-norris,mclaren,mercedes,9,9,2.0,8,8,70,-1,0,0,1,1,0,0,0,0,0,,,,1,22585.0,22585.0,0,0
1077,2022,20,valtteri-bottas,alfa-romeo,ferrari,10,10,1.0,6,6,70,-4,0,0,1,1,0,0,0,0,0,,,,1,23863.0,23863.0,0,0
1077,2022,20,pierre-gasly,alphatauri,rbpt,11,11,0,14,14,70,3,0,0,0,1,0,0,0,0,0,,,,1,29168.0,29168.0,0,0
1077,2022,20,alexander-albon,williams,mercedes,12,12,0,17,19,70,5,0,0,0,1,0,0,0,0,0,,,,1,23182.0,23182.0,0,0
1077,2022,20,guanyu-zhou,alfa-romeo,ferrari,13,13,0,12,12,70,-1,0,0,0,1,0,0,0,0,0,,,,1,24218.0,24218.0,0,0
1077,2022,20,sebastian-vettel,aston-martin,mercedes,14,14,0,16,17,70,2,0,0,0,1,0,0,0,0,0,,,,1,22534.0,22534.0,0,0
1077,2022,20,lance-stroll,aston-martin,mercedes,15,15,0,20,18,70,5,0,0,0,1,0,0,0,0,0,,,,2,23119.0,46628.0,0,0
1077,2022,20,mick-schumacher,haas,ferrari,16,16,0,15,16,70,-1,0,0,0,1,0,0,0,0,0,,,,1,23679.0,23679.0,0,0
1077,2022,20,kevin-magnussen,haas,ferrari,17,17,0,19,15,70,2,0,0,0,1,0,0,0,0,0,,,,1,23722.0,23722.0,0,0
1077,2022,20,nicholas-latifi,williams,mercedes,18,18,0,18,20,69,0,0,0,0,1,0,0,0,0,0,,,,2,23826.0,47865.0,0,0
1077,2022,20,fernando-alonso,alpine,renault,19,19,0,9,9,63,-10,0,0,0,1,0,0,0,0,0,Engine,,,1,23159.0,23159.0,0,0
1077,2022,20,yuki-tsunoda,alphatauri,rbpt,,DNF,0,13,13,50,,0,0,0,0,0,0,0,0,1,Collision damage,,,1,22468.0,22468.0,0,0
1078,2022,21,george-russell,mercedes,mercedes,1,1,26.0,1,1,71,0,1,1,1,1,0,1,0,0,0,,5914044.0,,2,23480.0,47001.0,1,1
1078,2022,21,lewis-hamilton,mercedes,mercedes,2,2,18.0,2,3,71,0,0,1,1,1,0,0,0,1,0,,5915573.0,1529.0,2,23415.0,47496.0,0,0
1078,2022,21,carlos-sainz-jr,ferrari,ferrari,3,3,15.0,7,2,71,4,0,1,1,1,0,0,0,0,0,,5918095.0,4051.0,3,23483.0,72505.0,0,0
1078,2022,21,charles-leclerc,ferrari,ferrari,4,4,12.0,5,6,71,1,0,0,1,1,0,0,0,0,0,,5922485.0,8441.0,3,23124.0,76376.0,0,0
1078,2022,21,fernando-alonso,alpine,renault,5,5,10.0,17,18,71,12,0,0,1,1,0,0,0,0,0,,5923605.0,9561.0,3,23478.0,76123.0,0,0
1078,2022,21,max-verstappen,red-bull,rbpt,6,6,8.0,3,4,71,-3,0,0,1,1,0,0,0,0,0,,5924100.0,10056.0,3,24102.0,86726.0,0,0
1078,2022,21,sergio-perez,red-bull,rbpt,7,7,6.0,4,5,71,-3,0,0,1,1,0,0,0,0,0,,5928124.0,14080.0,2,22869.0,46021.0,0,0
1078,2022,21,esteban-ocon,alpine,renault,8,8,4.0,16,17,71,8,0,0,1,1,0,0,0,0,0,,5932734.0,18690.0,2,23868.0,48313.0,0,0
1078,2022,21,valtteri-bottas,alfa-romeo,ferrari,9,9,2.0,14,14,71,5,0,0,1,1,0,0,0,0,0,,5936596.0,22552.0,2,23908.0,48524.0,0,0
1078,2022,21,lance-stroll,aston-martin,mercedes,10,10,1.0,15,16,71,5,0,0,1,1,0,0,0,0,0,,5937596.0,23552.0,2,23469.0,47233.0,0,0
1078,2022,21,sebastian-vettel,aston-martin,mercedes,11,11,0,9,9,71,-2,0,0,0,1,0,0,0,0,0,,5940227.0,26183.0,2,24028.0,48276.0,0,0
1078,2022,21,guanyu-zhou,alfa-romeo,ferrari,12,12,0,13,13,71,1,0,0,0,1,0,0,0,0,0,,5943369.0,29325.0,2,24332.0,49443.0,0,0
1078,2022,21,mick-schumacher,haas,ferrari,13,13,0,12,12,71,-1,0,0,0,1,0,0,0,0,0,,5943943.0,29899.0,2,24487.0,49643.0,0,0
1078,2022,21,pierre-gasly,alphatauri,rbpt,14,14,0,10,10,71,-4,0,0,0,1,0,0,0,0,0,,5945911.0,31867.0,3,23009.0,69797.0,0,0
1078,2022,21,alexander-albon,williams,mercedes,15,15,0,19,,71,4,0,0,0,1,0,0,0,0,0,,5950060.0,36016.0,3,23322.0,71035.0,0,0
1078,2022,21,nicholas-latifi,williams,mercedes,16,16,0,18,19,71,2,0,0,0,1,0,0,0,0,0,,5951082.0,37038.0,3,23640.0,76739.0,0,0
1078,2022,21,yuki-tsunoda,alphatauri,rbpt,17,17,0,,15,70,3,0,0,0,1,0,0,0,0,0,,,,3,23287.0,70567.0,0,0
1078,2022,21,lando-norris,mclaren,mercedes,,DNF,0,6,7,50,,0,0,0,0,0,0,0,0,1,Gearbox,,,2,24669.0,54007.0,0,0
1078,2022,21,kevin-magnussen,haas,ferrari,,DNF,0,8,8,0,,0,0,0,0,1,0,0,0,1,Collision,,,0,,,0,0
1078,2022,21,daniel-ricciardo,mclaren,mercedes,,DNF,0,11,11,0,,0,0,0,0,0,0,0,0,1,Collision,,,0,,,0,0
1079,2022,22,max-verstappen,red-bull,rbpt,1,1,25.0,1,1,58,0,1,1,1,1,1,0,0,0,0,,5265914.0,,1,22735.0,22735.0,1,1
1079,2022,22,charles-leclerc,ferrari,ferrari,2,2,18.0,3,3,58,1,0,1,1,1,0,0,0,0,0,,5274685.0,8771.0,1,22210.0,22210.0,0,0
1079,2022,22,sergio-perez,red-bull,rbpt,3,3,15.0,2,2,58,-1,0,1,1,1,0,0,0,0,0,,5276007.0,10093.0,2,21360.0,42727.0,0,0
1079,2022,22,carlos-sainz-jr,ferrari,ferrari,4,4,12.0,4,4,58,0,0,0,1,1,0,0,0,0,0,,5290806.0,24892.0,2,21575.0,43505.0,0,0
1079,2022,22,george-russell,mercedes,mercedes,5,5,10.0,6,6,58,1,0,0,1,1,0,0,0,0,0,,5301802.0,35888.0,2,24243.0,52174.0,0,0
1079,2022,22,lando-norris,mclaren,mercedes,6,6,9.0,7,7,58,1,0,0,1,1,0,1,0,0,0,,5322148.0,56234.0,2,21559.0,43793.0,0,0
1079,2022,22,esteban-ocon,alpine,renault,7,7,6.0,8,8,58,1,0,0,1,1,0,0,0,0,0,,5323154.0,57240.0,2,21734.0,43629.0,0,0
1079,2022,22,lance-stroll,aston-martin,mercedes,8,8,4.0,14,14,58,6,0,0,1,1,0,0,0,0,0,,5342845.0,76931.0,2,21802.0,43616.0,0,0
1079,2022,22,daniel-ricciardo,mclaren,mercedes,9,9,2.0,13,10,58,4,0,0,1,1,0,0,0,0,0,,5349182.0,83268.0,1,21893.0,21893.0,0,0
1079,2022,22,sebastian-vettel,aston-martin,mercedes,10,10,1.0,9,9,58,-1,0,0,1,1,0,0,0,1,0,,5349812.0,83898.0,1,23186.0,23186.0,0,0
1079,2022,22,yuki-tsunoda,alphatauri,rbpt,11,11,0,11,12,58,0,0,0,0,1,0,0,0,0,0,,5355285.0,89371.0,2,21591.0,43853.0,0,0
1079,2022,22,guanyu-zhou,alfa-romeo,ferrari,12,12,0,15,15,57,3,0,0,0,1,0,0,0,0,0,,,,2,22435.0,45594.0,0,0
1079,2022,22,alexander-albon,williams,mercedes,13,13,0,19,19,57,6,0,0,0,1,0,0,0,0,0,,,,2,21793.0,43591.0,0,0
1079,2022,22,pierre-gasly,alphatauri,rbpt,14,14,0,17,17,57,3,0,0,0,1,0,0,0,0,0,,,,1,21855.0,21855.0,0,0
1079,2022,22,valtteri-bottas,alfa-romeo,ferrari,15,15,0,18,18,57,3,0,0,0,1,0,0,0,0,0,,,,1,22573.0,22573.0,0,0
1079,2022,22,mick-schumacher,haas,ferrari,16,16,0,12,13,57,-4,0,0,0,1,0,0,0,0,0,,,,2,22276.0,45806.0,0,0
1079,2022,22,kevin-magnussen,haas,ferrari,17,17,0,16,16,57,-1,0,0,0,1,0,0,0,0,0,,,,1,22387.0,22387.0,0,0
1079,2022,22,lewis-hamilton,mercedes,mercedes,18,18,0,5,5,55,-13,0,0,0,1,0,0,0,0,0,Gearbox,,,1,21270.0,21270.0,0,0
1079,2022,22,nicholas-latifi,williams,mercedes,19,19,0,20,20,55,1,0,0,0,1,0,0,0,0,0,Collision damage,,,2,22423.0,47597.0,0,0
1079,2022,22,fernando-alonso,alpine,renault,,DNF,0,10,11,27,,0,0,0,0,0,0,0,0,1,Water leak,,,1,21740.0,21740.0,0,0
1080,2023,1,max-verstappen,red-bull,honda-rbpt,1,1,25.0,1,1,57,0,1,1,1,1,1,0,0,0,0,,5636736.0,,2,24289.0,49199.0,1,1
1080,2023,1,sergio-perez,red-bull,honda-rbpt,2,2,18.0,2,2,57,0,0,1,1,1,0,0,0,0,0,,5648723.0,11987.0,2,24264.0,49355.0,0,0
1080,2023,1,fernando-alonso,aston-martin,mercedes,3,3,15.0,5,5,57,2,0,1,1,1,0,0,0,1,0,,5675373.0,38637.0,2,24869.0,50669.0,0,0
1080,2023,1,carlos-sainz-jr,ferrari,ferrari,4,4,12.0,4,4,57,0,0,0,1,1,0,0,0,0,0,,5684788.0,48052.0,2,24227.0,48727.0,0,0
1080,2023,1,lewis-hamilton,mercedes,mercedes,5,5,10.0,7,7,57,2,0,0,1,1,0,0,0,0,0,,5687713.0,50977.0,2,24682.0,49372.0,0,0
1080,2023,1,lance-stroll,aston-martin,mercedes,6,6,8.0,8,8,57,2,0,0,1,1,0,0,0,0,0,,5691238.0,54502.0,2,24639.0,50088.0,0,0
1080,2023,1,george-russell,mercedes,mercedes,7,7,6.0,6,6,57,-1,0,0,1,1,0,0,0,0,0,,5692609.0,55873.0,2,24406.0,51468.0,0,0
1080,2023,1,valtteri-bottas,alfa-romeo,ferrari,8,8,4.0,12,12,57,4,0,0,1,1,0,0,0,0,0,,5709383.0,72647.0,2,25399.0,51042.0,0,0
1080,2023,1,pierre-gasly,alpine,renault,9,9,2.0,20,20,57,11,0,0,1,1,0,0,0,0,0,,5710489.0,73753.0,3,24736.0,75500.0,0,0
1080,2023,1,alexander-albon,williams,mercedes,10,10,1.0,15,15,57,5,0,0,1,1,0,0,0,0,0,,5726510.0,89774.0,3,24458.0,74432.0,0,0
1080,2023,1,yuki-tsunoda,alphatauri,honda-rbpt,11,11,0,14,14,57,3,0,0,0,1,0,0,0,0,0,,5727606.0,90870.0,3,24372.0,75457.0,0,0
1080,2023,1,logan-sargeant,williams,mercedes,12,12,0,16,16,56,4,0,0,0,1,0,0,0,0,0,,,,3,25047.0,76317.0,0,0
1080,2023,1,kevin-magnussen,haas,ferrari,13,13,0,17,17,56,4,0,0,0,1,0,0,0,0,0,,,,3,25125.0,75908.0,0,0
1080,2023,1,nyck-de-vries,alphatauri,honda-rbpt,14,14,0,19,19,56,5,0,0,0,1,0,0,0,0,0,,,,2,25018.0,50252.0,0,0
1080,2023,1,nico-hulkenberg,haas,ferrari,15,15,0,10,10,56,-5,0,0,0,1,0,0,0,0,0,,,,3,26075.0,90924.0,0,0
1080,2023,1,guanyu-zhou,alfa-romeo,ferrari,16,16,0,13,13,56,-3,0,0,0,1,0,1,0,0,0,,,,3,25282.0,81236.0,0,0
1080,2023,1,lando-norris,mclaren,mercedes,17,17,0,11,11,55,-6,0,0,0,1,0,0,0,0,0,,,,6,30710.0,195334.0,0,0
1080,2023,1,esteban-ocon,alpine,renault,,DNF,0,9,9,41,,0,0,0,0,0,0,0,0,1,Withdrew,,,3,24966.0,110946.0,0,0
1080,2023,1,charles-leclerc,ferrari,ferrari,,DNF,0,3,3,39,,0,0,0,0,0,0,0,0,1,Engine,,,2,24345.0,48989.0,0,0
1080,2023,1,oscar-piastri,mclaren,mercedes,,DNF,0,18,18,13,,0,0,0,0,0,0,0,0,1,Electrical,,,0,,,0,0
1081,2023,2,sergio-perez,red-bull,honda-rbpt,1,1,25.0,1,1,50,0,1,1,1,1,1,0,0,0,0,,4874894.0,,1,20715.0,20715.0,1,1
1081,2023,2,max-verstappen,red-bull,honda-rbpt,2,2,19.0,15,15,50,13,0,1,1,1,0,1,0,1,0,,4880249.0,5355.0,1,20824.0,20824.0,0,0
1081,2023,2,fernando-alonso,aston-martin,mercedes,3,3,15.0,2,3,50,-1,0,1,1,1,0,0,0,0,0,,4895622.0,20728.0,1,26879.0,26879.0,0,0
1081,2023,2,george-russell,mercedes,mercedes,4,4,12.0,3,4,50,-1,0,0,1,1,0,0,0,0,0,,4900760.0,25866.0,1,20828.0,20828.0,0,0
1081,2023,2,lewis-hamilton,mercedes,mercedes,5,5,10.0,7,8,50,2,0,0,1,1,0,0,0,0,0,,4905959.0,31065.0,1,21102.0,21102.0,0,0
1081,2023,2,carlos-sainz-jr,ferrari,ferrari,6,6,8.0,4,5,50,-2,0,0,1,1,0,0,0,0,0,,4910770.0,35876.0,1,20760.0,20760.0,0,0
1081,2023,2,charles-leclerc,ferrari,ferrari,7,7,6.0,12,2,50,5,0,0,1,1,0,0,0,0,0,,4918056.0,43162.0,1,20026.0,20026.0,0,0
1081,2023,2,esteban-ocon,alpine,renault,8,8,4.0,6,7,50,-2,0,0,1,1,0,0,0,0,0,,4927726.0,52832.0,1,20762.0,20762.0,0,0
1081,2023,2,pierre-gasly,alpine,renault,9,9,2.0,9,10,50,0,0,0,1,1,0,0,0,0,0,,4929641.0,54747.0,1,20719.0,20719.0,0,0
1081,2023,2,kevin-magnussen,haas,ferrari,10,10,1.0,13,13,50,3,0,0,1,1,0,0,0,0,0,,4939720.0,64826.0,1,20870.0,20870.0,0,0
1081,2023,2,yuki-tsunoda,alphatauri,honda-rbpt,11,11,0,16,16,50,5,0,0,0,1,0,0,0,0,0,,4942388.0,67494.0,1,21414.0,21414.0,0,0
1081,2023,2,nico-hulkenberg,haas,ferrari,12,12,0,10,11,50,-2,0,0,0,1,0,0,0,0,0,,4945482.0,70588.0,1,21567.0,21567.0,0,0
1081,2023,2,guanyu-zhou,alfa-romeo,ferrari,13,13,0,11,12,50,-2,0,0,0,1,0,0,0,0,0,,4950954.0,76060.0,2,21282.0,42985.0,0,0
1081,2023,2,nyck-de-vries,alphatauri,honda-rbpt,14,14,0,18,18,50,4,0,0,0,1,0,0,0,0,0,,4952372.0,77478.0,1,21116.0,21116.0,0,0
1081,2023,2,oscar-piastri,mclaren,mercedes,15,15,0,8,9,50,-7,0,0,0,1,0,0,0,0,0,,4959915.0,85021.0,1,31534.0,31534.0,0,0
1081,2023,2,logan-sargeant,williams,mercedes,16,16,0,20,,50,4,0,0,0,1,0,0,0,0,0,,4961187.0,86293.0,1,21064.0,21064.0,0,0
1081,2023,2,lando-norris,mclaren,mercedes,17,17,0,19,19,50,2,0,0,0,1,0,0,0,0,0,,4961339.0,86445.0,2,21352.0,50796.0,0,0
1081,2023,2,valtteri-bottas,alfa-romeo,ferrari,18,18,0,14,14,49,-4,0,0,0,1,0,0,0,0,0,,,,3,21505.0,65504.0,0,0
1081,2023,2,alexander-albon,williams,mercedes,,DNF,0,17,17,27,,0,0,0,0,0,0,0,0,1,Brakes,,,1,21397.0,21397.0,0,0
1081,2023,2,lance-stroll,aston-martin,mercedes,,DNF,0,5,6,16,,0,0,0,0,0,0,0,0,1,Engine,,,1,21150.0,21150.0,0,0
1082,2023,3,max-verstappen,red-bull,honda-rbpt,1,1,25.0,1,1,58,0,1,1,1,1,1,0,0,0,0,,9158371.0,,3,867756.0,3649370.0,1,1
1082,2023,3,lewis-hamilton,mercedes,mercedes,2,2,18.0,3,3,58,1,0,1,1,1,0,0,0,0,0,,9158550.0,179.0,3,871670.0,3656286.0,0,0
1082,2023,3,fernando-alonso,aston-martin,mercedes,3,3,15.0,4,4,58,1,0,1,1,1,0,0,0,0,0,,9159140.0,769.0,3,874306.0,3646319.0,0,0
1082,2023,3,lance-stroll,aston-martin,mercedes,4,4,12.0,6,6,58,2,0,0,1,1,0,0,0,0,0,,9161453.0,3082.0,3,875053.0,3648200.0,0,0
1082,2023,3,sergio-perez,red-bull,honda-rbpt,5,5,11.0,,,58,14,0,0,1,1,0,1,0,1,0,,9161691.0,3320.0,5,17657.0,3703013.0,0,0
1082,2023,3,lando-norris,mclaren,mercedes,6,6,8.0,13,13,58,7,0,0,1,1,0,0,0,0,0,,9162072.0,3701.0,3,881064.0,3679914.0,0,0
1082,2023,3,nico-hulkenberg,haas,ferrari,7,7,6.0,10,10,58,3,0,0,1,1,0,0,0,0,0,,9163310.0,4939.0,3,880712.0,3676093.0,0,0
1082,2023,3,oscar-piastri,mclaren,mercedes,8,8,4.0,16,16,58,8,0,0,1,1,0,0,0,0,0,,9163753.0,5382.0,4,19442.0,3684862.0,0,0
1082,2023,3,guanyu-zhou,alfa-romeo,ferrari,9,9,2.0,17,17,58,8,0,0,1,1,0,0,0,0,0,,9164084.0,5713.0,5,18951.0,3685244.0,0,0
1082,2023,3,yuki-tsunoda,alphatauri,honda-rbpt,10,10,1.0,12,12,58,2,0,0,1,1,0,0,0,0,0,,9164423.0,6052.0,4,18258.0,3663107.0,0,0
1082,2023,3,valtteri-bottas,alfa-romeo,ferrari,11,11,0,,19,58,9,0,0,0,1,0,0,0,0,0,,9164884.0,6513.0,6,19825.0,3662236.0,0,0
1082,2023,3,carlos-sainz-jr,ferrari,ferrari,12,12,0,5,5,58,-7,0,0,0,1,0,0,0,0,0,,9164965.0,6594.0,4,18319.0,3691821.0,0,0
1082,2023,3,pierre-gasly,alpine,renault,13,13,0,9,9,56,-4,0,0,0,1,0,0,0,0,0,Collision,,,2,875210.0,1802206.0,0,0
1082,2023,3,esteban-ocon,alpine,renault,14,14,0,11,11,56,-3,0,0,0,1,0,0,0,0,0,Collision,,,3,18056.0,1835789.0,0,0
1082,2023,3,nyck-de-vries,alphatauri,honda-rbpt,15,15,0,15,15,56,0,0,0,0,1,0,0,0,0,0,Collision,,,4,18080.0,1755971.0,0,0
1082,2023,3,logan-sargeant,williams,mercedes,16,16,0,18,18,56,2,0,0,0,1,0,0,0,0,0,Collision,,,6,18382.0,1800797.0,0,0
1082,2023,3,kevin-magnussen,haas,ferrari,17,17,0,14,14,52,-3,0,0,0,1,0,0,0,0,0,Accident,,,2,20789.0,961017.0,0,0
1082,2023,3,george-russell,mercedes,mercedes,,DNF,0,2,2,17,,0,0,0,0,0,0,0,0,1,Engine,,,2,19146.0,949970.0,0,0
1082,2023,3,alexander-albon,williams,mercedes,,DNF,0,8,8,6,,0,0,0,0,0,0,0,0,1,Accident,,,0,,,0,0
1082,2023,3,charles-leclerc,ferrari,ferrari,,DNF,0,7,7,0,,0,0,0,0,0,0,0,0,1,Collision,,,0,,,0,0
1083,2023,4,sergio-perez,red-bull,honda-rbpt,1,1,25.0,3,3,51,2,1,1,1,1,0,0,0,1,0,,5562436.0,,1,20389.0,20389.0,0,0
1083,2023,4,max-verstappen,red-bull,honda-rbpt,2,2,18.0,2,2,51,0,0,1,1,1,0,0,0,0,0,,5564573.0,2137.0,1,20707.0,20707.0,0,0
1083,2023,4,charles-leclerc,ferrari,ferrari,3,3,15.0,1,1,51,-2,0,1,1,1,1,0,0,0,0,,5583653.0,21217.0,1,21126.0,21126.0,1,0
1083,2023,4,fernando-alonso,aston-martin,mercedes,4,4,12.0,6,6,51,2,0,0,1,1,0,0,0,0,0,,5584460.0,22024.0,1,23148.0,23148.0,0,0
1083,2023,4,carlos-sainz-jr,ferrari,ferrari,5,5,10.0,4,4,51,-1,0,0,1,1,0,0,0,0,0,,5607927.0,45491.0,1,21970.0,21970.0,0,0
1083,2023,4,lewis-hamilton,mercedes,mercedes,6,6,8.0,5,5,51,-1,0,0,1,1,0,0,0,0,0,,5608581.0,46145.0,1,20324.0,20324.0,0,0
1083,2023,4,lance-stroll,aston-martin,mercedes,7,7,6.0,9,9,51,2,0,0,1,1,0,0,0,0,0,,5614053.0,51617.0,1,23161.0,23161.0,0,0
1083,2023,4,george-russell,mercedes,mercedes,8,8,5.0,11,11,51,3,0,0,1,1,0,1,0,0,0,,5636676.0,74240.0,2,20459.0,41848.0,0,0
1083,2023,4,lando-norris,mclaren,mercedes,9,9,2.0,7,7,51,-2,0,0,1,1,0,0,0,0,0,,5642812.0,80376.0,1,20346.0,20346.0,0,0
1083,2023,4,yuki-tsunoda,alphatauri,honda-rbpt,10,10,1.0,8,8,51,-2,0,0,1,1,0,0,0,0,0,,5646298.0,83862.0,1,20497.0,20497.0,0,0
1083,2023,4,oscar-piastri,mclaren,mercedes,11,11,0,10,10,51,-1,0,0,0,1,0,0,0,0,0,,5648937.0,86501.0,1,20902.0,20902.0,0,0
1083,2023,4,alexander-albon,williams,mercedes,12,12,0,12,13,51,0,0,0,0,1,0,0,0,0,0,,5651059.0,88623.0,1,21103.0,21103.0,0,0
1083,2023,4,kevin-magnussen,haas,ferrari,13,13,0,16,18,51,3,0,0,0,1,0,0,0,0,0,,5652165.0,89729.0,1,30951.0,30951.0,0,0
1083,2023,4,pierre-gasly,alpine,renault,14,14,0,17,19,51,3,0,0,0,1,0,0,0,0,0,,5653768.0,91332.0,2,20235.0,41404.0,0,0
1083,2023,4,esteban-ocon,alpine,renault,15,15,0,,12,51,4,0,0,0,1,0,0,0,0,0,,5660230.0,97794.0,1,20367.0,20367.0,0,0
1083,2023,4,logan-sargeant,williams,mercedes,16,16,0,14,15,51,-2,0,0,0,1,0,0,0,0,0,,5663379.0,100943.0,1,21015.0,21015.0,0,0
1083,2023,4,nico-hulkenberg,haas,ferrari,17,17,0,,17,50,3,0,0,0,1,0,0,0,0,0,,,,1,24748.0,24748.0,0,0
1083,2023,4,valtteri-bottas,alfa-romeo,ferrari,18,18,0,13,14,50,-5,0,0,0,1,0,0,0,0,0,,,,3,20967.0,64333.0,0,0
1083,2023,4,guanyu-zhou,alfa-romeo,ferrari,,DNF,0,15,16,36,,0,0,0,0,0,0,0,0,1,Overheating,,,1,22247.0,22247.0,0,0
1083,2023,4,nyck-de-vries,alphatauri,honda-rbpt,,DNF,0,18,,9,,0,0,0,0,0,0,0,0,1,Accident,,,0,,,0,0
1084,2023,5,max-verstappen,red-bull,honda-rbpt,1,1,26.0,9,9,57,8,1,1,1,1,0,1,0,1,0,,5258241.0,,1,22688.0,22688.0,0,0
1084,2023,5,sergio-perez,red-bull,honda-rbpt,2,2,18.0,1,1,57,-1,0,1,1,1,1,0,0,0,0,,5263625.0,5384.0,1,21884.0,21884.0,1,0
1084,2023,5,fernando-alonso,aston-martin,mercedes,3,3,15.0,2,2,57,-1,0,1,1,1,0,0,0,0,0,,5284546.0,26305.0,1,22631.0,22631.0,0,0
1084,2023,5,george-russell,mercedes,mercedes,4,4,12.0,6,6,57,2,0,0,1,1,0,0,0,0,0,,5291470.0,33229.0,1,22335.0,22335.0,0,0
1084,2023,5,carlos-sainz-jr,ferrari,ferrari,5,5,10.0,3,3,57,-2,0,0,1,1,0,0,0,0,0,,5300752.0,42511.0,1,22278.0,22278.0,0,0
1084,2023,5,lewis-hamilton,mercedes,mercedes,6,6,8.0,13,13,57,7,0,0,1,1,0,0,0,0,0,,5309490.0,51249.0,1,22150.0,22150.0,0,0
1084,2023,5,charles-leclerc,ferrari,ferrari,7,7,6.0,7,7,57,0,0,0,1,1,0,0,0,0,0,,5311229.0,52988.0,1,22068.0,22068.0,0,0
1084,2023,5,pierre-gasly,alpine,renault,8,8,4.0,5,5,57,-3,0,0,1,1,0,0,0,0,0,,5313911.0,55670.0,1,22417.0,22417.0,0,0
1084,2023,5,esteban-ocon,alpine,renault,9,9,2.0,8,8,57,-1,0,0,1,1,0,0,0,0,0,,5316364.0,58123.0,1,21942.0,21942.0,0,0
1084,2023,5,kevin-magnussen,haas,ferrari,10,10,1.0,4,4,57,-6,0,0,1,1,0,0,0,0,0,,5321186.0,62945.0,1,22616.0,22616.0,0,0
1084,2023,5,yuki-tsunoda,alphatauri,honda-rbpt,11,11,0,17,17,57,6,0,0,0,1,0,0,0,0,0,,5322550.0,64309.0,1,22390.0,22390.0,0,0
1084,2023,5,lance-stroll,aston-martin,mercedes,12,12,0,18,18,57,6,0,0,0,1,0,0,0,0,0,,5322995.0,64754.0,1,22651.0,22651.0,0,0
1084,2023,5,valtteri-bottas,alfa-romeo,ferrari,13,13,0,10,10,57,-3,0,0,0,1,0,0,0,0,0,,5329878.0,71637.0,1,23158.0,23158.0,0,0
1084,2023,5,alexander-albon,williams,mercedes,14,14,0,11,11,57,-3,0,0,0,1,0,0,0,0,0,,5331102.0,72861.0,1,22482.0,22482.0,0,0
1084,2023,5,nico-hulkenberg,haas,ferrari,15,15,0,12,12,57,-3,0,0,0,1,0,0,0,0,0,,5333191.0,74950.0,1,23120.0,23120.0,0,0
1084,2023,5,guanyu-zhou,alfa-romeo,ferrari,16,16,0,14,14,57,-2,0,0,0,1,0,0,0,0,0,,5336681.0,78440.0,1,22796.0,22796.0,0,0
1084,2023,5,lando-norris,mclaren,mercedes,17,17,0,16,16,57,-1,0,0,0,1,0,0,0,0,0,,5345958.0,87717.0,1,24090.0,24090.0,0,0
1084,2023,5,nyck-de-vries,alphatauri,honda-rbpt,18,18,0,15,15,57,-3,0,0,0,1,0,0,0,0,0,,5347190.0,88949.0,1,23487.0,23487.0,0,0
1084,2023,5,oscar-piastri,mclaren,mercedes,19,19,0,19,19,56,0,0,0,0,1,0,0,0,0,0,,,,1,22205.0,22205.0,0,0
1084,2023,5,logan-sargeant,williams,mercedes,20,20,0,20,20,56,0,0,0,0,1,0,0,0,0,0,,,,1,48938.0,48938.0,0,0
1085,2023,6,max-verstappen,red-bull,honda-rbpt,1,1,25.0,1,1,78,0,1,1,1,1,1,0,0,0,0,,6531980.0,,1,24798.0,24798.0,1,1
1085,2023,6,fernando-alonso,aston-martin,mercedes,2,2,18.0,2,2,78,0,0,1,1,1,0,0,0,0,0,,6559901.0,27921.0,2,24414.0,50330.0,0,0
1085,2023,6,esteban-ocon,alpine,renault,3,3,15.0,3,4,78,0,0,1,1,1,0,0,0,1,0,,6568970.0,36990.0,2,24707.0,50540.0,0,0
1085,2023,6,lewis-hamilton,mercedes,mercedes,4,4,13.0,5,6,78,1,0,0,1,1,0,1,0,0,0,,6571042.0,39062.0,2,24594.0,51279.0,0,0
1085,2023,6,george-russell,mercedes,mercedes,5,5,10.0,8,8,78,3,0,0,1,1,0,0,0,0,0,,6588264.0,56284.0,1,30980.0,30980.0,0,0
1085,2023,6,charles-leclerc,ferrari,ferrari,6,6,8.0,6,3,78,0,0,0,1,1,0,0,0,0,0,,6593870.0,61890.0,2,24192.0,49905.0,0,0
1085,2023,6,pierre-gasly,alpine,renault,7,7,6.0,7,7,78,0,0,0,1,1,0,0,0,0,0,,6594342.0,62362.0,2,23902.0,53851.0,0,0
1085,2023,6,carlos-sainz-jr,ferrari,ferrari,8,8,4.0,4,5,78,-4,0,0,1,1,0,0,0,0,0,,6595371.0,63391.0,2,24252.0,53552.0,0,0
1085,2023,6,lando-norris,mclaren,mercedes,9,9,2.0,10,10,77,1,0,0,1,1,0,0,0,0,0,,,,2,24663.0,58091.0,0,0
1085,2023,6,oscar-piastri,mclaren,mercedes,10,10,1.0,11,11,77,1,0,0,1,1,0,0,0,0,0,,,,1,25851.0,25851.0,0,0
1085,2023,6,valtteri-bottas,alfa-romeo,ferrari,11,11,0,15,15,77,4,0,0,0,1,0,0,0,0,0,,,,1,30395.0,30395.0,0,0
1085,2023,6,nyck-de-vries,alphatauri,honda-rbpt,12,12,0,12,12,77,0,0,0,0,1,0,0,0,0,0,,,,1,24539.0,24539.0,0,0
1085,2023,6,guanyu-zhou,alfa-romeo,ferrari,13,13,0,19,19,77,6,0,0,0,1,0,0,0,0,0,,,,2,25260.0,51401.0,0,0
1085,2023,6,alexander-albon,williams,mercedes,14,14,0,13,13,77,-1,0,0,0,1,0,0,0,0,0,,,,2,24290.0,51280.0,0,0
1085,2023,6,yuki-tsunoda,alphatauri,honda-rbpt,15,15,0,9,9,76,-6,0,0,0,1,0,0,0,0,0,,,,1,33706.0,33706.0,0,0
1085,2023,6,sergio-perez,red-bull,honda-rbpt,16,16,0,20,20,76,4,0,0,0,1,0,0,0,0,0,,,,5,24217.0,136656.0,0,0
1085,2023,6,nico-hulkenberg,haas,ferrari,17,17,0,18,18,76,1,0,0,0,1,0,0,0,0,0,,,,3,25672.0,92891.0,0,0
1085,2023,6,logan-sargeant,williams,mercedes,18,18,0,16,16,76,-2,0,0,0,1,0,0,0,0,0,,,,3,24376.0,78096.0,0,0
1085,2023,6,kevin-magnussen,haas,ferrari,19,19,0,17,17,70,-2,0,0,0,1,0,0,0,0,0,Accident damage,,,1,51052.0,51052.0,0,0
1085,2023,6,lance-stroll,aston-martin,mercedes,,DNF,0,14,14,53,,0,0,0,0,0,0,0,0,1,Accident damage,,,1,24656.0,24656.0,0,0
1086,2023,7,max-verstappen,red-bull,honda-rbpt,1,1,26.0,1,1,66,0,1,1,1,1,1,1,1,0,0,,5277940.0,,2,22241.0,44598.0,1,1
1086,2023,7,lewis-hamilton,mercedes,mercedes,2,2,18.0,4,5,66,2,0,1,1,1,0,0,0,1,0,,5302030.0,24090.0,2,22575.0,45306.0,0,0
1086,2023,7,george-russell,mercedes,mercedes,3,3,15.0,12,12,66,9,0,1,1,1,0,0,0,0,0,,5310329.0,32389.0,2,22054.0,44329.0,0,0
1086,2023,7,sergio-perez,red-bull,honda-rbpt,4,4,12.0,11,11,66,7,0,0,1,1,0,0,0,0,0,,5313752.0,35812.0,2,21537.0,43312.0,0,0
1086,2023,7,carlos-sainz-jr,ferrari,ferrari,5,5,10.0,2,2,66,-3,0,0,1,1,0,0,0,0,0,,5323638.0,45698.0,2,22321.0,44696.0,0,0
1086,2023,7,lance-stroll,aston-martin,mercedes,6,6,8.0,5,6,66,-1,0,0,1,1,0,0,0,0,0,,5341260.0,63320.0,2,22355.0,45726.0,0,0
1086,2023,7,fernando-alonso,aston-martin,mercedes,7,7,6.0,8,9,66,1,0,0,1,1,0,0,0,0,0,,5342067.0,64127.0,2,22558.0,45454.0,0,0
1086,2023,7,esteban-ocon,alpine,renault,8,8,4.0,6,7,66,-2,0,0,1,1,0,0,0,0,0,,5347182.0,69242.0,2,22112.0,46222.0,0,0
1086,2023,7,guanyu-zhou,alfa-romeo,ferrari,9,9,2.0,13,13,66,4,0,0,1,1,0,0,0,0,0,,5349818.0,71878.0,2,22889.0,46319.0,0,0
1086,2023,7,pierre-gasly,alpine,renault,10,10,1.0,10,4,66,0,0,0,1,1,0,0,0,0,0,,5351470.0,73530.0,2,23388.0,46998.0,0,0
1086,2023,7,charles-leclerc,ferrari,ferrari,11,11,0,,19,66,8,0,0,0,1,0,0,0,0,0,,5352359.0,74419.0,2,21778.0,44781.0,0,0
1086,2023,7,yuki-tsunoda,alphatauri,honda-rbpt,12,12,0,15,15,66,3,0,0,0,1,0,0,0,0,0,,5353356.0,75416.0,2,22009.0,44185.0,0,0
1086,2023,7,oscar-piastri,mclaren,mercedes,13,13,0,9,10,65,-4,0,0,0,1,0,0,0,0,0,,,,2,22370.0,45232.0,0,0
1086,2023,7,nyck-de-vries,alphatauri,honda-rbpt,14,14,0,14,14,65,0,0,0,0,1,0,0,0,0,0,,,,2,21976.0,44498.0,0,0
1086,2023,7,nico-hulkenberg,haas,ferrari,15,15,0,7,8,65,-8,0,0,0,1,0,0,0,0,0,,,,3,22298.0,70039.0,0,0
1086,2023,7,alexander-albon,williams,mercedes,16,16,0,18,18,65,2,0,0,0,1,0,0,0,0,0,,,,2,23319.0,46768.0,0,0
1086,2023,7,lando-norris,mclaren,mercedes,17,17,0,3,3,65,-14,0,0,0,1,0,0,0,0,0,,,,3,22062.0,82648.0,0,0
1086,2023,7,kevin-magnussen,haas,ferrari,18,18,0,17,17,65,-1,0,0,0,1,0,0,0,0,0,,,,3,22124.0,69215.0,0,0
1086,2023,7,valtteri-bottas,alfa-romeo,ferrari,19,19,0,16,16,65,-3,0,0,0,1,0,0,0,0,0,,,,2,23691.0,47788.0,0,0
1086,2023,7,logan-sargeant,williams,mercedes,20,20,0,,20,65,0,0,0,0,1,0,0,0,0,0,,,,2,22583.0,46410.0,0,0
1087,2023,8,max-verstappen,red-bull,honda-rbpt,1,1,25.0,1,1,70,0,1,1,1,1,1,0,0,0,0,,5638348.0,,2,23644.0,47554.0,1,1
1087,2023,8,fernando-alonso,aston-martin,mercedes,2,2,18.0,2,3,70,0,0,1,1,1,0,0,0,0,0,,5647918.0,9570.0,2,23928.0,47959.0,0,0
1087,2023,8,lewis-hamilton,mercedes,mercedes,3,3,15.0,3,4,70,0,0,1,1,1,0,0,0,0,0,,5652516.0,14168.0,2,23749.0,48088.0,0,0
1087,2023,8,charles-leclerc,ferrari,ferrari,4,4,12.0,10,11,70,6,0,0,1,1,0,0,0,0,0,,5656996.0,18648.0,1,24343.0,24343.0,0,0
1087,2023,8,carlos-sainz-jr,ferrari,ferrari,5,5,10.0,11,8,70,6,0,0,1,1,0,0,0,0,0,,5659888.0,21540.0,1,24133.0,24133.0,0,0
1087,2023,8,sergio-perez,red-bull,honda-rbpt,6,6,9.0,12,12,70,6,0,0,1,1,0,1,0,0,0,,5689376.0,51028.0,2,23218.0,46499.0,0,0
1087,2023,8,alexander-albon,williams,mercedes,7,7,6.0,9,10,70,2,0,0,1,1,0,0,0,1,0,,5699161.0,60813.0,1,25064.0,25064.0,0,0
1087,2023,8,esteban-ocon,alpine,renault,8,8,4.0,6,6,70,-2,0,0,1,1,0,0,0,0,0,,5700040.0,61692.0,2,23698.0,48100.0,0,0
1087,2023,8,lance-stroll,aston-martin,mercedes,9,9,2.0,16,13,70,7,0,0,1,1,0,0,0,0,0,,5702750.0,64402.0,2,23711.0,47550.0,0,0
1087,2023,8,valtteri-bottas,alfa-romeo,ferrari,10,10,1.0,14,15,70,4,0,0,1,1,0,0,0,0,0,,5702780.0,64432.0,1,24038.0,24038.0,0,0
1087,2023,8,oscar-piastri,mclaren,mercedes,11,11,0,8,9,70,-3,0,0,0,1,0,0,0,0,0,,5703449.0,65101.0,2,23436.0,48264.0,0,0
1087,2023,8,pierre-gasly,alpine,renault,12,12,0,15,17,70,3,0,0,0,1,0,0,0,0,0,,5703597.0,65249.0,2,24117.0,51632.0,0,0
1087,2023,8,lando-norris,mclaren,mercedes,13,13,0,7,7,70,-6,0,0,0,1,0,0,0,0,0,,5706711.0,68363.0,2,23570.0,49432.0,0,0
1087,2023,8,yuki-tsunoda,alphatauri,honda-rbpt,14,14,0,19,16,70,5,0,0,0,1,0,0,0,0,0,,5711771.0,73423.0,2,23646.0,51169.0,0,0
1087,2023,8,nico-hulkenberg,haas,ferrari,15,15,0,5,2,69,-10,0,0,0,1,0,0,0,0,0,,,,2,24200.0,49080.0,0,0
1087,2023,8,guanyu-zhou,alfa-romeo,ferrari,16,16,0,20,20,69,4,0,0,0,1,0,0,0,0,0,,,,2,24161.0,51670.0,0,0
1087,2023,8,kevin-magnussen,haas,ferrari,17,17,0,13,14,69,-4,0,0,0,1,0,0,0,0,0,,,,2,24515.0,49424.0,0,0
1087,2023,8,nyck-de-vries,alphatauri,honda-rbpt,18,18,0,17,18,69,-1,0,0,0,1,0,0,0,0,0,,,,2,23786.0,48746.0,0,0
1087,2023,8,george-russell,mercedes,mercedes,,DNF,0,4,5,53,,0,0,0,0,0,0,0,0,1,Brakes,,,1,88943.0,88943.0,0,0
1087,2023,8,logan-sargeant,williams,mercedes,,DNF,0,18,19,6,,0,0,0,0,0,0,0,0,1,Oil leak,,,0,,,0,0
1088,2023,9,max-verstappen,red-bull,honda-rbpt,1,1,26.0,1,1,71,0,1,1,1,1,1,1,0,0,0,,5133607.0,,4,16369.0,80703.0,1,1
1088,2023,9,charles-leclerc,ferrari,ferrari,2,2,18.0,2,2,71,0,0,1,1,1,0,0,0,0,0,,5138762.0,5155.0,3,16393.0,61288.0,0,0
1088,2023,9,sergio-perez,red-bull,honda-rbpt,3,3,15.0,15,15,71,12,0,1,1,1,0,0,0,0,0,,5150795.0,17188.0,3,17428.0,60350.0,0,0
1088,2023,9,lando-norris,mclaren,mercedes,4,4,12.0,4,4,71,0,0,0,1,1,0,0,0,1,0,,5159934.0,26327.0,3,18076.0,61454.0,0,0
1088,2023,9,fernando-alonso,aston-martin,mercedes,5,5,10.0,7,7,71,2,0,0,1,1,0,0,0,0,0,,5163924.0,30317.0,3,16600.0,60964.0,0,0
1088,2023,9,carlos-sainz-jr,ferrari,ferrari,6,6,8.0,3,3,71,-3,0,0,1,1,0,0,0,0,0,,5164984.0,31377.0,3,16380.0,71246.0,0,0
1088,2023,9,george-russell,mercedes,mercedes,7,7,6.0,11,11,71,4,0,0,1,1,0,0,0,0,0,,5182010.0,48403.0,3,17946.0,61910.0,0,0
1088,2023,9,lewis-hamilton,mercedes,mercedes,8,8,4.0,5,5,71,-3,0,0,1,1,0,0,0,0,0,,5182803.0,49196.0,3,16415.0,66132.0,0,0
1088,2023,9,lance-stroll,aston-martin,mercedes,9,9,2.0,6,6,71,-3,0,0,1,1,0,0,0,0,0,,5192650.0,59043.0,4,16646.0,84865.0,0,0
1088,2023,9,pierre-gasly,alpine,renault,10,10,1.0,9,9,71,-1,0,0,1,1,0,0,0,0,0,,5201274.0,67667.0,3,16380.0,65998.0,0,0
1088,2023,9,alexander-albon,williams,mercedes,11,11,0,10,10,71,-1,0,0,0,1,0,0,0,0,0,,5213374.0,79767.0,3,16737.0,65982.0,0,0
1088,2023,9,guanyu-zhou,alfa-romeo,ferrari,12,12,0,17,17,70,5,0,0,0,1,0,0,0,0,0,,,,3,17467.0,63751.0,0,0
1088,2023,9,logan-sargeant,williams,mercedes,13,13,0,18,18,70,5,0,0,0,1,0,0,0,0,0,,,,3,17337.0,62074.0,0,0
1088,2023,9,esteban-ocon,alpine,renault,14,14,0,12,12,70,-2,0,0,0,1,0,0,0,0,0,,,,3,18143.0,70598.0,0,0
1088,2023,9,valtteri-bottas,alfa-romeo,ferrari,15,15,0,,14,70,-1,0,0,0,1,0,0,0,0,0,,,,3,17130.0,70890.0,0,0
1088,2023,9,oscar-piastri,mclaren,mercedes,16,16,0,13,13,70,-3,0,0,0,1,0,0,0,0,0,,,,4,17324.0,92016.0,0,0
1088,2023,9,nyck-de-vries,alphatauri,honda-rbpt,17,17,0,,20,70,3,0,0,0,1,0,0,0,0,0,,,,3,17033.0,59440.0,0,0
1088,2023,9,kevin-magnussen,haas,ferrari,18,18,0,,19,70,1,0,0,0,1,0,0,0,0,0,,,,3,22250.0,74491.0,0,0
1088,2023,9,yuki-tsunoda,alphatauri,honda-rbpt,19,19,0,16,16,70,-3,0,0,0,1,0,0,0,0,0,,,,4,16246.0,94615.0,0,0
1088,2023,9,nico-hulkenberg,haas,ferrari,,DNF,0,8,8,12,,0,0,0,0,0,0,0,0,1,Engine,,,2,16778.0,38669.0,0,0
1089,2023,10,max-verstappen,red-bull,honda-rbpt,1,1,26.0,1,1,52,0,1,1,1,1,1,1,0,0,0,,5116938.0,,1,29056.0,29056.0,1,1
1089,2023,10,lando-norris,mclaren,mercedes,2,2,18.0,2,2,52,0,0,1,1,1,0,0,0,1,0,,5120736.0,3798.0,1,28438.0,28438.0,0,0
1089,2023,10,lewis-hamilton,mercedes,mercedes,3,3,15.0,7,7,52,4,0,1,1,1,0,0,0,0,0,,5123721.0,6783.0,1,29169.0,29169.0,0,0
1089,2023,10,oscar-piastri,mclaren,mercedes,4,4,12.0,3,3,52,-1,0,0,1,1,0,0,0,0,0,,5124714.0,7776.0,1,28655.0,28655.0,0,0
1089,2023,10,george-russell,mercedes,mercedes,5,5,10.0,6,6,52,1,0,0,1,1,0,0,0,0,0,,5128144.0,11206.0,1,29455.0,29455.0,0,0
1089,2023,10,sergio-perez,red-bull,honda-rbpt,6,6,8.0,15,15,52,9,0,0,1,1,0,0,0,0,0,,5129820.0,12882.0,1,28060.0,28060.0,0,0
1089,2023,10,fernando-alonso,aston-martin,mercedes,7,7,6.0,9,9,52,2,0,0,1,1,0,0,0,0,0,,5134131.0,17193.0,1,28679.0,28679.0,0,0
1089,2023,10,alexander-albon,williams,mercedes,8,8,4.0,8,8,52,0,0,0,1,1,0,0,0,0,0,,5134816.0,17878.0,1,29634.0,29634.0,0,0
1089,2023,10,charles-leclerc,ferrari,ferrari,9,9,2.0,4,4,52,-5,0,0,1,1,0,0,0,0,0,,5135627.0,18689.0,2,28244.0,57049.0,0,0
1089,2023,10,carlos-sainz-jr,ferrari,ferrari,10,10,1.0,5,5,52,-5,0,0,1,1,0,0,0,0,0,,5136386.0,19448.0,1,28869.0,28869.0,0,0
1089,2023,10,logan-sargeant,williams,mercedes,11,11,0,14,14,52,3,0,0,0,1,0,0,0,0,0,,5140570.0,23632.0,1,28847.0,28847.0,0,0
1089,2023,10,valtteri-bottas,alfa-romeo,ferrari,12,12,0,20,,52,8,0,0,0,1,0,0,0,0,0,,5142768.0,25830.0,1,29662.0,29662.0,0,0
1089,2023,10,nico-hulkenberg,haas,ferrari,13,13,0,11,11,52,-2,0,0,0,1,0,0,0,0,0,,5143601.0,26663.0,2,30003.0,71975.0,0,0
1089,2023,10,lance-stroll,aston-martin,mercedes,14,14,0,12,12,52,-2,0,0,0,1,0,0,0,0,0,,5144421.0,27483.0,1,28561.0,28561.0,0,0
1089,2023,10,guanyu-zhou,alfa-romeo,ferrari,15,15,0,17,17,52,2,0,0,0,1,0,0,0,0,0,,5146758.0,29820.0,3,28709.0,92260.0,0,0
1089,2023,10,yuki-tsunoda,alphatauri,honda-rbpt,16,16,0,16,16,52,0,0,0,0,1,0,0,0,0,0,,5148163.0,31225.0,2,28353.0,56956.0,0,0
1089,2023,10,nyck-de-vries,alphatauri,honda-rbpt,17,17,0,18,18,52,1,0,0,0,1,0,0,0,0,0,,5150066.0,33128.0,2,28242.0,56655.0,0,0
1089,2023,10,pierre-gasly,alpine,renault,18,18,0,10,10,46,-8,0,0,0,1,0,0,0,0,0,Collision,,,1,28458.0,28458.0,0,0
1089,2023,10,kevin-magnussen,haas,ferrari,,DNF,0,19,19,31,,0,0,0,0,0,0,0,0,1,Engine,,,0,,,0,0
1089,2023,10,esteban-ocon,alpine,renault,,DNF,0,13,13,9,,0,0,0,0,0,0,0,0,1,Oil leak,,,0,,,0,0
1090,2023,11,max-verstappen,red-bull,honda-rbpt,1,1,26.0,2,2,70,1,1,1,1,1,0,1,0,0,0,,5888634.0,,2,21407.0,43087.0,0,0
1090,2023,11,lando-norris,mclaren,mercedes,2,2,18.0,3,3,70,1,0,1,1,1,0,0,0,0,0,,5922365.0,33731.0,2,21430.0,42971.0,0,0
1090,2023,11,sergio-perez,red-bull,honda-rbpt,3,3,15.0,9,9,70,6,0,1,1,1,0,0,0,1,0,,5926237.0,37603.0,2,20880.0,42742.0,0,0
1090,2023,11,lewis-hamilton,mercedes,mercedes,4,4,12.0,1,1,70,-3,0,0,1,1,1,0,0,0,0,,5927768.0,39134.0,2,21728.0,43702.0,1,0
1090,2023,11,oscar-piastri,mclaren,mercedes,5,5,10.0,4,4,70,-1,0,0,1,1,0,0,0,0,0,,5951206.0,62572.0,2,21171.0,43201.0,0,0
1090,2023,11,george-russell,mercedes,mercedes,6,6,8.0,18,18,70,12,0,0,1,1,0,0,0,0,0,,5954459.0,65825.0,2,21675.0,43561.0,0,0
1090,2023,11,charles-leclerc,ferrari,ferrari,7,7,6.0,6,6,70,-1,0,0,1,1,0,0,0,0,0,,5958951.0,70317.0,2,21452.0,49856.0,0,0
1090,2023,11,carlos-sainz-jr,ferrari,ferrari,8,8,4.0,11,11,70,3,0,0,1,1,0,0,0,0,0,,5959707.0,71073.0,2,21402.0,43453.0,0,0
1090,2023,11,fernando-alonso,aston-martin,mercedes,9,9,2.0,8,8,70,-1,0,0,1,1,0,0,0,0,0,,5964343.0,75709.0,2,22916.0,47068.0,0,0
1090,2023,11,lance-stroll,aston-martin,mercedes,10,10,1.0,14,14,69,4,0,0,1,1,0,0,0,0,0,,,,2,21910.0,44313.0,0,0
1090,2023,11,alexander-albon,williams,mercedes,11,11,0,16,16,69,5,0,0,0,1,0,0,0,0,0,,,,2,21762.0,43838.0,0,0
1090,2023,11,valtteri-bottas,alfa-romeo,ferrari,12,12,0,7,7,69,-5,0,0,0,1,0,0,0,0,0,,,,2,22114.0,45356.0,0,0
1090,2023,11,daniel-ricciardo,alphatauri,honda-rbpt,13,13,0,13,13,69,0,0,0,0,1,0,0,0,0,0,,,,2,21958.0,44161.0,0,0
1090,2023,11,nico-hulkenberg,haas,ferrari,14,14,0,10,10,69,-4,0,0,0,1,0,0,0,0,0,,,,2,21955.0,44877.0,0,0
1090,2023,11,yuki-tsunoda,alphatauri,honda-rbpt,15,15,0,17,17,69,2,0,0,0,1,0,0,0,0,0,,,,2,21181.0,47351.0,0,0
1090,2023,11,guanyu-zhou,alfa-romeo,ferrari,16,16,0,5,5,69,-11,0,0,0,1,0,0,0,0,0,,,,2,22853.0,52064.0,0,0
1090,2023,11,kevin-magnussen,haas,ferrari,17,17,0,19,19,69,2,0,0,0,1,0,0,0,0,0,,,,2,22152.0,44905.0,0,0
1090,2023,11,logan-sargeant,williams,mercedes,18,18,0,20,20,67,2,0,0,0,1,0,0,0,0,0,Withdrew,,,2,22197.0,46198.0,0,0
1090,2023,11,esteban-ocon,alpine,renault,,DNF,0,12,12,2,,0,0,0,0,0,0,0,0,1,Collision,,,0,,,0,0
1090,2023,11,pierre-gasly,alpine,renault,,DNF,0,15,15,1,,0,0,0,0,0,0,0,0,1,Collision,,,0,,,0,0
1091,2023,12,max-verstappen,red-bull,honda-rbpt,1,1,25.0,6,1,44,5,1,1,1,1,0,0,0,1,0,,4950450.0,,2,22887.0,45899.0,0,0
1091,2023,12,sergio-perez,red-bull,honda-rbpt,2,2,18.0,2,3,44,0,0,1,1,1,0,0,0,0,0,,4972755.0,22305.0,2,22710.0,46394.0,0,0
1091,2023,12,charles-leclerc,ferrari,ferrari,3,3,15.0,1,2,44,-2,0,1,1,1,1,0,0,0,0,,4982709.0,32259.0,2,23148.0,46372.0,1,0
1091,2023,12,lewis-hamilton,mercedes,mercedes,4,4,13.0,3,4,44,-1,0,0,1,1,0,1,0,0,0,,5000121.0,49671.0,3,23023.0,69269.0,0,0
1091,2023,12,fernando-alonso,aston-martin,mercedes,5,5,10.0,9,9,44,4,0,0,1,1,0,0,0,0,0,,5006634.0,56184.0,2,23085.0,46883.0,0,0
1091,2023,12,george-russell,mercedes,mercedes,6,6,8.0,8,8,44,2,0,0,1,1,0,0,0,0,0,,5013551.0,63101.0,1,23837.0,23837.0,0,0
1091,2023,12,lando-norris,mclaren,mercedes,7,7,6.0,7,7,44,0,0,0,1,1,0,0,0,0,0,,5024169.0,73719.0,2,23744.0,48756.0,0,0
1091,2023,12,esteban-ocon,alpine,renault,8,8,4.0,14,15,44,6,0,0,1,1,0,0,0,0,0,,5025169.0,74719.0,2,23085.0,46424.0,0,0
1091,2023,12,lance-stroll,aston-martin,mercedes,9,9,2.0,10,10,44,1,0,0,1,1,0,0,0,0,0,,5029790.0,79340.0,1,25397.0,25397.0,0,0
1091,2023,12,yuki-tsunoda,alphatauri,honda-rbpt,10,10,1.0,11,11,44,1,0,0,1,1,0,0,0,0,0,,5030671.0,80221.0,2,22610.0,45347.0,0,0
1091,2023,12,pierre-gasly,alpine,renault,11,11,0,12,12,44,1,0,0,0,1,0,0,0,0,0,,5033534.0,83084.0,1,25664.0,25664.0,0,0
1091,2023,12,valtteri-bottas,alfa-romeo,ferrari,12,12,0,13,14,44,1,0,0,0,1,0,0,0,0,0,,5035641.0,85191.0,2,23362.0,47148.0,0,0
1091,2023,12,guanyu-zhou,alfa-romeo,ferrari,13,13,0,17,17,44,4,0,0,0,1,0,0,0,0,0,,5045891.0,95441.0,2,24045.0,48494.0,0,0
1091,2023,12,alexander-albon,williams,mercedes,14,14,0,15,16,44,1,0,0,0,1,0,0,0,0,0,,5046634.0,96184.0,3,23529.0,72140.0,0,0
1091,2023,12,kevin-magnussen,haas,ferrari,15,15,0,16,13,44,1,0,0,0,1,0,0,0,0,0,,5052204.0,101754.0,2,23572.0,47210.0,0,0
1091,2023,12,daniel-ricciardo,alphatauri,honda-rbpt,16,16,0,19,19,44,3,0,0,0,1,0,0,0,0,0,,5053521.0,103071.0,2,22843.0,46133.0,0,0
1091,2023,12,logan-sargeant,williams,mercedes,17,17,0,18,18,44,1,0,0,0,1,0,0,0,0,0,,5054926.0,104476.0,3,23109.0,70617.0,0,0
1091,2023,12,nico-hulkenberg,haas,ferrari,18,18,0,,20,44,2,0,0,0,1,0,0,0,0,0,,5060900.0,110450.0,2,24571.0,49809.0,0,0
1091,2023,12,carlos-sainz-jr,ferrari,ferrari,,DNF,0,4,5,23,,0,0,0,0,0,0,0,0,1,Collision damage,,,1,23303.0,23303.0,0,0
1091,2023,12,oscar-piastri,mclaren,mercedes,,DNF,0,5,6,0,,0,0,0,0,0,0,0,0,1,Collision damage,,,0,,,0,0
1092,2023,13,max-verstappen,red-bull,honda-rbpt,1,1,25.0,1,1,72,0,1,1,1,1,1,0,0,0,0,,8644411.0,,6,18706.0,2581587.0,1,1
1092,2023,13,fernando-alonso,aston-martin,mercedes,2,2,19.0,5,5,72,3,0,1,1,1,0,1,0,1,0,,8648155.0,3744.0,5,20109.0,2541860.0,0,0
1092,2023,13,pierre-gasly,alpine,renault,3,3,15.0,12,12,72,9,0,1,1,1,0,0,0,0,0,,8651469.0,7058.0,5,19518.0,2536977.0,0,0
1092,2023,13,sergio-perez,red-bull,honda-rbpt,4,4,12.0,7,7,72,3,0,0,1,1,0,0,0,0,0,,8654479.0,10068.0,6,18789.0,2585715.0,0,0
1092,2023,13,carlos-sainz-jr,ferrari,ferrari,5,5,10.0,6,6,72,1,0,0,1,1,0,0,0,0,0,,8656952.0,12541.0,5,19398.0,2522867.0,0,0
1092,2023,13,lewis-hamilton,mercedes,mercedes,6,6,8.0,13,13,72,7,0,0,1,1,0,0,0,0,0,,8657620.0,13209.0,5,19327.0,2511450.0,0,0
1092,2023,13,lando-norris,mclaren,mercedes,7,7,6.0,2,2,72,-5,0,0,1,1,0,0,0,0,0,,8657643.0,13232.0,6,18878.0,2566798.0,0,0
1092,2023,13,alexander-albon,williams,mercedes,8,8,4.0,4,4,72,-4,0,0,1,1,0,0,0,0,0,,8659566.0,15155.0,4,19667.0,2523676.0,0,0
1092,2023,13,oscar-piastri,mclaren,mercedes,9,9,2.0,8,8,72,-1,0,0,1,1,0,0,0,0,0,,8660991.0,16580.0,5,18979.0,2533581.0,0,0
1092,2023,13,esteban-ocon,alpine,renault,10,10,1.0,16,17,72,6,0,0,1,1,0,0,0,0,0,,8662757.0,18346.0,6,19024.0,2552687.0,0,0
1092,2023,13,lance-stroll,aston-martin,mercedes,11,11,0,11,11,72,0,0,0,0,1,0,0,0,0,0,,8664498.0,20087.0,7,19653.0,2545639.0,0,0
1092,2023,13,nico-hulkenberg,haas,ferrari,12,12,0,14,15,72,2,0,0,0,1,0,0,0,0,0,,8665251.0,20840.0,5,19713.0,2507321.0,0,0
1092,2023,13,liam-lawson,alphatauri,honda-rbpt,13,13,0,19,20,72,6,0,0,0,1,0,0,0,0,0,,8670558.0,26147.0,7,19192.0,2559222.0,0,0
1092,2023,13,valtteri-bottas,alfa-romeo,ferrari,14,14,0,18,19,72,4,0,0,0,1,0,0,0,0,0,,8671799.0,27388.0,5,19735.0,2497766.0,0,0
1092,2023,13,yuki-tsunoda,alphatauri,honda-rbpt,15,15,0,17,14,72,2,0,0,0,1,0,0,0,0,0,,8674304.0,29893.0,5,18904.0,2521623.0,0,0
1092,2023,13,kevin-magnussen,haas,ferrari,16,16,0,,18,72,4,0,0,0,1,0,0,0,0,0,,8675821.0,31410.0,6,20137.0,2520933.0,0,0
1092,2023,13,george-russell,mercedes,mercedes,17,17,0,3,3,72,-14,0,0,0,1,0,0,0,0,0,,8700165.0,55754.0,7,19607.0,2593450.0,0,0
1092,2023,13,guanyu-zhou,alfa-romeo,ferrari,,DNF,0,15,16,62,,0,0,0,0,0,0,0,0,1,Accident,,,4,20231.0,85227.0,0,0
1092,2023,13,charles-leclerc,ferrari,ferrari,,DNF,0,9,9,41,,0,0,0,0,0,0,0,0,1,Undertray,,,2,27202.0,59888.0,0,0
1092,2023,13,logan-sargeant,williams,mercedes,,DNF,0,10,10,14,,0,0,0,0,0,0,0,0,1,Hydraulics,,,0,,,0,0
1093,2023,14,max-verstappen,red-bull,honda-rbpt,1,1,25.0,2,2,51,1,1,1,1,1,0,0,0,0,0,,4421143.0,,1,24228.0,24228.0,0,0
1093,2023,14,sergio-perez,red-bull,honda-rbpt,2,2,18.0,5,5,51,3,0,1,1,1,0,0,0,0,0,,4427207.0,6064.0,1,23819.0,23819.0,0,0
1093,2023,14,carlos-sainz-jr,ferrari,ferrari,3,3,15.0,1,1,51,-2,0,1,1,1,1,0,0,1,0,,4432336.0,11193.0,1,25183.0,25183.0,1,0
1093,2023,14,charles-leclerc,ferrari,ferrari,4,4,12.0,3,3,51,-1,0,0,1,1,0,0,0,0,0,,4432520.0,11377.0,1,23931.0,23931.0,0,0
1093,2023,14,george-russell,mercedes,mercedes,5,5,10.0,4,4,51,-1,0,0,1,1,0,0,0,0,0,,4444171.0,23028.0,1,24215.0,24215.0,0,0
1093,2023,14,lewis-hamilton,mercedes,mercedes,6,6,8.0,8,8,51,2,0,0,1,1,0,0,0,0,0,,4463822.0,42679.0,1,24255.0,24255.0,0,0
1093,2023,14,alexander-albon,williams,mercedes,7,7,6.0,6,6,51,-1,0,0,1,1,0,0,0,0,0,,4466249.0,45106.0,1,24538.0,24538.0,0,0
1093,2023,14,lando-norris,mclaren,mercedes,8,8,4.0,9,9,51,1,0,0,1,1,0,0,0,0,0,,4466592.0,45449.0,1,23727.0,23727.0,0,0
1093,2023,14,fernando-alonso,aston-martin,mercedes,9,9,2.0,10,10,51,1,0,0,1,1,0,0,0,0,0,,4467437.0,46294.0,1,24798.0,24798.0,0,0
1093,2023,14,valtteri-bottas,alfa-romeo,ferrari,10,10,1.0,14,14,51,4,0,0,1,1,0,0,0,0,0,,4485199.0,64056.0,1,24658.0,24658.0,0,0
1093,2023,14,liam-lawson,alphatauri,honda-rbpt,11,11,0,12,12,51,1,0,0,0,1,0,0,0,0,0,,4491781.0,70638.0,2,24212.0,48493.0,0,0
1093,2023,14,oscar-piastri,mclaren,mercedes,12,12,0,7,7,51,-5,0,0,0,1,0,1,0,0,0,,4494217.0,73074.0,2,24133.0,55932.0,0,0
1093,2023,14,logan-sargeant,williams,mercedes,13,13,0,15,15,51,2,0,0,0,1,0,0,0,0,0,,4499700.0,78557.0,1,24779.0,24779.0,0,0
1093,2023,14,guanyu-zhou,alfa-romeo,ferrari,14,14,0,16,16,51,2,0,0,0,1,0,0,0,0,0,,4501307.0,80164.0,2,24396.0,50355.0,0,0
1093,2023,14,pierre-gasly,alpine,renault,15,15,0,17,17,51,2,0,0,0,1,0,0,0,0,0,,4503653.0,82510.0,2,24686.0,52062.0,0,0
1093,2023,14,lance-stroll,aston-martin,mercedes,16,16,0,20,20,51,4,0,0,0,1,0,0,0,0,0,,4508409.0,87266.0,1,25667.0,25667.0,0,0
1093,2023,14,nico-hulkenberg,haas,ferrari,17,17,0,13,13,50,-4,0,0,0,1,0,0,0,0,0,,,,2,24328.0,50423.0,0,0
1093,2023,14,kevin-magnussen,haas,ferrari,18,18,0,19,19,50,1,0,0,0,1,0,0,0,0,0,,,,2,24660.0,49425.0,0,0
1093,2023,14,esteban-ocon,alpine,renault,,DNF,0,18,18,39,,0,0,0,0,0,0,0,0,1,Steering,,,1,24249.0,24249.0,0,0
1093,2023,14,yuki-tsunoda,alphatauri,honda-rbpt,,DNS,0,,11,0,,0,0,0,0,0,0,0,0,1,Engine,,,0,,,0,0
1094,2023,15,carlos-sainz-jr,ferrari,ferrari,1,1,25.0,1,1,62,0,1,1,1,1,1,0,0,1,0,,6397418.0,,1,29499.0,29499.0,1,1
1094,2023,15,lando-norris,mclaren,mercedes,2,2,18.0,4,4,62,2,0,1,1,1,0,0,0,0,0,,6398230.0,812.0,1,29485.0,29485.0,0,0
1094,2023,15,lewis-hamilton,mercedes,mercedes,3,3,16.0,5,5,62,2,0,1,1,1,0,1,0,0,0,,6398687.0,1269.0,2,32631.0,66212.0,0,0
1094,2023,15,charles-leclerc,ferrari,ferrari,4,4,12.0,3,3,62,-1,0,0,1,1,0,0,0,0,0,,6418595.0,21177.0,1,32888.0,32888.0,0,0
1094,2023,15,max-verstappen,red-bull,honda-rbpt,5,5,10.0,11,11,62,6,0,0,1,1,0,0,0,0,0,,6418859.0,21441.0,1,29698.0,29698.0,0,0
1094,2023,15,pierre-gasly,alpine,renault,6,6,8.0,12,12,62,6,0,0,1,1,0,0,0,0,0,,6435859.0,38441.0,1,31802.0,31802.0,0,0
1094,2023,15,oscar-piastri,mclaren,mercedes,7,7,6.0,17,17,62,10,0,0,1,1,0,0,0,0,0,,6438897.0,41479.0,1,29369.0,29369.0,0,0
1094,2023,15,sergio-perez,red-bull,honda-rbpt,8,8,4.0,13,13,62,5,0,0,1,1,0,0,0,0,0,,6451952.0,54534.0,1,28977.0,28977.0,0,0
1094,2023,15,liam-lawson,alphatauri,honda-rbpt,9,9,2.0,10,10,62,1,0,0,1,1,0,0,0,0,0,,6463336.0,65918.0,1,32348.0,32348.0,0,0
1094,2023,15,kevin-magnussen,haas,ferrari,10,10,1.0,6,6,62,-4,0,0,1,1,0,0,0,0,0,,6469534.0,72116.0,2,31475.0,64553.0,0,0
1094,2023,15,alexander-albon,williams,mercedes,11,11,0,14,14,62,3,0,0,0,1,0,0,0,0,0,,6470835.0,73417.0,2,29787.0,59925.0,0,0
1094,2023,15,guanyu-zhou,alfa-romeo,ferrari,12,12,0,,19,62,7,0,0,0,1,0,0,0,0,0,,6481067.0,83649.0,2,30032.0,60669.0,0,0
1094,2023,15,nico-hulkenberg,haas,ferrari,13,13,0,9,9,62,-4,0,0,0,1,0,0,0,0,0,,6483619.0,86201.0,1,35497.0,35497.0,0,0
1094,2023,15,logan-sargeant,williams,mercedes,14,14,0,18,18,62,4,0,0,0,1,0,0,0,0,0,,6484307.0,86889.0,2,31018.0,94561.0,0,0
1094,2023,15,fernando-alonso,aston-martin,mercedes,15,15,0,7,7,62,-8,0,0,0,1,0,0,0,0,0,,6485021.0,87603.0,2,30670.0,83378.0,0,0
1094,2023,15,george-russell,mercedes,mercedes,16,16,0,2,2,61,-14,0,0,0,1,0,0,0,0,0,Accident,,,2,29976.0,60015.0,0,0
1094,2023,15,valtteri-bottas,alfa-romeo,ferrari,,DNF,0,16,16,51,,0,0,0,0,0,0,0,0,1,Hydraulics,,,1,30487.0,30487.0,0,0
1094,2023,15,esteban-ocon,alpine,renault,,DNF,0,8,8,42,,0,0,0,0,0,0,0,0,1,Gearbox,,,1,29755.0,29755.0,0,0
1094,2023,15,yuki-tsunoda,alphatauri,honda-rbpt,,DNF,0,15,15,0,,0,0,0,0,0,0,0,0,1,Collision damage,,,0,,,0,0
1094,2023,15,lance-stroll,aston-martin,mercedes,,DNS,0,,20,0,,0,0,0,0,0,0,0,0,1,Accident in qualifying,,,0,,,0,0
1095,2023,16,max-verstappen,red-bull,honda-rbpt,1,1,26.0,1,1,53,0,1,1,1,1,1,1,0,0,0,,5458421.0,,2,23696.0,48078.0,1,1
1095,2023,16,lando-norris,mclaren,mercedes,2,2,18.0,3,3,53,1,0,1,1,1,0,0,0,0,0,,5477808.0,19387.0,2,23182.0,46705.0,0,0
1095,2023,16,oscar-piastri,mclaren,mercedes,3,3,15.0,2,2,53,-1,0,1,1,1,0,0,0,1,0,,5494915.0,36494.0,2,23198.0,47653.0,0,0
1095,2023,16,charles-leclerc,ferrari,ferrari,4,4,12.0,4,4,53,0,0,0,1,1,0,0,0,0,0,,5502419.0,43998.0,2,22926.0,46123.0,0,0
1095,2023,16,lewis-hamilton,mercedes,mercedes,5,5,10.0,7,7,53,2,0,0,1,1,0,0,0,0,0,,5507797.0,49376.0,2,23631.0,48472.0,0,0
1095,2023,16,carlos-sainz-jr,ferrari,ferrari,6,6,8.0,6,6,53,0,0,0,1,1,0,0,0,0,0,,5508642.0,50221.0,2,23075.0,46449.0,0,0
1095,2023,16,george-russell,mercedes,mercedes,7,7,6.0,8,8,53,1,0,0,1,1,0,0,0,0,0,,5516080.0,57659.0,1,24034.0,24034.0,0,0
1095,2023,16,fernando-alonso,aston-martin,mercedes,8,8,4.0,10,10,53,2,0,0,1,1,0,0,0,0,0,,5533146.0,74725.0,2,24086.0,48380.0,0,0
1095,2023,16,esteban-ocon,alpine,renault,9,9,2.0,14,14,53,5,0,0,1,1,0,0,0,0,0,,5538099.0,79678.0,2,23789.0,50845.0,0,0
1095,2023,16,pierre-gasly,alpine,renault,10,10,1.0,12,12,53,2,0,0,1,1,0,0,0,0,0,,5541576.0,83155.0,2,24488.0,49139.0,0,0
1095,2023,16,liam-lawson,alphatauri,honda-rbpt,11,11,0,11,11,52,0,0,0,0,1,0,0,0,0,0,,,,2,23136.0,46807.0,0,0
1095,2023,16,yuki-tsunoda,alphatauri,honda-rbpt,12,12,0,9,9,52,-3,0,0,0,1,0,0,0,0,0,,,,2,22944.0,46271.0,0,0
1095,2023,16,guanyu-zhou,alfa-romeo,ferrari,13,13,0,19,19,52,6,0,0,0,1,0,0,0,0,0,,,,3,24091.0,89248.0,0,0
1095,2023,16,nico-hulkenberg,haas,ferrari,14,14,0,18,18,52,4,0,0,0,1,0,0,0,0,0,,,,3,23338.0,70518.0,0,0
1095,2023,16,kevin-magnussen,haas,ferrari,15,15,0,15,15,52,0,0,0,0,1,0,0,0,0,0,,,,2,23816.0,47674.0,0,0
1095,2023,16,alexander-albon,williams,mercedes,,DNF,0,13,13,26,,0,0,0,0,0,0,0,0,1,Undertray,,,2,50143.0,102308.0,0,0
1095,2023,16,logan-sargeant,williams,mercedes,,DNF,0,20,,22,,0,0,0,0,0,0,0,0,1,Undertray,,,3,32715.0,111765.0,0,0
1095,2023,16,lance-stroll,aston-martin,mercedes,,DNF,0,17,17,20,,0,0,0,0,0,0,0,0,1,Rear wing,,,1,23441.0,23441.0,0,0
1095,2023,16,sergio-perez,red-bull,honda-rbpt,,DNF,0,5,5,15,,0,0,0,0,0,0,0,0,1,Withdrew,,,4,30651.0,2590513.0,0,0
1095,2023,16,valtteri-bottas,alfa-romeo,ferrari,,DNF,0,16,16,7,,0,0,0,0,0,0,0,0,1,Undertray,,,2,53512.0,109314.0,0,0
1096,2023,17,max-verstappen,red-bull,honda-rbpt,1,1,26.0,1,1,57,0,1,1,1,1,1,1,1,0,0,,5259168.0,,3,28103.0,86062.0,1,1
1096,2023,17,oscar-piastri,mclaren,mercedes,2,2,18.0,6,6,57,4,0,1,1,1,0,0,0,1,0,,5264001.0,4833.0,3,27489.0,84232.0,0,0
1096,2023,17,lando-norris,mclaren,mercedes,3,3,15.0,10,10,57,7,0,1,1,1,0,0,0,0,0,,5265137.0,5969.0,3,27611.0,83422.0,0,0
1096,2023,17,george-russell,mercedes,mercedes,4,4,12.0,2,2,57,-2,0,0,1,1,0,0,0,0,0,,5293287.0,34119.0,4,28191.0,124733.0,0,0
1096,2023,17,charles-leclerc,ferrari,ferrari,5,5,10.0,5,5,57,0,0,0,1,1,0,0,0,0,0,,5298144.0,38976.0,3,27513.0,83614.0,0,0
1096,2023,17,fernando-alonso,aston-martin,mercedes,6,6,8.0,4,4,57,-2,0,0,1,1,0,0,0,0,0,,5308200.0,49032.0,3,28373.0,85198.0,0,0
1096,2023,17,esteban-ocon,alpine,renault,7,7,6.0,8,8,57,1,0,0,1,1,0,0,0,0,0,,5321558.0,62390.0,3,28961.0,87099.0,0,0
1096,2023,17,valtteri-bottas,alfa-romeo,ferrari,8,8,4.0,9,9,57,1,0,0,1,1,0,0,0,0,0,,5325731.0,66563.0,3,28946.0,88310.0,0,0
1096,2023,17,guanyu-zhou,alfa-romeo,ferrari,9,9,2.0,19,20,57,10,0,0,1,1,0,0,0,0,0,,5335295.0,76127.0,3,28815.0,86653.0,0,0
1096,2023,17,sergio-perez,red-bull,honda-rbpt,10,10,1.0,20,13,57,10,0,0,1,1,0,0,0,0,0,,5339349.0,80181.0,3,27808.0,94219.0,0,0
1096,2023,17,lance-stroll,aston-martin,mercedes,11,11,0,16,17,57,5,0,0,0,1,0,0,0,0,0,,5340820.0,81652.0,3,28156.0,86441.0,0,0
1096,2023,17,pierre-gasly,alpine,renault,12,12,0,7,7,57,-5,0,0,0,1,0,0,0,0,0,,5341468.0,82300.0,3,28429.0,93477.0,0,0
1096,2023,17,alexander-albon,williams,mercedes,13,13,0,13,14,57,0,0,0,0,1,0,0,0,0,0,,5350182.0,91014.0,3,28747.0,86981.0,0,0
1096,2023,17,kevin-magnussen,haas,ferrari,14,14,0,18,19,56,4,0,0,0,1,0,0,0,0,0,,,,3,28743.0,88022.0,0,0
1096,2023,17,yuki-tsunoda,alphatauri,honda-rbpt,15,15,0,11,11,56,-4,0,0,0,1,0,0,0,0,0,,,,3,27596.0,83186.0,0,0
1096,2023,17,nico-hulkenberg,haas,ferrari,16,16,0,12,15,56,-4,0,0,0,1,0,0,0,0,0,,,,3,28274.0,96744.0,0,0
1096,2023,17,liam-lawson,alphatauri,honda-rbpt,17,17,0,17,18,56,0,0,0,0,1,0,0,0,0,0,,,,3,28171.0,86166.0,0,0
1096,2023,17,logan-sargeant,williams,mercedes,,DNF,0,15,16,40,,0,0,0,0,0,0,0,0,1,Unwell,,,2,29373.0,58809.0,0,0
1096,2023,17,lewis-hamilton,mercedes,mercedes,,DNF,0,3,3,0,,0,0,0,0,0,0,0,0,1,Collision,,,0,,,0,0
1096,2023,17,carlos-sainz-jr,ferrari,ferrari,,DNS,0,,12,0,,0,0,0,0,0,0,0,0,1,Fuel leak,,,0,,,0,0
1097,2023,18,max-verstappen,red-bull,honda-rbpt,1,1,25.0,6,6,56,5,1,1,1,1,0,0,0,0,0,,5721362.0,,2,23756.0,48730.0,0,0
1097,2023,18,lando-norris,mclaren,mercedes,2,2,18.0,2,2,56,0,0,1,1,1,0,0,0,1,0,,5732092.0,10730.0,2,23361.0,47516.0,0,0
1097,2023,18,carlos-sainz-jr,ferrari,ferrari,3,3,15.0,4,4,56,1,0,1,1,1,0,0,0,0,0,,5736496.0,15134.0,2,23668.0,47341.0,0,0
1097,2023,18,sergio-perez,red-bull,honda-rbpt,4,4,12.0,9,9,56,5,0,0,1,1,0,0,0,0,0,,5739822.0,18460.0,2,23747.0,47992.0,0,0
1097,2023,18,george-russell,mercedes,mercedes,5,5,10.0,5,5,56,0,0,0,1,1,0,0,0,0,0,,5746361.0,24999.0,2,23969.0,48326.0,0,0
1097,2023,18,pierre-gasly,alpine,renault,6,6,8.0,7,7,56,1,0,0,1,1,0,0,0,0,0,,5769358.0,47996.0,2,23900.0,48780.0,0,0
1097,2023,18,lance-stroll,aston-martin,mercedes,7,7,6.0,,19,56,13,0,0,1,1,0,0,0,0,0,,5770058.0,48696.0,2,23955.0,48412.0,0,0
1097,2023,18,yuki-tsunoda,alphatauri,honda-rbpt,8,8,5.0,11,11,56,3,0,0,1,1,0,1,0,0,0,,5795747.0,74385.0,3,23472.0,71951.0,0,0
1097,2023,18,alexander-albon,williams,mercedes,9,9,2.0,15,18,56,6,0,0,1,1,0,0,0,0,0,,5808076.0,86714.0,2,24354.0,48917.0,0,0
1097,2023,18,logan-sargeant,williams,mercedes,10,10,1.0,16,20,56,6,0,0,1,1,0,0,0,0,0,,5809360.0,87998.0,2,24990.0,50537.0,0,0
1097,2023,18,nico-hulkenberg,haas,ferrari,11,11,0,,16,56,7,0,0,0,1,0,0,0,0,0,,5811266.0,89904.0,2,24308.0,50881.0,0,0
1097,2023,18,valtteri-bottas,alfa-romeo,ferrari,12,12,0,13,13,56,1,0,0,0,1,0,0,0,0,0,,5819963.0,98601.0,2,24783.0,49803.0,0,0
1097,2023,18,guanyu-zhou,alfa-romeo,ferrari,13,13,0,12,12,55,-1,0,0,0,1,0,0,0,0,0,,,,2,24717.0,50353.0,0,0
1097,2023,18,kevin-magnussen,haas,ferrari,14,14,0,,14,55,3,0,0,0,1,0,0,0,0,0,,,,2,24745.0,49812.0,0,0
1097,2023,18,daniel-ricciardo,alphatauri,honda-rbpt,15,15,0,14,15,55,-1,0,0,0,1,0,0,0,0,0,,,,2,24364.0,50877.0,0,0
1097,2023,18,fernando-alonso,aston-martin,mercedes,,DNF,0,,17,49,,0,0,0,0,0,0,0,0,1,Undertray,,,2,24823.0,49878.0,0,0
1097,2023,18,oscar-piastri,mclaren,mercedes,,DNF,0,10,10,10,,0,0,0,0,0,0,0,0,1,Collision damage,,,0,,,0,0
1097,2023,18,esteban-ocon,alpine,renault,,DNF,0,8,8,6,,0,0,0,0,0,0,0,0,1,Collision damage,,,0,,,0,0
1097,2023,18,lewis-hamilton,mercedes,mercedes,,DSQ,0,3,3,56,,0,0,0,0,0,0,0,0,1,Illegal skid block wear,5723587.0,2225.0,2,24648.0,49564.0,0,0
1097,2023,18,charles-leclerc,ferrari,ferrari,,DSQ,0,1,1,56,,0,0,0,0,1,0,0,0,1,Illegal skid block wear,5746024.0,24662.0,1,23963.0,23963.0,1,0
1098,2023,19,max-verstappen,red-bull,honda-rbpt,1,1,25.0,3,3,71,2,1,1,1,1,0,0,0,0,0,,7350814.0,,3,22372.0,1253935.0,0,0
1098,2023,19,lewis-hamilton,mercedes,mercedes,2,2,19.0,6,6,71,4,0,1,1,1,0,1,0,0,0,,7364689.0,13875.0,2,22210.0,1235118.0,0,0
1098,2023,19,charles-leclerc,ferrari,ferrari,3,3,15.0,1,1,71,-2,0,1,1,1,1,0,0,0,0,,7373938.0,23124.0,2,22248.0,1232760.0,1,0
1098,2023,19,carlos-sainz-jr,ferrari,ferrari,4,4,12.0,2,2,71,-2,0,0,1,1,0,0,0,0,0,,7377968.0,27154.0,2,22067.0,1237499.0,0,0
1098,2023,19,lando-norris,mclaren,mercedes,5,5,10.0,17,19,71,12,0,0,1,1,0,0,0,1,0,,7384080.0,33266.0,3,22563.0,1272357.0,0,0
1098,2023,19,george-russell,mercedes,mercedes,6,6,8.0,8,8,71,2,0,0,1,1,0,0,0,0,0,,7391834.0,41020.0,2,22311.0,1240511.0,0,0
1098,2023,19,daniel-ricciardo,alphatauri,honda-rbpt,7,7,6.0,4,4,71,-3,0,0,1,1,0,0,0,0,0,,7392384.0,41570.0,2,22406.0,1239542.0,0,0
1098,2023,19,oscar-piastri,mclaren,mercedes,8,8,4.0,7,7,71,-1,0,0,1,1,0,0,0,0,0,,7393918.0,43104.0,2,23734.0,1242798.0,0,0
1098,2023,19,alexander-albon,williams,mercedes,9,9,2.0,14,14,71,5,0,0,1,1,0,0,0,0,0,,7399387.0,48573.0,2,23680.0,1251660.0,0,0
1098,2023,19,esteban-ocon,alpine,renault,10,10,1.0,15,16,71,5,0,0,1,1,0,0,0,0,0,,7413693.0,62879.0,1,1226296.0,1226296.0,0,0
1098,2023,19,pierre-gasly,alpine,renault,11,11,0,11,11,71,0,0,0,0,1,0,0,0,0,0,,7417022.0,66208.0,2,22627.0,1248325.0,0,0
1098,2023,19,yuki-tsunoda,alphatauri,honda-rbpt,12,12,0,18,15,71,6,0,0,0,1,0,0,0,0,0,,7429796.0,78982.0,2,30121.0,1248178.0,0,0
1098,2023,19,nico-hulkenberg,haas,ferrari,13,13,0,12,12,71,-1,0,0,0,1,0,0,0,0,0,,7431123.0,80309.0,2,23144.0,1242970.0,0,0
1098,2023,19,guanyu-zhou,alfa-romeo,ferrari,14,14,0,10,10,71,-4,0,0,0,1,0,0,0,0,0,,7432490.0,81676.0,2,22817.0,1252356.0,0,0
1098,2023,19,valtteri-bottas,alfa-romeo,ferrari,15,15,0,9,9,71,-6,0,0,0,1,0,0,0,0,0,,7436411.0,85597.0,2,23638.0,1252987.0,0,0
1098,2023,19,logan-sargeant,williams,mercedes,16,16,0,19,,70,3,0,0,0,1,0,0,0,0,0,Fuel pump,,,2,23945.0,1251663.0,0,0
1098,2023,19,lance-stroll,aston-martin,mercedes,17,17,0,,18,66,3,0,0,0,1,0,0,0,0,0,Collision damage,,,2,22582.0,1252268.0,0,0
1098,2023,19,fernando-alonso,aston-martin,mercedes,,DNF,0,13,13,47,,0,0,0,0,0,0,0,0,1,Collision damage,,,2,22844.0,1252681.0,0,0
1098,2023,19,kevin-magnussen,haas,ferrari,,DNF,0,16,17,31,,0,0,0,0,0,0,0,0,1,Suspension,,,1,23642.0,23642.0,0,0
1098,2023,19,sergio-perez,red-bull,honda-rbpt,,DNF,0,5,5,1,,0,0,0,0,0,0,0,0,1,Collision damage,,,0,,,0,0
1099,2023,20,max-verstappen,red-bull,honda-rbpt,1,1,25.0,1,1,71,0,1,1,1,1,1,0,0,0,0,,7008894.0,,4,18535.0,1467558.0,1,1
1099,2023,20,lando-norris,mclaren,mercedes,2,2,19.0,6,7,71,4,0,1,1,1,0,1,0,1,0,,7017171.0,8277.0,4,19386.0,1471467.0,0,0
1099,2023,20,fernando-alonso,aston-martin,mercedes,3,3,15.0,4,4,71,1,0,1,1,1,0,0,0,0,0,,7043049.0,34155.0,4,18487.0,1474675.0,0,0
1099,2023,20,sergio-perez,red-bull,honda-rbpt,4,4,12.0,9,9,71,5,0,0,1,1,0,0,0,0,0,,7043102.0,34208.0,4,20811.0,1479209.0,0,0
1099,2023,20,lance-stroll,aston-martin,mercedes,5,5,10.0,3,3,71,-2,0,0,1,1,0,0,0,0,0,,7049739.0,40845.0,4,18504.0,1477340.0,0,0
1099,2023,20,carlos-sainz-jr,ferrari,ferrari,6,6,8.0,7,8,71,1,0,0,1,1,0,0,0,0,0,,7059082.0,50188.0,4,23030.0,1483995.0,0,0
1099,2023,20,pierre-gasly,alpine,renault,7,7,6.0,15,13,71,8,0,0,1,1,0,0,0,0,0,,7064987.0,56093.0,4,20523.0,1486107.0,0,0
1099,2023,20,lewis-hamilton,mercedes,mercedes,8,8,4.0,5,5,71,-3,0,0,1,1,0,0,0,0,0,,7071753.0,62859.0,4,18521.0,1472541.0,0,0
1099,2023,20,yuki-tsunoda,alphatauri,honda-rbpt,9,9,2.0,16,16,71,7,0,0,1,1,0,0,0,0,0,,7078774.0,69880.0,4,20969.0,1486956.0,0,0
1099,2023,20,esteban-ocon,alpine,renault,10,10,1.0,14,12,70,4,0,0,1,1,0,0,0,0,0,,,,5,22209.0,1508976.0,0,0
1099,2023,20,logan-sargeant,williams,mercedes,11,11,0,19,19,70,8,0,0,0,1,0,0,0,0,0,,,,4,24137.0,1497183.0,0,0
1099,2023,20,nico-hulkenberg,haas,ferrari,12,12,0,11,11,70,-1,0,0,0,1,0,0,0,0,0,,,,4,23841.0,1503572.0,0,0
1099,2023,20,daniel-ricciardo,alphatauri,honda-rbpt,13,13,0,17,17,70,4,0,0,0,1,0,0,0,0,0,,,,4,23508.0,1656958.0,0,0
1099,2023,20,oscar-piastri,mclaren,mercedes,14,14,0,10,10,69,-4,0,0,0,1,0,0,0,0,0,,,,4,23338.0,1669370.0,0,0
1099,2023,20,george-russell,mercedes,mercedes,,DNF,0,8,6,57,,0,0,0,0,0,0,0,0,1,Overheating,,,4,20449.0,1479125.0,0,0
1099,2023,20,valtteri-bottas,alfa-romeo,ferrari,,DNF,0,18,18,39,,0,0,0,0,0,0,0,0,1,Hydraulics,,,3,20732.0,1462965.0,0,0
1099,2023,20,guanyu-zhou,alfa-romeo,ferrari,,DNF,0,20,20,22,,0,0,0,0,0,0,0,0,1,Engine,,,3,21256.0,1465154.0,0,0
1099,2023,20,kevin-magnussen,haas,ferrari,,DNF,0,12,14,0,,0,0,0,0,0,0,0,0,1,Collision,,,0,,,0,0
1099,2023,20,alexander-albon,williams,mercedes,,DNF,0,13,15,0,,0,0,0,0,0,0,0,0,1,Collision,,,0,,,0,0
1099,2023,20,charles-leclerc,ferrari,ferrari,,DNS,0,2,2,0,,0,0,0,0,0,0,0,0,1,Hydraulics,,,0,,,0,0
1100,2023,21,max-verstappen,red-bull,honda-rbpt,1,1,25.0,2,3,50,1,1,1,1,1,0,0,0,0,0,,5348289.0,,2,21323.0,48009.0,0,0
1100,2023,21,charles-leclerc,ferrari,ferrari,2,2,18.0,1,1,50,-1,0,1,1,1,1,0,0,1,0,,5350359.0,2070.0,1,22559.0,22559.0,1,0
1100,2023,21,sergio-perez,red-bull,honda-rbpt,3,3,15.0,11,12,50,8,0,1,1,1,0,0,0,0,0,,5350530.0,2241.0,2,21568.0,55167.0,0,0
1100,2023,21,esteban-ocon,alpine,renault,4,4,12.0,16,17,50,12,0,0,1,1,0,0,0,0,0,,5366954.0,18665.0,1,21763.0,21763.0,0,0
1100,2023,21,lance-stroll,aston-martin,mercedes,5,5,10.0,19,14,50,14,0,0,1,1,0,0,0,0,0,,5368356.0,20067.0,2,22222.0,44792.0,0,0
1100,2023,21,carlos-sainz-jr,ferrari,ferrari,6,6,8.0,12,2,50,6,0,0,1,1,0,0,0,0,0,,5369123.0,20834.0,2,21261.0,43891.0,0,0
1100,2023,21,lewis-hamilton,mercedes,mercedes,7,7,6.0,10,11,50,3,0,0,1,1,0,0,0,0,0,,5370044.0,21755.0,2,22508.0,47555.0,0,0
1100,2023,21,george-russell,mercedes,mercedes,8,8,4.0,3,4,50,-5,0,0,1,1,0,0,0,0,0,,5371380.0,23091.0,2,21257.0,43209.0,0,0
1100,2023,21,fernando-alonso,aston-martin,mercedes,9,9,2.0,9,10,50,0,0,0,1,1,0,0,0,0,0,,5374253.0,25964.0,2,23214.0,52518.0,0,0
1100,2023,21,oscar-piastri,mclaren,mercedes,10,10,2.0,18,19,50,8,0,0,1,1,0,1,0,0,0,,5377785.0,29496.0,2,20535.0,43804.0,0,0
1100,2023,21,pierre-gasly,alpine,renault,11,11,0,4,5,50,-7,0,0,0,1,0,0,0,0,0,,5382559.0,34270.0,1,22262.0,22262.0,0,0
1100,2023,21,alexander-albon,williams,mercedes,12,12,0,5,6,50,-7,0,0,0,1,0,0,0,0,0,,5391687.0,43398.0,1,21242.0,21242.0,0,0
1100,2023,21,kevin-magnussen,haas,ferrari,13,13,0,8,9,50,-5,0,0,0,1,0,0,0,0,0,,5393114.0,44825.0,2,21611.0,43479.0,0,0
1100,2023,21,daniel-ricciardo,alphatauri,honda-rbpt,14,14,0,14,15,50,0,0,0,0,1,0,0,0,0,0,,5396814.0,48525.0,1,22242.0,22242.0,0,0
1100,2023,21,guanyu-zhou,alfa-romeo,ferrari,15,15,0,17,18,50,2,0,0,0,1,0,0,0,0,0,,5398451.0,50162.0,1,22155.0,22155.0,0,0
1100,2023,21,logan-sargeant,williams,mercedes,16,16,0,6,7,50,-10,0,0,0,1,0,0,0,0,0,,5399171.0,50882.0,1,21367.0,21367.0,0,0
1100,2023,21,valtteri-bottas,alfa-romeo,ferrari,17,17,0,7,8,50,-10,0,0,0,1,0,0,0,0,0,,5433639.0,85350.0,2,21575.0,65489.0,0,0
1100,2023,21,yuki-tsunoda,alphatauri,honda-rbpt,18,18,0,20,20,46,2,0,0,0,1,0,0,0,0,0,Gearbox,,,2,20619.0,41513.0,0,0
1100,2023,21,nico-hulkenberg,haas,ferrari,19,19,0,13,13,45,-6,0,0,0,1,0,0,0,0,0,Engine,,,2,22154.0,47607.0,0,0
1100,2023,21,lando-norris,mclaren,mercedes,,DNF,0,15,16,2,,0,0,0,0,0,0,0,0,1,Accident,,,0,,,0,0
1101,2023,22,max-verstappen,red-bull,honda-rbpt,1,1,26.0,1,1,58,0,1,1,1,1,1,1,0,0,0,,5222624.0,,2,21275.0,42937.0,1,1
1101,2023,22,charles-leclerc,ferrari,ferrari,2,2,18.0,2,2,58,0,0,1,1,1,0,0,0,0,0,,5240617.0,17993.0,2,21246.0,43165.0,0,0
1101,2023,22,george-russell,mercedes,mercedes,3,3,15.0,4,4,58,1,0,1,1,1,0,0,0,0,0,,5242952.0,20328.0,2,21650.0,43734.0,0,0
1101,2023,22,sergio-perez,red-bull,honda-rbpt,4,4,12.0,9,9,58,5,0,0,1,1,0,0,0,0,0,,5244077.0,21453.0,2,21274.0,42720.0,0,0
1101,2023,22,lando-norris,mclaren,mercedes,5,5,10.0,5,5,58,0,0,0,1,1,0,0,0,0,0,,5246908.0,24284.0,2,21432.0,45493.0,0,0
1101,2023,22,oscar-piastri,mclaren,mercedes,6,6,8.0,3,3,58,-3,0,0,1,1,0,0,0,0,0,,5254111.0,31487.0,2,21156.0,42853.0,0,0
1101,2023,22,fernando-alonso,aston-martin,mercedes,7,7,6.0,7,7,58,0,0,0,1,1,0,0,0,0,0,,5262136.0,39512.0,2,21841.0,44303.0,0,0
1101,2023,22,yuki-tsunoda,alphatauri,honda-rbpt,8,8,4.0,6,6,58,-2,0,0,1,1,0,0,0,1,0,,5265712.0,43088.0,1,21486.0,21486.0,0,0
1101,2023,22,lewis-hamilton,mercedes,mercedes,9,9,2.0,11,11,58,2,0,0,1,1,0,0,0,0,0,,5267048.0,44424.0,2,22045.0,44240.0,0,0
1101,2023,22,lance-stroll,aston-martin,mercedes,10,10,1.0,13,13,58,3,0,0,1,1,0,0,0,0,0,,5278256.0,55632.0,2,21667.0,43533.0,0,0
1101,2023,22,daniel-ricciardo,alphatauri,honda-rbpt,11,11,0,15,15,58,4,0,0,0,1,0,0,0,0,0,,5278853.0,56229.0,2,21692.0,43432.0,0,0
1101,2023,22,esteban-ocon,alpine,renault,12,12,0,12,12,58,0,0,0,0,1,0,0,0,0,0,,5288997.0,66373.0,1,22160.0,22160.0,0,0
1101,2023,22,pierre-gasly,alpine,renault,13,13,0,10,10,58,-3,0,0,0,1,0,0,0,0,0,,5292984.0,70360.0,2,23091.0,46569.0,0,0
1101,2023,22,alexander-albon,williams,mercedes,14,14,0,14,14,58,0,0,0,0,1,0,0,0,0,0,,5295808.0,73184.0,2,21919.0,44089.0,0,0
1101,2023,22,nico-hulkenberg,haas,ferrari,15,15,0,8,8,58,-7,0,0,0,1,0,0,0,0,0,,5306320.0,83696.0,2,21861.0,43942.0,0,0
1101,2023,22,logan-sargeant,williams,mercedes,16,16,0,20,,58,4,0,0,0,1,0,0,0,0,0,,5310415.0,87791.0,2,21880.0,44004.0,0,0
1101,2023,22,guanyu-zhou,alfa-romeo,ferrari,17,17,0,19,19,58,2,0,0,0,1,0,0,0,0,0,,5312046.0,89422.0,2,22345.0,45212.0,0,0
1101,2023,22,carlos-sainz-jr,ferrari,ferrari,18,18,0,16,16,57,-2,0,0,0,1,0,0,0,0,0,Engine,,,2,21229.0,42793.0,0,0
1101,2023,22,valtteri-bottas,alfa-romeo,ferrari,19,19,0,18,18,57,-1,0,0,0,1,0,0,0,0,0,,,,1,22665.0,22665.0,0,0
1101,2023,22,kevin-magnussen,haas,ferrari,20,20,0,17,17,57,-3,0,0,0,1,0,0,0,0,0,,,,2,22163.0,44927.0,0,0
1102,2024,1,max-verstappen,red-bull,honda-rbpt,1,1,26.0,1,1,57,0,1,1,1,1,1,1,1,0,0,,5504742.0,,2,24209.0,49273.0,1,1
1102,2024,1,sergio-perez,red-bull,honda-rbpt,2,2,18.0,5,5,57,3,0,1,1,1,0,0,0,0,0,,5527199.0,22457.0,2,24516.0,49079.0,0,0
1102,2024,1,carlos-sainz-jr,ferrari,ferrari,3,3,15.0,4,4,57,1,0,1,1,1,0,0,0,1,0,,5529852.0,25110.0,2,23866.0,48340.0,0,0
1102,2024,1,charles-leclerc,ferrari,ferrari,4,4,12.0,2,2,57,-2,0,0,1,1,0,0,0,0,0,,5544411.0,39669.0,2,24069.0,48205.0,0,0
1102,2024,1,george-russell,mercedes,mercedes,5,5,10.0,3,3,57,-2,0,0,1,1,0,0,0,0,0,,5551530.0,46788.0,2,24778.0,49644.0,0,0
1102,2024,1,lando-norris,mclaren,mercedes,6,6,8.0,7,7,57,1,0,0,1,1,0,0,0,0,0,,5553200.0,48458.0,2,24205.0,48910.0,0,0
1102,2024,1,lewis-hamilton,mercedes,mercedes,7,7,6.0,9,9,57,2,0,0,1,1,0,0,0,0,0,,5555066.0,50324.0,2,24094.0,49181.0,0,0
1102,2024,1,oscar-piastri,mclaren,mercedes,8,8,4.0,8,8,57,0,0,0,1,1,0,0,0,0,0,,5560824.0,56082.0,2,24852.0,50302.0,0,0
1102,2024,1,fernando-alonso,aston-martin,mercedes,9,9,2.0,6,6,57,-3,0,0,1,1,0,0,0,0,0,,5579629.0,74887.0,2,24786.0,49895.0,0,0
1102,2024,1,lance-stroll,aston-martin,mercedes,10,10,1.0,12,12,57,2,0,0,1,1,0,0,0,0,0,,5597958.0,93216.0,2,24418.0,48963.0,0,0
1102,2024,1,guanyu-zhou,kick-sauber,ferrari,11,11,0,17,17,56,6,0,0,0,1,0,0,0,0,0,,,,2,25094.0,50302.0,0,0
1102,2024,1,kevin-magnussen,haas,ferrari,12,12,0,15,15,56,3,0,0,0,1,0,0,0,0,0,,,,2,24446.0,50397.0,0,0
1102,2024,1,daniel-ricciardo,rb,honda-rbpt,13,13,0,14,14,56,1,0,0,0,1,0,0,0,0,0,,,,2,24856.0,49844.0,0,0
1102,2024,1,yuki-tsunoda,rb,honda-rbpt,14,14,0,11,11,56,-3,0,0,0,1,0,0,0,0,0,,,,2,24324.0,49048.0,0,0
1102,2024,1,alexander-albon,williams,mercedes,15,15,0,13,13,56,-2,0,0,0,1,0,0,0,0,0,,,,2,24610.0,49291.0,0,0
1102,2024,1,nico-hulkenberg,haas,ferrari,16,16,0,10,10,56,-6,0,0,0,1,0,0,0,0,0,,,,3,24387.0,85759.0,0,0
1102,2024,1,esteban-ocon,alpine,renault,17,17,0,19,19,56,2,0,0,0,1,0,0,0,0,0,,,,2,24877.0,50022.0,0,0
1102,2024,1,pierre-gasly,alpine,renault,18,18,0,20,20,56,2,0,0,0,1,0,0,0,0,0,,,,3,25240.0,81682.0,0,0
1102,2024,1,valtteri-bottas,kick-sauber,ferrari,19,19,0,16,16,56,-3,0,0,0,1,0,0,0,0,0,,,,2,26420.0,101193.0,0,0
1102,2024,1,logan-sargeant,williams,mercedes,20,20,0,18,18,55,-2,0,0,0,1,0,0,0,0,0,,,,3,25070.0,86145.0,0,0
1103,2024,2,max-verstappen,red-bull,honda-rbpt,1,1,25.0,1,1,50,0,1,1,1,1,1,0,0,0,0,,4843273.0,,1,20607.0,20607.0,1,1
1103,2024,2,sergio-perez,red-bull,honda-rbpt,2,2,18.0,3,3,50,1,0,1,1,1,0,0,0,0,0,,4856916.0,13643.0,1,22196.0,22196.0,0,0
1103,2024,2,charles-leclerc,ferrari,ferrari,3,3,16.0,2,2,50,-1,0,1,1,1,0,1,0,0,0,,4861912.0,18639.0,1,23419.0,23419.0,0,0
1103,2024,2,oscar-piastri,mclaren,mercedes,4,4,12.0,5,5,50,1,0,0,1,1,0,0,0,0,0,,4875280.0,32007.0,1,21427.0,21427.0,0,0
1103,2024,2,fernando-alonso,aston-martin,mercedes,5,5,10.0,4,4,50,-1,0,0,1,1,0,0,0,0,0,,4879032.0,35759.0,1,22129.0,22129.0,0,0
1103,2024,2,george-russell,mercedes,mercedes,6,6,8.0,7,7,50,1,0,0,1,1,0,0,0,0,0,,4883209.0,39936.0,1,21013.0,21013.0,0,0
1103,2024,2,oliver-bearman,ferrari,ferrari,7,7,6.0,11,11,50,4,0,0,1,1,0,0,0,1,0,,4885952.0,42679.0,1,22457.0,22457.0,0,0
1103,2024,2,lando-norris,mclaren,mercedes,8,8,4.0,6,6,50,-2,0,0,1,1,0,0,0,0,0,,4888981.0,45708.0,1,22211.0,22211.0,0,0
1103,2024,2,lewis-hamilton,mercedes,mercedes,9,9,2.0,8,8,50,-1,0,0,1,1,0,0,0,0,0,,4890664.0,47391.0,1,20170.0,20170.0,0,0
1103,2024,2,nico-hulkenberg,haas,ferrari,10,10,1.0,15,15,50,5,0,0,1,1,0,0,0,0,0,,4920269.0,76996.0,1,21035.0,21035.0,0,0
1103,2024,2,alexander-albon,williams,mercedes,11,11,0,12,12,50,1,0,0,0,1,0,0,0,0,0,,4931627.0,88354.0,1,21723.0,21723.0,0,0
1103,2024,2,kevin-magnussen,haas,ferrari,12,12,0,13,13,50,1,0,0,0,1,0,0,0,0,0,,4949010.0,105737.0,1,21460.0,21460.0,0,0
1103,2024,2,esteban-ocon,alpine,renault,13,13,0,17,17,49,4,0,0,0,1,0,0,0,0,0,,,,1,22502.0,22502.0,0,0
1103,2024,2,logan-sargeant,williams,mercedes,14,14,0,19,19,49,5,0,0,0,1,0,0,0,0,0,,,,1,23645.0,23645.0,0,0
1103,2024,2,yuki-tsunoda,rb,honda-rbpt,15,15,0,9,9,49,-6,0,0,0,1,0,0,0,0,0,,,,1,21694.0,21694.0,0,0
1103,2024,2,daniel-ricciardo,rb,honda-rbpt,16,16,0,14,14,49,-2,0,0,0,1,0,0,0,0,0,,,,1,63364.0,63364.0,0,0
1103,2024,2,valtteri-bottas,kick-sauber,ferrari,17,17,0,16,16,49,-1,0,0,0,1,0,0,0,0,0,,,,2,22795.0,46076.0,0,0
1103,2024,2,guanyu-zhou,kick-sauber,ferrari,18,18,0,20,,49,2,0,0,0,1,0,0,0,0,0,,,,1,46381.0,46381.0,0,0
1103,2024,2,lance-stroll,aston-martin,mercedes,,DNF,0,10,10,5,,0,0,0,0,0,0,0,0,1,Accident,,,0,,,0,0
1103,2024,2,pierre-gasly,alpine,renault,,DNF,0,18,18,1,,0,0,0,0,0,0,0,0,1,Gearbox,,,0,,,0,0
1104,2024,3,carlos-sainz-jr,ferrari,ferrari,1,1,25.0,2,2,58,1,1,1,1,1,0,0,0,1,0,,4826843.0,,2,17599.0,35339.0,0,0
1104,2024,3,charles-leclerc,ferrari,ferrari,2,2,19.0,4,5,58,2,0,1,1,1,0,1,0,0,0,,4829209.0,2366.0,2,17308.0,34717.0,0,0
1104,2024,3,lando-norris,mclaren,mercedes,3,3,15.0,3,4,58,0,0,1,1,1,0,0,0,0,0,,4832747.0,5904.0,2,17653.0,35429.0,0,0
1104,2024,3,oscar-piastri,mclaren,mercedes,4,4,12.0,5,6,58,1,0,0,1,1,0,0,0,0,0,,4862613.0,35770.0,2,17573.0,36106.0,0,0
1104,2024,3,sergio-perez,red-bull,honda-rbpt,5,5,10.0,6,3,58,1,0,0,1,1,0,0,0,0,0,,4883152.0,56309.0,2,17222.0,35334.0,0,0
1104,2024,3,lance-stroll,aston-martin,mercedes,6,6,8.0,9,9,58,3,0,0,1,1,0,0,0,0,0,,4920065.0,93222.0,2,17901.0,35878.0,0,0
1104,2024,3,yuki-tsunoda,rb,honda-rbpt,7,7,6.0,8,8,58,1,0,0,1,1,0,0,0,0,0,,4922444.0,95601.0,2,17535.0,36058.0,0,0
1104,2024,3,fernando-alonso,aston-martin,mercedes,8,8,4.0,10,10,58,2,0,0,1,1,0,0,0,0,0,,4927835.0,100992.0,2,17995.0,36155.0,0,0
1104,2024,3,nico-hulkenberg,haas,ferrari,9,9,2.0,16,16,58,7,0,0,1,1,0,0,0,0,0,,4931396.0,104553.0,2,18145.0,36465.0,0,0
1104,2024,3,kevin-magnussen,haas,ferrari,10,10,1.0,14,14,57,4,0,0,1,1,0,0,0,0,0,,,,2,18151.0,36452.0,0,0
1104,2024,3,alexander-albon,williams,mercedes,11,11,0,12,12,57,1,0,0,0,1,0,0,0,0,0,,,,2,17745.0,35500.0,0,0
1104,2024,3,daniel-ricciardo,rb,honda-rbpt,12,12,0,18,18,57,6,0,0,0,1,0,0,0,0,0,,,,2,17751.0,36016.0,0,0
1104,2024,3,pierre-gasly,alpine,renault,13,13,0,17,17,57,4,0,0,0,1,0,0,0,0,0,,,,2,17682.0,37998.0,0,0
1104,2024,3,valtteri-bottas,kick-sauber,ferrari,14,14,0,13,13,57,-1,0,0,0,1,0,0,0,0,0,,,,2,18938.0,65907.0,0,0
1104,2024,3,guanyu-zhou,kick-sauber,ferrari,15,15,0,,19,57,4,0,0,0,1,0,0,0,0,0,,,,2,19032.0,55898.0,0,0
1104,2024,3,esteban-ocon,alpine,renault,16,16,0,15,15,57,-1,0,0,0,1,0,0,0,0,0,,,,3,18007.0,66920.0,0,0
1104,2024,3,george-russell,mercedes,mercedes,17,17,0,7,7,56,-10,0,0,0,1,0,0,0,0,0,Accident,,,2,17964.0,36010.0,0,0
1104,2024,3,lewis-hamilton,mercedes,mercedes,,DNF,0,11,11,15,,0,0,0,0,0,0,0,0,1,Power unit,,,1,17596.0,17596.0,0,0
1104,2024,3,max-verstappen,red-bull,honda-rbpt,,DNF,0,1,1,3,,0,0,0,0,1,0,0,0,1,Brakes,,,0,,,1,0
1105,2024,4,max-verstappen,red-bull,honda-rbpt,1,1,26.0,1,1,53,0,1,1,1,1,1,1,0,0,0,,6863566.0,,3,23177.0,1622014.0,1,1
1105,2024,4,sergio-perez,red-bull,honda-rbpt,2,2,18.0,2,2,53,0,0,1,1,1,0,0,0,0,0,,6876101.0,12535.0,3,22956.0,1623607.0,0,0
1105,2024,4,carlos-sainz-jr,ferrari,ferrari,3,3,15.0,4,4,53,1,0,1,1,1,0,0,0,0,0,,6884432.0,20866.0,3,23136.0,1626824.0,0,0
1105,2024,4,charles-leclerc,ferrari,ferrari,4,4,12.0,8,8,53,4,0,0,1,1,0,0,0,1,0,,6890088.0,26522.0,2,23285.0,1606618.0,0,0
1105,2024,4,lando-norris,mclaren,mercedes,5,5,10.0,3,3,53,-2,0,0,1,1,0,0,0,0,0,,6893266.0,29700.0,3,23049.0,1626397.0,0,0
1105,2024,4,fernando-alonso,aston-martin,mercedes,6,6,8.0,5,5,53,-1,0,0,1,1,0,0,0,0,0,,6907838.0,44272.0,3,22998.0,1627079.0,0,0
1105,2024,4,george-russell,mercedes,mercedes,7,7,6.0,9,9,53,2,0,0,1,1,0,0,0,0,0,,6909517.0,45951.0,3,22991.0,1627806.0,0,0
1105,2024,4,oscar-piastri,mclaren,mercedes,8,8,4.0,6,6,53,-2,0,0,1,1,0,0,0,0,0,,6911091.0,47525.0,3,22848.0,1626472.0,0,0
1105,2024,4,lewis-hamilton,mercedes,mercedes,9,9,2.0,7,7,53,-2,0,0,1,1,0,0,0,0,0,,6912192.0,48626.0,3,23333.0,1627985.0,0,0
1105,2024,4,yuki-tsunoda,rb,honda-rbpt,10,10,1.0,10,10,52,0,0,0,1,1,0,0,0,0,0,,,,3,23358.0,1631397.0,0,0
1105,2024,4,nico-hulkenberg,haas,ferrari,11,11,0,12,12,52,1,0,0,0,1,0,0,0,0,0,,,,3,23622.0,1628501.0,0,0
1105,2024,4,lance-stroll,aston-martin,mercedes,12,12,0,16,16,52,4,0,0,0,1,0,0,0,0,0,,,,4,22911.0,1655418.0,0,0
1105,2024,4,kevin-magnussen,haas,ferrari,13,13,0,18,18,52,5,0,0,0,1,0,0,0,0,0,,,,2,26198.0,1610828.0,0,0
1105,2024,4,valtteri-bottas,kick-sauber,ferrari,14,14,0,13,13,52,-1,0,0,0,1,0,0,0,0,0,,,,3,24824.0,1633312.0,0,0
1105,2024,4,esteban-ocon,alpine,renault,15,15,0,15,15,52,0,0,0,0,1,0,0,0,0,0,,,,3,23394.0,1633670.0,0,0
1105,2024,4,pierre-gasly,alpine,renault,16,16,0,17,17,52,1,0,0,0,1,0,0,0,0,0,,,,3,23102.0,1633739.0,0,0
1105,2024,4,logan-sargeant,williams,mercedes,17,17,0,19,19,52,2,0,0,0,1,0,0,0,0,0,,,,4,23287.0,1658304.0,0,0
1105,2024,4,guanyu-zhou,kick-sauber,ferrari,,DNF,0,20,20,12,,0,0,0,0,0,0,0,0,1,Gearbox,,,3,23910.0,1633475.0,0,0
1105,2024,4,daniel-ricciardo,rb,honda-rbpt,,DNF,0,11,11,0,,0,0,0,0,0,0,0,0,1,Collision,,,0,,,0,0
1105,2024,4,alexander-albon,williams,mercedes,,DNF,0,14,14,0,,0,0,0,0,0,0,0,0,1,Collision,,,0,,,0,0
1106,2024,5,max-verstappen,red-bull,honda-rbpt,1,1,25.0,1,1,56,0,1,1,1,1,1,0,0,0,0,,6052554.0,,2,22270.0,44726.0,1,1
1106,2024,5,lando-norris,mclaren,mercedes,2,2,18.0,4,4,56,2,0,1,1,1,0,0,0,1,0,,6066327.0,13773.0,1,22161.0,22161.0,0,0
1106,2024,5,sergio-perez,red-bull,honda-rbpt,3,3,15.0,2,2,56,-1,0,1,1,1,0,0,0,0,0,,6071714.0,19160.0,2,22027.0,44398.0,0,0
1106,2024,5,charles-leclerc,ferrari,ferrari,4,4,12.0,6,6,56,2,0,0,1,1,0,0,0,0,0,,6076177.0,23623.0,1,22360.0,22360.0,0,0
1106,2024,5,carlos-sainz-jr,ferrari,ferrari,5,5,10.0,7,7,56,2,0,0,1,1,0,0,0,0,0,,6086537.0,33983.0,1,22629.0,22629.0,0,0
1106,2024,5,george-russell,mercedes,mercedes,6,6,8.0,8,8,56,2,0,0,1,1,0,0,0,0,0,,6091278.0,38724.0,2,22415.0,45122.0,0,0
1106,2024,5,fernando-alonso,aston-martin,mercedes,7,7,7.0,3,3,56,-4,0,0,1,1,0,1,0,0,0,,6095968.0,43414.0,3,22687.0,68915.0,0,0
1106,2024,5,oscar-piastri,mclaren,mercedes,8,8,4.0,5,5,56,-3,0,0,1,1,0,0,0,0,0,,6108752.0,56198.0,2,22262.0,44935.0,0,0
1106,2024,5,lewis-hamilton,mercedes,mercedes,9,9,2.0,18,18,56,9,0,0,1,1,0,0,0,0,0,,6110540.0,57986.0,2,22518.0,45180.0,0,0
1106,2024,5,nico-hulkenberg,haas,ferrari,10,10,1.0,9,9,56,-1,0,0,1,1,0,0,0,0,0,,6113030.0,60476.0,2,23004.0,46340.0,0,0
1106,2024,5,esteban-ocon,alpine,renault,11,11,0,13,13,56,2,0,0,0,1,0,0,0,0,0,,6115366.0,62812.0,2,23156.0,46364.0,0,0
1106,2024,5,alexander-albon,williams,mercedes,12,12,0,14,14,56,2,0,0,0,1,0,0,0,0,0,,6118060.0,65506.0,2,23273.0,46873.0,0,0
1106,2024,5,pierre-gasly,alpine,renault,13,13,0,15,15,56,2,0,0,0,1,0,0,0,0,0,,6121777.0,69223.0,3,22836.0,86535.0,0,0
1106,2024,5,guanyu-zhou,kick-sauber,ferrari,14,14,0,16,16,56,2,0,0,0,1,0,0,0,0,0,,6124243.0,71689.0,3,23252.0,72224.0,0,0
1106,2024,5,lance-stroll,aston-martin,mercedes,15,15,0,11,11,56,-4,0,0,0,1,0,0,0,0,0,,6135340.0,82786.0,4,22911.0,174785.0,0,0
1106,2024,5,kevin-magnussen,haas,ferrari,16,16,0,17,17,56,1,0,0,0,1,0,0,0,0,0,,6140087.0,87533.0,2,22974.0,48701.0,0,0
1106,2024,5,logan-sargeant,williams,mercedes,17,17,0,,20,56,3,0,0,0,1,0,0,0,0,0,,6147664.0,95110.0,2,22684.0,45913.0,0,0
1106,2024,5,daniel-ricciardo,rb,honda-rbpt,,DNF,0,12,12,33,,0,0,0,0,0,0,0,0,1,Collision damage,,,1,22598.0,22598.0,0,0
1106,2024,5,yuki-tsunoda,rb,honda-rbpt,,DNF,0,19,19,26,,0,0,0,0,0,0,0,0,1,Collision,,,2,22387.0,45547.0,0,0
1106,2024,5,valtteri-bottas,kick-sauber,ferrari,,DNF,0,10,10,19,,0,0,0,0,0,0,0,0,1,Engine,,,1,22949.0,22949.0,0,0
1107,2024,6,lando-norris,mclaren,mercedes,1,1,25.0,5,5,57,4,1,1,1,1,0,0,0,1,0,,5449876.0,,1,22041.0,22041.0,0,0
1107,2024,6,max-verstappen,red-bull,honda-rbpt,2,2,18.0,1,1,57,-1,0,1,1,1,1,0,0,0,0,,5457488.0,7612.0,1,22187.0,22187.0,1,0
1107,2024,6,charles-leclerc,ferrari,ferrari,3,3,15.0,2,2,57,-1,0,1,1,1,0,0,0,0,0,,5459796.0,9920.0,1,21825.0,21825.0,0,0
1107,2024,6,sergio-perez,red-bull,honda-rbpt,4,4,12.0,4,4,57,0,0,0,1,1,0,0,0,0,0,,5464526.0,14650.0,2,21695.0,44091.0,0,0
1107,2024,6,carlos-sainz-jr,ferrari,ferrari,5,5,10.0,3,3,57,-2,0,0,1,1,0,0,0,0,0,,5466283.0,16407.0,1,22805.0,22805.0,0,0
1107,2024,6,lewis-hamilton,mercedes,mercedes,6,6,8.0,8,8,57,2,0,0,1,1,0,0,0,0,0,,5466461.0,16585.0,1,22107.0,22107.0,0,0
1107,2024,6,yuki-tsunoda,rb,honda-rbpt,7,7,6.0,10,10,57,3,0,0,1,1,0,0,0,0,0,,5476061.0,26185.0,1,22153.0,22153.0,0,0
1107,2024,6,george-russell,mercedes,mercedes,8,8,4.0,7,7,57,-1,0,0,1,1,0,0,0,0,0,,5484665.0,34789.0,1,22800.0,22800.0,0,0
1107,2024,6,fernando-alonso,aston-martin,mercedes,9,9,2.0,15,15,57,6,0,0,1,1,0,0,0,0,0,,5486983.0,37107.0,1,22374.0,22374.0,0,0
1107,2024,6,esteban-ocon,alpine,renault,10,10,1.0,13,13,57,3,0,0,1,1,0,0,0,0,0,,5489622.0,39746.0,1,22663.0,22663.0,0,0
1107,2024,6,nico-hulkenberg,haas,ferrari,11,11,0,9,9,57,-2,0,0,0,1,0,0,0,0,0,,5490665.0,40789.0,2,22487.0,45542.0,0,0
1107,2024,6,pierre-gasly,alpine,renault,12,12,0,12,12,57,0,0,0,0,1,0,0,0,0,0,,5494834.0,44958.0,1,22466.0,22466.0,0,0
1107,2024,6,oscar-piastri,mclaren,mercedes,13,13,0,6,6,57,-7,0,0,0,1,0,1,0,0,0,,5499632.0,49756.0,2,22216.0,52625.0,0,0
1107,2024,6,guanyu-zhou,kick-sauber,ferrari,14,14,0,19,20,57,5,0,0,0,1,0,0,0,0,0,,5499855.0,49979.0,1,23017.0,23017.0,0,0
1107,2024,6,daniel-ricciardo,rb,honda-rbpt,15,15,0,20,18,57,5,0,0,0,1,0,0,0,0,0,,5500832.0,50956.0,1,22540.0,22540.0,0,0
1107,2024,6,valtteri-bottas,kick-sauber,ferrari,16,16,0,16,16,57,0,0,0,0,1,0,0,0,0,0,,5502232.0,52356.0,2,22765.0,46495.0,0,0
1107,2024,6,lance-stroll,aston-martin,mercedes,17,17,0,11,11,57,-6,0,0,0,1,0,0,0,0,0,,5505049.0,55173.0,2,22631.0,45669.0,0,0
1107,2024,6,alexander-albon,williams,mercedes,18,18,0,14,14,57,-4,0,0,0,1,0,0,0,0,0,,5525967.0,76091.0,2,22567.0,45395.0,0,0
1107,2024,6,kevin-magnussen,haas,ferrari,19,19,0,18,19,57,-1,0,0,0,1,0,0,0,0,0,,5534559.0,84683.0,3,23265.0,83724.0,0,0
1107,2024,6,logan-sargeant,williams,mercedes,,DNF,0,17,17,27,,0,0,0,0,0,0,0,0,1,Collision,,,1,22611.0,22611.0,0,0
1108,2024,7,max-verstappen,red-bull,honda-rbpt,1,1,25.0,1,1,63,0,1,1,1,1,1,0,0,0,0,,5125252.0,,1,30416.0,30416.0,1,1
1108,2024,7,lando-norris,mclaren,mercedes,2,2,18.0,2,3,63,0,0,1,1,1,0,0,0,1,0,,5125977.0,725.0,1,29956.0,29956.0,0,0
1108,2024,7,charles-leclerc,ferrari,ferrari,3,3,15.0,3,4,63,0,0,1,1,1,0,0,0,0,0,,5133168.0,7916.0,1,30149.0,30149.0,0,0
1108,2024,7,oscar-piastri,mclaren,mercedes,4,4,12.0,5,2,63,1,0,0,1,1,0,0,0,0,0,,5139384.0,14132.0,1,29770.0,29770.0,0,0
1108,2024,7,carlos-sainz-jr,ferrari,ferrari,5,5,10.0,4,5,63,-1,0,0,1,1,0,0,0,0,0,,5147577.0,22325.0,1,30508.0,30508.0,0,0
1108,2024,7,lewis-hamilton,mercedes,mercedes,6,6,8.0,8,8,63,2,0,0,1,1,0,0,0,0,0,,5160356.0,35104.0,1,29547.0,29547.0,0,0
1108,2024,7,george-russell,mercedes,mercedes,7,7,7.0,6,6,63,-1,0,0,1,1,0,1,0,0,0,,5172406.0,47154.0,2,29605.0,59269.0,0,0
1108,2024,7,sergio-perez,red-bull,honda-rbpt,8,8,4.0,11,11,63,3,0,0,1,1,0,0,0,0,0,,5180028.0,54776.0,1,29669.0,29669.0,0,0
1108,2024,7,lance-stroll,aston-martin,mercedes,9,9,2.0,13,13,63,4,0,0,1,1,0,0,0,0,0,,5204808.0,79556.0,1,29971.0,29971.0,0,0
1108,2024,7,yuki-tsunoda,rb,honda-rbpt,10,10,1.0,7,7,62,-3,0,0,1,1,0,0,0,0,0,,,,1,29628.0,29628.0,0,0
1108,2024,7,nico-hulkenberg,haas,ferrari,11,11,0,10,10,62,-1,0,0,0,1,0,0,0,0,0,,,,1,29749.0,29749.0,0,0
1108,2024,7,kevin-magnussen,haas,ferrari,12,12,0,18,18,62,6,0,0,0,1,0,0,0,0,0,,,,1,31302.0,31302.0,0,0
1108,2024,7,daniel-ricciardo,rb,honda-rbpt,13,13,0,9,9,62,-4,0,0,0,1,0,0,0,0,0,,,,1,30068.0,30068.0,0,0
1108,2024,7,esteban-ocon,alpine,renault,14,14,0,12,12,62,-2,0,0,0,1,0,0,0,0,0,,,,1,30659.0,30659.0,0,0
1108,2024,7,guanyu-zhou,kick-sauber,ferrari,15,15,0,17,17,62,2,0,0,0,1,0,0,0,0,0,,,,1,30244.0,30244.0,0,0
1108,2024,7,pierre-gasly,alpine,renault,16,16,0,15,15,62,-1,0,0,0,1,0,0,0,0,0,,,,2,30081.0,60735.0,0,0
1108,2024,7,logan-sargeant,williams,mercedes,17,17,0,19,,62,2,0,0,0,1,0,0,0,0,0,,,,1,31085.0,31085.0,0,0
1108,2024,7,valtteri-bottas,kick-sauber,ferrari,18,18,0,16,16,62,-2,0,0,0,1,0,0,0,0,0,,,,1,30240.0,30240.0,0,0
1108,2024,7,fernando-alonso,aston-martin,mercedes,19,19,0,,19,62,1,0,0,0,1,0,0,0,0,0,,,,3,29931.0,91782.0,0,0
1108,2024,7,alexander-albon,williams,mercedes,,DNF,0,14,14,51,,0,0,0,0,0,0,0,0,1,Withdrew,,,4,30050.0,132773.0,0,0
1109,2024,8,charles-leclerc,ferrari,ferrari,1,1,25.0,1,1,78,0,1,1,1,1,1,0,0,1,0,,8595554.0,,1,2358026.0,2358026.0,1,1
1109,2024,8,oscar-piastri,mclaren,mercedes,2,2,18.0,2,2,78,0,0,1,1,1,0,0,0,0,0,,8602706.0,7152.0,1,2357645.0,2357645.0,0,0
1109,2024,8,carlos-sainz-jr,ferrari,ferrari,3,3,15.0,3,3,78,0,0,1,1,1,0,0,0,0,0,,8603139.0,7585.0,1,2327072.0,2327072.0,0,0
1109,2024,8,lando-norris,mclaren,mercedes,4,4,12.0,4,4,78,0,0,0,1,1,0,0,0,0,0,,8604204.0,8650.0,1,2365538.0,2365538.0,0,0
1109,2024,8,george-russell,mercedes,mercedes,5,5,10.0,5,5,78,0,0,0,1,1,0,0,0,0,0,,8608863.0,13309.0,1,2369363.0,2369363.0,0,0
1109,2024,8,max-verstappen,red-bull,honda-rbpt,6,6,8.0,6,6,78,0,0,0,1,1,0,0,0,0,0,,8609407.0,13853.0,2,23813.0,2396483.0,0,0
1109,2024,8,lewis-hamilton,mercedes,mercedes,7,7,7.0,7,7,78,0,0,0,1,1,0,1,0,0,0,,8610462.0,14908.0,2,24232.0,2399601.0,0,0
1109,2024,8,yuki-tsunoda,rb,honda-rbpt,8,8,4.0,8,8,77,0,0,0,1,1,0,0,0,0,0,,,,1,2377564.0,2377564.0,0,0
1109,2024,8,alexander-albon,williams,mercedes,9,9,2.0,9,9,77,0,0,0,1,1,0,0,0,0,0,,,,1,2381390.0,2381390.0,0,0
1109,2024,8,pierre-gasly,alpine,renault,10,10,1.0,10,10,77,0,0,0,1,1,0,0,0,0,0,,,,1,2381893.0,2381893.0,0,0
1109,2024,8,fernando-alonso,aston-martin,mercedes,11,11,0,14,14,76,3,0,0,0,1,0,0,0,0,0,,,,1,2389467.0,2389467.0,0,0
1109,2024,8,daniel-ricciardo,rb,honda-rbpt,12,12,0,12,12,76,0,0,0,0,1,0,0,0,0,0,,,,1,2385823.0,2385823.0,0,0
1109,2024,8,valtteri-bottas,kick-sauber,ferrari,13,13,0,17,17,76,4,0,0,0,1,0,0,0,0,0,,,,2,24239.0,2418292.0,0,0
1109,2024,8,lance-stroll,aston-martin,mercedes,14,14,0,13,13,76,-1,0,0,0,1,0,0,0,0,0,,,,3,24132.0,2435931.0,0,0
1109,2024,8,logan-sargeant,williams,mercedes,15,15,0,15,15,76,0,0,0,0,1,0,0,0,0,0,,,,2,24384.0,2415984.0,0,0
1109,2024,8,guanyu-zhou,kick-sauber,ferrari,16,16,0,18,18,76,2,0,0,0,1,0,0,0,0,0,,,,2,24367.0,2410781.0,0,0
1109,2024,8,esteban-ocon,alpine,renault,,DNF,0,11,11,0,,0,0,0,0,0,0,0,0,1,Collision damage,,,0,,,0,0
1109,2024,8,sergio-perez,red-bull,honda-rbpt,,DNF,0,16,16,0,,0,0,0,0,0,0,0,0,1,Collision,,,0,,,0,0
1109,2024,8,nico-hulkenberg,haas,ferrari,,DNF,0,19,,0,,0,0,0,0,0,0,0,0,1,Collision,,,0,,,0,0
1109,2024,8,kevin-magnussen,haas,ferrari,,DNF,0,20,,0,,0,0,0,0,0,0,0,0,1,Collision,,,0,,,0,0
1110,2024,9,max-verstappen,red-bull,honda-rbpt,1,1,25.0,2,2,70,1,1,1,1,1,0,0,0,0,0,,6347927.0,,2,24246.0,48552.0,0,0
1110,2024,9,lando-norris,mclaren,mercedes,2,2,18.0,3,3,70,1,0,1,1,1,0,0,0,1,0,,6351806.0,3879.0,2,23423.0,47406.0,0,0
1110,2024,9,george-russell,mercedes,mercedes,3,3,15.0,1,1,70,-2,0,1,1,1,1,0,0,0,0,,6352244.0,4317.0,3,24044.0,77632.0,1,0
1110,2024,9,lewis-hamilton,mercedes,mercedes,4,4,13.0,7,7,70,3,0,0,1,1,0,1,0,0,0,,6352842.0,4915.0,3,23762.0,76805.0,0,0
1110,2024,9,oscar-piastri,mclaren,mercedes,5,5,10.0,4,4,70,-1,0,0,1,1,0,0,0,0,0,,6358126.0,10199.0,2,23476.0,47453.0,0,0
1110,2024,9,fernando-alonso,aston-martin,mercedes,6,6,8.0,6,6,70,0,0,0,1,1,0,0,0,0,0,,6365437.0,17510.0,2,24346.0,50134.0,0,0
1110,2024,9,lance-stroll,aston-martin,mercedes,7,7,6.0,9,9,70,2,0,0,1,1,0,0,0,0,0,,6371552.0,23625.0,2,24284.0,49309.0,0,0
1110,2024,9,daniel-ricciardo,rb,honda-rbpt,8,8,4.0,5,5,70,-3,0,0,1,1,0,0,0,0,0,,6376599.0,28672.0,2,23860.0,54158.0,0,0
1110,2024,9,pierre-gasly,alpine,renault,9,9,2.0,15,15,70,6,0,0,1,1,0,0,0,0,0,,6377948.0,30021.0,2,24408.0,49319.0,0,0
1110,2024,9,esteban-ocon,alpine,renault,10,10,1.0,18,18,70,8,0,0,1,1,0,0,0,0,0,,6378240.0,30313.0,1,24495.0,24495.0,0,0
1110,2024,9,nico-hulkenberg,haas,ferrari,11,11,0,17,19,70,6,0,0,0,1,0,0,0,0,0,,6378751.0,30824.0,3,24233.0,73652.0,0,0
1110,2024,9,kevin-magnussen,haas,ferrari,12,12,0,14,14,70,2,0,0,0,1,0,0,0,0,0,,6379180.0,31253.0,4,24833.0,108944.0,0,0
1110,2024,9,valtteri-bottas,kick-sauber,ferrari,13,13,0,,17,70,6,0,0,0,1,0,0,0,0,0,,6388414.0,40487.0,1,24929.0,24929.0,0,0
1110,2024,9,yuki-tsunoda,rb,honda-rbpt,14,14,0,8,8,70,-6,0,0,0,1,0,0,0,0,0,,6400621.0,52694.0,1,25569.0,25569.0,0,0
1110,2024,9,guanyu-zhou,kick-sauber,ferrari,15,15,0,,20,69,5,0,0,0,1,0,0,0,0,0,,,,3,25598.0,119537.0,0,0
1110,2024,9,carlos-sainz-jr,ferrari,ferrari,,DNF,0,12,12,52,,0,0,0,0,0,0,0,0,1,Collision damage,,,2,24125.0,51751.0,0,0
1110,2024,9,alexander-albon,williams,mercedes,,DNF,0,10,10,52,,0,0,0,0,0,0,0,0,1,Collision,,,2,24753.0,49557.0,0,0
1110,2024,9,sergio-perez,red-bull,honda-rbpt,,DNF,0,16,16,51,,0,0,0,0,0,0,0,0,1,Accident damage,,,2,24423.0,58185.0,0,0
1110,2024,9,charles-leclerc,ferrari,ferrari,,DNF,0,11,11,40,,0,0,0,0,0,0,0,0,1,Engine,,,3,24031.0,95846.0,0,0
1110,2024,9,logan-sargeant,williams,mercedes,,DNF,0,13,13,23,,0,0,0,0,0,0,0,0,1,Accident,,,0,,,0,0
1111,2024,10,max-verstappen,red-bull,honda-rbpt,1,1,25.0,2,2,66,1,1,1,1,1,0,0,0,0,0,,5300227.0,,2,21544.0,43884.0,0,0
1111,2024,10,lando-norris,mclaren,mercedes,2,2,19.0,1,1,66,-1,0,1,1,1,1,1,0,1,0,,5302446.0,2219.0,2,21618.0,44249.0,1,0
1111,2024,10,lewis-hamilton,mercedes,mercedes,3,3,15.0,3,3,66,0,0,1,1,1,0,0,0,0,0,,5318017.0,17790.0,2,21603.0,43443.0,0,0
1111,2024,10,george-russell,mercedes,mercedes,4,4,12.0,4,4,66,0,0,0,1,1,0,0,0,0,0,,5322547.0,22320.0,2,22700.0,47723.0,0,0
1111,2024,10,charles-leclerc,ferrari,ferrari,5,5,10.0,5,5,66,0,0,0,1,1,0,0,0,0,0,,5322936.0,22709.0,2,21624.0,43884.0,0,0
1111,2024,10,carlos-sainz-jr,ferrari,ferrari,6,6,8.0,6,6,66,0,0,0,1,1,0,0,0,0,0,,5331255.0,31028.0,2,22194.0,44443.0,0,0
1111,2024,10,oscar-piastri,mclaren,mercedes,7,7,6.0,9,10,66,2,0,0,1,1,0,0,0,0,0,,5333987.0,33760.0,2,22224.0,44644.0,0,0
1111,2024,10,sergio-perez,red-bull,honda-rbpt,8,8,4.0,11,8,66,3,0,0,1,1,0,0,0,0,0,,5359751.0,59524.0,3,21464.0,65117.0,0,0
1111,2024,10,pierre-gasly,alpine,renault,9,9,2.0,7,7,66,-2,0,0,1,1,0,0,0,0,0,,5362252.0,62025.0,2,21687.0,47784.0,0,0
1111,2024,10,esteban-ocon,alpine,renault,10,10,1.0,8,9,66,-2,0,0,1,1,0,0,0,0,0,,5372116.0,71889.0,2,21834.0,43755.0,0,0
1111,2024,10,nico-hulkenberg,haas,ferrari,11,11,0,13,13,66,2,0,0,0,1,0,0,0,0,0,,5379442.0,79215.0,2,22518.0,45240.0,0,0
1111,2024,10,fernando-alonso,aston-martin,mercedes,12,12,0,10,11,65,-2,0,0,0,1,0,0,0,0,0,,,,2,21957.0,44528.0,0,0
1111,2024,10,guanyu-zhou,kick-sauber,ferrari,13,13,0,15,15,65,2,0,0,0,1,0,0,0,0,0,,,,2,22523.0,46776.0,0,0
1111,2024,10,lance-stroll,aston-martin,mercedes,14,14,0,14,14,65,0,0,0,0,1,0,0,0,0,0,,,,2,21880.0,45261.0,0,0
1111,2024,10,daniel-ricciardo,rb,honda-rbpt,15,15,0,18,18,65,3,0,0,0,1,0,0,0,0,0,,,,2,22108.0,44472.0,0,0
1111,2024,10,valtteri-bottas,kick-sauber,ferrari,16,16,0,12,12,65,-4,0,0,0,1,0,0,0,0,0,,,,2,22744.0,45707.0,0,0
1111,2024,10,kevin-magnussen,haas,ferrari,17,17,0,16,16,65,-1,0,0,0,1,0,0,0,0,0,,,,2,23360.0,52327.0,0,0
1111,2024,10,alexander-albon,williams,mercedes,18,18,0,,19,65,2,0,0,0,1,0,0,0,0,0,,,,2,21892.0,45140.0,0,0
1111,2024,10,yuki-tsunoda,rb,honda-rbpt,19,19,0,17,17,65,-2,0,0,0,1,0,0,0,0,0,,,,3,22064.0,66712.0,0,0
1111,2024,10,logan-sargeant,williams,mercedes,20,20,0,19,20,64,-1,0,0,0,1,0,0,0,0,0,,,,2,22401.0,44907.0,0,0
1112,2024,11,george-russell,mercedes,mercedes,1,1,25.0,3,3,71,2,1,1,1,1,0,0,0,0,0,,5062798.0,,2,21229.0,42902.0,0,0
1112,2024,11,oscar-piastri,mclaren,mercedes,2,2,18.0,7,7,71,5,0,1,1,1,0,0,0,0,0,,5064704.0,1906.0,2,20775.0,41753.0,0,0
1112,2024,11,carlos-sainz-jr,ferrari,ferrari,3,3,15.0,4,4,71,1,0,1,1,1,0,0,0,0,0,,5067331.0,4533.0,2,21226.0,42509.0,0,0
1112,2024,11,lewis-hamilton,mercedes,mercedes,4,4,12.0,5,5,71,1,0,0,1,1,0,0,0,0,0,,5085940.0,23142.0,2,21563.0,48844.0,0,0
1112,2024,11,max-verstappen,red-bull,honda-rbpt,5,5,10.0,1,1,71,-4,0,0,1,1,1,0,0,0,0,,5100051.0,37253.0,3,21899.0,70469.0,1,0
1112,2024,11,nico-hulkenberg,haas,ferrari,6,6,8.0,9,9,71,3,0,0,1,1,0,0,0,0,0,,5116886.0,54088.0,2,21814.0,44169.0,0,0
1112,2024,11,sergio-perez,red-bull,honda-rbpt,7,7,6.0,8,8,71,1,0,0,1,1,0,0,0,0,0,,5117470.0,54672.0,2,21291.0,48791.0,0,0
1112,2024,11,kevin-magnussen,haas,ferrari,8,8,4.0,12,12,71,4,0,0,1,1,0,0,0,0,0,,5123153.0,60355.0,2,21518.0,43350.0,0,0
1112,2024,11,daniel-ricciardo,rb,honda-rbpt,9,9,2.0,11,11,71,2,0,0,1,1,0,0,0,0,0,,5123967.0,61169.0,2,21093.0,42595.0,0,0
1112,2024,11,pierre-gasly,alpine,renault,10,10,1.0,13,13,71,3,0,0,1,1,0,0,0,0,0,,5124564.0,61766.0,2,21431.0,43474.0,0,0
1112,2024,11,charles-leclerc,ferrari,ferrari,11,11,0,6,6,71,-5,0,0,0,1,0,0,0,0,0,,5129854.0,67056.0,4,20903.0,96748.0,0,0
1112,2024,11,esteban-ocon,alpine,renault,12,12,0,10,10,71,-2,0,0,0,1,0,0,0,0,0,,5131123.0,68325.0,2,21231.0,43522.0,0,0
1112,2024,11,lance-stroll,aston-martin,mercedes,13,13,0,17,17,70,4,0,0,0,1,0,0,0,0,0,,,,2,21302.0,42701.0,0,0
1112,2024,11,yuki-tsunoda,rb,honda-rbpt,14,14,0,14,14,70,0,0,0,0,1,0,0,0,0,0,,,,2,21250.0,44694.0,0,0
1112,2024,11,alexander-albon,williams,mercedes,15,15,0,16,16,70,1,0,0,0,1,0,0,0,0,0,,,,2,21692.0,43570.0,0,0
1112,2024,11,valtteri-bottas,kick-sauber,ferrari,16,16,0,18,18,70,2,0,0,0,1,0,0,0,0,0,,,,2,21918.0,43909.0,0,0
1112,2024,11,guanyu-zhou,kick-sauber,ferrari,17,17,0,,20,70,3,0,0,0,1,0,0,0,0,0,,,,2,21594.0,44792.0,0,0
1112,2024,11,fernando-alonso,aston-martin,mercedes,18,18,0,15,15,70,-3,0,0,0,1,0,1,0,0,0,,,,3,21483.0,77917.0,0,0
1112,2024,11,logan-sargeant,williams,mercedes,19,19,0,19,19,69,0,0,0,0,1,0,0,0,0,0,,,,3,22093.0,76317.0,0,0
1112,2024,11,lando-norris,mclaren,mercedes,20,20,0,2,2,64,-18,0,0,0,1,0,0,0,1,0,Collision damage,,,2,21411.0,43028.0,0,0
1113,2024,12,lewis-hamilton,mercedes,mercedes,1,1,25.0,2,2,52,1,1,1,1,1,0,0,0,1,0,,4947059.0,,2,28929.0,58967.0,0,0
1113,2024,12,max-verstappen,red-bull,honda-rbpt,2,2,18.0,4,4,52,2,0,1,1,1,0,0,0,0,0,,4948524.0,1465.0,2,28365.0,57441.0,0,0
1113,2024,12,lando-norris,mclaren,mercedes,3,3,15.0,3,3,52,0,0,1,1,1,0,0,0,0,0,,4954606.0,7547.0,2,28661.0,59048.0,0,0
1113,2024,12,oscar-piastri,mclaren,mercedes,4,4,12.0,5,5,52,1,0,0,1,1,0,0,0,0,0,,4959488.0,12429.0,2,29200.0,58741.0,0,0
1113,2024,12,carlos-sainz-jr,ferrari,ferrari,5,5,11.0,7,7,52,2,0,0,1,1,0,1,0,0,0,,4994377.0,47318.0,3,28706.0,87002.0,0,0
1113,2024,12,nico-hulkenberg,haas,ferrari,6,6,8.0,6,6,52,0,0,0,1,1,0,0,0,0,0,,5002781.0,55722.0,2,29412.0,59677.0,0,0
1113,2024,12,lance-stroll,aston-martin,mercedes,7,7,6.0,8,8,52,1,0,0,1,1,0,0,0,0,0,,5003628.0,56569.0,2,29023.0,58492.0,0,0
1113,2024,12,fernando-alonso,aston-martin,mercedes,8,8,4.0,10,10,52,2,0,0,1,1,0,0,0,0,0,,5010636.0,63577.0,2,29341.0,59027.0,0,0
1113,2024,12,alexander-albon,williams,mercedes,9,9,2.0,9,9,52,0,0,0,1,1,0,0,0,0,0,,5015446.0,68387.0,2,29410.0,64152.0,0,0
1113,2024,12,yuki-tsunoda,rb,honda-rbpt,10,10,1.0,13,13,52,3,0,0,1,1,0,0,0,0,0,,5026362.0,79303.0,2,29658.0,59658.0,0,0
1113,2024,12,logan-sargeant,williams,mercedes,11,11,0,12,12,52,1,0,0,0,1,0,0,0,0,0,,5036019.0,88960.0,2,29444.0,62245.0,0,0
1113,2024,12,kevin-magnussen,haas,ferrari,12,12,0,17,17,52,5,0,0,0,1,0,0,0,0,0,,5037212.0,90153.0,2,29884.0,60192.0,0,0
1113,2024,12,daniel-ricciardo,rb,honda-rbpt,13,13,0,15,15,51,2,0,0,0,1,0,0,0,0,0,,,,2,28875.0,58748.0,0,0
1113,2024,12,charles-leclerc,ferrari,ferrari,14,14,0,11,11,51,-3,0,0,0,1,0,0,0,0,0,,,,3,28481.0,86880.0,0,0
1113,2024,12,valtteri-bottas,kick-sauber,ferrari,15,15,0,16,16,51,1,0,0,0,1,0,0,0,0,0,,,,2,30628.0,62155.0,0,0
1113,2024,12,esteban-ocon,alpine,renault,16,16,0,18,18,50,2,0,0,0,1,0,0,0,0,0,,,,4,28276.0,115146.0,0,0
1113,2024,12,sergio-perez,red-bull,honda-rbpt,17,17,0,,19,50,3,0,0,0,1,0,0,0,0,0,,,,4,28391.0,118875.0,0,0
1113,2024,12,guanyu-zhou,kick-sauber,ferrari,18,18,0,14,14,50,-4,0,0,0,1,0,0,0,0,0,,,,4,29125.0,121224.0,0,0
1113,2024,12,george-russell,mercedes,mercedes,,DNF,0,1,1,33,,0,0,0,0,1,0,0,0,1,Water leak,,,1,32045.0,32045.0,1,0
1113,2024,12,pierre-gasly,alpine,renault,,DNS,0,19,20,0,,0,0,0,0,0,0,0,0,1,Gearbox,,,0,,,0,0
1114,2024,13,oscar-piastri,mclaren,mercedes,1,1,25.0,2,2,70,1,1,1,1,1,0,0,0,1,0,,5881989.0,,2,21641.0,43464.0,0,0
1114,2024,13,lando-norris,mclaren,mercedes,2,2,18.0,1,1,70,-1,0,1,1,1,1,0,0,0,0,,5884130.0,2141.0,2,21249.0,43110.0,1,0
1114,2024,13,lewis-hamilton,mercedes,mercedes,3,3,15.0,5,5,70,2,0,1,1,1,0,0,0,0,0,,5896869.0,14880.0,2,21306.0,43216.0,0,0
1114,2024,13,charles-leclerc,ferrari,ferrari,4,4,12.0,6,6,70,2,0,0,1,1,0,0,0,0,0,,5901675.0,19686.0,2,21723.0,43617.0,0,0
1114,2024,13,max-verstappen,red-bull,honda-rbpt,5,5,10.0,3,3,70,-2,0,0,1,1,0,0,0,0,0,,5903338.0,21349.0,2,21344.0,43445.0,0,0
1114,2024,13,carlos-sainz-jr,ferrari,ferrari,6,6,8.0,4,4,70,-2,0,0,1,1,0,0,0,0,0,,5905062.0,23073.0,2,21439.0,43094.0,0,0
1114,2024,13,sergio-perez,red-bull,honda-rbpt,7,7,6.0,16,16,70,9,0,0,1,1,0,0,0,0,0,,5921781.0,39792.0,2,21056.0,42451.0,0,0
1114,2024,13,george-russell,mercedes,mercedes,8,8,5.0,17,17,70,9,0,0,1,1,0,1,0,0,0,,5924357.0,42368.0,2,21328.0,42697.0,0,0
1114,2024,13,yuki-tsunoda,rb,honda-rbpt,9,9,2.0,10,10,70,1,0,0,1,1,0,0,0,0,0,,5959248.0,77259.0,1,21467.0,21467.0,0,0
1114,2024,13,lance-stroll,aston-martin,mercedes,10,10,1.0,8,8,70,-2,0,0,1,1,0,0,0,0,0,,5959965.0,77976.0,2,22276.0,45513.0,0,0
1114,2024,13,fernando-alonso,aston-martin,mercedes,11,11,0,7,7,70,-4,0,0,0,1,0,0,0,0,0,,5964449.0,82460.0,2,21800.0,44342.0,0,0
1114,2024,13,daniel-ricciardo,rb,honda-rbpt,12,12,0,9,9,69,-3,0,0,0,1,0,0,0,0,0,,,,2,21084.0,42462.0,0,0
1114,2024,13,nico-hulkenberg,haas,ferrari,13,13,0,11,11,69,-2,0,0,0,1,0,0,0,0,0,,,,2,22287.0,44759.0,0,0
1114,2024,13,alexander-albon,williams,mercedes,14,14,0,13,13,69,-1,0,0,0,1,0,0,0,0,0,,,,2,22091.0,45501.0,0,0
1114,2024,13,kevin-magnussen,haas,ferrari,15,15,0,15,15,69,0,0,0,0,1,0,0,0,0,0,,,,2,21871.0,44402.0,0,0
1114,2024,13,valtteri-bottas,kick-sauber,ferrari,16,16,0,12,12,69,-4,0,0,0,1,0,0,0,0,0,,,,2,21981.0,44127.0,0,0
1114,2024,13,logan-sargeant,williams,mercedes,17,17,0,14,14,69,-3,0,0,0,1,0,0,0,0,0,,,,3,21398.0,65063.0,0,0
1114,2024,13,esteban-ocon,alpine,renault,18,18,0,19,19,69,1,0,0,0,1,0,0,0,0,0,,,,3,21330.0,64603.0,0,0
1114,2024,13,guanyu-zhou,kick-sauber,ferrari,19,19,0,18,18,69,-1,0,0,0,1,0,0,0,0,0,,,,2,21993.0,44176.0,0,0
1114,2024,13,pierre-gasly,alpine,renault,,DNF,0,,20,33,,0,0,0,0,0,0,0,0,1,Hydraulics,,,1,21405.0,21405.0,0,0
1115,2024,14,lewis-hamilton,mercedes,mercedes,1,1,25.0,3,4,44,2,1,1,1,1,0,0,0,1,0,,4797566.0,526.0,2,22704.0,45892.0,0,0
1115,2024,14,oscar-piastri,mclaren,mercedes,2,2,18.0,5,6,44,3,0,1,1,1,0,0,0,0,0,,4798213.0,1173.0,2,22623.0,46748.0,0,0
1115,2024,14,charles-leclerc,ferrari,ferrari,3,3,15.0,1,2,44,-2,0,1,1,1,1,0,0,0,0,,4805589.0,8549.0,2,22942.0,46272.0,1,0
1115,2024,14,max-verstappen,red-bull,honda-rbpt,4,4,12.0,11,1,44,7,0,0,1,1,0,0,0,0,0,,4806266.0,9226.0,2,22943.0,46157.0,0,0
1115,2024,14,lando-norris,mclaren,mercedes,5,5,10.0,4,5,44,-1,0,0,1,1,0,0,0,0,0,,4806890.0,9850.0,2,22610.0,45292.0,0,0
1115,2024,14,carlos-sainz-jr,ferrari,ferrari,6,6,8.0,7,8,44,1,0,0,1,1,0,0,0,0,0,,4816835.0,19795.0,2,23080.0,46169.0,0,0
1115,2024,14,sergio-perez,red-bull,honda-rbpt,7,7,7.0,2,3,44,-5,0,0,1,1,0,1,0,0,0,,4840235.0,43195.0,3,22632.0,67972.0,0,0
1115,2024,14,fernando-alonso,aston-martin,mercedes,8,8,4.0,8,9,44,0,0,0,1,1,0,0,0,0,0,,4847003.0,49963.0,1,23075.0,23075.0,0,0
1115,2024,14,esteban-ocon,alpine,renault,9,9,2.0,9,10,44,0,0,0,1,1,0,0,0,0,0,,4849592.0,52552.0,2,23366.0,46912.0,0,0
1115,2024,14,daniel-ricciardo,rb,honda-rbpt,10,10,1.0,13,13,44,3,0,0,1,1,0,0,0,0,0,,4851966.0,54926.0,2,22328.0,44971.0,0,0
1115,2024,14,lance-stroll,aston-martin,mercedes,11,11,0,15,15,44,4,0,0,0,1,0,0,0,0,0,,4860051.0,63011.0,1,23010.0,23010.0,0,0
1115,2024,14,alexander-albon,williams,mercedes,12,12,0,10,11,44,-2,0,0,0,1,0,0,0,0,0,,4860691.0,63651.0,2,23146.0,46752.0,0,0
1115,2024,14,pierre-gasly,alpine,renault,13,13,0,12,12,44,-1,0,0,0,1,0,0,0,0,0,,4861405.0,64365.0,2,22844.0,45744.0,0,0
1115,2024,14,kevin-magnussen,haas,ferrari,14,14,0,17,17,44,3,0,0,0,1,0,0,0,0,0,,4863671.0,66631.0,1,23619.0,23619.0,0,0
1115,2024,14,valtteri-bottas,kick-sauber,ferrari,15,15,0,14,14,44,-1,0,0,0,1,0,0,0,0,0,,4867678.0,70638.0,2,22949.0,46096.0,0,0
1115,2024,14,yuki-tsunoda,rb,honda-rbpt,16,16,0,20,18,44,4,0,0,0,1,0,0,0,0,0,,4873777.0,76737.0,1,23452.0,23452.0,0,0
1115,2024,14,logan-sargeant,williams,mercedes,17,17,0,18,19,44,1,0,0,0,1,0,0,0,0,0,,4883097.0,86057.0,2,23338.0,47030.0,0,0
1115,2024,14,nico-hulkenberg,haas,ferrari,18,18,0,16,16,44,-2,0,0,0,1,0,0,0,0,0,,4885873.0,88833.0,2,23268.0,46830.0,0,0
1115,2024,14,guanyu-zhou,kick-sauber,ferrari,,DNF,0,19,20,5,,0,0,0,0,0,0,0,0,1,Hydraulics,,,0,,,0,0
1115,2024,14,george-russell,mercedes,mercedes,,DSQ,0,6,7,44,,0,0,0,0,0,0,0,0,1,Car underweight,4797040.0,,1,22686.0,22686.0,0,0
1116,2024,15,lando-norris,mclaren,mercedes,1,1,26.0,1,1,72,0,1,1,1,1,1,1,0,1,0,,5445519.0,,1,21536.0,21536.0,1,1
1116,2024,15,max-verstappen,red-bull,honda-rbpt,2,2,18.0,2,2,72,0,0,1,1,1,0,0,0,0,0,,5468415.0,22896.0,1,20785.0,20785.0,0,0
1116,2024,15,charles-leclerc,ferrari,ferrari,3,3,15.0,6,6,72,3,0,1,1,1,0,0,0,0,0,,5470958.0,25439.0,1,20841.0,20841.0,0,0
1116,2024,15,oscar-piastri,mclaren,mercedes,4,4,12.0,3,3,72,-1,0,0,1,1,0,0,0,0,0,,5472856.0,27337.0,1,20969.0,20969.0,0,0
1116,2024,15,carlos-sainz-jr,ferrari,ferrari,5,5,10.0,10,10,72,5,0,0,1,1,0,0,0,0,0,,5477656.0,32137.0,1,20840.0,20840.0,0,0
1116,2024,15,sergio-perez,red-bull,honda-rbpt,6,6,8.0,5,5,72,-1,0,0,1,1,0,0,0,0,0,,5485061.0,39542.0,1,22934.0,22934.0,0,0
1116,2024,15,george-russell,mercedes,mercedes,7,7,6.0,4,4,72,-3,0,0,1,1,0,0,0,0,0,,5490136.0,44617.0,2,21159.0,43005.0,0,0
1116,2024,15,lewis-hamilton,mercedes,mercedes,8,8,4.0,14,11,72,6,0,0,1,1,0,0,0,0,0,,5495118.0,49599.0,2,21026.0,42194.0,0,0
1116,2024,15,pierre-gasly,alpine,renault,9,9,2.0,9,9,71,0,0,0,1,1,0,0,0,0,0,,,,1,22646.0,22646.0,0,0
1116,2024,15,fernando-alonso,aston-martin,mercedes,10,10,1.0,7,7,71,-3,0,0,1,1,0,0,0,0,0,,,,1,21348.0,21348.0,0,0
1116,2024,15,nico-hulkenberg,haas,ferrari,11,11,0,12,13,71,1,0,0,0,1,0,0,0,0,0,,,,1,21619.0,21619.0,0,0
1116,2024,15,daniel-ricciardo,rb,honda-rbpt,12,12,0,13,15,71,1,0,0,0,1,0,0,0,0,0,,,,1,20942.0,20942.0,0,0
1116,2024,15,lance-stroll,aston-martin,mercedes,13,13,0,8,8,71,-5,0,0,0,1,0,0,0,0,0,,,,1,21385.0,21385.0,0,0
1116,2024,15,alexander-albon,williams,mercedes,14,14,0,19,,71,5,0,0,0,1,0,0,0,0,0,,,,2,21016.0,42274.0,0,0
1116,2024,15,esteban-ocon,alpine,renault,15,15,0,15,16,71,0,0,0,0,1,0,0,0,0,0,,,,1,21015.0,21015.0,0,0
1116,2024,15,logan-sargeant,williams,mercedes,16,16,0,18,,71,2,0,0,0,1,0,0,0,0,0,,,,1,22030.0,22030.0,0,0
1116,2024,15,yuki-tsunoda,rb,honda-rbpt,17,17,0,11,12,71,-6,0,0,0,1,0,0,0,0,0,,,,2,20880.0,42129.0,0,0
1116,2024,15,kevin-magnussen,haas,ferrari,18,18,0,,14,71,2,0,0,0,1,0,0,0,0,0,,,,1,21403.0,21403.0,0,0
1116,2024,15,valtteri-bottas,kick-sauber,ferrari,19,19,0,16,17,70,-3,0,0,0,1,0,0,0,0,0,,,,2,21095.0,42368.0,0,0
1116,2024,15,guanyu-zhou,kick-sauber,ferrari,20,20,0,17,18,70,-3,0,0,0,1,0,0,0,0,0,,,,2,21214.0,43258.0,0,0
1117,2024,16,charles-leclerc,ferrari,ferrari,1,1,25.0,4,4,53,3,1,1,1,1,0,0,0,1,0,,4480727.0,,1,24551.0,24551.0,0,0
1117,2024,16,oscar-piastri,mclaren,mercedes,2,2,18.0,2,2,53,0,0,1,1,1,0,0,0,0,0,,4483391.0,2664.0,2,23793.0,48463.0,0,0
1117,2024,16,lando-norris,mclaren,mercedes,3,3,16.0,1,1,53,-2,0,1,1,1,1,1,0,0,0,,4486880.0,6153.0,2,24169.0,49039.0,1,0
1117,2024,16,carlos-sainz-jr,ferrari,ferrari,4,4,12.0,5,5,53,1,0,0,1,1,0,0,0,0,0,,4496348.0,15621.0,1,24313.0,24313.0,0,0
1117,2024,16,lewis-hamilton,mercedes,mercedes,5,5,10.0,6,6,53,1,0,0,1,1,0,0,0,0,0,,4503547.0,22820.0,2,24155.0,48624.0,0,0
1117,2024,16,max-verstappen,red-bull,honda-rbpt,6,6,8.0,7,7,53,1,0,0,1,1,0,0,0,0,0,,4518659.0,37932.0,2,24150.0,52348.0,0,0
1117,2024,16,george-russell,mercedes,mercedes,7,7,6.0,3,3,53,-4,0,0,1,1,0,0,0,0,0,,4520442.0,39715.0,2,26297.0,58993.0,0,0
1117,2024,16,sergio-perez,red-bull,honda-rbpt,8,8,4.0,8,8,53,0,0,0,1,1,0,0,0,0,0,,4534875.0,54148.0,2,24030.0,48758.0,0,0
1117,2024,16,alexander-albon,williams,mercedes,9,9,2.0,9,9,53,0,0,0,1,1,0,0,0,0,0,,4548183.0,67456.0,1,24801.0,24801.0,0,0
1117,2024,16,kevin-magnussen,haas,ferrari,10,10,1.0,13,13,53,3,0,0,1,1,0,0,0,0,0,,4549029.0,68302.0,1,25672.0,25672.0,0,0
1117,2024,16,fernando-alonso,aston-martin,mercedes,11,11,0,11,11,53,0,0,0,0,1,0,0,0,0,0,,4549222.0,68495.0,2,24501.0,49367.0,0,0
1117,2024,16,franco-colapinto,williams,mercedes,12,12,0,18,18,53,6,0,0,0,1,0,0,0,0,0,,4562035.0,81308.0,1,25147.0,25147.0,0,0
1117,2024,16,daniel-ricciardo,rb,honda-rbpt,13,13,0,12,12,53,-1,0,0,0,1,0,0,0,0,0,,4574179.0,93452.0,1,30317.0,30317.0,0,0
1117,2024,16,esteban-ocon,alpine,renault,14,14,0,15,15,52,1,0,0,0,1,0,0,0,0,0,,,,1,24146.0,24146.0,0,0
1117,2024,16,pierre-gasly,alpine,renault,15,15,0,14,14,52,-1,0,0,0,1,0,0,0,0,0,,,,2,24203.0,48538.0,0,0
1117,2024,16,valtteri-bottas,kick-sauber,ferrari,16,16,0,19,19,52,3,0,0,0,1,0,0,0,0,0,,,,1,24410.0,24410.0,0,0
1117,2024,16,nico-hulkenberg,haas,ferrari,17,17,0,10,10,52,-7,0,0,0,1,0,0,0,0,0,,,,2,36576.0,75451.0,0,0
1117,2024,16,guanyu-zhou,kick-sauber,ferrari,18,18,0,20,20,52,2,0,0,0,1,0,0,0,0,0,,,,1,27138.0,27138.0,0,0
1117,2024,16,lance-stroll,aston-martin,mercedes,19,19,0,17,17,52,-2,0,0,0,1,0,0,0,0,0,,,,3,24209.0,74458.0,0,0
1117,2024,16,yuki-tsunoda,rb,honda-rbpt,,DNF,0,16,16,7,,0,0,0,0,0,0,0,0,1,Overheating,,,0,,,0,0
1118,2024,17,oscar-piastri,mclaren,mercedes,1,1,25.0,2,2,51,1,1,1,1,1,0,0,0,1,0,,5578007.0,,1,20181.0,20181.0,0,0
1118,2024,17,charles-leclerc,ferrari,ferrari,2,2,18.0,1,1,51,-1,0,1,1,1,1,0,0,0,0,,5588917.0,10910.0,1,20671.0,20671.0,1,0
1118,2024,17,george-russell,mercedes,mercedes,3,3,15.0,5,5,51,2,0,1,1,1,0,0,0,0,0,,5609335.0,31328.0,1,19954.0,19954.0,0,0
1118,2024,17,lando-norris,mclaren,mercedes,4,4,13.0,15,16,51,11,0,0,1,1,0,1,0,0,0,,5614150.0,36143.0,1,19712.0,19712.0,0,0
1118,2024,17,max-verstappen,red-bull,honda-rbpt,5,5,10.0,6,6,51,1,0,0,1,1,0,0,0,0,0,,5655105.0,77098.0,2,20725.0,41870.0,0,0
1118,2024,17,fernando-alonso,aston-martin,mercedes,6,6,8.0,7,8,51,1,0,0,1,1,0,0,0,0,0,,5663475.0,85468.0,1,20073.0,20073.0,0,0
1118,2024,17,alexander-albon,williams,mercedes,7,7,6.0,9,10,51,2,0,0,1,1,0,0,0,0,0,,5665403.0,87396.0,1,20287.0,20287.0,0,0
1118,2024,17,franco-colapinto,williams,mercedes,8,8,4.0,8,9,51,0,0,0,1,1,0,0,0,0,0,,5667548.0,89541.0,1,20596.0,20596.0,0,0
1118,2024,17,lewis-hamilton,mercedes,mercedes,9,9,2.0,,7,51,10,0,0,1,1,0,0,0,0,0,,5670408.0,92401.0,1,21289.0,21289.0,0,0
1118,2024,17,oliver-bearman,haas,ferrari,10,10,1.0,10,11,51,0,0,0,1,1,0,0,0,0,0,,5671134.0,93127.0,1,21276.0,21276.0,0,0
1118,2024,17,nico-hulkenberg,haas,ferrari,11,11,0,12,13,51,1,0,0,0,1,0,0,0,0,0,,5671472.0,93465.0,1,21617.0,21617.0,0,0
1118,2024,17,pierre-gasly,alpine,renault,12,12,0,18,,51,6,0,0,0,1,0,0,0,0,0,,5695196.0,117189.0,1,20257.0,20257.0,0,0
1118,2024,17,daniel-ricciardo,rb,honda-rbpt,13,13,0,14,15,51,1,0,0,0,1,0,0,0,0,0,,5724914.0,146907.0,1,21984.0,21984.0,0,0
1118,2024,17,guanyu-zhou,kick-sauber,ferrari,14,14,0,17,18,51,3,0,0,0,1,0,0,0,0,0,,5726848.0,148841.0,1,20520.0,20520.0,0,0
1118,2024,17,esteban-ocon,alpine,renault,15,15,0,,19,50,5,0,0,0,1,0,0,0,0,0,,,,1,20634.0,20634.0,0,0
1118,2024,17,valtteri-bottas,kick-sauber,ferrari,16,16,0,16,17,50,0,0,0,0,1,0,0,0,0,0,,,,1,20045.0,20045.0,0,0
1118,2024,17,sergio-perez,red-bull,honda-rbpt,17,17,0,4,4,49,-13,0,0,0,1,0,0,0,0,0,Collision,,,1,20630.0,20630.0,0,0
1118,2024,17,carlos-sainz-jr,ferrari,ferrari,18,18,0,3,3,49,-15,0,0,0,1,0,0,0,0,0,Collision,,,1,21483.0,21483.0,0,0
1118,2024,17,lance-stroll,aston-martin,mercedes,19,19,0,13,14,45,-6,0,0,0,1,0,0,0,0,0,Brakes,,,2,20214.0,41337.0,0,0
1118,2024,17,yuki-tsunoda,rb,honda-rbpt,,DNF,0,11,12,14,,0,0,0,0,0,0,0,0,1,Collision damage,,,1,20922.0,20922.0,0,0
1119,2024,18,lando-norris,mclaren,mercedes,1,1,25.0,1,1,62,0,1,1,1,1,1,0,0,0,0,,6052571.0,,1,29091.0,29091.0,1,1
1119,2024,18,max-verstappen,red-bull,honda-rbpt,2,2,18.0,2,2,62,0,0,1,1,1,0,0,0,0,0,,6073516.0,20945.0,1,29655.0,29655.0,0,0
1119,2024,18,oscar-piastri,mclaren,mercedes,3,3,15.0,5,5,62,2,0,1,1,1,0,0,0,0,0,,6094394.0,41823.0,1,29152.0,29152.0,0,0
1119,2024,18,george-russell,mercedes,mercedes,4,4,12.0,4,4,62,0,0,0,1,1,0,0,0,0,0,,6113611.0,61040.0,1,28739.0,28739.0,0,0
1119,2024,18,charles-leclerc,ferrari,ferrari,5,5,10.0,9,9,62,4,0,0,1,1,0,0,0,0,0,,6115001.0,62430.0,1,29042.0,29042.0,0,0
1119,2024,18,lewis-hamilton,mercedes,mercedes,6,6,8.0,3,3,62,-3,0,0,1,1,0,0,0,0,0,,6137819.0,85248.0,1,29272.0,29272.0,0,0
1119,2024,18,carlos-sainz-jr,ferrari,ferrari,7,7,6.0,10,10,62,3,0,0,1,1,0,0,0,0,0,,6148610.0,96039.0,1,29385.0,29385.0,0,0
1119,2024,18,fernando-alonso,aston-martin,mercedes,8,8,4.0,7,7,61,-1,0,0,1,1,0,0,0,0,0,,,,1,29251.0,29251.0,0,0
1119,2024,18,nico-hulkenberg,haas,ferrari,9,9,2.0,6,6,61,-3,0,0,1,1,0,0,0,0,0,,,,1,29808.0,29808.0,0,0
1119,2024,18,sergio-perez,red-bull,honda-rbpt,10,10,1.0,13,13,61,3,0,0,1,1,0,0,0,0,0,,,,1,28990.0,28990.0,0,0
1119,2024,18,franco-colapinto,williams,mercedes,11,11,0,12,12,61,1,0,0,0,1,0,0,0,0,0,,,,1,29772.0,29772.0,0,0
1119,2024,18,yuki-tsunoda,rb,honda-rbpt,12,12,0,8,8,61,-4,0,0,0,1,0,0,0,0,0,,,,1,29662.0,29662.0,0,0
1119,2024,18,esteban-ocon,alpine,renault,13,13,0,15,15,61,2,0,0,0,1,0,0,0,0,0,,,,1,29601.0,29601.0,0,0
1119,2024,18,lance-stroll,aston-martin,mercedes,14,14,0,17,17,61,3,0,0,0,1,0,0,0,0,0,,,,1,29816.0,29816.0,0,0
1119,2024,18,guanyu-zhou,kick-sauber,ferrari,15,15,0,20,20,61,5,0,0,0,1,0,0,0,0,0,,,,1,29360.0,29360.0,0,0
1119,2024,18,valtteri-bottas,kick-sauber,ferrari,16,16,0,19,19,61,3,0,0,0,1,0,0,0,0,0,,,,1,30423.0,30423.0,0,0
1119,2024,18,pierre-gasly,alpine,renault,17,17,0,18,18,61,1,0,0,0,1,0,0,0,0,0,,,,1,31509.0,31509.0,0,0
1119,2024,18,daniel-ricciardo,rb,honda-rbpt,18,18,0,16,16,61,-2,0,0,0,1,0,1,0,1,0,,,,3,29066.0,89035.0,0,0
1119,2024,18,kevin-magnussen,haas,ferrari,19,19,0,14,14,57,-5,0,0,0,1,0,0,0,0,0,Puncture,,,2,29707.0,60998.0,0,0
1119,2024,18,alexander-albon,williams,mercedes,,DNF,0,11,11,15,,0,0,0,0,0,0,0,0,1,Overheating,,,1,29126.0,29126.0,0,0
1120,2024,19,charles-leclerc,ferrari,ferrari,1,1,25.0,4,4,56,3,1,1,1,1,0,0,0,1,0,,5709639.0,,1,23817.0,23817.0,0,0
1120,2024,19,carlos-sainz-jr,ferrari,ferrari,2,2,18.0,3,3,56,1,0,1,1,1,0,0,0,0,0,,5718201.0,8562.0,1,23963.0,23963.0,0,0
1120,2024,19,max-verstappen,red-bull,honda-rbpt,3,3,15.0,2,2,56,-1,0,1,1,1,0,0,0,0,0,,5729051.0,19412.0,1,24228.0,24228.0,0,0
1120,2024,19,lando-norris,mclaren,mercedes,4,4,12.0,1,1,56,-3,0,0,1,1,1,0,0,0,0,,5729993.0,20354.0,1,23731.0,23731.0,1,0
1120,2024,19,oscar-piastri,mclaren,mercedes,5,5,10.0,5,5,56,0,0,0,1,1,0,0,0,0,0,,5731560.0,21921.0,1,24107.0,24107.0,0,0
1120,2024,19,george-russell,mercedes,mercedes,6,6,8.0,,6,56,14,0,0,1,1,0,0,0,0,0,,5765934.0,56295.0,1,29327.0,29327.0,0,0
1120,2024,19,sergio-perez,red-bull,honda-rbpt,7,7,6.0,9,10,56,2,0,0,1,1,0,0,0,0,0,,5768711.0,59072.0,1,23580.0,23580.0,0,0
1120,2024,19,nico-hulkenberg,haas,ferrari,8,8,4.0,11,12,56,3,0,0,1,1,0,0,0,0,0,,5772596.0,62957.0,1,24500.0,24500.0,0,0
1120,2024,19,liam-lawson,rb,honda-rbpt,9,9,2.0,19,15,56,10,0,0,1,1,0,0,0,0,0,,5780202.0,70563.0,1,23839.0,23839.0,0,0
1120,2024,19,franco-colapinto,williams,mercedes,10,10,1.0,15,17,56,5,0,0,1,1,0,0,0,0,0,,5781618.0,71979.0,1,23971.0,23971.0,0,0
1120,2024,19,kevin-magnussen,haas,ferrari,11,11,0,8,9,56,-3,0,0,0,1,0,0,0,0,0,,5789421.0,79782.0,2,23966.0,48053.0,0,0
1120,2024,19,pierre-gasly,alpine,renault,12,12,0,6,7,56,-6,0,0,0,1,0,0,0,0,0,,5800197.0,90558.0,1,28228.0,28228.0,0,0
1120,2024,19,fernando-alonso,aston-martin,mercedes,13,13,0,7,8,55,-6,0,0,0,1,0,0,0,0,0,,,,1,24247.0,24247.0,0,0
1120,2024,19,yuki-tsunoda,rb,honda-rbpt,14,14,0,10,11,55,-4,0,0,0,1,0,0,0,0,0,,,,1,24193.0,24193.0,0,0
1120,2024,19,lance-stroll,aston-martin,mercedes,15,15,0,13,14,55,-2,0,0,0,1,0,0,0,0,0,,,,1,26399.0,26399.0,0,0
1120,2024,19,alexander-albon,williams,mercedes,16,16,0,14,16,55,-2,0,0,0,1,0,0,0,0,0,,,,2,24391.0,59374.0,0,0
1120,2024,19,valtteri-bottas,kick-sauber,ferrari,17,17,0,16,18,55,-1,0,0,0,1,0,0,0,0,0,,,,1,24439.0,24439.0,0,0
1120,2024,19,esteban-ocon,alpine,renault,18,18,0,12,13,55,-6,0,0,0,1,0,1,0,0,0,,,,2,24156.0,50331.0,0,0
1120,2024,19,guanyu-zhou,kick-sauber,ferrari,19,19,0,18,20,55,-1,0,0,0,1,0,0,0,0,0,,,,2,24433.0,49323.0,0,0
1120,2024,19,lewis-hamilton,mercedes,mercedes,,DNF,0,17,19,1,,0,0,0,0,0,0,0,0,1,Spun off,,,0,,,0,0
1121,2024,20,carlos-sainz-jr,ferrari,ferrari,1,1,25.0,1,1,71,0,1,1,1,1,1,0,0,1,0,,6055800.0,,1,22249.0,22249.0,1,1
1121,2024,20,lando-norris,mclaren,mercedes,2,2,18.0,3,3,71,1,0,1,1,1,0,0,0,0,0,,6060505.0,4705.0,1,22111.0,22111.0,0,0
1121,2024,20,charles-leclerc,ferrari,ferrari,3,3,16.0,4,4,71,1,0,1,1,1,0,1,0,0,0,,6090187.0,34387.0,2,22690.0,45550.0,0,0
1121,2024,20,lewis-hamilton,mercedes,mercedes,4,4,12.0,6,6,71,2,0,0,1,1,0,0,0,0,0,,6100580.0,44780.0,1,22538.0,22538.0,0,0
1121,2024,20,george-russell,mercedes,mercedes,5,5,10.0,5,5,71,0,0,0,1,1,0,0,0,0,0,,6104336.0,48536.0,1,22462.0,22462.0,0,0
1121,2024,20,max-verstappen,red-bull,honda-rbpt,6,6,8.0,2,2,71,-4,0,0,1,1,0,0,0,0,0,,6115358.0,59558.0,1,43730.0,43730.0,0,0
1121,2024,20,kevin-magnussen,haas,ferrari,7,7,6.0,7,7,71,0,0,0,1,1,0,0,0,0,0,,6119442.0,63642.0,1,23332.0,23332.0,0,0
1121,2024,20,oscar-piastri,mclaren,mercedes,8,8,4.0,17,17,71,9,0,0,1,1,0,0,0,0,0,,6120728.0,64928.0,1,21825.0,21825.0,0,0
1121,2024,20,nico-hulkenberg,haas,ferrari,9,9,2.0,10,10,70,1,0,0,1,1,0,0,0,0,0,,,,1,23077.0,23077.0,0,0
1121,2024,20,pierre-gasly,alpine,renault,10,10,1.0,8,8,70,-2,0,0,1,1,0,0,0,0,0,,,,1,23204.0,23204.0,0,0
1121,2024,20,lance-stroll,aston-martin,mercedes,11,11,0,14,14,70,3,0,0,0,1,0,0,0,0,0,,,,1,22592.0,22592.0,0,0
1121,2024,20,franco-colapinto,williams,mercedes,12,12,0,16,16,70,4,0,0,0,1,0,0,0,0,0,,,,1,23895.0,23895.0,0,0
1121,2024,20,esteban-ocon,alpine,renault,13,13,0,,19,70,7,0,0,0,1,0,0,0,0,0,,,,1,23245.0,23245.0,0,0
1121,2024,20,valtteri-bottas,kick-sauber,ferrari,14,14,0,15,15,70,1,0,0,0,1,0,0,0,0,0,,,,1,22505.0,22505.0,0,0
1121,2024,20,guanyu-zhou,kick-sauber,ferrari,15,15,0,19,20,70,4,0,0,0,1,0,0,0,0,0,,,,1,22935.0,22935.0,0,0
1121,2024,20,liam-lawson,rb,honda-rbpt,16,16,0,12,12,70,-4,0,0,0,1,0,0,0,0,0,,,,2,22586.0,52885.0,0,0
1121,2024,20,sergio-perez,red-bull,honda-rbpt,17,17,0,18,18,70,1,0,0,0,1,0,0,0,0,0,,,,3,21920.0,71824.0,0,0
1121,2024,20,fernando-alonso,aston-martin,mercedes,,DNF,0,13,13,15,,0,0,0,0,0,0,0,0,1,Brakes,,,0,,,0,0
1121,2024,20,alexander-albon,williams,mercedes,,DNF,0,9,9,0,,0,0,0,0,0,0,0,0,1,Collision,,,0,,,0,0
1121,2024,20,yuki-tsunoda,rb,honda-rbpt,,DNF,0,11,11,0,,0,0,0,0,0,0,0,0,1,Collision,,,0,,,0,0
1122,2024,21,max-verstappen,red-bull,honda-rbpt,1,1,26.0,17,12,69,16,1,1,1,1,0,1,0,1,0,,7614430.0,,1,1409303.0,1409303.0,0,0
1122,2024,21,esteban-ocon,alpine,renault,2,2,18.0,4,4,69,2,0,1,1,1,0,0,0,0,0,,7633907.0,19477.0,1,1408695.0,1408695.0,0,0
1122,2024,21,pierre-gasly,alpine,renault,3,3,15.0,13,15,69,10,0,1,1,1,0,0,0,0,0,,7636962.0,22532.0,1,1407586.0,1407586.0,0,0
1122,2024,21,george-russell,mercedes,mercedes,4,4,12.0,2,2,69,-2,0,0,1,1,0,0,0,0,0,,7637695.0,23265.0,2,25698.0,1441536.0,0,0
1122,2024,21,charles-leclerc,ferrari,ferrari,5,5,10.0,6,6,69,1,0,0,1,1,0,0,0,0,0,,7644607.0,30177.0,2,24573.0,1444833.0,0,0
1122,2024,21,lando-norris,mclaren,mercedes,6,6,8.0,1,1,69,-5,0,0,1,1,1,0,0,0,0,,7645802.0,31372.0,2,24764.0,1440127.0,1,0
1122,2024,21,yuki-tsunoda,rb,honda-rbpt,7,7,6.0,3,3,69,-4,0,0,1,1,0,0,0,0,0,,7656486.0,42056.0,2,25431.0,1444461.0,0,0
1122,2024,21,oscar-piastri,mclaren,mercedes,8,8,4.0,8,8,69,0,0,0,1,1,0,0,0,0,0,,7659373.0,44943.0,2,26050.0,1446320.0,0,0
1122,2024,21,liam-lawson,rb,honda-rbpt,9,9,2.0,5,5,69,-4,0,0,1,1,0,0,0,0,0,,7664882.0,50452.0,2,28167.0,1450889.0,0,0
1122,2024,21,lewis-hamilton,mercedes,mercedes,10,10,1.0,14,16,69,4,0,0,1,1,0,0,0,0,0,,7665183.0,50753.0,2,25205.0,1450908.0,0,0
1122,2024,21,sergio-perez,red-bull,honda-rbpt,11,11,0,12,13,69,1,0,0,0,1,0,0,0,0,0,,7665961.0,51531.0,2,26692.0,1451907.0,0,0
1122,2024,21,oliver-bearman,haas,ferrari,12,12,0,15,17,69,3,0,0,0,1,0,0,0,0,0,,7671515.0,57085.0,2,35755.0,1460492.0,0,0
1122,2024,21,valtteri-bottas,kick-sauber,ferrari,13,13,0,11,11,69,-2,0,0,0,1,0,0,0,0,0,,7678018.0,63588.0,1,1422094.0,1422094.0,0,0
1122,2024,21,fernando-alonso,aston-martin,mercedes,14,14,0,9,9,69,-5,0,0,0,1,0,0,0,0,0,,7692479.0,78049.0,2,25107.0,1447979.0,0,0
1122,2024,21,guanyu-zhou,kick-sauber,ferrari,15,15,0,19,20,69,4,0,0,0,1,0,0,0,0,0,,7694079.0,79649.0,4,25248.0,1404011.0,0,0
1122,2024,21,carlos-sainz-jr,ferrari,ferrari,,DNF,0,,14,38,,0,0,0,0,0,0,0,0,1,Accident,,,2,25920.0,1450579.0,0,0
1122,2024,21,franco-colapinto,williams,mercedes,,DNF,0,16,18,30,,0,0,0,0,0,0,0,0,1,Accident,,,2,25239.0,50526.0,0,0
1122,2024,21,alexander-albon,williams,mercedes,,DNS,0,7,7,0,,0,0,0,0,0,0,0,0,1,Car damaged in qualifying,,,0,,,0,0
1122,2024,21,lance-stroll,aston-martin,mercedes,,DNS,0,10,10,0,,0,0,0,0,0,0,0,0,1,Accident,,,0,,,0,0
1122,2024,21,nico-hulkenberg,haas,ferrari,,DSQ,0,18,19,0,,0,0,0,0,0,0,0,0,1,Received outside assistance,,,3,25369.0,112943.0,0,0
1123,2024,22,george-russell,mercedes,mercedes,1,1,25.0,1,1,50,0,1,1,1,1,1,0,0,0,0,,4925969.0,,2,20975.0,42047.0,1,1
1123,2024,22,lewis-hamilton,mercedes,mercedes,2,2,18.0,10,10,50,8,0,1,1,1,0,0,0,1,0,,4933282.0,7313.0,2,21067.0,42422.0,0,0
1123,2024,22,carlos-sainz-jr,ferrari,ferrari,3,3,15.0,2,2,50,-1,0,1,1,1,0,0,0,0,0,,4937875.0,11906.0,2,20879.0,41927.0,0,0
1123,2024,22,charles-leclerc,ferrari,ferrari,4,4,12.0,4,4,50,0,0,0,1,1,0,0,0,0,0,,4940252.0,14283.0,2,21329.0,42914.0,0,0
1123,2024,22,max-verstappen,red-bull,honda-rbpt,5,5,10.0,5,5,50,0,0,0,1,1,0,0,0,0,0,,4942551.0,16582.0,2,20697.0,42951.0,0,0
1123,2024,22,lando-norris,mclaren,mercedes,6,6,9.0,6,6,50,0,0,0,1,1,0,1,0,0,0,,4969354.0,43385.0,3,20668.0,62921.0,0,0
1123,2024,22,oscar-piastri,mclaren,mercedes,7,7,6.0,8,8,50,1,0,0,1,1,0,0,0,0,0,,4977334.0,51365.0,2,21082.0,48814.0,0,0
1123,2024,22,nico-hulkenberg,haas,ferrari,8,8,4.0,9,9,50,1,0,0,1,1,0,0,0,0,0,,4985777.0,59808.0,2,21511.0,43213.0,0,0
1123,2024,22,yuki-tsunoda,rb,honda-rbpt,9,9,2.0,7,7,50,-2,0,0,1,1,0,0,0,0,0,,4988777.0,62808.0,2,21168.0,42376.0,0,0
1123,2024,22,sergio-perez,red-bull,honda-rbpt,10,10,1.0,15,16,50,5,0,0,1,1,0,0,0,0,0,,4989083.0,63114.0,2,21034.0,42328.0,0,0
1123,2024,22,fernando-alonso,aston-martin,mercedes,11,11,0,16,17,50,5,0,0,0,1,0,0,0,0,0,,4995164.0,69195.0,2,21407.0,42814.0,0,0
1123,2024,22,kevin-magnussen,haas,ferrari,12,12,0,12,12,50,0,0,0,0,1,0,0,0,0,0,,4995772.0,69803.0,1,21963.0,21963.0,0,0
1123,2024,22,guanyu-zhou,kick-sauber,ferrari,13,13,0,13,13,50,0,0,0,0,1,0,0,0,0,0,,5000054.0,74085.0,2,21761.0,44721.0,0,0
1123,2024,22,franco-colapinto,williams,mercedes,14,14,0,,14,50,6,0,0,0,1,0,0,0,0,0,,5001141.0,75172.0,2,21170.0,42391.0,0,0
1123,2024,22,lance-stroll,aston-martin,mercedes,15,15,0,18,20,50,3,0,0,0,1,0,0,0,0,0,,5010071.0,84102.0,2,21588.0,56451.0,0,0
1123,2024,22,liam-lawson,rb,honda-rbpt,16,16,0,14,15,50,-2,0,0,0,1,0,0,0,0,0,,5016974.0,91005.0,2,20642.0,41691.0,0,0
1123,2024,22,esteban-ocon,alpine,renault,17,17,0,11,11,49,-6,0,0,0,1,0,0,0,0,0,,,,3,15790.0,58790.0,0,0
1123,2024,22,valtteri-bottas,kick-sauber,ferrari,18,18,0,19,19,49,1,0,0,0,1,0,0,0,0,0,,,,2,21623.0,44444.0,0,0
1123,2024,22,alexander-albon,williams,mercedes,,DNF,0,17,18,25,,0,0,0,0,0,0,0,0,1,Turbo,,,1,22012.0,22012.0,0,0
1123,2024,22,pierre-gasly,alpine,renault,,DNF,0,3,3,15,,0,0,0,0,0,0,0,0,1,Engine,,,1,22179.0,22179.0,0,0
1124,2024,23,max-verstappen,red-bull,honda-rbpt,1,1,25.0,2,1,57,1,1,1,1,1,0,0,0,0,0,,5465323.0,,3,22703.0,74890.0,0,0
1124,2024,23,charles-leclerc,ferrari,ferrari,2,2,18.0,5,5,57,3,0,1,1,1,0,0,0,0,0,,5471354.0,6031.0,3,25675.0,83118.0,0,0
1124,2024,23,oscar-piastri,mclaren,mercedes,3,3,15.0,4,4,57,1,0,1,1,1,0,0,0,0,0,,5472142.0,6819.0,3,22867.0,80011.0,0,0
1124,2024,23,george-russell,mercedes,mercedes,4,4,12.0,1,2,57,-3,0,0,1,1,1,0,0,0,0,,5479427.0,14104.0,4,22763.0,116979.0,1,0
1124,2024,23,pierre-gasly,alpine,renault,5,5,10.0,11,11,57,6,0,0,1,1,0,0,0,0,0,,5482105.0,16782.0,3,22717.0,81997.0,0,0
1124,2024,23,carlos-sainz-jr,ferrari,ferrari,6,6,8.0,7,7,57,1,0,0,1,1,0,0,0,0,0,,5482799.0,17476.0,3,22776.0,93275.0,0,0
1124,2024,23,fernando-alonso,aston-martin,mercedes,7,7,6.0,8,8,57,1,0,0,1,1,0,0,0,0,0,,5485190.0,19867.0,3,28592.0,90031.0,0,0
1124,2024,23,guanyu-zhou,kick-sauber,ferrari,8,8,4.0,12,12,57,4,0,0,1,1,0,0,0,1,0,,5490683.0,25360.0,3,23228.0,87131.0,0,0
1124,2024,23,kevin-magnussen,haas,ferrari,9,9,2.0,10,10,57,1,0,0,1,1,0,0,0,0,0,,5497500.0,32177.0,3,22696.0,84602.0,0,0
1124,2024,23,lando-norris,mclaren,mercedes,10,10,2.0,3,3,57,-7,0,0,1,1,0,1,0,0,0,,5501085.0,35762.0,4,25592.0,118431.0,0,0
1124,2024,23,valtteri-bottas,kick-sauber,ferrari,11,11,0,13,13,57,2,0,0,0,1,0,0,0,0,0,,5515566.0,50243.0,3,28140.0,86142.0,0,0
1124,2024,23,lewis-hamilton,mercedes,mercedes,12,12,0,6,6,57,-6,0,0,0,1,0,0,0,0,0,,5521445.0,56122.0,4,22705.0,110847.0,0,0
1124,2024,23,yuki-tsunoda,rb,honda-rbpt,13,13,0,14,14,57,1,0,0,0,1,0,0,0,0,0,,5526423.0,61100.0,4,22714.0,116858.0,0,0
1124,2024,23,liam-lawson,rb,honda-rbpt,14,14,0,17,17,57,3,0,0,0,1,0,0,0,0,0,,5527979.0,62656.0,4,22737.0,129231.0,0,0
1124,2024,23,alexander-albon,williams,mercedes,15,15,0,16,16,56,1,0,0,0,1,0,0,0,0,0,,,,4,22710.0,128124.0,0,0
1124,2024,23,nico-hulkenberg,haas,ferrari,,DNF,0,18,18,39,,0,0,0,0,0,0,0,0,1,Spun off,,,4,23810.0,122802.0,0,0
1124,2024,23,sergio-perez,red-bull,honda-rbpt,,DNF,0,9,9,38,,0,0,0,0,0,0,0,0,1,Clutch,,,3,22705.0,80252.0,0,0
1124,2024,23,lance-stroll,aston-martin,mercedes,,DNF,0,15,15,8,,0,0,0,0,0,0,0,0,1,Collision damage,,,2,29783.0,71457.0,0,0
1124,2024,23,franco-colapinto,williams,mercedes,,DNF,0,19,19,0,,0,0,0,0,0,0,0,0,1,Collision,,,0,,,0,0
1124,2024,23,esteban-ocon,alpine,renault,,DNF,0,20,20,0,,0,0,0,0,0,0,0,0,1,Collision,,,0,,,0,0
1125,2024,24,lando-norris,mclaren,mercedes,1,1,25.0,1,1,58,0,1,1,1,1,1,0,0,0,0,,5193291.0,,1,21276.0,21276.0,1,1
1125,2024,24,carlos-sainz-jr,ferrari,ferrari,2,2,18.0,3,3,58,1,0,1,1,1,0,0,0,0,0,,5199123.0,5832.0,1,21280.0,21280.0,0,0
1125,2024,24,charles-leclerc,ferrari,ferrari,3,3,15.0,19,14,58,16,0,1,1,1,0,0,0,1,0,,5225219.0,31928.0,1,21869.0,21869.0,0,0
1125,2024,24,lewis-hamilton,mercedes,mercedes,4,4,12.0,16,18,58,12,0,0,1,1,0,0,0,0,0,,5229774.0,36483.0,1,21694.0,21694.0,0,0
1125,2024,24,george-russell,mercedes,mercedes,5,5,10.0,6,7,58,1,0,0,1,1,0,0,0,0,0,,5230829.0,37538.0,1,21656.0,21656.0,0,0
1125,2024,24,max-verstappen,red-bull,honda-rbpt,6,6,8.0,4,5,58,-2,0,0,1,1,0,0,0,0,0,,5243138.0,49847.0,1,32652.0,32652.0,0,0
1125,2024,24,pierre-gasly,alpine,renault,7,7,6.0,5,6,58,-2,0,0,1,1,0,0,0,0,0,,5265851.0,72560.0,1,22059.0,22059.0,0,0
1125,2024,24,nico-hulkenberg,haas,ferrari,8,8,4.0,7,4,58,-1,0,0,1,1,0,0,0,0,0,,5268845.0,75554.0,1,21530.0,21530.0,0,0
1125,2024,24,fernando-alonso,aston-martin,mercedes,9,9,2.0,8,8,58,-1,0,0,1,1,0,0,0,0,0,,5275664.0,82373.0,2,22437.0,45763.0,0,0
1125,2024,24,oscar-piastri,mclaren,mercedes,10,10,1.0,2,2,58,-8,0,0,1,1,0,0,0,0,0,,5277112.0,83821.0,2,23582.0,56356.0,0,0
1125,2024,24,alexander-albon,williams,mercedes,11,11,0,18,16,57,7,0,0,0,1,0,0,0,0,0,,,,1,22065.0,22065.0,0,0
1125,2024,24,yuki-tsunoda,rb,honda-rbpt,12,12,0,11,11,57,-1,0,0,0,1,0,0,0,0,0,,,,1,21869.0,21869.0,0,0
1125,2024,24,guanyu-zhou,kick-sauber,ferrari,13,13,0,15,17,57,2,0,0,0,1,0,0,0,0,0,,,,2,23024.0,51789.0,0,0
1125,2024,24,lance-stroll,aston-martin,mercedes,14,14,0,13,13,57,-1,0,0,0,1,0,0,0,0,0,,,,2,22053.0,45319.0,0,0
1125,2024,24,jack-doohan,alpine,renault,15,15,0,17,20,57,2,0,0,0,1,0,0,0,0,0,,,,1,22080.0,22080.0,0,0
1125,2024,24,kevin-magnussen,haas,ferrari,16,16,0,14,15,57,-2,0,0,0,1,0,1,0,0,0,,,,4,21678.0,92946.0,0,0
1125,2024,24,liam-lawson,rb,honda-rbpt,17,17,0,12,12,55,-5,0,0,0,1,0,0,0,0,0,Brakes,,,3,22565.0,78297.0,0,0
1125,2024,24,valtteri-bottas,kick-sauber,ferrari,,DNF,0,9,9,30,,0,0,0,0,0,0,0,0,1,Collision damage,,,1,41144.0,41144.0,0,0
1125,2024,24,franco-colapinto,williams,mercedes,,DNF,0,20,19,26,,0,0,0,0,0,0,0,0,1,Engine,,,1,24941.0,24941.0,0,0
1125,2024,24,sergio-perez,red-bull,honda-rbpt,,DNF,0,10,10,0,,0,0,0,0,0,0,0,0,1,Collision,,,0,,,0,0
1126,2025,1,lando-norris,mclaren,mercedes,1,1,25.0,1,1,57,0,1,1,1,1,1,1,0,1,0,,6126304.0,,5,12804.0,75550.0,1,1
1126,2025,1,max-verstappen,red-bull,honda-rbpt,2,2,18.0,3,3,57,1,0,1,1,1,0,0,0,0,0,,6127199.0,895.0,5,12938.0,77515.0,0,0
1126,2025,1,george-russell,mercedes,mercedes,3,3,15.0,4,4,57,1,0,1,1,1,0,0,0,0,0,,6134785.0,8481.0,5,13672.0,79975.0,0,0
1126,2025,1,kimi-antonelli,mercedes,mercedes,4,4,12.0,16,16,57,12,0,0,1,1,0,0,0,0,0,,6136439.0,10135.0,5,13975.0,85865.0,0,0
1126,2025,1,alexander-albon,williams,mercedes,5,5,10.0,6,6,57,1,0,0,1,1,0,0,0,0,0,,6139077.0,12773.0,5,14285.0,83823.0,0,0
1126,2025,1,lance-stroll,aston-martin,mercedes,6,6,8.0,13,13,57,7,0,0,1,1,0,0,0,0,0,,6143717.0,17413.0,5,14451.0,83673.0,0,0
1126,2025,1,nico-hulkenberg,kick-sauber,ferrari,7,7,6.0,17,17,57,10,0,0,1,1,0,0,0,0,0,,6144727.0,18423.0,5,14198.0,86631.0,0,0
1126,2025,1,charles-leclerc,ferrari,ferrari,8,8,4.0,7,7,57,-1,0,0,1,1,0,0,0,0,0,,6146130.0,19826.0,5,14129.0,85614.0,0,0
1126,2025,1,oscar-piastri,mclaren,mercedes,9,9,2.0,2,2,57,-7,0,0,1,1,0,0,0,0,0,,6146752.0,20448.0,5,12816.0,79301.0,0,0
1126,2025,1,lewis-hamilton,ferrari,ferrari,10,10,1.0,8,8,57,-2,0,0,1,1,0,0,0,0,0,,6148777.0,22473.0,5,14789.0,85310.0,0,0
1126,2025,1,pierre-gasly,alpine,renault,11,11,0,9,9,57,-2,0,0,0,1,0,0,0,0,0,,6152806.0,26502.0,5,14710.0,84629.0,0,0
1126,2025,1,yuki-tsunoda,racing-bulls,honda-rbpt,12,12,0,5,5,57,-7,0,0,0,1,0,0,0,0,0,,6156188.0,29884.0,5,13605.0,82094.0,0,0
1126,2025,1,esteban-ocon,haas,ferrari,13,13,0,19,19,57,6,0,0,0,1,0,0,0,0,0,,6159465.0,33161.0,5,14395.0,89157.0,0,0
1126,2025,1,oliver-bearman,haas,ferrari,14,14,0,,,57,6,0,0,0,1,0,0,0,0,0,,6166655.0,40351.0,5,14605.0,95257.0,0,0
1126,2025,1,liam-lawson,red-bull,honda-rbpt,,DNF,0,,18,46,,0,0,0,0,0,0,0,0,1,Accident,,,4,14790.0,70046.0,0,0
1126,2025,1,gabriel-bortoleto,kick-sauber,ferrari,,DNF,0,15,15,45,,0,0,0,0,0,0,0,0,1,Accident,,,5,14206.0,95288.0,0,0
1126,2025,1,fernando-alonso,aston-martin,mercedes,,DNF,0,12,12,32,,0,0,0,0,0,0,0,0,1,Accident,,,3,15034.0,46810.0,0,0
1126,2025,1,carlos-sainz-jr,williams,mercedes,,DNF,0,10,10,0,,0,0,0,0,0,0,0,0,1,Accident,,,0,,,0,0
1126,2025,1,jack-doohan,alpine,renault,,DNF,0,14,14,0,,0,0,0,0,0,0,0,0,1,Accident,,,0,,,0,0
1126,2025,1,isack-hadjar,racing-bulls,honda-rbpt,,DNF,0,11,11,0,,0,0,0,0,0,0,0,0,1,Accident on formation lap,,,0,,,0,0
1127,2025,2,oscar-piastri,mclaren,mercedes,1,1,25.0,1,1,56,0,1,1,1,1,1,0,0,0,0,,5455026.0,,1,23938.0,23938.0,1,1
1127,2025,2,lando-norris,mclaren,mercedes,2,2,18.0,3,3,56,1,0,1,1,1,0,1,0,0,0,,5464774.0,9748.0,1,22213.0,22213.0,0,0
1127,2025,2,george-russell,mercedes,mercedes,3,3,15.0,2,2,56,-1,0,1,1,1,0,0,0,0,0,,5466123.0,11097.0,1,22324.0,22324.0,0,0
1127,2025,2,max-verstappen,red-bull,honda-rbpt,4,4,12.0,4,4,56,0,0,0,1,1,0,0,0,0,0,,5471682.0,16656.0,1,22454.0,22454.0,0,0
1127,2025,2,esteban-ocon,haas,ferrari,5,5,10.0,11,11,56,6,0,0,1,1,0,0,0,0,0,,5504995.0,49969.0,1,23114.0,23114.0,0,0
1127,2025,2,kimi-antonelli,mercedes,mercedes,6,6,8.0,8,8,56,2,0,0,1,1,0,0,0,1,0,,5508774.0,53748.0,1,22675.0,22675.0,0,0
1127,2025,2,alexander-albon,williams,mercedes,7,7,6.0,10,10,56,3,0,0,1,1,0,0,0,0,0,,5511347.0,56321.0,1,23362.0,23362.0,0,0
1127,2025,2,oliver-bearman,haas,ferrari,8,8,4.0,17,17,56,9,0,0,1,1,0,0,0,0,0,,5516329.0,61303.0,1,22808.0,22808.0,0,0
1127,2025,2,lance-stroll,aston-martin,mercedes,9,9,2.0,14,14,56,5,0,0,1,1,0,0,0,0,0,,5525230.0,70204.0,1,22995.0,22995.0,0,0
1127,2025,2,carlos-sainz-jr,williams,mercedes,10,10,1.0,15,15,56,5,0,0,1,1,0,0,0,0,0,,5531413.0,76387.0,1,22721.0,22721.0,0,0
1127,2025,2,isack-hadjar,racing-bulls,honda-rbpt,11,11,0,7,7,56,-4,0,0,0,1,0,0,0,0,0,,5533901.0,78875.0,2,22234.0,45130.0,0,0
1127,2025,2,liam-lawson,red-bull,honda-rbpt,12,12,0,,20,56,8,0,0,0,1,0,0,0,0,0,,5536173.0,81147.0,2,22355.0,44891.0,0,0
1127,2025,2,jack-doohan,alpine,renault,13,13,0,18,18,56,5,0,0,0,1,0,0,0,0,0,,5543427.0,88401.0,1,22793.0,22793.0,0,0
1127,2025,2,gabriel-bortoleto,kick-sauber,ferrari,14,14,0,19,19,55,5,0,0,0,1,0,0,0,0,0,,,,2,22790.0,46175.0,0,0
1127,2025,2,nico-hulkenberg,kick-sauber,ferrari,15,15,0,12,12,55,-3,0,0,0,1,0,0,0,0,0,,,,1,22959.0,22959.0,0,0
1127,2025,2,yuki-tsunoda,racing-bulls,honda-rbpt,16,16,0,9,9,55,-7,0,0,0,1,0,0,0,0,0,,,,3,22519.0,83204.0,0,0
1127,2025,2,fernando-alonso,aston-martin,mercedes,,DNF,0,13,13,4,,0,0,0,0,0,0,0,0,1,Brakes,,,0,,,0,0
1127,2025,2,charles-leclerc,ferrari,ferrari,,DSQ,0,6,6,56,,0,0,0,0,0,0,0,0,1,Car underweight,,,1,22151.0,22151.0,0,0
1127,2025,2,lewis-hamilton,ferrari,ferrari,,DSQ,0,5,5,56,,0,0,0,0,0,0,0,0,1,Illegal skid block wear,,,2,22364.0,44752.0,0,0
1127,2025,2,pierre-gasly,alpine,renault,,DSQ,0,16,16,56,,0,0,0,0,0,0,0,0,1,Car underweight,,,1,23138.0,23138.0,0,0
1128,2025,3,max-verstappen,red-bull,honda-rbpt,1,1,25.0,1,1,53,0,1,1,1,1,1,0,0,0,0,,4926983.0,,1,24397.0,24397.0,1,1
1128,2025,3,lando-norris,mclaren,mercedes,2,2,18.0,2,2,53,0,0,1,1,1,0,0,0,0,0,,4928406.0,1423.0,1,23222.0,23222.0,0,0
1128,2025,3,oscar-piastri,mclaren,mercedes,3,3,15.0,3,3,53,0,0,1,1,1,0,0,0,0,0,,4929112.0,2129.0,1,23037.0,23037.0,0,0
1128,2025,3,charles-leclerc,ferrari,ferrari,4,4,12.0,4,4,53,0,0,0,1,1,0,0,0,0,0,,4943080.0,16097.0,1,23346.0,23346.0,0,0
1128,2025,3,george-russell,mercedes,mercedes,5,5,10.0,5,5,53,0,0,0,1,1,0,0,0,0,0,,4944345.0,17362.0,1,23184.0,23184.0,0,0
1128,2025,3,kimi-antonelli,mercedes,mercedes,6,6,8.0,6,6,53,0,0,0,1,1,0,1,0,0,0,,4945654.0,18671.0,1,24380.0,24380.0,0,0
1128,2025,3,lewis-hamilton,ferrari,ferrari,7,7,6.0,8,8,53,1,0,0,1,1,0,0,0,0,0,,4956165.0,29182.0,1,22937.0,22937.0,0,0
1128,2025,3,isack-hadjar,racing-bulls,honda-rbpt,8,8,4.0,7,7,53,-1,0,0,1,1,0,0,0,0,0,,4964117.0,37134.0,1,23333.0,23333.0,0,0
1128,2025,3,alexander-albon,williams,mercedes,9,9,2.0,9,9,53,0,0,0,1,1,0,0,0,0,0,,4967350.0,40367.0,1,23093.0,23093.0,0,0
1128,2025,3,oliver-bearman,haas,ferrari,10,10,1.0,10,10,53,0,0,0,1,1,0,0,0,0,0,,4981512.0,54529.0,1,24834.0,24834.0,0,0
1128,2025,3,fernando-alonso,aston-martin,mercedes,11,11,0,12,13,53,1,0,0,0,1,0,0,0,0,0,,4984316.0,57333.0,1,25708.0,25708.0,0,0
1128,2025,3,yuki-tsunoda,red-bull,honda-rbpt,12,12,0,14,15,53,2,0,0,0,1,0,0,0,1,0,,4985384.0,58401.0,1,24181.0,24181.0,0,0
1128,2025,3,pierre-gasly,alpine,renault,13,13,0,11,11,53,-2,0,0,0,1,0,0,0,0,0,,4989105.0,62122.0,1,26041.0,26041.0,0,0
1128,2025,3,carlos-sainz-jr,williams,mercedes,14,14,0,15,12,53,1,0,0,0,1,0,0,0,0,0,,5001112.0,74129.0,1,23337.0,23337.0,0,0
1128,2025,3,jack-doohan,alpine,renault,15,15,0,19,19,53,4,0,0,0,1,0,0,0,0,0,,5008297.0,81314.0,1,23382.0,23382.0,0,0
1128,2025,3,nico-hulkenberg,kick-sauber,ferrari,16,16,0,16,16,53,0,0,0,0,1,0,0,0,0,0,,5008940.0,81957.0,1,23515.0,23515.0,0,0
1128,2025,3,liam-lawson,racing-bulls,honda-rbpt,17,17,0,13,14,53,-4,0,0,0,1,0,0,0,0,0,,5009717.0,82734.0,1,23662.0,23662.0,0,0
1128,2025,3,esteban-ocon,haas,ferrari,18,18,0,18,18,53,0,0,0,0,1,0,0,0,0,0,,5010421.0,83438.0,1,24464.0,24464.0,0,0
1128,2025,3,gabriel-bortoleto,kick-sauber,ferrari,19,19,0,17,17,53,-2,0,0,0,1,0,0,0,0,0,,5010880.0,83897.0,1,23419.0,23419.0,0,0
1128,2025,3,lance-stroll,aston-martin,mercedes,20,20,0,20,20,52,0,0,0,0,1,0,0,0,0,0,,,,2,23608.0,47332.0,0,0
1129,2025,4,oscar-piastri,mclaren,mercedes,1,1,25.0,1,1,57,0,1,1,1,1,1,1,0,0,0,,5739435.0,,2,24498.0,49398.0,1,1
1129,2025,4,george-russell,mercedes,mercedes,2,2,18.0,3,2,57,1,0,1,1,1,0,0,0,0,0,,5754934.0,15499.0,2,24044.0,48144.0,0,0
1129,2025,4,lando-norris,mclaren,mercedes,3,3,15.0,6,6,57,3,0,1,1,1,0,0,0,0,0,,5755708.0,16273.0,2,24035.0,53857.0,0,0
1129,2025,4,charles-leclerc,ferrari,ferrari,4,4,12.0,2,3,57,-2,0,0,1,1,0,0,0,0,0,,5759114.0,19679.0,2,24241.0,49043.0,0,0
1129,2025,4,lewis-hamilton,ferrari,ferrari,5,5,10.0,9,9,57,4,0,0,1,1,0,0,0,1,0,,5767428.0,27993.0,2,24340.0,48690.0,0,0
1129,2025,4,max-verstappen,red-bull,honda-rbpt,6,6,8.0,7,7,57,1,0,0,1,1,0,0,0,0,0,,5773830.0,34395.0,2,26518.0,54585.0,0,0
1129,2025,4,pierre-gasly,alpine,renault,7,7,6.0,4,5,57,-3,0,0,1,1,0,0,0,0,0,,5775437.0,36002.0,2,24958.0,49991.0,0,0
1129,2025,4,esteban-ocon,haas,ferrari,8,8,4.0,14,14,57,6,0,0,1,1,0,0,0,0,0,,5783679.0,44244.0,2,24832.0,49708.0,0,0
1129,2025,4,yuki-tsunoda,red-bull,honda-rbpt,9,9,2.0,10,10,57,1,0,0,1,1,0,0,0,0,0,,5784496.0,45061.0,2,24771.0,51264.0,0,0
1129,2025,4,oliver-bearman,haas,ferrari,10,10,1.0,20,20,57,10,0,0,1,1,0,0,0,0,0,,5787029.0,47594.0,2,24562.0,49457.0,0,0
1129,2025,4,kimi-antonelli,mercedes,mercedes,11,11,0,5,4,57,-6,0,0,0,1,0,0,0,0,0,,5787451.0,48016.0,3,24506.0,74006.0,0,0
1129,2025,4,alexander-albon,williams,mercedes,12,12,0,15,15,57,3,0,0,0,1,0,0,0,0,0,,5788274.0,48839.0,2,25394.0,51384.0,0,0
1129,2025,4,isack-hadjar,racing-bulls,honda-rbpt,13,13,0,12,12,57,-1,0,0,0,1,0,0,0,0,0,,5795749.0,56314.0,2,24640.0,49905.0,0,0
1129,2025,4,jack-doohan,alpine,renault,14,14,0,11,11,57,-3,0,0,0,1,0,0,0,0,0,,5797241.0,57806.0,2,24791.0,49884.0,0,0
1129,2025,4,fernando-alonso,aston-martin,mercedes,15,15,0,13,13,57,-2,0,0,0,1,0,0,0,0,0,,5799775.0,60340.0,2,24826.0,49672.0,0,0
1129,2025,4,liam-lawson,racing-bulls,honda-rbpt,16,16,0,17,17,57,1,0,0,0,1,0,0,0,0,0,,5803870.0,64435.0,2,24191.0,49433.0,0,0
1129,2025,4,lance-stroll,aston-martin,mercedes,17,17,0,19,19,57,2,0,0,0,1,0,0,0,0,0,,5804924.0,65489.0,2,24592.0,49203.0,0,0
1129,2025,4,gabriel-bortoleto,kick-sauber,ferrari,18,18,0,18,18,57,0,0,0,0,1,0,0,0,0,0,,5806307.0,66872.0,2,24143.0,49539.0,0,0
1129,2025,4,carlos-sainz-jr,williams,mercedes,,DNF,0,8,8,45,,0,0,0,0,0,0,0,0,1,Collision damage,,,3,24315.0,86031.0,0,0
1129,2025,4,nico-hulkenberg,kick-sauber,ferrari,,DSQ,0,16,16,0,,0,0,0,0,0,0,0,0,1,Illegal skid block wear,,,2,24229.0,48520.0,0,0
1130,2025,5,oscar-piastri,mclaren,mercedes,1,1,25.0,2,2,50,1,1,1,1,1,0,0,0,0,0,,4866758.0,,1,21388.0,21388.0,0,0
1130,2025,5,max-verstappen,red-bull,honda-rbpt,2,2,18.0,1,1,50,-1,0,1,1,1,1,0,0,1,0,,4869601.0,2843.0,1,26030.0,26030.0,1,0
1130,2025,5,charles-leclerc,ferrari,ferrari,3,3,15.0,4,4,50,1,0,1,1,1,0,0,0,0,0,,4874862.0,8104.0,1,20131.0,20131.0,0,0
1130,2025,5,lando-norris,mclaren,mercedes,4,4,12.0,10,10,50,6,0,0,1,1,0,1,0,0,0,,4875954.0,9196.0,1,20427.0,20427.0,0,0
1130,2025,5,george-russell,mercedes,mercedes,5,5,10.0,3,3,50,-2,0,0,1,1,0,0,0,0,0,,4893994.0,27236.0,1,20329.0,20329.0,0,0
1130,2025,5,kimi-antonelli,mercedes,mercedes,6,6,8.0,5,5,50,-1,0,0,1,1,0,0,0,0,0,,4901446.0,34688.0,1,20399.0,20399.0,0,0
1130,2025,5,lewis-hamilton,ferrari,ferrari,7,7,6.0,7,7,50,0,0,0,1,1,0,0,0,0,0,,4905831.0,39073.0,1,20144.0,20144.0,0,0
1130,2025,5,carlos-sainz-jr,williams,mercedes,8,8,4.0,6,6,50,-2,0,0,1,1,0,0,0,0,0,,4931388.0,64630.0,1,24148.0,24148.0,0,0
1130,2025,5,alexander-albon,williams,mercedes,9,9,2.0,11,11,50,2,0,0,1,1,0,0,0,0,0,,4933273.0,66515.0,1,22135.0,22135.0,0,0
1130,2025,5,isack-hadjar,racing-bulls,honda-rbpt,10,10,1.0,14,14,50,4,0,0,1,1,0,0,0,0,0,,4933849.0,67091.0,1,20827.0,20827.0,0,0
1130,2025,5,fernando-alonso,aston-martin,mercedes,11,11,0,13,13,50,2,0,0,0,1,0,0,0,0,0,,4942675.0,75917.0,1,21891.0,21891.0,0,0
1130,2025,5,liam-lawson,racing-bulls,honda-rbpt,12,12,0,12,12,50,0,0,0,0,1,0,0,0,0,0,,4945209.0,78451.0,1,20534.0,20534.0,0,0
1130,2025,5,oliver-bearman,haas,ferrari,13,13,0,15,15,50,2,0,0,0,1,0,0,0,0,0,,4945952.0,79194.0,1,22095.0,22095.0,0,0
1130,2025,5,esteban-ocon,haas,ferrari,14,14,0,19,19,50,5,0,0,0,1,0,0,0,0,0,,4966481.0,99723.0,1,21512.0,21512.0,0,0
1130,2025,5,nico-hulkenberg,kick-sauber,ferrari,15,15,0,18,18,49,3,0,0,0,1,0,0,0,0,0,,,,1,20441.0,20441.0,0,0
1130,2025,5,lance-stroll,aston-martin,mercedes,16,16,0,16,16,49,0,0,0,0,1,0,0,0,0,0,,,,1,20487.0,20487.0,0,0
1130,2025,5,jack-doohan,alpine,renault,17,17,0,17,17,49,0,0,0,0,1,0,0,0,0,0,,,,2,20571.0,42092.0,0,0
1130,2025,5,gabriel-bortoleto,kick-sauber,ferrari,18,18,0,20,20,49,2,0,0,0,1,0,0,0,0,0,,,,1,21854.0,21854.0,0,0
1130,2025,5,yuki-tsunoda,red-bull,honda-rbpt,,DNF,0,8,8,1,,0,0,0,0,0,0,0,0,1,Collision damage,,,0,,,0,0
1130,2025,5,pierre-gasly,alpine,renault,,DNF,0,9,9,0,,0,0,0,0,0,0,0,0,1,Collision,,,0,,,0,0
1131,2025,6,oscar-piastri,mclaren,mercedes,1,1,25.0,4,4,57,3,1,1,1,1,0,0,0,1,0,,5331587.0,,1,22106.0,22106.0,0,0
1131,2025,6,lando-norris,mclaren,mercedes,2,2,18.0,2,2,57,0,0,1,1,1,0,1,0,0,0,,5336217.0,4630.0,1,22044.0,22044.0,0,0
1131,2025,6,george-russell,mercedes,mercedes,3,3,15.0,5,5,57,2,0,1,1,1,0,0,0,0,0,,5369231.0,37644.0,1,24257.0,24257.0,0,0
1131,2025,6,max-verstappen,red-bull,honda-rbpt,4,4,12.0,1,1,57,-3,0,0,1,1,1,0,0,0,0,,5371543.0,39956.0,1,22501.0,22501.0,1,0
1131,2025,6,alexander-albon,williams,mercedes,5,5,10.0,7,7,57,2,0,0,1,1,0,0,0,0,0,,5379654.0,48067.0,1,21906.0,21906.0,0,0
1131,2025,6,kimi-antonelli,mercedes,mercedes,6,6,8.0,3,3,57,-3,0,0,1,1,0,0,0,0,0,,5387089.0,55502.0,1,24383.0,24383.0,0,0
1131,2025,6,charles-leclerc,ferrari,ferrari,7,7,6.0,8,8,57,1,0,0,1,1,0,0,0,0,0,,5388623.0,57036.0,1,22183.0,22183.0,0,0
1131,2025,6,lewis-hamilton,ferrari,ferrari,8,8,4.0,12,12,57,4,0,0,1,1,0,0,0,0,0,,5391773.0,60186.0,1,23104.0,23104.0,0,0
1131,2025,6,carlos-sainz-jr,williams,mercedes,9,9,2.0,6,6,57,-3,0,0,1,1,0,0,0,0,0,,5392164.0,60577.0,1,22415.0,22415.0,0,0
1131,2025,6,yuki-tsunoda,red-bull,honda-rbpt,10,10,1.0,10,10,57,0,0,0,1,1,0,0,0,0,0,,5406021.0,74434.0,1,22560.0,22560.0,0,0
1131,2025,6,isack-hadjar,racing-bulls,honda-rbpt,11,11,0,11,11,57,0,0,0,0,1,0,0,0,0,0,,5406189.0,74602.0,1,22115.0,22115.0,0,0
1131,2025,6,esteban-ocon,haas,ferrari,12,12,0,9,9,57,-3,0,0,0,1,0,0,0,0,0,,5413593.0,82006.0,1,23162.0,23162.0,0,0
1131,2025,6,pierre-gasly,alpine,renault,13,13,0,,18,57,7,0,0,0,1,0,0,0,0,0,,5422032.0,90445.0,1,22060.0,22060.0,0,0
1131,2025,6,nico-hulkenberg,kick-sauber,ferrari,14,14,0,16,16,56,2,0,0,0,1,0,0,0,0,0,,,,1,22108.0,22108.0,0,0
1131,2025,6,fernando-alonso,aston-martin,mercedes,15,15,0,17,17,56,2,0,0,0,1,0,0,0,0,0,,,,1,23602.0,23602.0,0,0
1131,2025,6,lance-stroll,aston-martin,mercedes,16,16,0,18,19,56,2,0,0,0,1,0,0,0,0,0,,,,1,22317.0,22317.0,0,0
1131,2025,6,liam-lawson,racing-bulls,honda-rbpt,,DNF,0,15,15,36,,0,0,0,0,0,0,0,0,1,Collision damage,,,1,22439.0,22439.0,0,0
1131,2025,6,gabriel-bortoleto,kick-sauber,ferrari,,DNF,0,13,13,30,,0,0,0,0,0,0,0,0,1,Engine,,,1,22188.0,22188.0,0,0
1131,2025,6,oliver-bearman,haas,ferrari,,DNF,0,19,20,27,,0,0,0,0,0,0,0,0,1,Fuel system,,,0,,,0,0
1131,2025,6,jack-doohan,alpine,renault,,DNF,0,14,14,0,,0,0,0,0,0,0,0,0,1,Collision,,,0,,,0,0
1132,2025,7,max-verstappen,red-bull,honda-rbpt,1,1,25.0,2,2,63,1,1,1,1,1,0,1,0,1,0,,5493199.0,,2,29657.0,59648.0,0,0
1132,2025,7,lando-norris,mclaren,mercedes,2,2,18.0,4,4,63,2,0,1,1,1,0,0,0,0,0,,5499308.0,6109.0,2,29513.0,61188.0,0,0
1132,2025,7,oscar-piastri,mclaren,mercedes,3,3,15.0,1,1,63,-2,0,1,1,1,1,0,0,0,0,,5506155.0,12956.0,2,30609.0,61582.0,1,0
1132,2025,7,lewis-hamilton,ferrari,ferrari,4,4,12.0,12,12,63,8,0,0,1,1,0,0,0,0,0,,5507555.0,14356.0,2,29949.0,59899.0,0,0
1132,2025,7,alexander-albon,williams,mercedes,5,5,10.0,7,7,63,2,0,0,1,1,0,0,0,0,0,,5511144.0,17945.0,2,29786.0,60257.0,0,0
1132,2025,7,charles-leclerc,ferrari,ferrari,6,6,8.0,11,11,63,5,0,0,1,1,0,0,0,0,0,,5513973.0,20774.0,2,29634.0,61532.0,0,0
1132,2025,7,george-russell,mercedes,mercedes,7,7,6.0,3,3,63,-4,0,0,1,1,0,0,0,0,0,,5515233.0,22034.0,2,29784.0,60538.0,0,0
1132,2025,7,carlos-sainz-jr,williams,mercedes,8,8,4.0,6,6,63,-2,0,0,1,1,0,0,0,0,0,,5516097.0,22898.0,2,30080.0,60715.0,0,0
1132,2025,7,isack-hadjar,racing-bulls,honda-rbpt,9,9,2.0,9,9,63,0,0,0,1,1,0,0,0,0,0,,5516785.0,23586.0,2,30096.0,60219.0,0,0
1132,2025,7,yuki-tsunoda,red-bull,honda-rbpt,10,10,1.0,,,63,10,0,0,1,1,0,0,0,0,0,,5519645.0,26446.0,1,29807.0,29807.0,0,0
1132,2025,7,fernando-alonso,aston-martin,mercedes,11,11,0,5,5,63,-6,0,0,0,1,0,0,0,0,0,,5520449.0,27250.0,2,30163.0,61049.0,0,0
1132,2025,7,nico-hulkenberg,kick-sauber,ferrari,12,12,0,17,17,63,5,0,0,0,1,0,0,0,0,0,,5523495.0,30296.0,1,30184.0,30184.0,0,0
1132,2025,7,pierre-gasly,alpine,renault,13,13,0,10,10,63,-3,0,0,0,1,0,0,0,0,0,,5524623.0,31424.0,2,31488.0,63491.0,0,0
1132,2025,7,liam-lawson,racing-bulls,honda-rbpt,14,14,0,15,16,63,1,0,0,0,1,0,0,0,0,0,,5525710.0,32511.0,2,29695.0,59986.0,0,0
1132,2025,7,lance-stroll,aston-martin,mercedes,15,15,0,8,8,63,-7,0,0,0,1,0,0,0,0,0,,5526192.0,32993.0,2,31218.0,65714.0,0,0
1132,2025,7,franco-colapinto,alpine,renault,16,16,0,16,15,63,0,0,0,0,1,0,0,0,0,0,,5526610.0,33411.0,2,30317.0,61424.0,0,0
1132,2025,7,oliver-bearman,haas,ferrari,17,17,0,19,19,63,2,0,0,0,1,0,0,0,0,0,,5527007.0,33808.0,2,31414.0,88171.0,0,0
1132,2025,7,gabriel-bortoleto,kick-sauber,ferrari,18,18,0,14,14,63,-4,0,0,0,1,0,0,0,0,0,,5531771.0,38572.0,3,29917.0,91428.0,0,0
1132,2025,7,kimi-antonelli,mercedes,mercedes,,DNF,0,13,13,44,,0,0,0,0,0,0,0,0,1,Throttle,,,1,30051.0,30051.0,0,0
1132,2025,7,esteban-ocon,haas,ferrari,,DNF,0,18,18,27,,0,0,0,0,0,0,0,0,1,Engine,,,1,30506.0,30506.0,0,0
1133,2025,8,lando-norris,mclaren,mercedes,1,1,25.0,1,1,78,0,1,1,1,1,1,1,0,0,0,,6033843.0,,2,23704.0,48249.0,1,1
1133,2025,8,charles-leclerc,ferrari,ferrari,2,2,18.0,2,2,78,0,0,1,1,1,0,0,0,1,0,,6036974.0,3131.0,2,23576.0,47254.0,0,0
1133,2025,8,oscar-piastri,mclaren,mercedes,3,3,15.0,3,3,78,0,0,1,1,1,0,0,0,0,0,,6037501.0,3658.0,2,23908.0,49664.0,0,0
1133,2025,8,max-verstappen,red-bull,honda-rbpt,4,4,12.0,4,5,78,0,0,0,1,1,0,0,0,0,0,,6054415.0,20572.0,2,23950.0,48064.0,0,0
1133,2025,8,lewis-hamilton,ferrari,ferrari,5,5,10.0,7,4,78,2,0,0,1,1,0,0,0,0,0,,6085230.0,51387.0,2,23565.0,47821.0,0,0
1133,2025,8,isack-hadjar,racing-bulls,honda-rbpt,6,6,8.0,5,6,77,-1,0,0,1,1,0,0,0,0,0,,,,2,24031.0,48342.0,0,0
1133,2025,8,esteban-ocon,haas,ferrari,7,7,6.0,8,8,77,1,0,0,1,1,0,0,0,0,0,,,,2,24773.0,50348.0,0,0
1133,2025,8,liam-lawson,racing-bulls,honda-rbpt,8,8,4.0,9,9,77,1,0,0,1,1,0,0,0,0,0,,,,2,24206.0,48526.0,0,0
1133,2025,8,alexander-albon,williams,mercedes,9,9,2.0,10,10,76,1,0,0,1,1,0,0,0,0,0,,,,2,23927.0,48117.0,0,0
1133,2025,8,carlos-sainz-jr,williams,mercedes,10,10,1.0,11,11,76,1,0,0,1,1,0,0,0,0,0,,,,2,24049.0,48547.0,0,0
1133,2025,8,george-russell,mercedes,mercedes,11,11,0,14,14,76,3,0,0,0,1,0,0,0,0,0,,,,2,24025.0,49088.0,0,0
1133,2025,8,oliver-bearman,haas,ferrari,12,12,0,20,17,76,8,0,0,0,1,0,0,0,0,0,,,,2,24580.0,74771.0,0,0
1133,2025,8,franco-colapinto,alpine,renault,13,13,0,18,20,76,5,0,0,0,1,0,0,0,0,0,,,,2,24355.0,48852.0,0,0
1133,2025,8,gabriel-bortoleto,kick-sauber,ferrari,14,14,0,16,16,76,2,0,0,0,1,0,0,0,0,0,,,,3,24246.0,85972.0,0,0
1133,2025,8,lance-stroll,aston-martin,mercedes,15,15,0,19,19,76,4,0,0,0,1,0,0,0,0,0,,,,2,23978.0,49894.0,0,0
1133,2025,8,nico-hulkenberg,kick-sauber,ferrari,16,16,0,13,13,76,-3,0,0,0,1,0,0,0,0,0,,,,2,24065.0,48462.0,0,0
1133,2025,8,yuki-tsunoda,red-bull,honda-rbpt,17,17,0,12,12,76,-5,0,0,0,1,0,0,0,0,0,,,,2,24086.0,48611.0,0,0
1133,2025,8,kimi-antonelli,mercedes,mercedes,18,18,0,15,15,75,-3,0,0,0,1,0,0,0,0,0,,,,2,24457.0,49294.0,0,0
1133,2025,8,fernando-alonso,aston-martin,mercedes,,DNF,0,6,7,36,,0,0,0,0,0,0,0,0,1,Engine,,,1,25375.0,25375.0,0,0
1133,2025,8,pierre-gasly,alpine,renault,,DNF,0,17,18,7,,0,0,0,0,0,0,0,0,1,Collision damage,,,1,24376.0,24376.0,0,0
1134,2025,9,oscar-piastri,mclaren,mercedes,1,1,25.0,1,1,66,0,1,1,1,1,1,1,0,0,0,,5577375.0,,3,21838.0,66444.0,1,1
1134,2025,9,lando-norris,mclaren,mercedes,2,2,18.0,2,2,66,0,0,1,1,1,0,0,0,0,0,,5579846.0,2471.0,3,21863.0,67879.0,0,0
1134,2025,9,charles-leclerc,ferrari,ferrari,3,3,15.0,7,7,66,4,0,1,1,1,0,0,0,0,0,,5587830.0,10455.0,3,21863.0,66139.0,0,0
1134,2025,9,george-russell,mercedes,mercedes,4,4,12.0,4,4,66,0,0,0,1,1,0,0,0,0,0,,5588734.0,11359.0,3,21739.0,66658.0,0,0
1134,2025,9,nico-hulkenberg,kick-sauber,ferrari,5,5,10.0,15,16,66,10,0,0,1,1,0,0,0,0,0,,5591023.0,13648.0,3,21849.0,65986.0,0,0
1134,2025,9,lewis-hamilton,ferrari,ferrari,6,6,8.0,5,5,66,-1,0,0,1,1,0,0,0,0,0,,5592883.0,15508.0,3,21957.0,69203.0,0,0
1134,2025,9,isack-hadjar,racing-bulls,honda-rbpt,7,7,6.0,9,9,66,2,0,0,1,1,0,0,0,0,0,,5593397.0,16022.0,3,21769.0,65629.0,0,0
1134,2025,9,pierre-gasly,alpine,renault,8,8,4.0,8,8,66,0,0,0,1,1,0,0,0,0,0,,5595257.0,17882.0,3,22006.0,67048.0,0,0
1134,2025,9,fernando-alonso,aston-martin,mercedes,9,9,2.0,10,10,66,1,0,0,1,1,0,0,0,0,0,,5598939.0,21564.0,3,22216.0,67240.0,0,0
1134,2025,9,max-verstappen,red-bull,honda-rbpt,10,10,1.0,3,3,66,-7,0,0,1,1,0,0,0,1,0,,5599201.0,21826.0,4,21802.0,87801.0,0,0
1134,2025,9,liam-lawson,racing-bulls,honda-rbpt,11,11,0,13,13,66,2,0,0,0,1,0,0,0,0,0,,5602907.0,25532.0,2,22039.0,44166.0,0,0
1134,2025,9,gabriel-bortoleto,kick-sauber,ferrari,12,12,0,12,12,66,0,0,0,0,1,0,0,0,0,0,,5603371.0,25996.0,2,22041.0,44994.0,0,0
1134,2025,9,yuki-tsunoda,red-bull,honda-rbpt,13,13,0,,20,66,7,0,0,0,1,0,0,0,0,0,,5606197.0,28822.0,4,21822.0,88029.0,0,0
1134,2025,9,carlos-sainz-jr,williams,mercedes,14,14,0,17,18,66,3,0,0,0,1,0,0,0,0,0,,5606684.0,29309.0,3,21984.0,74877.0,0,0
1134,2025,9,franco-colapinto,alpine,renault,15,15,0,18,19,66,3,0,0,0,1,0,0,0,0,0,,5608756.0,31381.0,3,21874.0,66484.0,0,0
1134,2025,9,esteban-ocon,haas,ferrari,16,16,0,16,17,66,0,0,0,0,1,0,0,0,0,0,,5609572.0,32197.0,2,22468.0,45022.0,0,0
1134,2025,9,oliver-bearman,haas,ferrari,17,17,0,14,15,66,-3,0,0,0,1,0,0,0,0,0,,5614440.0,37065.0,3,22009.0,67044.0,0,0
1134,2025,9,kimi-antonelli,mercedes,mercedes,,DNF,0,6,6,53,,0,0,0,0,0,0,0,0,1,Oil pressure,,,2,22234.0,45691.0,0,0
1134,2025,9,alexander-albon,williams,mercedes,,DNF,0,11,11,27,,0,0,0,0,0,0,0,0,1,Collision damage,,,2,30823.0,68497.0,0,0
1134,2025,9,lance-stroll,aston-martin,mercedes,,DNS,0,,14,0,,0,0,0,0,0,0,0,0,1,Injury,,,0,,,0,0
1135,2025,10,george-russell,mercedes,mercedes,1,1,25.0,1,1,70,0,1,1,1,1,1,1,0,0,0,,5512688.0,,2,23231.0,47493.0,1,1
1135,2025,10,max-verstappen,red-bull,honda-rbpt,2,2,18.0,2,2,70,0,0,1,1,1,0,0,0,0,0,,5512916.0,228.0,2,23121.0,46725.0,0,0
1135,2025,10,kimi-antonelli,mercedes,mercedes,3,3,15.0,4,4,70,1,0,1,1,1,0,0,0,1,0,,5513702.0,1014.0,2,23320.0,46736.0,0,0
1135,2025,10,oscar-piastri,mclaren,mercedes,4,4,12.0,3,3,70,-1,0,0,1,1,0,0,0,0,0,,5514797.0,2109.0,3,23174.0,72804.0,0,0
1135,2025,10,charles-leclerc,ferrari,ferrari,5,5,10.0,8,8,70,3,0,0,1,1,0,0,0,0,0,,5516130.0,3442.0,2,23360.0,47219.0,0,0
1135,2025,10,lewis-hamilton,ferrari,ferrari,6,6,8.0,5,5,70,-1,0,0,1,1,0,0,0,0,0,,5523401.0,10713.0,2,23338.0,46942.0,0,0
1135,2025,10,fernando-alonso,aston-martin,mercedes,7,7,6.0,6,6,70,-1,0,0,1,1,0,0,0,0,0,,5523660.0,10972.0,2,23409.0,47430.0,0,0
1135,2025,10,nico-hulkenberg,kick-sauber,ferrari,8,8,4.0,11,13,70,3,0,0,1,1,0,0,0,0,0,,5528052.0,15364.0,1,23476.0,23476.0,0,0
1135,2025,10,esteban-ocon,haas,ferrari,9,9,2.0,14,15,69,5,0,0,1,1,0,0,0,0,0,,,,1,24452.0,24452.0,0,0
1135,2025,10,carlos-sainz-jr,williams,mercedes,10,10,1.0,16,17,69,6,0,0,1,1,0,0,0,0,0,,,,1,23269.0,23269.0,0,0
1135,2025,10,oliver-bearman,haas,ferrari,11,11,0,13,14,69,2,0,0,0,1,0,0,0,0,0,,,,2,23562.0,51547.0,0,0
1135,2025,10,yuki-tsunoda,red-bull,honda-rbpt,12,12,0,18,11,69,6,0,0,0,1,0,0,0,0,0,,,,1,25178.0,25178.0,0,0
1135,2025,10,franco-colapinto,alpine,renault,13,13,0,10,12,69,-3,0,0,0,1,0,0,0,0,0,,,,1,24735.0,24735.0,0,0
1135,2025,10,gabriel-bortoleto,kick-sauber,ferrari,14,14,0,15,16,69,1,0,0,0,1,0,0,0,0,0,,,,1,23715.0,23715.0,0,0
1135,2025,10,pierre-gasly,alpine,renault,15,15,0,,20,69,5,0,0,0,1,0,0,0,0,0,,,,1,23987.0,23987.0,0,0
1135,2025,10,isack-hadjar,racing-bulls,honda-rbpt,16,16,0,12,9,69,-4,0,0,0,1,0,0,0,0,0,,,,2,23693.0,47823.0,0,0
1135,2025,10,lance-stroll,aston-martin,mercedes,17,17,0,17,18,69,0,0,0,0,1,0,0,0,0,0,,,,3,23742.0,82256.0,0,0
1135,2025,10,lando-norris,mclaren,mercedes,18,18,0,7,7,66,-11,0,0,0,1,0,0,0,0,0,Collision,,,2,23223.0,46694.0,0,0
1135,2025,10,liam-lawson,racing-bulls,honda-rbpt,,DNF,0,,19,53,,0,0,0,0,0,0,0,0,1,Overheating,,,1,23280.0,23280.0,0,0
1135,2025,10,alexander-albon,williams,mercedes,,DNF,0,9,10,46,,0,0,0,0,0,0,0,0,1,Engine,,,1,23898.0,23898.0,0,0
1136,2025,11,lando-norris,mclaren,mercedes,1,1,25.0,1,1,70,0,1,1,1,1,1,0,0,0,0,,5027693.0,,2,21427.0,43558.0,1,1
1136,2025,11,oscar-piastri,mclaren,mercedes,2,2,18.0,3,3,70,1,0,1,1,1,0,1,0,0,0,,5030388.0,2695.0,2,21033.0,43632.0,0,0
1136,2025,11,charles-leclerc,ferrari,ferrari,3,3,15.0,2,2,70,-1,0,1,1,1,0,0,0,0,0,,5047513.0,19820.0,2,21308.0,42844.0,0,0
1136,2025,11,lewis-hamilton,ferrari,ferrari,4,4,12.0,4,4,70,0,0,0,1,1,0,0,0,0,0,,5056713.0,29020.0,2,21158.0,42445.0,0,0
1136,2025,11,george-russell,mercedes,mercedes,5,5,10.0,5,5,70,0,0,0,1,1,0,0,0,0,0,,5090089.0,62396.0,2,21344.0,43198.0,0,0
1136,2025,11,liam-lawson,racing-bulls,honda-rbpt,6,6,8.0,6,6,70,0,0,0,1,1,0,0,0,0,0,,5095447.0,67754.0,1,21434.0,21434.0,0,0
1136,2025,11,fernando-alonso,aston-martin,mercedes,7,7,6.0,11,11,69,4,0,0,1,1,0,0,0,0,0,,,,1,21865.0,21865.0,0,0
1136,2025,11,gabriel-bortoleto,kick-sauber,ferrari,8,8,4.0,8,8,69,0,0,0,1,1,0,0,0,1,0,,,,2,21286.0,42962.0,0,0
1136,2025,11,nico-hulkenberg,kick-sauber,ferrari,9,9,2.0,20,20,69,11,0,0,1,1,0,0,0,0,0,,,,2,21045.0,42281.0,0,0
1136,2025,11,esteban-ocon,haas,ferrari,10,10,1.0,17,17,69,7,0,0,1,1,0,0,0,0,0,,,,2,22284.0,45472.0,0,0
1136,2025,11,oliver-bearman,haas,ferrari,11,11,0,15,15,69,4,0,0,0,1,0,0,0,0,0,,,,2,21771.0,43681.0,0,0
1136,2025,11,isack-hadjar,racing-bulls,honda-rbpt,12,12,0,13,13,69,1,0,0,0,1,0,0,0,0,0,,,,2,21297.0,42977.0,0,0
1136,2025,11,pierre-gasly,alpine,renault,13,13,0,10,10,69,-3,0,0,0,1,0,0,0,0,0,,,,2,21959.0,44064.0,0,0
1136,2025,11,lance-stroll,aston-martin,mercedes,14,14,0,16,16,69,2,0,0,0,1,0,0,0,0,0,,,,2,21763.0,44670.0,0,0
1136,2025,11,franco-colapinto,alpine,renault,15,15,0,14,14,69,-1,0,0,0,1,0,0,0,0,0,,,,2,21087.0,44125.0,0,0
1136,2025,11,yuki-tsunoda,red-bull,honda-rbpt,16,16,0,18,18,68,2,0,0,0,1,0,0,0,0,0,,,,3,21492.0,84135.0,0,0
1136,2025,11,alexander-albon,williams,mercedes,,DNF,0,12,12,15,,0,0,0,0,0,0,0,0,1,Engine,,,1,21210.0,21210.0,0,0
1136,2025,11,max-verstappen,red-bull,honda-rbpt,,DNF,0,7,7,0,,0,0,0,0,0,0,0,0,1,Collision,,,0,,,0,0
1136,2025,11,kimi-antonelli,mercedes,mercedes,,DNF,0,9,9,0,,0,0,0,0,0,0,0,0,1,Collision,,,0,,,0,0
1136,2025,11,carlos-sainz-jr,williams,mercedes,,DNS,0,,19,0,,0,0,0,0,0,0,0,0,1,Brakes,,,0,,,0,0
1137,2025,12,lando-norris,mclaren,mercedes,1,1,25.0,3,3,52,2,1,1,1,1,0,0,0,0,0,,5835735.0,,2,28214.0,58844.0,0,0
1137,2025,12,oscar-piastri,mclaren,mercedes,2,2,18.0,2,2,52,0,0,1,1,1,0,1,0,0,0,,5842547.0,6812.0,2,29491.0,69771.0,0,0
1137,2025,12,nico-hulkenberg,kick-sauber,ferrari,3,3,15.0,19,19,52,16,0,1,1,1,0,0,0,1,0,,5870477.0,34742.0,2,29736.0,59688.0,0,0
1137,2025,12,lewis-hamilton,ferrari,ferrari,4,4,12.0,5,5,52,1,0,0,1,1,0,0,0,0,0,,5875547.0,39812.0,2,28917.0,58044.0,0,0
1137,2025,12,max-verstappen,red-bull,honda-rbpt,5,5,10.0,1,1,52,-4,0,0,1,1,1,0,0,0,0,,5892516.0,56781.0,2,28182.0,57871.0,1,0
1137,2025,12,pierre-gasly,alpine,renault,6,6,8.0,8,10,52,2,0,0,1,1,0,0,0,0,0,,5895592.0,59857.0,2,28469.0,57381.0,0,0
1137,2025,12,lance-stroll,aston-martin,mercedes,7,7,6.0,17,18,52,10,0,0,1,1,0,0,0,0,0,,5896338.0,60603.0,3,28553.0,86531.0,0,0
1137,2025,12,alexander-albon,williams,mercedes,8,8,4.0,13,14,52,5,0,0,1,1,0,0,0,0,0,,5899870.0,64135.0,2,29251.0,58543.0,0,0
1137,2025,12,fernando-alonso,aston-martin,mercedes,9,9,2.0,7,9,52,-2,0,0,1,1,0,0,0,0,0,,5901593.0,65858.0,2,28534.0,57241.0,0,0
1137,2025,12,george-russell,mercedes,mercedes,10,10,1.0,4,4,52,-6,0,0,1,1,0,0,0,0,0,,5906409.0,70674.0,2,28205.0,56852.0,0,0
1137,2025,12,oliver-bearman,haas,ferrari,11,11,0,18,8,52,7,0,0,0,1,0,0,0,0,0,,5907830.0,72095.0,2,29090.0,58291.0,0,0
1137,2025,12,carlos-sainz-jr,williams,mercedes,12,12,0,9,11,52,-3,0,0,0,1,0,0,0,0,0,,5912327.0,76592.0,2,28655.0,58209.0,0,0
1137,2025,12,esteban-ocon,haas,ferrari,13,13,0,14,15,52,1,0,0,0,1,0,0,0,0,0,,5913036.0,77301.0,2,28646.0,58208.0,0,0
1137,2025,12,charles-leclerc,ferrari,ferrari,14,14,0,6,6,52,-8,0,0,0,1,0,0,0,0,0,,5920212.0,84477.0,2,28840.0,57929.0,0,0
1137,2025,12,yuki-tsunoda,red-bull,honda-rbpt,15,15,0,11,12,51,-4,0,0,0,1,0,0,0,0,0,,,,1,28544.0,28544.0,0,0
1137,2025,12,kimi-antonelli,mercedes,mercedes,,DNF,0,10,7,23,,0,0,0,0,0,0,0,0,1,Collision damage,,,3,28707.0,87156.0,0,0
1137,2025,12,isack-hadjar,racing-bulls,honda-rbpt,,DNF,0,12,13,17,,0,0,0,0,0,0,0,0,1,Accident,,,1,28523.0,28523.0,0,0
1137,2025,12,gabriel-bortoleto,kick-sauber,ferrari,,DNF,0,16,17,3,,0,0,0,0,0,0,0,0,1,Accident,,,0,,,0,0
1137,2025,12,liam-lawson,racing-bulls,honda-rbpt,,DNF,0,15,16,0,,0,0,0,0,0,0,0,0,1,Collision,,,0,,,0,0
1137,2025,12,franco-colapinto,alpine,renault,,DNS,0,,20,0,,0,0,0,0,0,0,0,0,1,Transmission,,,0,,,0,0
1138,2025,13,oscar-piastri,mclaren,mercedes,1,1,25.0,2,2,44,1,1,1,1,1,0,0,0,0,0,,5122601.0,,1,23844.0,23844.0,0,0
1138,2025,13,lando-norris,mclaren,mercedes,2,2,18.0,1,1,44,-1,0,1,1,1,1,0,0,0,0,,5126016.0,3415.0,1,24376.0,24376.0,1,0
1138,2025,13,charles-leclerc,ferrari,ferrari,3,3,15.0,3,3,44,0,0,1,1,1,0,0,0,0,0,,5142786.0,20185.0,1,23806.0,23806.0,0,0
1138,2025,13,max-verstappen,red-bull,honda-rbpt,4,4,12.0,4,4,44,0,0,0,1,1,0,0,0,0,0,,5144332.0,21731.0,1,25913.0,25913.0,0,0
1138,2025,13,george-russell,mercedes,mercedes,5,5,10.0,6,6,44,1,0,0,1,1,0,0,0,0,0,,5157464.0,34863.0,1,23635.0,23635.0,0,0
1138,2025,13,alexander-albon,williams,mercedes,6,6,8.0,5,5,44,-1,0,0,1,1,0,0,0,0,0,,5162527.0,39926.0,1,24029.0,24029.0,0,0
1138,2025,13,lewis-hamilton,ferrari,ferrari,7,7,6.0,,16,44,11,0,0,1,1,0,0,0,1,0,,5163280.0,40679.0,1,23284.0,23284.0,0,0
1138,2025,13,liam-lawson,racing-bulls,honda-rbpt,8,8,4.0,9,9,44,1,0,0,1,1,0,0,0,0,0,,5174634.0,52033.0,1,23269.0,23269.0,0,0
1138,2025,13,gabriel-bortoleto,kick-sauber,ferrari,9,9,2.0,10,10,44,1,0,0,1,1,0,0,0,0,0,,5179035.0,56434.0,1,23274.0,23274.0,0,0
1138,2025,13,pierre-gasly,alpine,renault,10,10,1.0,13,13,44,3,0,0,1,1,0,0,0,0,0,,5195315.0,72714.0,1,26825.0,26825.0,0,0
1138,2025,13,oliver-bearman,haas,ferrari,11,11,0,12,12,44,1,0,0,0,1,0,0,0,0,0,,5195746.0,73145.0,1,24130.0,24130.0,0,0
1138,2025,13,nico-hulkenberg,kick-sauber,ferrari,12,12,0,14,14,44,2,0,0,0,1,0,0,0,0,0,,5196229.0,73628.0,2,23599.0,47489.0,0,0
1138,2025,13,yuki-tsunoda,red-bull,honda-rbpt,13,13,0,7,7,44,-6,0,0,0,1,0,0,0,0,0,,5197996.0,75395.0,1,23330.0,23330.0,0,0
1138,2025,13,lance-stroll,aston-martin,mercedes,14,14,0,16,20,44,2,0,0,0,1,0,0,0,0,0,,5202432.0,79831.0,1,23787.0,23787.0,0,0
1138,2025,13,esteban-ocon,haas,ferrari,15,15,0,11,11,44,-4,0,0,0,1,0,0,0,0,0,,5208664.0,86063.0,1,23802.0,23802.0,0,0
1138,2025,13,kimi-antonelli,mercedes,mercedes,16,16,0,,18,44,3,0,0,0,1,0,1,0,0,0,,5209322.0,86721.0,2,23059.0,46668.0,0,0
1138,2025,13,fernando-alonso,aston-martin,mercedes,17,17,0,,19,44,3,0,0,0,1,0,0,0,0,0,,5210525.0,87924.0,2,23404.0,47096.0,0,0
1138,2025,13,carlos-sainz-jr,williams,mercedes,18,18,0,,15,44,-1,0,0,0,1,0,0,0,0,0,,5214625.0,92024.0,2,23770.0,51298.0,0,0
1138,2025,13,franco-colapinto,alpine,renault,19,19,0,15,17,44,-4,0,0,0,1,0,0,0,0,0,,5217851.0,95250.0,2,23449.0,47114.0,0,0
1138,2025,13,isack-hadjar,racing-bulls,honda-rbpt,20,20,0,8,8,43,-12,0,0,0,1,0,0,0,0,0,,,,2,23376.0,46956.0,0,0
1139,2025,14,lando-norris,mclaren,mercedes,1,1,25.0,3,3,70,2,1,1,1,1,0,0,0,0,0,,5721231.0,,1,20940.0,20940.0,0,0
1139,2025,14,oscar-piastri,mclaren,mercedes,2,2,18.0,2,2,70,0,0,1,1,1,0,0,0,0,0,,5721929.0,698.0,2,20940.0,42085.0,0,0
1139,2025,14,george-russell,mercedes,mercedes,3,3,15.0,4,4,70,1,0,1,1,1,0,1,0,0,0,,5743147.0,21916.0,2,21450.0,43153.0,0,0
1139,2025,14,charles-leclerc,ferrari,ferrari,4,4,12.0,1,1,70,-3,0,0,1,1,1,0,0,0,0,,5763791.0,42560.0,2,21130.0,42266.0,1,0
1139,2025,14,fernando-alonso,aston-martin,mercedes,5,5,10.0,5,5,70,0,0,0,1,1,0,0,0,0,0,,5780271.0,59040.0,1,22204.0,22204.0,0,0
1139,2025,14,gabriel-bortoleto,kick-sauber,ferrari,6,6,8.0,7,7,70,1,0,0,1,1,0,0,0,1,0,,5787400.0,66169.0,1,21773.0,21773.0,0,0
1139,2025,14,lance-stroll,aston-martin,mercedes,7,7,6.0,6,6,70,-1,0,0,1,1,0,0,0,0,0,,5789405.0,68174.0,1,21464.0,21464.0,0,0
1139,2025,14,liam-lawson,racing-bulls,honda-rbpt,8,8,4.0,9,9,70,1,0,0,1,1,0,0,0,0,0,,5790682.0,69451.0,1,22136.0,22136.0,0,0
1139,2025,14,max-verstappen,red-bull,honda-rbpt,9,9,2.0,8,8,70,-1,0,0,1,1,0,0,0,0,0,,5793876.0,72645.0,2,21258.0,42691.0,0,0
1139,2025,14,kimi-antonelli,mercedes,mercedes,10,10,1.0,15,15,69,5,0,0,1,1,0,0,0,0,0,,,,1,22328.0,22328.0,0,0
1139,2025,14,isack-hadjar,racing-bulls,honda-rbpt,11,11,0,10,10,69,-1,0,0,0,1,0,0,0,0,0,,,,1,21096.0,21096.0,0,0
1139,2025,14,lewis-hamilton,ferrari,ferrari,12,12,0,12,12,69,0,0,0,0,1,0,0,0,0,0,,,,1,21150.0,21150.0,0,0
1139,2025,14,nico-hulkenberg,kick-sauber,ferrari,13,13,0,18,19,69,5,0,0,0,1,0,0,0,0,0,,,,2,21594.0,50371.0,0,0
1139,2025,14,carlos-sainz-jr,williams,mercedes,14,14,0,13,13,69,-1,0,0,0,1,0,0,0,0,0,,,,2,21423.0,43093.0,0,0
1139,2025,14,alexander-albon,williams,mercedes,15,15,0,19,20,69,4,0,0,0,1,0,0,0,0,0,,,,2,21345.0,44071.0,0,0
1139,2025,14,esteban-ocon,haas,ferrari,16,16,0,17,18,69,1,0,0,0,1,0,0,0,0,0,,,,1,22444.0,22444.0,0,0
1139,2025,14,yuki-tsunoda,red-bull,honda-rbpt,17,17,0,,16,69,3,0,0,0,1,0,0,0,0,0,,,,2,21295.0,42836.0,0,0
1139,2025,14,franco-colapinto,alpine,renault,18,18,0,14,14,69,-4,0,0,0,1,0,0,0,0,0,,,,2,26280.0,56528.0,0,0
1139,2025,14,pierre-gasly,alpine,renault,19,19,0,16,17,69,-3,0,0,0,1,0,0,0,0,0,,,,1,21699.0,21699.0,0,0
1139,2025,14,oliver-bearman,haas,ferrari,,DNF,0,11,11,48,,0,0,0,0,0,0,0,0,1,Undertray,,,1,21754.0,21754.0,0,0
1140,2025,15,oscar-piastri,mclaren,mercedes,1,1,25.0,1,1,72,0,1,1,1,1,1,1,1,0,0,,5909849.0,,2,17375.0,35964.0,1,1
1140,2025,15,max-verstappen,red-bull,honda-rbpt,2,2,18.0,3,3,72,1,0,1,1,1,0,0,0,0,0,,5911120.0,1271.0,2,18261.0,37001.0,0,0
1140,2025,15,isack-hadjar,racing-bulls,honda-rbpt,3,3,15.0,4,4,72,1,0,1,1,1,0,0,0,1,0,,5913082.0,3233.0,2,17414.0,35949.0,0,0
1140,2025,15,george-russell,mercedes,mercedes,4,4,12.0,5,5,72,1,0,0,1,1,0,0,0,0,0,,5915503.0,5654.0,2,17344.0,36176.0,0,0
1140,2025,15,alexander-albon,williams,mercedes,5,5,10.0,15,15,72,10,0,0,1,1,0,0,0,0,0,,5916176.0,6327.0,2,17840.0,37532.0,0,0
1140,2025,15,oliver-bearman,haas,ferrari,6,6,8.0,,19,72,14,0,0,1,1,0,0,0,0,0,,5918893.0,9044.0,1,18622.0,18622.0,0,0
1140,2025,15,lance-stroll,aston-martin,mercedes,7,7,6.0,19,,72,12,0,0,1,1,0,0,0,0,0,,5919346.0,9497.0,2,17561.0,35159.0,0,0
1140,2025,15,fernando-alonso,aston-martin,mercedes,8,8,4.0,10,10,72,2,0,0,1,1,0,0,0,0,0,,5921558.0,11709.0,2,17417.0,35366.0,0,0
1140,2025,15,yuki-tsunoda,red-bull,honda-rbpt,9,9,2.0,12,12,72,3,0,0,1,1,0,0,0,0,0,,5923446.0,13597.0,2,18147.0,36495.0,0,0
1140,2025,15,esteban-ocon,haas,ferrari,10,10,1.0,18,18,72,8,0,0,1,1,0,0,0,0,0,,5923912.0,14063.0,1,18270.0,18270.0,0,0
1140,2025,15,franco-colapinto,alpine,renault,11,11,0,16,16,72,5,0,0,0,1,0,0,0,0,0,,5924360.0,14511.0,3,17586.0,53649.0,0,0
1140,2025,15,liam-lawson,racing-bulls,honda-rbpt,12,12,0,8,8,72,-4,0,0,0,1,0,0,0,0,0,,5926912.0,17063.0,3,17549.0,58310.0,0,0
1140,2025,15,carlos-sainz-jr,williams,mercedes,13,13,0,9,9,72,-4,0,0,0,1,0,0,0,0,0,,5927225.0,17376.0,4,17670.0,95496.0,0,0
1140,2025,15,nico-hulkenberg,kick-sauber,ferrari,14,14,0,17,17,72,3,0,0,0,1,0,0,0,0,0,,5929574.0,19725.0,2,17602.0,35546.0,0,0
1140,2025,15,gabriel-bortoleto,kick-sauber,ferrari,15,15,0,13,13,72,-2,0,0,0,1,0,0,0,0,0,,5931414.0,21565.0,2,17491.0,35399.0,0,0
1140,2025,15,kimi-antonelli,mercedes,mercedes,16,16,0,11,11,72,-5,0,0,0,1,0,0,0,0,0,,5931878.0,22029.0,3,17365.0,56201.0,0,0
1140,2025,15,pierre-gasly,alpine,renault,17,17,0,14,14,72,-3,0,0,0,1,0,0,0,0,0,,5933478.0,23629.0,1,19223.0,19223.0,0,0
1140,2025,15,lando-norris,mclaren,mercedes,18,18,0,2,2,64,-16,0,0,0,1,0,0,0,0,0,Chassis,,,2,20042.0,42650.0,0,0
1140,2025,15,charles-leclerc,ferrari,ferrari,,DNF,0,6,6,52,,0,0,0,0,0,0,0,0,1,Collision,,,2,17042.0,34123.0,0,0
1140,2025,15,lewis-hamilton,ferrari,ferrari,,DNF,0,7,7,22,,0,0,0,0,0,0,0,0,1,Accident,,,0,,,0,0
1141,2025,16,max-verstappen,red-bull,honda-rbpt,1,1,25.0,1,1,53,0,1,1,1,1,1,0,0,1,0,,4404325.0,,1,24545.0,24545.0,1,1
1141,2025,16,lando-norris,mclaren,mercedes,2,2,18.0,2,2,53,0,0,1,1,1,0,1,0,0,0,,4423532.0,19207.0,1,27498.0,27498.0,0,0
1141,2025,16,oscar-piastri,mclaren,mercedes,3,3,15.0,3,3,53,0,0,1,1,1,0,0,0,0,0,,4425676.0,21351.0,1,23602.0,23602.0,0,0
1141,2025,16,charles-leclerc,ferrari,ferrari,4,4,12.0,4,4,53,0,0,0,1,1,0,0,0,0,0,,4429949.0,25624.0,1,24235.0,24235.0,0,0
1141,2025,16,george-russell,mercedes,mercedes,5,5,10.0,5,6,53,0,0,0,1,1,0,0,0,0,0,,4437206.0,32881.0,1,25021.0,25021.0,0,0
1141,2025,16,lewis-hamilton,ferrari,ferrari,6,6,8.0,10,5,53,4,0,0,1,1,0,0,0,0,0,,4441774.0,37449.0,1,23971.0,23971.0,0,0
1141,2025,16,alexander-albon,williams,mercedes,7,7,6.0,14,14,53,7,0,0,1,1,0,0,0,0,0,,4454862.0,50537.0,1,24717.0,24717.0,0,0
1141,2025,16,gabriel-bortoleto,kick-sauber,ferrari,8,8,4.0,7,8,53,-1,0,0,1,1,0,0,0,0,0,,4462809.0,58484.0,1,26143.0,26143.0,0,0
1141,2025,16,kimi-antonelli,mercedes,mercedes,9,9,2.0,6,7,53,-3,0,0,1,1,0,0,0,0,0,,4464087.0,59762.0,1,24916.0,24916.0,0,0
1141,2025,16,isack-hadjar,racing-bulls,honda-rbpt,10,10,1.0,,16,53,9,0,0,1,1,0,0,0,0,0,,4468216.0,63891.0,1,24326.0,24326.0,0,0
1141,2025,16,carlos-sainz-jr,williams,mercedes,11,11,0,13,13,53,2,0,0,0,1,0,0,0,0,0,,4468794.0,64469.0,1,24605.0,24605.0,0,0
1141,2025,16,oliver-bearman,haas,ferrari,12,12,0,11,11,53,-1,0,0,0,1,0,0,0,0,0,,4483613.0,79288.0,1,25372.0,25372.0,0,0
1141,2025,16,yuki-tsunoda,red-bull,honda-rbpt,13,13,0,9,10,53,-4,0,0,0,1,0,0,0,0,0,,4485026.0,80701.0,1,24372.0,24372.0,0,0
1141,2025,16,liam-lawson,racing-bulls,honda-rbpt,14,14,0,18,20,53,4,0,0,0,1,0,0,0,0,0,,4486676.0,82351.0,1,24156.0,24156.0,0,0
1141,2025,16,esteban-ocon,haas,ferrari,15,15,0,15,15,52,0,0,0,0,1,0,0,0,0,0,,,,1,30754.0,30754.0,0,0
1141,2025,16,pierre-gasly,alpine,renault,16,16,0,,19,52,4,0,0,0,1,0,0,0,0,0,,,,1,25012.0,25012.0,0,0
1141,2025,16,franco-colapinto,alpine,renault,17,17,0,17,18,52,0,0,0,0,1,0,0,0,0,0,,,,1,24971.0,24971.0,0,0
1141,2025,16,lance-stroll,aston-martin,mercedes,18,18,0,16,17,52,-2,0,0,0,1,0,0,0,0,0,,,,1,38418.0,38418.0,0,0
1141,2025,16,fernando-alonso,aston-martin,mercedes,,DNF,0,8,9,24,,0,0,0,0,0,0,0,0,1,Suspension,,,1,25160.0,25160.0,0,0
1141,2025,16,nico-hulkenberg,kick-sauber,ferrari,,DNS,0,,12,0,,0,0,0,0,0,0,0,0,1,Hydraulics,,,0,,,0,0
1142,2025,17,max-verstappen,red-bull,honda-rbpt,1,1,25.0,1,1,51,0,1,1,1,1,1,1,1,0,0,,5606408.0,,1,20221.0,20221.0,1,1
1142,2025,17,george-russell,mercedes,mercedes,2,2,18.0,5,5,51,3,0,1,1,1,0,0,0,0,0,,5621017.0,14609.0,1,19809.0,19809.0,0,0
1142,2025,17,carlos-sainz-jr,williams,mercedes,3,3,15.0,2,2,51,-1,0,1,1,1,0,0,0,1,0,,5625607.0,19199.0,1,20508.0,20508.0,0,0
1142,2025,17,kimi-antonelli,mercedes,mercedes,4,4,12.0,4,4,51,0,0,0,1,1,0,0,0,0,0,,5628168.0,21760.0,1,20669.0,20669.0,0,0
1142,2025,17,liam-lawson,racing-bulls,honda-rbpt,5,5,10.0,3,3,51,-2,0,0,1,1,0,0,0,0,0,,5639698.0,33290.0,1,20283.0,20283.0,0,0
1142,2025,17,yuki-tsunoda,red-bull,honda-rbpt,6,6,8.0,6,6,51,0,0,0,1,1,0,0,0,0,0,,5640216.0,33808.0,1,20323.0,20323.0,0,0
1142,2025,17,lando-norris,mclaren,mercedes,7,7,6.0,7,7,51,0,0,0,1,1,0,0,0,0,0,,5640635.0,34227.0,1,21975.0,21975.0,0,0
1142,2025,17,lewis-hamilton,ferrari,ferrari,8,8,4.0,12,12,51,4,0,0,1,1,0,0,0,0,0,,5642718.0,36310.0,1,20062.0,20062.0,0,0
1142,2025,17,charles-leclerc,ferrari,ferrari,9,9,2.0,10,10,51,1,0,0,1,1,0,0,0,0,0,,5643182.0,36774.0,1,20542.0,20542.0,0,0
1142,2025,17,isack-hadjar,racing-bulls,honda-rbpt,10,10,1.0,8,8,51,-2,0,0,1,1,0,0,0,0,0,,5645390.0,38982.0,1,20294.0,20294.0,0,0
1142,2025,17,gabriel-bortoleto,kick-sauber,ferrari,11,11,0,13,13,51,2,0,0,0,1,0,0,0,0,0,,5674014.0,67606.0,1,20845.0,20845.0,0,0
1142,2025,17,oliver-bearman,haas,ferrari,12,12,0,15,15,51,3,0,0,0,1,0,0,0,0,0,,5674670.0,68262.0,1,21194.0,21194.0,0,0
1142,2025,17,alexander-albon,williams,mercedes,13,13,0,19,19,51,6,0,0,0,1,0,0,0,0,0,,5679278.0,72870.0,2,20489.0,41247.0,0,0
1142,2025,17,esteban-ocon,haas,ferrari,14,14,0,20,,51,6,0,0,0,1,0,0,0,0,0,,5683988.0,77580.0,2,20691.0,41450.0,0,0
1142,2025,17,fernando-alonso,aston-martin,mercedes,15,15,0,11,11,51,-4,0,0,0,1,0,0,0,0,0,,5685115.0,78707.0,1,25768.0,25768.0,0,0
1142,2025,17,nico-hulkenberg,kick-sauber,ferrari,16,16,0,17,17,51,1,0,0,0,1,0,0,0,0,0,,5686645.0,80237.0,1,19970.0,19970.0,0,0
1142,2025,17,lance-stroll,aston-martin,mercedes,17,17,0,14,14,51,-3,0,0,0,1,0,0,0,0,0,,5702800.0,96392.0,1,21820.0,21820.0,0,0
1142,2025,17,pierre-gasly,alpine,renault,18,18,0,18,18,50,0,0,0,0,1,0,0,0,0,0,,,,1,21500.0,21500.0,0,0
1142,2025,17,franco-colapinto,alpine,renault,19,19,0,16,16,50,-3,0,0,0,1,0,0,0,0,0,,,,1,21088.0,21088.0,0,0
1142,2025,17,oscar-piastri,mclaren,mercedes,,DNF,0,9,9,0,,0,0,0,0,0,0,0,0,1,Accident,,,0,,,0,0
1143,2025,18,george-russell,mercedes,mercedes,1,1,25.0,1,1,62,0,1,1,1,1,1,0,0,0,0,,6022367.0,,1,23966.0,23966.0,1,1
1143,2025,18,max-verstappen,red-bull,honda-rbpt,2,2,18.0,2,2,62,0,0,1,1,1,0,0,0,0,0,,6027797.0,5430.0,1,24008.0,24008.0,0,0
1143,2025,18,lando-norris,mclaren,mercedes,3,3,15.0,5,5,62,2,0,1,1,1,0,0,0,0,0,,6028433.0,6066.0,1,23314.0,23314.0,0,0
1143,2025,18,oscar-piastri,mclaren,mercedes,4,4,12.0,3,3,62,-1,0,0,1,1,0,0,0,0,0,,6030513.0,8146.0,1,26637.0,26637.0,0,0
1143,2025,18,kimi-antonelli,mercedes,mercedes,5,5,10.0,4,4,62,-1,0,0,1,1,0,0,0,0,0,,6056048.0,33681.0,1,23806.0,23806.0,0,0
1143,2025,18,charles-leclerc,ferrari,ferrari,6,6,8.0,7,7,62,1,0,0,1,1,0,0,0,0,0,,6068363.0,45996.0,1,23630.0,23630.0,0,0
1143,2025,18,fernando-alonso,aston-martin,mercedes,7,7,6.0,10,10,62,3,0,0,1,1,0,0,0,1,0,,6103034.0,80667.0,1,30749.0,30749.0,0,0
1143,2025,18,lewis-hamilton,ferrari,ferrari,8,8,4.0,6,6,62,-2,0,0,1,1,0,1,0,0,0,,6107618.0,85251.0,2,23344.0,48138.0,0,0
1143,2025,18,oliver-bearman,haas,ferrari,9,9,2.0,9,9,62,0,0,0,1,1,0,0,0,0,0,,6115894.0,93527.0,1,23979.0,23979.0,0,0
1143,2025,18,carlos-sainz-jr,williams,mercedes,10,10,1.0,18,,61,8,0,0,1,1,0,0,0,0,0,,,,1,24075.0,24075.0,0,0
1143,2025,18,isack-hadjar,racing-bulls,honda-rbpt,11,11,0,8,8,61,-3,0,0,0,1,0,0,0,0,0,,,,1,23827.0,23827.0,0,0
1143,2025,18,yuki-tsunoda,red-bull,honda-rbpt,12,12,0,13,13,61,1,0,0,0,1,0,0,0,0,0,,,,1,24610.0,24610.0,0,0
1143,2025,18,lance-stroll,aston-martin,mercedes,13,13,0,15,15,61,2,0,0,0,1,0,0,0,0,0,,,,1,24012.0,24012.0,0,0
1143,2025,18,alexander-albon,williams,mercedes,14,14,0,,,61,6,0,0,0,1,0,0,0,0,0,,,,1,25732.0,25732.0,0,0
1143,2025,18,liam-lawson,racing-bulls,honda-rbpt,15,15,0,12,12,61,-3,0,0,0,1,0,0,0,0,0,,,,1,24027.0,24027.0,0,0
1143,2025,18,franco-colapinto,alpine,renault,16,16,0,16,16,61,0,0,0,0,1,0,0,0,0,0,,,,1,24040.0,24040.0,0,0
1143,2025,18,gabriel-bortoleto,kick-sauber,ferrari,17,17,0,14,14,61,-3,0,0,0,1,0,0,0,0,0,,,,1,32856.0,32856.0,0,0
1143,2025,18,esteban-ocon,haas,ferrari,18,18,0,17,17,61,-1,0,0,0,1,0,0,0,0,0,,,,1,25078.0,25078.0,0,0
1143,2025,18,pierre-gasly,alpine,renault,19,19,0,,18,61,0,0,0,0,1,0,0,0,0,0,,,,2,25188.0,50771.0,0,0
1143,2025,18,nico-hulkenberg,kick-sauber,ferrari,20,20,0,11,11,61,-9,0,0,0,1,0,0,0,0,0,,,,2,24193.0,56087.0,0,0
1144,2025,19,max-verstappen,red-bull,honda-rbpt,1,1,25.0,1,1,56,0,1,1,1,1,1,0,0,0,0,,5640161.0,,1,23987.0,23987.0,1,1
1144,2025,19,lando-norris,mclaren,mercedes,2,2,18.0,2,2,56,0,0,1,1,1,0,0,0,0,0,,5648120.0,7959.0,1,24580.0,24580.0,0,0
1144,2025,19,charles-leclerc,ferrari,ferrari,3,3,15.0,3,3,56,0,0,1,1,1,0,0,0,1,0,,5655534.0,15373.0,1,23718.0,23718.0,0,0
1144,2025,19,lewis-hamilton,ferrari,ferrari,4,4,12.0,5,5,56,1,0,0,1,1,0,0,0,0,0,,5668697.0,28536.0,1,23937.0,23937.0,0,0
1144,2025,19,oscar-piastri,mclaren,mercedes,5,5,10.0,6,6,56,1,0,0,1,1,0,0,0,0,0,,5669839.0,29678.0,1,23452.0,23452.0,0,0
1144,2025,19,george-russell,mercedes,mercedes,6,6,8.0,4,4,56,-2,0,0,1,1,0,0,0,0,0,,5673617.0,33456.0,1,23555.0,23555.0,0,0
1144,2025,19,yuki-tsunoda,red-bull,honda-rbpt,7,7,6.0,13,13,56,6,0,0,1,1,0,0,0,0,0,,5692875.0,52714.0,1,24539.0,24539.0,0,0
1144,2025,19,nico-hulkenberg,kick-sauber,ferrari,8,8,4.0,11,11,56,3,0,0,1,1,0,0,0,0,0,,5697410.0,57249.0,1,23753.0,23753.0,0,0
1144,2025,19,oliver-bearman,haas,ferrari,9,9,2.0,8,8,56,-1,0,0,1,1,0,0,0,0,0,,5704883.0,64722.0,1,24110.0,24110.0,0,0
1144,2025,19,fernando-alonso,aston-martin,mercedes,10,10,1.0,10,10,56,0,0,0,1,1,0,0,0,0,0,,5710162.0,70001.0,1,24054.0,24054.0,0,0
1144,2025,19,liam-lawson,racing-bulls,honda-rbpt,11,11,0,12,12,56,1,0,0,0,1,0,0,0,0,0,,5713370.0,73209.0,1,23681.0,23681.0,0,0
1144,2025,19,lance-stroll,aston-martin,mercedes,12,12,0,19,18,56,7,0,0,0,1,0,0,0,0,0,,5714939.0,74778.0,1,24192.0,24192.0,0,0
1144,2025,19,kimi-antonelli,mercedes,mercedes,13,13,0,7,7,56,-6,0,0,0,1,0,1,0,0,0,,5715907.0,75746.0,1,23949.0,23949.0,0,0
1144,2025,19,alexander-albon,williams,mercedes,14,14,0,18,19,56,4,0,0,0,1,0,0,0,0,0,,5720161.0,80000.0,2,23763.0,48345.0,0,0
1144,2025,19,esteban-ocon,haas,ferrari,15,15,0,17,17,56,2,0,0,0,1,0,0,0,0,0,,5723204.0,83043.0,1,25060.0,25060.0,0,0
1144,2025,19,isack-hadjar,racing-bulls,honda-rbpt,16,16,0,20,,56,4,0,0,0,1,0,0,0,0,0,,5732968.0,92807.0,1,23831.0,23831.0,0,0
1144,2025,19,franco-colapinto,alpine,renault,17,17,0,15,15,55,-2,0,0,0,1,0,0,0,0,0,,,,1,24045.0,24045.0,0,0
1144,2025,19,gabriel-bortoleto,kick-sauber,ferrari,18,18,0,16,16,55,-2,0,0,0,1,0,0,0,0,0,,,,2,24007.0,49574.0,0,0
1144,2025,19,pierre-gasly,alpine,renault,19,19,0,14,14,55,-5,0,0,0,1,0,0,0,0,0,,,,1,26631.0,26631.0,0,0
1144,2025,19,carlos-sainz-jr,williams,mercedes,,DNF,0,9,9,5,,0,0,0,0,0,0,0,0,1,Collision damage,,,0,,,0,0
1145,2025,20,lando-norris,mclaren,mercedes,1,1,25.0,1,1,71,0,1,1,1,1,1,0,0,0,0,,5878574.0,,1,22567.0,22567.0,1,1
1145,2025,20,charles-leclerc,ferrari,ferrari,2,2,18.0,2,2,71,0,0,1,1,1,0,0,0,0,0,,5908898.0,30324.0,1,22215.0,22215.0,0,0
1145,2025,20,max-verstappen,red-bull,honda-rbpt,3,3,15.0,5,5,71,2,0,1,1,1,0,0,0,0,0,,5909623.0,31049.0,1,22762.0,22762.0,0,0
1145,2025,20,oliver-bearman,haas,ferrari,4,4,12.0,9,10,71,5,0,0,1,1,0,0,0,1,0,,5919529.0,40955.0,2,22174.0,44821.0,0,0
1145,2025,20,oscar-piastri,mclaren,mercedes,5,5,10.0,7,8,71,2,0,0,1,1,0,0,0,0,0,,5920639.0,42065.0,2,22159.0,45370.0,0,0
1145,2025,20,kimi-antonelli,mercedes,mercedes,6,6,8.0,6,6,71,0,0,0,1,1,0,0,0,0,0,,5926411.0,47837.0,2,22476.0,46999.0,0,0
1145,2025,20,george-russell,mercedes,mercedes,7,7,6.0,4,4,71,-3,0,0,1,1,0,1,0,0,0,,5928861.0,50287.0,2,22347.0,44817.0,0,0
1145,2025,20,lewis-hamilton,ferrari,ferrari,8,8,4.0,3,3,71,-5,0,0,1,1,0,0,0,0,0,,5935020.0,56446.0,2,23342.0,56650.0,0,0
1145,2025,20,esteban-ocon,haas,ferrari,9,9,2.0,11,12,71,2,0,0,1,1,0,0,0,0,0,,5954038.0,75464.0,1,23203.0,23203.0,0,0
1145,2025,20,gabriel-bortoleto,kick-sauber,ferrari,10,10,1.0,16,16,71,6,0,0,1,1,0,0,0,0,0,,5955437.0,76863.0,1,22410.0,22410.0,0,0
1145,2025,20,yuki-tsunoda,red-bull,honda-rbpt,11,11,0,10,11,71,-1,0,0,0,1,0,0,0,0,0,,5957622.0,79048.0,1,31630.0,31630.0,0,0
1145,2025,20,alexander-albon,williams,mercedes,12,12,0,17,17,70,5,0,0,0,1,0,0,0,0,0,,,,1,22040.0,22040.0,0,0
1145,2025,20,isack-hadjar,racing-bulls,honda-rbpt,13,13,0,8,9,70,-5,0,0,0,1,0,0,0,0,0,,,,1,22196.0,22196.0,0,0
1145,2025,20,lance-stroll,aston-martin,mercedes,14,14,0,19,19,70,5,0,0,0,1,0,0,0,0,0,,,,2,22071.0,45784.0,0,0
1145,2025,20,pierre-gasly,alpine,renault,15,15,0,18,18,70,3,0,0,0,1,0,0,0,0,0,,,,1,22834.0,22834.0,0,0
1145,2025,20,franco-colapinto,alpine,renault,16,16,0,20,20,70,4,0,0,0,1,0,0,0,0,0,,,,1,22789.0,22789.0,0,0
1145,2025,20,carlos-sainz-jr,williams,mercedes,17,17,0,12,7,67,-5,0,0,0,1,0,0,0,0,0,Accident,,,2,22502.0,53048.0,0,0
1145,2025,20,fernando-alonso,aston-martin,mercedes,,DNF,0,14,14,34,,0,0,0,0,0,0,0,0,1,Brakes,,,1,26816.0,26816.0,0,0
1145,2025,20,nico-hulkenberg,kick-sauber,ferrari,,DNF,0,13,13,25,,0,0,0,0,0,0,0,0,1,Handling,,,0,,,0,0
1145,2025,20,liam-lawson,racing-bulls,honda-rbpt,,DNF,0,15,15,5,,0,0,0,0,0,0,0,0,1,Collision damage,,,1,34212.0,34212.0,0,0
1146,2025,21,lando-norris,mclaren,mercedes,1,1,25.0,1,1,71,0,1,1,1,1,1,0,0,0,0,,5521596.0,,2,23238.0,46728.0,1,1
1146,2025,21,kimi-antonelli,mercedes,mercedes,2,2,18.0,2,2,71,0,0,1,1,1,0,0,0,0,0,,5531984.0,10388.0,2,23356.0,46757.0,0,0
1146,2025,21,max-verstappen,red-bull,honda-rbpt,3,3,15.0,,16,71,16,0,1,1,1,0,0,0,1,0,,5532346.0,10750.0,3,23058.0,69566.0,0,0
1146,2025,21,george-russell,mercedes,mercedes,4,4,12.0,6,6,71,2,0,0,1,1,0,0,0,0,0,,5536863.0,15267.0,2,23128.0,46486.0,0,0
1146,2025,21,oscar-piastri,mclaren,mercedes,5,5,10.0,4,4,71,-1,0,0,1,1,0,0,0,0,0,,5537345.0,15749.0,2,23113.0,57757.0,0,0
1146,2025,21,oliver-bearman,haas,ferrari,6,6,8.0,8,8,71,2,0,0,1,1,0,0,0,0,0,,5551226.0,29630.0,2,23748.0,48402.0,0,0
1146,2025,21,liam-lawson,racing-bulls,honda-rbpt,7,7,6.0,7,7,71,0,0,0,1,1,0,0,0,0,0,,5574238.0,52642.0,1,22899.0,22899.0,0,0
1146,2025,21,isack-hadjar,racing-bulls,honda-rbpt,8,8,4.0,5,5,71,-3,0,0,1,1,0,0,0,0,0,,5574469.0,52873.0,2,23460.0,47168.0,0,0
1146,2025,21,nico-hulkenberg,kick-sauber,ferrari,9,9,2.0,10,10,71,1,0,0,1,1,0,0,0,0,0,,5574920.0,53324.0,1,23086.0,23086.0,0,0
1146,2025,21,pierre-gasly,alpine,renault,10,10,1.0,9,9,71,-1,0,0,1,1,0,0,0,0,0,,5575510.0,53914.0,2,23648.0,47321.0,0,0
1146,2025,21,alexander-albon,williams,mercedes,11,11,0,12,12,71,1,0,0,0,1,0,1,0,0,0,,5575780.0,54184.0,2,23061.0,46173.0,0,0
1146,2025,21,esteban-ocon,haas,ferrari,12,12,0,,17,71,8,0,0,0,1,0,0,0,0,0,,5576292.0,54696.0,2,24177.0,48381.0,0,0
1146,2025,21,carlos-sainz-jr,williams,mercedes,13,13,0,15,15,71,2,0,0,0,1,0,0,0,0,0,,5577016.0,55420.0,2,23234.0,49298.0,0,0
1146,2025,21,fernando-alonso,aston-martin,mercedes,14,14,0,11,11,71,-3,0,0,0,1,0,0,0,0,0,,5577362.0,55766.0,2,23563.0,47505.0,0,0
1146,2025,21,franco-colapinto,alpine,renault,15,15,0,16,18,71,1,0,0,0,1,0,0,0,0,0,,5579373.0,57777.0,2,23710.0,49834.0,0,0
1146,2025,21,lance-stroll,aston-martin,mercedes,16,16,0,14,14,71,-2,0,0,0,1,0,0,0,0,0,,5579843.0,58247.0,2,22968.0,46728.0,0,0
1146,2025,21,yuki-tsunoda,red-bull,honda-rbpt,17,17,0,17,19,71,0,0,0,0,1,0,0,0,0,0,,5590772.0,69176.0,3,22974.0,91000.0,0,0
1146,2025,21,lewis-hamilton,ferrari,ferrari,,DNF,0,13,13,37,,0,0,0,0,0,0,0,0,1,Collision damage,,,3,23426.0,94254.0,0,0
1146,2025,21,charles-leclerc,ferrari,ferrari,,DNF,0,3,3,5,,0,0,0,0,0,0,0,0,1,Collision,,,0,,,0,0
1146,2025,21,gabriel-bortoleto,kick-sauber,ferrari,,DNF,0,18,,0,,0,0,0,0,0,0,0,0,1,Accident,,,0,,,0,0
1147,2025,22,max-verstappen,red-bull,honda-rbpt,1,1,25.0,2,2,50,1,1,1,1,1,0,1,0,1,0,,4868429.0,,1,21708.0,21708.0,0,0
1147,2025,22,george-russell,mercedes,mercedes,2,2,18.0,4,4,50,2,0,1,1,1,0,0,0,0,0,,4891975.0,23546.0,1,20929.0,20929.0,0,0
1147,2025,22,kimi-antonelli,mercedes,mercedes,3,3,15.0,17,17,50,14,0,1,1,1,0,0,0,0,0,,4898917.0,30488.0,1,21968.0,21968.0,0,0
1147,2025,22,charles-leclerc,ferrari,ferrari,4,4,12.0,9,9,50,5,0,0,1,1,0,0,0,0,0,,4899107.0,30678.0,1,21351.0,21351.0,0,0
1147,2025,22,carlos-sainz-jr,williams,mercedes,5,5,10.0,3,3,50,-2,0,0,1,1,0,0,0,0,0,,4903353.0,34924.0,1,21164.0,21164.0,0,0
1147,2025,22,isack-hadjar,racing-bulls,honda-rbpt,6,6,8.0,8,8,50,2,0,0,1,1,0,0,0,0,0,,4913686.0,45257.0,1,21324.0,21324.0,0,0
1147,2025,22,nico-hulkenberg,kick-sauber,ferrari,7,7,6.0,11,11,50,4,0,0,1,1,0,0,0,0,0,,4919563.0,51134.0,1,22333.0,22333.0,0,0
1147,2025,22,lewis-hamilton,ferrari,ferrari,8,8,4.0,19,20,50,11,0,0,1,1,0,0,0,0,0,,4927798.0,59369.0,1,21638.0,21638.0,0,0
1147,2025,22,esteban-ocon,haas,ferrari,9,9,2.0,13,13,50,4,0,0,1,1,0,0,0,0,0,,4929064.0,60635.0,1,22389.0,22389.0,0,0
1147,2025,22,oliver-bearman,haas,ferrari,10,10,1.0,14,14,50,4,0,0,1,1,0,0,0,0,0,,4938978.0,70549.0,1,21491.0,21491.0,0,0
1147,2025,22,fernando-alonso,aston-martin,mercedes,11,11,0,7,7,50,-4,0,0,0,1,0,0,0,0,0,,4953737.0,85308.0,1,21068.0,21068.0,0,0
1147,2025,22,yuki-tsunoda,red-bull,honda-rbpt,12,12,0,,19,50,8,0,0,0,1,0,0,0,0,0,,4955403.0,86974.0,2,20680.0,42063.0,0,0
1147,2025,22,pierre-gasly,alpine,renault,13,13,0,10,10,50,-3,0,0,0,1,0,0,0,0,0,,4960131.0,91702.0,1,23903.0,23903.0,0,0
1147,2025,22,liam-lawson,racing-bulls,honda-rbpt,14,14,0,6,6,49,-8,0,0,0,1,0,0,0,0,0,,,,2,21287.0,54023.0,0,0
1147,2025,22,franco-colapinto,alpine,renault,15,15,0,15,15,49,0,0,0,0,1,0,0,0,0,0,,,,1,22842.0,22842.0,0,0
1147,2025,22,alexander-albon,williams,mercedes,,DNF,0,16,16,35,,0,0,0,0,0,0,0,0,1,Collision damage,,,3,23361.0,82734.0,0,0
1147,2025,22,gabriel-bortoleto,kick-sauber,ferrari,,DNF,0,18,18,2,,0,0,0,0,0,0,0,0,1,Collision,,,1,33230.0,33230.0,0,0
1147,2025,22,lance-stroll,aston-martin,mercedes,,DNF,0,12,12,0,,0,0,0,0,0,0,0,0,1,Collision,,,0,,,0,0
1147,2025,22,lando-norris,mclaren,mercedes,,DSQ,0,1,1,0,,0,0,0,0,1,0,0,0,1,Illegal skid block wear,,,1,21049.0,21049.0,1,0
1147,2025,22,oscar-piastri,mclaren,mercedes,,DSQ,0,5,5,0,,0,0,0,0,0,0,0,0,1,Illegal skid block wear,,,1,21371.0,21371.0,0,0
1148,2025,23,max-verstappen,red-bull,honda-rbpt,1,1,25.0,3,3,57,2,1,1,1,1,0,0,0,1,0,,5078241.0,,2,28168.0,58138.0,0,0
1148,2025,23,oscar-piastri,mclaren,mercedes,2,2,18.0,1,1,57,-1,0,1,1,1,1,1,0,0,0,,5086236.0,7995.0,2,27853.0,56900.0,1,0
1148,2025,23,carlos-sainz-jr,williams,mercedes,3,3,15.0,7,7,57,4,0,1,1,1,0,0,0,0,0,,5100906.0,22665.0,2,28181.0,56741.0,0,0
1148,2025,23,lando-norris,mclaren,mercedes,4,4,12.0,2,2,57,-2,0,0,1,1,0,0,0,0,0,,5101556.0,23315.0,2,27938.0,56181.0,0,0
1148,2025,23,kimi-antonelli,mercedes,mercedes,5,5,10.0,5,5,57,0,0,0,1,1,0,0,0,0,0,,5106558.0,28317.0,2,28544.0,60546.0,0,0
1148,2025,23,george-russell,mercedes,mercedes,6,6,8.0,4,4,57,-2,0,0,1,1,0,0,0,0,0,,5126840.0,48599.0,2,29077.0,62318.0,0,0
1148,2025,23,fernando-alonso,aston-martin,mercedes,7,7,6.0,8,8,57,1,0,0,1,1,0,0,0,0,0,,5132286.0,54045.0,2,28288.0,57223.0,0,0
1148,2025,23,charles-leclerc,ferrari,ferrari,8,8,4.0,10,10,57,2,0,0,1,1,0,0,0,0,0,,5135026.0,56785.0,2,28999.0,59394.0,0,0
1148,2025,23,liam-lawson,racing-bulls,honda-rbpt,9,9,2.0,12,12,57,3,0,0,1,1,0,0,0,0,0,,5138314.0,60073.0,2,28078.0,57071.0,0,0
1148,2025,23,yuki-tsunoda,red-bull,honda-rbpt,10,10,1.0,15,16,57,5,0,0,1,1,0,0,0,0,0,,5140011.0,61770.0,2,28330.0,57518.0,0,0
1148,2025,23,alexander-albon,williams,mercedes,11,11,0,14,15,57,3,0,0,0,1,0,0,0,0,0,,5145172.0,66931.0,2,28890.0,58347.0,0,0
1148,2025,23,lewis-hamilton,ferrari,ferrari,12,12,0,17,18,57,5,0,0,0,1,0,0,0,0,0,,5155971.0,77730.0,2,28541.0,60707.0,0,0
1148,2025,23,gabriel-bortoleto,kick-sauber,ferrari,13,13,0,19,14,57,6,0,0,0,1,0,0,0,0,0,,5163053.0,84812.0,2,28234.0,56705.0,0,0
1148,2025,23,franco-colapinto,alpine,renault,14,14,0,,20,56,6,0,0,0,1,0,0,0,0,0,,,,2,28942.0,58480.0,0,0
1148,2025,23,esteban-ocon,haas,ferrari,15,15,0,16,17,56,1,0,0,0,1,0,0,0,0,0,,,,3,30469.0,99015.0,0,0
1148,2025,23,pierre-gasly,alpine,renault,16,16,0,9,9,56,-7,0,0,0,1,0,0,0,0,0,,,,2,30559.0,61902.0,0,0
1148,2025,23,lance-stroll,aston-martin,mercedes,17,17,0,18,19,55,1,0,0,0,1,0,0,0,0,0,Collision damage,,,3,28064.0,91859.0,0,0
1148,2025,23,isack-hadjar,racing-bulls,honda-rbpt,18,18,0,6,6,55,-12,0,0,0,1,0,0,0,0,0,Puncture,,,2,27931.0,56746.0,0,0
1148,2025,23,oliver-bearman,haas,ferrari,,DNF,0,13,13,41,,0,0,0,0,0,0,0,0,1,Pit stop issue,,,3,28837.0,111582.0,0,0
1148,2025,23,nico-hulkenberg,kick-sauber,ferrari,,DNF,0,11,11,6,,0,0,0,0,0,0,0,0,1,Collision,,,0,,,0,0
1149,2025,24,max-verstappen,red-bull,honda-rbpt,1,1,25.0,1,1,58,0,1,1,1,1,1,0,0,1,0,,5167469.0,,1,21703.0,21703.0,1,1
1149,2025,24,oscar-piastri,mclaren,mercedes,2,2,18.0,3,3,58,1,0,1,1,1,0,0,0,0,0,,5180063.0,12594.0,1,21565.0,21565.0,0,0
1149,2025,24,lando-norris,mclaren,mercedes,3,3,15.0,2,2,58,-1,0,1,1,1,0,0,0,0,0,,5184041.0,16572.0,2,21323.0,42730.0,0,0
1149,2025,24,charles-leclerc,ferrari,ferrari,4,4,12.0,5,5,58,1,0,0,1,1,0,1,0,0,0,,5190748.0,23279.0,2,20902.0,42594.0,0,0
1149,2025,24,george-russell,mercedes,mercedes,5,5,10.0,4,4,58,-1,0,0,1,1,0,0,0,0,0,,5216032.0,48563.0,1,21979.0,21979.0,0,0
1149,2025,24,fernando-alonso,aston-martin,mercedes,6,6,8.0,6,6,58,0,0,0,1,1,0,0,0,0,0,,5235031.0,67562.0,1,23267.0,23267.0,0,0
1149,2025,24,esteban-ocon,haas,ferrari,7,7,6.0,8,8,58,1,0,0,1,1,0,0,0,0,0,,5237345.0,69876.0,1,22254.0,22254.0,0,0
1149,2025,24,lewis-hamilton,ferrari,ferrari,8,8,4.0,16,16,58,8,0,0,1,1,0,0,0,0,0,,5240139.0,72670.0,2,21417.0,43018.0,0,0
1149,2025,24,nico-hulkenberg,kick-sauber,ferrari,9,9,2.0,18,18,58,9,0,0,1,1,0,0,0,0,0,,5246483.0,79014.0,2,21468.0,43087.0,0,0
1149,2025,24,lance-stroll,aston-martin,mercedes,10,10,1.0,15,15,58,5,0,0,1,1,0,0,0,0,0,,5246992.0,79523.0,1,21535.0,21535.0,0,0
1149,2025,24,gabriel-bortoleto,kick-sauber,ferrari,11,11,0,7,7,58,-4,0,0,0,1,0,0,0,0,0,,5248512.0,81043.0,1,22121.0,22121.0,0,0
1149,2025,24,oliver-bearman,haas,ferrari,12,12,0,11,11,58,-1,0,0,0,1,0,0,0,0,0,,5248635.0,81166.0,1,22263.0,22263.0,0,0
1149,2025,24,carlos-sainz-jr,williams,mercedes,13,13,0,12,12,58,-1,0,0,0,1,0,0,0,0,0,,5249627.0,82158.0,1,21799.0,21799.0,0,0
1149,2025,24,yuki-tsunoda,red-bull,honda-rbpt,14,14,0,10,10,58,-4,0,0,0,1,0,0,0,0,0,,5251263.0,83794.0,1,27041.0,27041.0,0,0
1149,2025,24,kimi-antonelli,mercedes,mercedes,15,15,0,14,14,58,-1,0,0,0,1,0,0,0,0,0,,5251868.0,84399.0,1,22155.0,22155.0,0,0
1149,2025,24,alexander-albon,williams,mercedes,16,16,0,17,17,58,1,0,0,0,1,0,0,0,0,0,,5257796.0,90327.0,2,21495.0,43046.0,0,0
1149,2025,24,isack-hadjar,racing-bulls,honda-rbpt,17,17,0,9,9,57,-8,0,0,0,1,0,0,0,0,0,,,,1,21932.0,21932.0,0,0
1149,2025,24,liam-lawson,racing-bulls,honda-rbpt,18,18,0,13,13,57,-5,0,0,0,1,0,0,0,0,0,,,,1,28369.0,28369.0,0,0
1149,2025,24,pierre-gasly,alpine,renault,19,19,0,19,19,57,0,0,0,0,1,0,0,0,0,0,,,,2,22234.0,44819.0,0,0
1149,2025,24,franco-colapinto,alpine,renault,20,20,0,20,20,57,0,0,0,0,1,0,0,0,0,0,,,,2,21953.0,44908.0,0,0
1150,2026,1,george-russell,mercedes,mercedes,1,1,25.0,1,1,58,0,1,1,1,1,1,0,0,0,0,,4986801.0,,1,17794.0,17794.0,1,1
1150,2026,1,kimi-antonelli,mercedes,mercedes,2,2,18.0,2,2,58,0,0,1,1,1,0,0,0,0,0,,4989775.0,2974.0,1,20985.0,20985.0,0,0
1150,2026,1,charles-leclerc,ferrari,ferrari,3,3,15.0,4,4,58,1,0,1,1,1,0,0,0,0,0,,5002320.0,15519.0,1,17664.0,17664.0,0,0
1150,2026,1,lewis-hamilton,ferrari,ferrari,4,4,12.0,7,7,58,3,0,0,1,1,0,0,0,0,0,,5002945.0,16144.0,1,17741.0,17741.0,0,0
1150,2026,1,lando-norris,mclaren,mercedes,5,5,10.0,6,6,58,1,0,0,1,1,0,0,0,0,0,,5038542.0,51741.0,2,17649.0,35915.0,0,0
1150,2026,1,max-verstappen,red-bull,red-bull-ford,6,6,8.0,20,,58,14,0,0,1,1,0,1,0,1,0,,5041418.0,54617.0,2,18078.0,37148.0,0,0
1150,2026,1,oliver-bearman,haas,ferrari,7,7,6.0,12,12,57,5,0,0,1,1,0,0,0,0,0,,,,1,18774.0,18774.0,0,0
1150,2026,1,arvid-lindblad,racing-bulls,red-bull-ford,8,8,4.0,9,9,57,1,0,0,1,1,0,0,0,0,0,,,,1,18506.0,18506.0,0,0
1150,2026,1,gabriel-bortoleto,audi,audi,9,9,2.0,10,10,57,1,0,0,1,1,0,0,0,0,0,,,,2,18916.0,41535.0,0,0
1150,2026,1,pierre-gasly,alpine,mercedes,10,10,1.0,14,14,57,4,0,0,1,1,0,0,0,0,0,,,,1,18672.0,18672.0,0,0
1150,2026,1,esteban-ocon,haas,ferrari,11,11,0,13,13,57,2,0,0,0,1,0,0,0,0,0,,,,1,18570.0,18570.0,0,0
1150,2026,1,alexander-albon,williams,mercedes,12,12,0,15,15,57,3,0,0,0,1,0,0,0,0,0,,,,2,18118.0,36522.0,0,0
1150,2026,1,liam-lawson,racing-bulls,red-bull-ford,13,13,0,8,8,57,-5,0,0,0,1,0,0,0,0,0,,,,2,18190.0,37302.0,0,0
1150,2026,1,franco-colapinto,alpine,mercedes,14,14,0,16,16,56,2,0,0,0,1,0,0,0,0,0,,,,2,18561.0,46294.0,0,0
1150,2026,1,carlos-sainz-jr,williams,mercedes,15,15,0,21,,56,6,0,0,0,1,0,0,0,0,0,,,,3,19859.0,80413.0,0,0
1150,2026,1,sergio-perez,cadillac,ferrari,16,16,0,18,18,55,2,0,0,0,1,0,0,0,0,0,,,,2,18951.0,40322.0,0,0
1150,2026,1,lance-stroll,aston-martin,honda,,NC,0,22,,43,,0,0,0,0,0,0,0,0,1,,,,3,22469.0,92337.0,0,0
1150,2026,1,fernando-alonso,aston-martin,honda,,DNF,0,17,17,21,,0,0,0,0,0,0,0,0,1,Mechanical,,,1,25895.0,25895.0,0,0
1150,2026,1,valtteri-bottas,cadillac,ferrari,,DNF,0,19,19,15,,0,0,0,0,0,0,0,0,1,Fuel system,,,1,30387.0,30387.0,0,0
1150,2026,1,isack-hadjar,red-bull,red-bull-ford,,DNF,0,3,3,10,,0,0,0,0,0,0,0,0,1,Engine,,,0,,,0,0
1150,2026,1,oscar-piastri,mclaren,mercedes,,DNS,0,5,5,0,,0,0,0,0,0,0,0,0,1,Accident,,,0,,,0,0
1150,2026,1,nico-hulkenberg,audi,audi,,DNS,0,11,11,0,,0,0,0,0,0,0,0,0,1,Hydraulics,,,0,,,0,0
1151,2026,2,kimi-antonelli,mercedes,mercedes,1,1,25.0,1,1,56,0,1,1,1,1,1,1,0,1,0,,5595607.0,,1,23005.0,23005.0,1,1
1151,2026,2,george-russell,mercedes,mercedes,2,2,18.0,2,2,56,0,0,1,1,1,0,0,0,0,0,,5601122.0,5515.0,1,23390.0,23390.0,0,0
1151,2026,2,lewis-hamilton,ferrari,ferrari,3,3,15.0,3,3,56,0,0,1,1,1,0,0,0,0,0,,5620874.0,25267.0,1,22433.0,22433.0,0,0
1151,2026,2,charles-leclerc,ferrari,ferrari,4,4,12.0,4,4,56,0,0,0,1,1,0,0,0,0,0,,5624501.0,28894.0,1,25633.0,25633.0,0,0
1151,2026,2,oliver-bearman,haas,ferrari,5,5,10.0,10,10,56,5,0,0,1,1,0,0,0,0,0,,5652875.0,57268.0,1,22967.0,22967.0,0,0
1151,2026,2,pierre-gasly,alpine,mercedes,6,6,8.0,7,7,56,1,0,0,1,1,0,0,0,0,0,,5655254.0,59647.0,1,23539.0,23539.0,0,0
1151,2026,2,liam-lawson,racing-bulls,red-bull-ford,7,7,6.0,14,14,56,7,0,0,1,1,0,0,0,0,0,,5676195.0,80588.0,1,22721.0,22721.0,0,0
1151,2026,2,isack-hadjar,red-bull,red-bull-ford,8,8,4.0,9,9,56,1,0,0,1,1,0,0,0,0,0,,5682854.0,87247.0,2,23062.0,48810.0,0,0
1151,2026,2,carlos-sainz-jr,williams,mercedes,9,9,2.0,17,17,55,8,0,0,1,1,0,0,0,0,0,,,,1,23106.0,23106.0,0,0
1151,2026,2,franco-colapinto,alpine,mercedes,10,10,1.0,12,12,55,2,0,0,1,1,0,0,0,0,0,,,,1,23195.0,23195.0,0,0
1151,2026,2,nico-hulkenberg,audi,audi,11,11,0,11,11,55,0,0,0,0,1,0,0,0,0,0,,,,1,37358.0,37358.0,0,0
1151,2026,2,arvid-lindblad,racing-bulls,red-bull-ford,12,12,0,15,15,55,3,0,0,0,1,0,0,0,0,0,,,,1,23290.0,23290.0,0,0
1151,2026,2,valtteri-bottas,cadillac,ferrari,13,13,0,19,20,55,6,0,0,0,1,0,0,0,0,0,,,,1,27795.0,27795.0,0,0
1151,2026,2,esteban-ocon,haas,ferrari,14,14,0,13,13,55,-1,0,0,0,1,0,0,0,0,0,,,,2,25997.0,73064.0,0,0
1151,2026,2,sergio-perez,cadillac,ferrari,15,15,0,21,22,55,6,0,0,0,1,0,0,0,0,0,,,,1,26213.0,26213.0,0,0
1151,2026,2,max-verstappen,red-bull,red-bull-ford,,DNF,0,8,8,45,,0,0,0,0,0,0,0,0,1,Coolant leak,,,1,23678.0,23678.0,0,0
1151,2026,2,fernando-alonso,aston-martin,honda,,DNF,0,18,19,32,,0,0,0,0,0,0,0,0,1,Vibrations,,,1,23291.0,23291.0,0,0
1151,2026,2,lance-stroll,aston-martin,honda,,DNF,0,20,21,9,,0,0,0,0,0,0,0,0,1,Battery,,,0,,,0,0
1151,2026,2,oscar-piastri,mclaren,mercedes,,DNS,0,5,5,0,,0,0,0,0,0,0,0,0,1,Electrical,,,0,,,0,0
1151,2026,2,lando-norris,mclaren,mercedes,,DNS,0,6,6,0,,0,0,0,0,0,0,0,0,1,Electrical,,,0,,,0,0
1151,2026,2,gabriel-bortoleto,audi,audi,,DNS,0,16,16,0,,0,0,0,0,0,0,0,0,1,Hydraulics,,,0,,,0,0
1151,2026,2,alexander-albon,williams,mercedes,,DNS,0,,18,0,,0,0,0,0,0,0,0,0,1,Hydraulics,,,0,,,0,0
1152,2026,3,kimi-antonelli,mercedes,mercedes,1,1,25.0,1,1,53,0,1,1,1,1,1,1,0,0,0,,5283403.0,,1,23288.0,23288.0,1,1
1152,2026,3,oscar-piastri,mclaren,mercedes,2,2,18.0,3,3,53,1,0,1,1,1,0,0,0,1,0,,5297125.0,13722.0,1,23444.0,23444.0,0,0
1152,2026,3,charles-leclerc,ferrari,ferrari,3,3,15.0,4,4,53,1,0,1,1,1,0,0,0,0,0,,5298673.0,15270.0,1,22992.0,22992.0,0,0
1152,2026,3,george-russell,mercedes,mercedes,4,4,12.0,2,2,53,-2,0,0,1,1,0,0,0,0,0,,5299157.0,15754.0,1,22937.0,22937.0,0,0
1152,2026,3,lando-norris,mclaren,mercedes,5,5,10.0,5,5,53,0,0,0,1,1,0,0,0,0,0,,5306882.0,23479.0,1,23316.0,23316.0,0,0
1152,2026,3,lewis-hamilton,ferrari,ferrari,6,6,8.0,6,6,53,0,0,0,1,1,0,0,0,0,0,,5308440.0,25037.0,1,22891.0,22891.0,0,0
1152,2026,3,pierre-gasly,alpine,mercedes,7,7,6.0,7,7,53,0,0,0,1,1,0,0,0,0,0,,5315743.0,32340.0,1,24304.0,24304.0,0,0
1152,2026,3,max-verstappen,red-bull,red-bull-ford,8,8,4.0,11,11,53,3,0,0,1,1,0,0,0,0,0,,5316080.0,32677.0,1,24490.0,24490.0,0,0
1152,2026,3,liam-lawson,racing-bulls,red-bull-ford,9,9,2.0,14,14,53,5,0,0,1,1,0,0,0,0,0,,5333583.0,50180.0,1,24165.0,24165.0,0,0
1152,2026,3,esteban-ocon,haas,ferrari,10,10,1.0,12,12,53,2,0,0,1,1,0,0,0,0,0,,5334619.0,51216.0,1,24629.0,24629.0,0,0
1152,2026,3,nico-hulkenberg,audi,audi,11,11,0,13,13,53,2,0,0,0,1,0,0,0,0,0,,5335683.0,52280.0,1,23999.0,23999.0,0,0
1152,2026,3,isack-hadjar,red-bull,red-bull-ford,12,12,0,8,8,53,-4,0,0,0,1,0,0,0,0,0,,5339557.0,56154.0,1,23698.0,23698.0,0,0
1152,2026,3,gabriel-bortoleto,audi,audi,13,13,0,9,9,53,-4,0,0,0,1,0,0,0,0,0,,5342481.0,59078.0,1,24630.0,24630.0,0,0
1152,2026,3,arvid-lindblad,racing-bulls,red-bull-ford,14,14,0,10,10,53,-4,0,0,0,1,0,0,0,0,0,,5343251.0,59848.0,1,26335.0,26335.0,0,0
1152,2026,3,carlos-sainz-jr,williams,mercedes,15,15,0,16,16,53,1,0,0,0,1,0,0,0,0,0,,5348411.0,65008.0,1,24396.0,24396.0,0,0
1152,2026,3,franco-colapinto,alpine,mercedes,16,16,0,15,15,53,-1,0,0,0,1,0,0,0,0,0,,5349176.0,65773.0,1,23649.0,23649.0,0,0
1152,2026,3,sergio-perez,cadillac,ferrari,17,17,0,19,19,53,2,0,0,0,1,0,0,0,0,0,,5375856.0,92453.0,1,27307.0,27307.0,0,0
1152,2026,3,fernando-alonso,aston-martin,honda,18,18,0,21,21,52,3,0,0,0,1,0,0,0,0,0,,,,2,24014.0,50472.0,0,0
1152,2026,3,valtteri-bottas,cadillac,ferrari,19,19,0,20,20,52,1,0,0,0,1,0,0,0,0,0,,,,1,25129.0,25129.0,0,0
1152,2026,3,alexander-albon,williams,mercedes,20,20,0,17,17,51,-3,0,0,0,1,0,0,0,0,0,,,,3,23072.0,72009.0,0,0
1152,2026,3,lance-stroll,aston-martin,honda,,DNF,0,22,22,30,,0,0,0,0,0,0,0,0,1,Mechanical,,,2,23501.0,48584.0,0,0
1152,2026,3,oliver-bearman,haas,ferrari,,DNF,0,18,18,20,,0,0,0,0,0,0,0,0,1,Accident,,,1,25081.0,25081.0,0,0
1153,2026,4,kimi-antonelli,mercedes,mercedes,1,1,25.0,1,1,57,0,1,1,1,1,1,0,0,0,0,,5599273.0,,1,22128.0,22128.0,1,1
1153,2026,4,lando-norris,mclaren,mercedes,2,2,18.0,4,4,57,2,0,1,1,1,0,1,0,0,0,,5602537.0,3264.0,1,22565.0,22565.0,0,0
1153,2026,4,oscar-piastri,mclaren,mercedes,3,3,15.0,7,7,57,4,0,1,1,1,0,0,0,0,0,,5626365.0,27092.0,1,23024.0,23024.0,0,0
1153,2026,4,george-russell,mercedes,mercedes,4,4,12.0,5,5,57,1,0,0,1,1,0,0,0,0,0,,5642324.0,43051.0,1,22042.0,22042.0,0,0
1153,2026,4,max-verstappen,red-bull,red-bull-ford,5,5,10.0,2,2,57,-3,0,0,1,1,0,0,0,1,0,,5648222.0,48949.0,1,22547.0,22547.0,0,0
1153,2026,4,lewis-hamilton,ferrari,ferrari,6,6,8.0,6,6,57,0,0,0,1,1,0,0,0,0,0,,5653026.0,53753.0,1,23779.0,23779.0,0,0
1153,2026,4,franco-colapinto,alpine,mercedes,7,7,6.0,8,8,57,1,0,0,1,1,0,0,0,0,0,,5661144.0,61871.0,1,23093.0,23093.0,0,0
1153,2026,4,charles-leclerc,ferrari,ferrari,8,8,4.0,3,3,57,-5,0,0,1,1,0,0,0,0,0,,5663518.0,64245.0,1,23386.0,23386.0,0,0
1153,2026,4,carlos-sainz-jr,williams,mercedes,9,9,2.0,13,13,57,4,0,0,1,1,0,0,0,0,0,,5681345.0,82072.0,1,23595.0,23595.0,0,0
1153,2026,4,alexander-albon,williams,mercedes,10,10,1.0,15,15,57,5,0,0,1,1,0,0,0,0,0,,5690245.0,90972.0,1,23016.0,23016.0,0,0
1153,2026,4,oliver-bearman,haas,ferrari,11,11,0,12,12,56,1,0,0,0,1,0,0,0,0,0,,,,1,23474.0,23474.0,0,0
1153,2026,4,gabriel-bortoleto,audi,audi,12,12,0,21,21,56,9,0,0,0,1,0,0,0,0,0,,,,1,23986.0,23986.0,0,0
1153,2026,4,esteban-ocon,haas,ferrari,13,13,0,14,14,56,1,0,0,0,1,0,0,0,0,0,,,,1,24027.0,24027.0,0,0
1153,2026,4,arvid-lindblad,racing-bulls,red-bull-ford,14,14,0,16,16,56,2,0,0,0,1,0,0,0,0,0,,,,1,22731.0,22731.0,0,0
1153,2026,4,fernando-alonso,aston-martin,honda,15,15,0,17,17,56,2,0,0,0,1,0,0,0,0,0,,,,1,23160.0,23160.0,0,0
1153,2026,4,sergio-perez,cadillac,ferrari,16,16,0,20,20,56,4,0,0,0,1,0,0,0,0,0,,,,1,23228.0,23228.0,0,0
1153,2026,4,lance-stroll,aston-martin,honda,17,17,0,18,18,56,1,0,0,0,1,0,0,0,0,0,,,,2,22090.0,44720.0,0,0
1153,2026,4,valtteri-bottas,cadillac,ferrari,18,18,0,19,19,55,1,0,0,0,1,0,0,0,0,0,,,,2,23529.0,47356.0,0,0
1153,2026,4,nico-hulkenberg,audi,audi,,DNF,0,10,10,7,,0,0,0,0,0,0,0,0,1,Overheating,,,1,33710.0,33710.0,0,0
1153,2026,4,liam-lawson,racing-bulls,red-bull-ford,,DNF,0,11,11,6,,0,0,0,0,0,0,0,0,1,Gearbox,,,0,,,0,0
1153,2026,4,pierre-gasly,alpine,mercedes,,DNF,0,9,9,4,,0,0,0,0,0,0,0,0,1,Collision,,,0,,,0,0
1153,2026,4,isack-hadjar,red-bull,red-bull-ford,,DNF,0,,,4,,0,0,0,0,0,0,0,0,1,Accident,,,0,,,0,0
1154,2026,5,kimi-antonelli,mercedes,mercedes,1,1,25.0,2,2,68,1,1,1,1,1,0,1,0,0,0,,5295758.0,,1,25153.0,25153.0,0,0
1154,2026,5,lewis-hamilton,ferrari,ferrari,2,2,18.0,5,5,68,3,0,1,1,1,0,0,0,1,0,,5306526.0,10768.0,1,25936.0,25936.0,0,0
1154,2026,5,max-verstappen,red-bull,red-bull-ford,3,3,15.0,6,6,68,3,0,1,1,1,0,0,0,0,0,,5307034.0,11276.0,1,25199.0,25199.0,0,0
1154,2026,5,charles-leclerc,ferrari,ferrari,4,4,12.0,8,8,68,4,0,0,1,1,0,0,0,0,0,,5339909.0,44151.0,1,30114.0,30114.0,0,0
1154,2026,5,isack-hadjar,red-bull,red-bull-ford,5,5,10.0,7,7,67,2,0,0,1,1,0,0,0,0,0,,,,1,24902.0,24902.0,0,0
1154,2026,5,franco-colapinto,alpine,mercedes,6,6,8.0,10,10,67,4,0,0,1,1,0,0,0,0,0,,,,1,25640.0,25640.0,0,0
1154,2026,5,liam-lawson,racing-bulls,red-bull-ford,7,7,6.0,12,12,67,5,0,0,1,1,0,0,0,0,0,,,,1,24177.0,24177.0,0,0
1154,2026,5,pierre-gasly,alpine,mercedes,8,8,4.0,14,14,67,6,0,0,1,1,0,0,0,0,0,,,,1,25644.0,25644.0,0,0
1154,2026,5,carlos-sainz-jr,williams,mercedes,9,9,2.0,15,15,67,6,0,0,1,1,0,0,0,0,0,,,,1,24751.0,24751.0,0,0
1154,2026,5,oliver-bearman,haas,ferrari,10,10,1.0,16,16,67,6,0,0,1,1,0,0,0,0,0,,,,0,,,0,0
1154,2026,5,oscar-piastri,mclaren,mercedes,11,11,0,4,4,66,-7,0,0,0,1,0,0,0,0,0,,,,3,24121.0,96851.0,0,0
1154,2026,5,nico-hulkenberg,audi,audi,12,12,0,11,11,66,-1,0,0,0,1,0,0,0,0,0,,,,2,24952.0,55976.0,0,0
1154,2026,5,gabriel-bortoleto,audi,audi,13,13,0,13,13,66,0,0,0,0,1,0,0,0,0,0,,,,2,24766.0,52944.0,0,0
1154,2026,5,esteban-ocon,haas,ferrari,14,14,0,17,17,66,3,0,0,0,1,0,0,0,0,0,,,,2,24833.0,60184.0,0,0
1154,2026,5,lance-stroll,aston-martin,honda,15,15,0,,21,64,7,0,0,0,1,0,0,0,0,0,,,,2,24146.0,48395.0,0,0
1154,2026,5,valtteri-bottas,cadillac,ferrari,16,16,0,21,22,64,5,0,0,0,1,0,0,0,0,0,,,,4,24413.0,108619.0,0,0
1154,2026,5,sergio-perez,cadillac,ferrari,,DNF,0,20,20,39,,0,0,0,0,0,0,0,0,1,Suspension,,,3,24984.0,75874.0,0,0
1154,2026,5,lando-norris,mclaren,mercedes,,DNF,0,3,3,38,,0,0,0,0,0,0,0,0,1,Gearbox,,,2,23418.0,52277.0,0,0
1154,2026,5,george-russell,mercedes,mercedes,,DNF,0,1,1,29,,0,0,0,0,1,0,0,0,1,Engine,,,0,,,1,0
1154,2026,5,fernando-alonso,aston-martin,honda,,DNF,0,19,19,23,,0,0,0,0,0,0,0,0,1,Broken seat,,,1,24709.0,24709.0,0,0
1154,2026,5,alexander-albon,williams,mercedes,,DNF,0,18,18,11,,0,0,0,0,0,0,0,0,1,Collision,,,0,,,0,0
1154,2026,5,arvid-lindblad,racing-bulls,red-bull-ford,,DNS,0,9,9,0,,0,0,0,0,0,0,0,0,1,Gearbox,,,0,,,0,0
1155,2026,6,kimi-antonelli,mercedes,mercedes,1,1,25.0,1,1,78,0,1,1,1,1,1,1,1,1,0,,8611243.0,,2,24136.0,51014.0,1,1
1155,2026,6,lewis-hamilton,ferrari,ferrari,2,2,18.0,3,3,78,1,0,1,1,1,0,0,0,0,0,,8617514.0,6271.0,2,24138.0,55365.0,0,0
1155,2026,6,isack-hadjar,red-bull,red-bull-ford,3,3,15.0,5,5,78,2,0,1,1,1,0,0,0,0,0,,8634637.0,23394.0,1,24784.0,24784.0,0,0
1155,2026,6,oscar-piastri,mclaren,mercedes,4,4,12.0,7,7,78,3,0,0,1,1,0,0,0,0,0,,8635504.0,24261.0,2,24244.0,55665.0,0,0
1155,2026,6,liam-lawson,racing-bulls,red-bull-ford,5,5,10.0,10,10,78,5,0,0,1,1,0,0,0,0,0,,8637796.0,26553.0,1,25622.0,25622.0,0,0
1155,2026,6,arvid-lindblad,racing-bulls,red-bull-ford,6,6,8.0,15,15,78,9,0,0,1,1,0,0,0,0,0,,8640253.0,29010.0,0,,,0,0
1155,2026,6,pierre-gasly,alpine,mercedes,7,7,6.0,9,9,78,2,0,0,1,1,0,0,0,0,0,,8641612.0,30369.0,1,25547.0,25547.0,0,0
1155,2026,6,alexander-albon,williams,mercedes,8,8,4.0,11,11,78,3,0,0,1,1,0,0,0,0,0,,8644656.0,33413.0,1,25553.0,25553.0,0,0
1155,2026,6,esteban-ocon,haas,ferrari,9,9,2.0,17,17,78,8,0,0,1,1,0,0,0,0,0,,8648383.0,37140.0,1,25482.0,25482.0,0,0
1155,2026,6,fernando-alonso,aston-martin,honda,10,10,1.0,21,21,78,11,0,0,1,1,0,0,0,0,0,,8653142.0,41899.0,2,24975.0,51309.0,0,0
1155,2026,6,gabriel-bortoleto,audi,audi,11,11,0,,16,78,5,0,0,0,1,0,0,0,0,0,,8653991.0,42748.0,3,24690.0,75441.0,0,0
1155,2026,6,george-russell,mercedes,mercedes,12,12,0,6,6,78,-6,0,0,0,1,0,0,0,0,0,,8654596.0,43353.0,2,24029.0,59287.0,0,0
1155,2026,6,nico-hulkenberg,audi,audi,13,13,0,13,13,78,0,0,0,0,1,0,0,0,0,0,,8655345.0,44102.0,1,24810.0,24810.0,0,0
1155,2026,6,franco-colapinto,alpine,mercedes,14,14,0,14,14,78,0,0,0,0,1,0,0,0,0,0,,8660207.0,48964.0,1,25797.0,25797.0,0,0
1155,2026,6,sergio-perez,cadillac,ferrari,15,15,0,18,18,78,3,0,0,0,1,0,0,0,0,0,,8660396.0,49153.0,2,26005.0,53143.0,0,0
1155,2026,6,carlos-sainz-jr,williams,mercedes,16,16,0,12,12,70,-4,0,0,0,1,0,0,0,0,0,Collision damage,,,1,25662.0,25662.0,0,0
1155,2026,6,charles-leclerc,ferrari,ferrari,,DNF,0,4,4,64,,0,0,0,0,0,0,0,0,1,Accident,,,2,25377.0,60284.0,0,0
1155,2026,6,lance-stroll,aston-martin,honda,,DNF,0,22,22,56,,0,0,0,0,0,0,0,0,1,Accident,,,1,24803.0,24803.0,0,0
1155,2026,6,lando-norris,mclaren,mercedes,,DNF,0,8,8,43,,0,0,0,0,0,0,0,0,1,Battery,,,0,,,0,0
1155,2026,6,oliver-bearman,haas,ferrari,,DNF,0,19,19,27,,0,0,0,0,0,0,0,0,1,Brakes,,,1,32127.0,32127.0,0,0
1155,2026,6,valtteri-bottas,cadillac,ferrari,,DNF,0,20,20,15,,0,0,0,0,0,0,0,0,1,Brakes,,,1,26759.0,26759.0,0,0
1155,2026,6,max-verstappen,red-bull,red-bull-ford,,DNF,0,2,2,0,,0,0,0,0,0,0,0,0,1,Engine,,,0,,,0,0
1156,2026,7,lewis-hamilton,ferrari,ferrari,1,1,25.0,2,2,66,1,1,1,1,1,0,1,0,1,0,,5548105.0,,3,22477.0,67794.0,0,0
1156,2026,7,george-russell,mercedes,mercedes,2,2,18.0,1,1,66,-1,0,1,1,1,1,0,0,0,0,,5567666.0,19561.0,2,21677.0,43757.0,1,0
1156,2026,7,lando-norris,mclaren,mercedes,3,3,15.0,4,4,66,1,0,1,1,1,0,0,0,0,0,,5571824.0,23719.0,2,21791.0,43832.0,0,0
1156,2026,7,max-verstappen,red-bull,red-bull-ford,4,4,12.0,5,5,66,1,0,0,1,1,0,0,0,0,0,,5588602.0,40497.0,3,22273.0,69248.0,0,0
1156,2026,7,oscar-piastri,mclaren,mercedes,5,5,10.0,7,7,66,2,0,0,1,1,0,0,0,0,0,,5606766.0,58661.0,2,21776.0,44437.0,0,0
1156,2026,7,isack-hadjar,red-bull,red-bull-ford,6,6,8.0,6,6,65,0,0,0,1,1,0,0,0,0,0,,,,3,21949.0,66921.0,0,0
1156,2026,7,pierre-gasly,alpine,mercedes,7,7,6.0,14,14,65,7,0,0,1,1,0,0,0,0,0,,,,2,22682.0,45992.0,0,0
1156,2026,7,liam-lawson,racing-bulls,red-bull-ford,8,8,4.0,8,8,65,0,0,0,1,1,0,0,0,0,0,,,,2,23172.0,49155.0,0,0
1156,2026,7,arvid-lindblad,racing-bulls,red-bull-ford,9,9,2.0,11,11,65,2,0,0,1,1,0,0,0,0,0,,,,2,22476.0,46486.0,0,0
1156,2026,7,franco-colapinto,alpine,mercedes,10,10,1.0,13,13,65,3,0,0,1,1,0,0,0,0,0,,,,2,22290.0,45273.0,0,0
1156,2026,7,gabriel-bortoleto,audi,audi,11,11,0,12,12,64,1,0,0,0,1,0,0,0,0,0,,,,3,22285.0,70983.0,0,0
1156,2026,7,carlos-sainz-jr,williams,mercedes,12,12,0,16,16,64,4,0,0,0,1,0,0,0,0,0,,,,3,22595.0,68344.0,0,0
1156,2026,7,esteban-ocon,haas,ferrari,13,13,0,17,17,64,4,0,0,0,1,0,0,0,0,0,,,,3,22965.0,72670.0,0,0
1156,2026,7,sergio-perez,cadillac,ferrari,14,14,0,19,19,63,5,0,0,0,1,0,0,0,0,0,,,,3,23912.0,73149.0,0,0
1156,2026,7,charles-leclerc,ferrari,ferrari,15,15,0,10,10,62,-5,0,0,0,1,0,0,0,0,0,Hydraulics,,,2,22125.0,44374.0,0,0
1156,2026,7,kimi-antonelli,mercedes,mercedes,16,16,0,3,3,61,-13,0,0,0,1,0,0,0,0,0,Electrical,,,2,22038.0,44248.0,0,0
1156,2026,7,oliver-bearman,haas,ferrari,17,17,0,15,15,60,-2,0,0,0,1,0,0,0,0,0,Engine,,,2,23118.0,47019.0,0,0
1156,2026,7,alexander-albon,williams,mercedes,,NC,0,18,18,55,,0,0,0,0,0,0,0,0,1,,,,3,22027.0,68735.0,0,0
1156,2026,7,fernando-alonso,aston-martin,honda,,DNF,0,,22,37,,0,0,0,0,0,0,0,0,1,Battery,,,1,22220.0,22220.0,0,0
1156,2026,7,nico-hulkenberg,audi,audi,,DNF,0,9,9,29,,0,0,0,0,0,0,0,0,1,Safety switch,,,1,22869.0,22869.0,0,0
1156,2026,7,valtteri-bottas,cadillac,ferrari,,DNF,0,20,20,15,,0,0,0,0,0,0,0,0,1,Overheating,,,1,23280.0,23280.0,0,0
1156,2026,7,lance-stroll,aston-martin,honda,,DNF,0,21,21,5,,0,0,0,0,0,0,0,0,1,Gearbox,,,0,,,0,0
1157,2026,8,george-russell,mercedes,mercedes,1,1,25.0,1,1,71,0,1,1,1,1,1,0,0,0,0,,5197979.0,,2,21204.0,42425.0,1,1
1157,2026,8,max-verstappen,red-bull,red-bull-ford,2,2,18.0,5,5,71,3,0,1,1,1,0,0,0,1,0,,5199590.0,1611.0,2,21252.0,42569.0,0,0
1157,2026,8,kimi-antonelli,mercedes,mercedes,3,3,15.0,4,4,71,1,0,1,1,1,0,1,0,0,0,,5199965.0,1986.0,2,21413.0,42915.0,0,0
1157,2026,8,oscar-piastri,mclaren,mercedes,4,4,12.0,7,7,71,3,0,0,1,1,0,0,0,0,0,,5219788.0,21809.0,2,21209.0,43286.0,0,0
1157,2026,8,lewis-hamilton,ferrari,ferrari,5,5,10.0,3,3,71,-2,0,0,1,1,0,0,0,0,0,,5224372.0,26393.0,3,21250.0,63886.0,0,0
1157,2026,8,isack-hadjar,red-bull,red-bull-ford,6,6,8.0,8,8,71,2,0,0,1,1,0,0,0,0,0,,5227378.0,29399.0,2,21268.0,43038.0,0,0
1157,2026,8,lando-norris,mclaren,mercedes,7,7,6.0,6,6,71,-1,0,0,1,1,0,0,0,0,0,,5229484.0,31505.0,2,21578.0,43394.0,0,0
1157,2026,8,charles-leclerc,ferrari,ferrari,8,8,4.0,2,2,71,-6,0,0,1,1,0,0,0,0,0,,5243638.0,45659.0,3,21020.0,65489.0,0,0
1157,2026,8,liam-lawson,racing-bulls,red-bull-ford,9,9,2.0,9,9,70,0,0,0,1,1,0,0,0,0,0,,,,2,21545.0,43567.0,0,0
1157,2026,8,arvid-lindblad,racing-bulls,red-bull-ford,10,10,1.0,10,10,70,0,0,0,1,1,0,0,0,0,0,,,,2,21408.0,42959.0,0,0
1157,2026,8,gabriel-bortoleto,audi,audi,11,11,0,12,12,70,1,0,0,0,1,0,0,0,0,0,,,,2,21877.0,44482.0,0,0
1157,2026,8,nico-hulkenberg,audi,audi,12,12,0,14,14,70,2,0,0,0,1,0,0,0,0,0,,,,2,21585.0,44176.0,0,0
1157,2026,8,pierre-gasly,alpine,mercedes,13,13,0,11,11,70,-2,0,0,0,1,0,0,0,0,0,,,,3,21212.0,64392.0,0,0
1157,2026,8,oliver-bearman,haas,ferrari,14,14,0,13,13,70,-1,0,0,0,1,0,0,0,0,0,,,,2,21593.0,43637.0,0,0
1157,2026,8,franco-colapinto,alpine,mercedes,15,15,0,16,16,70,1,0,0,0,1,0,0,0,0,0,,,,2,21446.0,43007.0,0,0
1157,2026,8,esteban-ocon,haas,ferrari,16,16,0,15,15,69,-1,0,0,0,1,0,0,0,0,0,,,,2,21878.0,47333.0,0,0
1157,2026,8,alexander-albon,williams,mercedes,17,17,0,18,18,69,1,0,0,0,1,0,0,0,0,0,,,,2,21249.0,42519.0,0,0
1157,2026,8,fernando-alonso,aston-martin,honda,18,18,0,21,21,68,3,0,0,0,1,0,0,0,0,0,,,,2,22358.0,51071.0,0,0
1157,2026,8,lance-stroll,aston-martin,honda,,DNF,0,22,22,45,,0,0,0,0,0,0,0,0,1,Electrical,,,1,23522.0,23522.0,0,0
1157,2026,8,carlos-sainz-jr,williams,mercedes,,DNF,0,17,17,23,,0,0,0,0,0,0,0,0,1,Electrical,,,1,21371.0,21371.0,0,0
1157,2026,8,sergio-perez,cadillac,ferrari,,DNF,0,19,19,4,,0,0,0,0,0,0,0,0,1,Brakes,,,0,,,0,0
1157,2026,8,valtteri-bottas,cadillac,ferrari,,DNF,0,20,20,2,,0,0,0,0,0,0,0,0,1,Brakes,,,0,,,0,0
1158,2026,9,charles-leclerc,ferrari,ferrari,1,1,25.0,2,2,52,1,1,1,1,1,0,0,0,1,0,,5231335.0,,2,28444.0,57331.0,0,0
1158,2026,9,george-russell,mercedes,mercedes,2,2,18.0,4,4,52,2,0,1,1,1,0,0,0,0,0,,5231762.0,427.0,2,28337.0,57000.0,0,0
1158,2026,9,lewis-hamilton,ferrari,ferrari,3,3,15.0,3,3,52,0,0,1,1,1,0,0,0,0,0,,5232107.0,772.0,2,28732.0,63596.0,0,0
1158,2026,9,lando-norris,mclaren,mercedes,4,4,12.0,6,6,52,2,0,0,1,1,0,0,0,0,0,,5232484.0,1149.0,3,28475.0,87126.0,0,0
1158,2026,9,isack-hadjar,red-bull,red-bull-ford,5,5,10.0,5,5,52,0,0,0,1,1,0,0,0,0,0,,5232933.0,1598.0,2,29672.0,59644.0,0,0
1158,2026,9,liam-lawson,racing-bulls,red-bull-ford,6,6,8.0,10,10,52,4,0,0,1,1,0,0,0,0,0,,5233358.0,2023.0,2,28577.0,57323.0,0,0
1158,2026,9,arvid-lindblad,racing-bulls,red-bull-ford,7,7,6.0,9,9,52,2,0,0,1,1,0,0,0,0,0,,5233549.0,2214.0,2,28974.0,61117.0,0,0
1158,2026,9,gabriel-bortoleto,audi,audi,8,8,4.0,11,11,52,3,0,0,1,1,0,0,0,0,0,,5233748.0,2413.0,2,28662.0,58588.0,0,0
1158,2026,9,franco-colapinto,alpine,mercedes,9,9,2.0,19,19,52,10,0,0,1,1,0,0,0,0,0,,5234564.0,3229.0,2,29360.0,58821.0,0,0
1158,2026,9,pierre-gasly,alpine,mercedes,10,10,1.0,15,12,52,5,0,0,1,1,0,0,0,0,0,,5234780.0,3445.0,2,28737.0,62345.0,0,0
1158,2026,9,oscar-piastri,mclaren,mercedes,11,11,0,8,8,52,-3,0,0,0,1,0,0,0,0,0,,5235349.0,4014.0,3,29081.0,99149.0,0,0
1158,2026,9,oliver-bearman,haas,ferrari,12,12,0,13,14,52,1,0,0,0,1,0,0,0,0,0,,5236580.0,5245.0,2,29971.0,60245.0,0,0
1158,2026,9,esteban-ocon,haas,ferrari,13,13,0,17,17,52,4,0,0,0,1,0,0,0,0,0,,5236847.0,5512.0,2,31212.0,74465.0,0,0
1158,2026,9,sergio-perez,cadillac,ferrari,14,14,0,20,20,52,6,0,0,0,1,0,0,0,0,0,,5238738.0,7403.0,2,29374.0,59240.0,0,0
1158,2026,9,kimi-antonelli,mercedes,mercedes,15,15,0,1,1,52,-14,0,0,0,1,1,1,0,0,0,,5239340.0,8005.0,3,28948.0,103813.0,1,0
1158,2026,9,valtteri-bottas,cadillac,ferrari,16,16,0,18,18,52,2,0,0,0,1,0,0,0,0,0,,5239497.0,8162.0,2,29584.0,61183.0,0,0
1158,2026,9,carlos-sainz-jr,williams,mercedes,17,17,0,14,15,51,-3,0,0,0,1,0,0,0,0,0,,,,2,28894.0,58113.0,0,0
1158,2026,9,fernando-alonso,aston-martin,honda,18,18,0,,22,51,3,0,0,0,1,0,0,0,0,0,,,,2,28732.0,58696.0,0,0
1158,2026,9,lance-stroll,aston-martin,honda,19,19,0,22,21,51,3,0,0,0,1,0,0,0,0,0,,,,2,28734.0,74968.0,0,0
1158,2026,9,max-verstappen,red-bull,red-bull-ford,20,20,0,7,7,46,-13,0,0,0,1,0,0,0,0,0,Spun off,,,2,28738.0,57688.0,0,0
1158,2026,9,alexander-albon,williams,mercedes,,DNF,0,16,16,43,,0,0,0,0,0,0,0,0,1,Collision damage,,,5,31474.0,189127.0,0,0
1158,2026,9,nico-hulkenberg,audi,audi,,DNF,0,12,13,36,,0,0,0,0,0,0,0,0,1,Gearbox,,,2,28979.0,64837.0,0,0
1159,2026,10,kimi-antonelli,mercedes,mercedes,1,1,25.0,1,1,44,0,1,1,1,1,1,0,0,0,0,,5082479.0,,1,23093.0,23093.0,1,1
1159,2026,10,charles-leclerc,ferrari,ferrari,2,2,18.0,4,5,44,2,0,1,1,1,0,0,0,1,0,,5084431.0,1952.0,1,23164.0,23164.0,0,0
1159,2026,10,max-verstappen,red-bull,red-bull-ford,3,3,15.0,2,2,44,-1,0,1,1,1,0,0,0,0,0,,5094065.0,11586.0,1,23128.0,23128.0,0,0
1159,2026,10,lewis-hamilton,ferrari,ferrari,4,4,12.0,5,6,44,1,0,0,1,1,0,0,0,0,0,,5099724.0,17245.0,1,32201.0,32201.0,0,0
1159,2026,10,oscar-piastri,mclaren,mercedes,5,5,10.0,6,7,44,1,0,0,1,1,0,0,0,0,0,,5101467.0,18988.0,1,23292.0,23292.0,0,0
1159,2026,10,isack-hadjar,red-bull,red-bull-ford,6,6,8.0,21,10,44,15,0,0,1,1,0,0,0,0,0,,5105786.0,23307.0,3,22997.0,71880.0,0,0
1159,2026,10,lando-norris,mclaren,mercedes,7,7,6.0,13,3,44,6,0,0,1,1,0,1,0,0,0,,5106493.0,24014.0,1,28314.0,28314.0,0,0
1159,2026,10,gabriel-bortoleto,audi,audi,8,8,4.0,8,9,44,0,0,0,1,1,0,0,0,0,0,,5131619.0,49140.0,1,23127.0,23127.0,0,0
1159,2026,10,arvid-lindblad,racing-bulls,red-bull-ford,9,9,2.0,7,8,44,-2,0,0,1,1,0,0,0,0,0,,5132885.0,50406.0,1,24810.0,24810.0,0,0
1159,2026,10,franco-colapinto,alpine,mercedes,10,10,1.0,11,13,44,1,0,0,1,1,0,0,0,0,0,,5158516.0,76037.0,1,24146.0,24146.0,0,0
1159,2026,10,pierre-gasly,alpine,mercedes,11,11,0,10,12,44,-1,0,0,0,1,0,0,0,0,0,,5159470.0,76991.0,1,24177.0,24177.0,0,0
1159,2026,10,liam-lawson,racing-bulls,red-bull-ford,12,12,0,9,11,44,-3,0,0,0,1,0,0,0,0,0,,5160002.0,77523.0,1,23722.0,23722.0,0,0
1159,2026,10,nico-hulkenberg,audi,audi,13,13,0,12,14,44,-1,0,0,0,1,0,0,0,0,0,,5160827.0,78348.0,1,26098.0,26098.0,0,0
1159,2026,10,oliver-bearman,haas,ferrari,14,14,0,14,16,44,0,0,0,0,1,0,0,0,0,0,,5176944.0,94465.0,2,26554.0,55536.0,0,0
1159,2026,10,alexander-albon,williams,mercedes,15,15,0,15,17,44,0,0,0,0,1,0,0,0,0,0,,5187163.0,104684.0,1,22638.0,22638.0,0,0
1159,2026,10,carlos-sainz-jr,williams,mercedes,16,16,0,19,15,44,3,0,0,0,1,0,0,0,0,0,,5188335.0,105856.0,1,34841.0,34841.0,0,0
1159,2026,10,esteban-ocon,haas,ferrari,17,17,0,16,18,44,-1,0,0,0,1,0,0,0,0,0,,5193404.0,110925.0,2,24124.0,57864.0,0,0
1159,2026,10,valtteri-bottas,cadillac,ferrari,18,18,0,17,19,43,-1,0,0,0,1,0,0,0,0,0,,,,2,25910.0,56504.0,0,0
1159,2026,10,fernando-alonso,aston-martin,honda,19,19,0,22,21,42,3,0,0,0,1,0,0,0,0,0,,,,2,23190.0,47936.0,0,0
1159,2026,10,lance-stroll,aston-martin,honda,,DNF,0,20,22,25,,0,0,0,0,0,0,0,0,1,Gearbox,,,1,31649.0,31649.0,0,0
1159,2026,10,sergio-perez,cadillac,ferrari,,DNF,0,18,20,13,,0,0,0,0,0,0,0,0,1,Suspension,,,2,25372.0,52989.0,0,0
1159,2026,10,george-russell,mercedes,mercedes,,DNF,0,3,4,0,,0,0,0,0,0,0,0,0,1,Collision,,,0,,,0,0
1160,2026,11,lando-norris,mclaren,mercedes,1,1,25.0,1,1,70,0,1,1,1,1,1,0,0,0,0,,5996180.0,,3,21878.0,66137.0,1,1
1160,2026,11,max-verstappen,red-bull,red-bull-ford,2,2,18.0,4,6,70,2,0,1,1,1,0,0,0,1,0,,6011260.0,15080.0,2,21625.0,43640.0,0,0
1160,2026,11,kimi-antonelli,mercedes,mercedes,3,3,15.0,7,4,70,4,0,1,1,1,0,0,0,0,0,,6014908.0,18728.0,1,21326.0,21326.0,0,0
1160,2026,11,charles-leclerc,ferrari,ferrari,4,4,12.0,2,3,70,-2,0,0,1,1,0,1,0,0,0,,6020020.0,23840.0,3,21763.0,65639.0,0,0
1160,2026,11,lewis-hamilton,ferrari,ferrari,5,5,10.0,5,2,70,0,0,0,1,1,0,0,0,0,0,,6020720.0,24540.0,3,21693.0,65861.0,0,0
1160,2026,11,isack-hadjar,red-bull,red-bull-ford,6,6,8.0,8,8,70,2,0,0,1,1,0,0,0,0,0,,6051668.0,55488.0,2,21822.0,44033.0,0,0
1160,2026,11,george-russell,mercedes,mercedes,7,7,6.0,6,7,70,-1,0,0,1,1,0,0,0,0,0,,6053683.0,57503.0,2,22019.0,44266.0,0,0
1160,2026,11,liam-lawson,racing-bulls,red-bull-ford,8,8,4.0,11,11,69,3,0,0,1,1,0,0,0,0,0,,,,2,21598.0,43521.0,0,0
1160,2026,11,nico-hulkenberg,audi,audi,9,9,2.0,10,10,69,1,0,0,1,1,0,0,0,0,0,,,,2,21420.0,43606.0,0,0
1160,2026,11,arvid-lindblad,racing-bulls,red-bull-ford,10,10,1.0,9,9,69,-1,0,0,1,1,0,0,0,0,0,,,,1,21395.0,21395.0,0,0
1160,2026,11,gabriel-bortoleto,audi,audi,11,11,0,14,14,69,3,0,0,0,1,0,0,0,0,0,,,,1,21749.0,21749.0,0,0
1160,2026,11,pierre-gasly,alpine,mercedes,12,12,0,12,12,69,0,0,0,0,1,0,0,0,0,0,,,,3,21458.0,64772.0,0,0
1160,2026,11,lance-stroll,aston-martin,honda,13,13,0,20,20,69,7,0,0,0,1,0,0,0,0,0,,,,2,21789.0,46030.0,0,0
1160,2026,11,fernando-alonso,aston-martin,honda,14,14,0,16,16,69,2,0,0,0,1,0,0,0,0,0,,,,2,22175.0,44788.0,0,0
1160,2026,11,franco-colapinto,alpine,mercedes,15,15,0,13,13,68,-2,0,0,0,1,0,0,0,0,0,,,,2,22206.0,45201.0,0,0
1160,2026,11,esteban-ocon,haas,ferrari,16,16,0,15,15,68,-1,0,0,0,1,0,0,0,0,0,,,,2,22399.0,44904.0,0,0
1160,2026,11,alexander-albon,williams,mercedes,17,17,0,19,19,68,2,0,0,0,1,0,0,0,0,0,,,,2,22105.0,44862.0,0,0
1160,2026,11,carlos-sainz-jr,williams,mercedes,18,18,0,18,18,68,0,0,0,0,1,0,0,0,0,0,,,,3,21614.0,72354.0,0,0
1160,2026,11,oliver-bearman,haas,ferrari,19,19,0,17,17,68,-2,0,0,0,1,0,0,0,0,0,,,,2,22336.0,44840.0,0,0
1160,2026,11,oscar-piastri,mclaren,mercedes,,DNF,0,3,5,55,,0,0,0,0,0,0,0,0,1,Gearbox,,,2,21720.0,43485.0,0,0
1160,2026,11,sergio-perez,cadillac,ferrari,,DNF,0,,22,48,,0,0,0,0,0,0,0,0,1,Suspension,,,2,23212.0,47473.0,0,0
1160,2026,11,valtteri-bottas,cadillac,ferrari,,DNF,0,21,21,13,,0,0,0,0,0,0,0,0,1,Brakes,,,0,,,0,0
1161,2026,12,lando-norris,mclaren,mercedes,1,1,25.0,1,1,72,0,1,1,1,1,1,0,0,1,0,,7484859.0,,2,17552.0,35626.0,1,1
1161,2026,12,kimi-antonelli,mercedes,mercedes,2,2,18.0,3,3,72,1,0,1,1,1,0,0,0,0,0,,7496395.0,11536.0,3,17767.0,55706.0,0,0
1161,2026,12,george-russell,mercedes,mercedes,3,3,15.0,2,2,72,-1,0,1,1,1,0,0,0,0,0,,7500765.0,15906.0,2,17451.0,35461.0,0,0
1161,2026,12,lewis-hamilton,ferrari,ferrari,4,4,12.0,5,5,72,1,0,0,1,1,0,0,0,0,0,,7501614.0,16755.0,2,17872.0,36582.0,0,0
1161,2026,12,charles-leclerc,ferrari,ferrari,5,5,10.0,6,6,72,1,0,0,1,1,0,1,0,0,0,,7502117.0,17258.0,3,18730.0,57246.0,0,0
1161,2026,12,oscar-piastri,mclaren,mercedes,6,6,8.0,4,4,72,-2,0,0,1,1,0,0,0,0,0,,7517191.0,32332.0,3,17851.0,56218.0,0,0
1161,2026,12,liam-lawson,red-bull,red-bull-ford,7,7,6.0,8,8,72,1,0,0,1,1,0,0,0,0,0,,7564774.0,79915.0,2,18256.0,36924.0,0,0
1161,2026,12,nico-hulkenberg,audi,audi,8,8,4.0,13,13,71,5,0,0,1,1,0,0,0,0,0,,,,2,17082.0,34853.0,0,0
1161,2026,12,fernando-alonso,aston-martin,honda,9,9,2.0,18,18,71,9,0,0,1,1,0,0,0,0,0,,,,1,17606.0,17606.0,0,0
1161,2026,12,pierre-gasly,alpine,mercedes,10,10,1.0,11,11,71,1,0,0,1,1,0,0,0,0,0,,,,2,18003.0,36119.0,0,0
1161,2026,12,yuki-tsunoda,racing-bulls,red-bull-ford,11,11,0,12,12,71,1,0,0,0,1,0,0,0,0,0,,,,2,17824.0,35843.0,0,0
1161,2026,12,arvid-lindblad,racing-bulls,red-bull-ford,12,12,0,10,10,71,-2,0,0,0,1,0,0,0,0,0,,,,1,18578.0,18578.0,0,0
1161,2026,12,gabriel-bortoleto,audi,audi,13,13,0,9,9,71,-4,0,0,0,1,0,0,0,0,0,,,,3,17519.0,54808.0,0,0
1161,2026,12,franco-colapinto,alpine,mercedes,14,14,0,14,14,70,0,0,0,0,1,0,0,0,0,0,,,,2,18355.0,37832.0,0,0
1161,2026,12,sergio-perez,cadillac,ferrari,15,15,0,,22,70,7,0,0,0,1,0,0,0,0,0,,,,2,18424.0,36988.0,0,0
1161,2026,12,carlos-sainz-jr,williams,mercedes,16,16,0,17,17,70,1,0,0,0,1,0,0,0,0,0,,,,2,17814.0,35861.0,0,0
1161,2026,12,alexander-albon,williams,mercedes,17,17,0,16,16,66,-1,0,0,0,1,0,0,0,0,0,Collision damage,,,2,17482.0,35074.0,0,0
1161,2026,12,valtteri-bottas,cadillac,ferrari,,DNF,0,21,21,61,,0,0,0,0,0,0,0,0,1,Hydraulics,,,2,19658.0,39703.0,0,0
1161,2026,12,esteban-ocon,haas,ferrari,,DNF,0,15,15,52,,0,0,0,0,0,0,0,0,1,Engine,,,2,17965.0,36627.0,0,0
1161,2026,12,lance-stroll,aston-martin,honda,,DNF,0,19,19,45,,0,0,0,0,0,0,0,0,1,Handling,,,2,17200.0,34845.0,0,0
1161,2026,12,oliver-bearman,haas,ferrari,,DNF,0,20,20,2,,0,0,0,0,0,0,0,0,1,Engine,,,0,,,0,0
1161,2026,12,max-verstappen,red-bull,red-bull-ford,,DNF,0,7,7,0,,0,0,0,0,0,0,0,0,1,Accident,,,0,,,0,0
1162,2026,13,kimi-antonelli,mercedes,mercedes,1,1,25.0,19,7,53,18,1,1,1,1,0,1,0,1,0,,6675281.0,,2,24963.0,49926.0,0,0
1162,2026,13,george-russell,mercedes,mercedes,2,2,18.0,2,2,53,0,0,1,1,1,0,0,0,0,0,,6679138.0,3857.0,0,,,0,0
1162,2026,13,max-verstappen,red-bull,red-bull-ford,3,3,15.0,5,6,53,2,0,1,1,1,0,0,0,0,0,,6689999.0,14718.0,2,24933.0,49866.0,0,0
1162,2026,13,lando-norris,mclaren,mercedes,4,4,12.0,8,9,53,4,0,0,1,1,0,0,0,0,0,,6694337.0,19056.0,0,,,0,0
1162,2026,13,oscar-piastri,mclaren,mercedes,5,5,10.0,6,3,53,1,0,0,1,1,0,0,0,0,0,,6694534.0,19253.0,0,,,0,0
1162,2026,13,lewis-hamilton,ferrari,ferrari,6,6,8.0,4,5,53,-2,0,0,1,1,0,0,0,0,0,,6699936.0,24655.0,0,,,0,0
1162,2026,13,pierre-gasly,alpine,mercedes,7,7,6.0,1,1,53,-6,0,0,1,1,1,0,0,0,0,,6702632.0,27351.0,0,,,1,0
1162,2026,13,arvid-lindblad,racing-bulls,red-bull-ford,8,8,4.0,9,10,53,1,0,0,1,1,0,0,0,0,0,,6720417.0,45136.0,0,,,0,0
1162,2026,13,franco-colapinto,alpine,mercedes,9,9,2.0,7,8,53,-2,0,0,1,1,0,0,0,0,0,,6722634.0,47353.0,0,,,0,0
1162,2026,13,yuki-tsunoda,racing-bulls,red-bull-ford,10,10,1.0,15,17,53,5,0,0,1,1,0,0,0,0,0,,6733468.0,58187.0,0,,,0,0
1162,2026,13,gabriel-bortoleto,audi,audi,11,11,0,10,11,53,-1,0,0,0,1,0,0,0,0,0,,6740468.0,65187.0,0,,,0,0
1162,2026,13,nico-hulkenberg,audi,audi,12,12,0,12,13,53,0,0,0,0,1,0,0,0,0,0,,6741468.0,66187.0,2,24246.0,48492.0,0,0
1162,2026,13,carlos-sainz-jr,williams,mercedes,13,13,0,13,15,53,0,0,0,0,1,0,0,0,0,0,,6749398.0,74117.0,2,24570.0,49140.0,0,0
1162,2026,13,liam-lawson,red-bull,red-bull-ford,14,14,0,,14,53,8,0,0,0,1,0,0,0,0,0,,6750890.0,75609.0,2,31197.0,62394.0,0,0
1162,2026,13,oliver-bearman,haas,ferrari,15,15,0,11,12,53,-4,0,0,0,1,0,0,0,0,0,,6754239.0,78958.0,0,,,0,0
1162,2026,13,esteban-ocon,haas,ferrari,16,16,0,14,16,52,-2,0,0,0,1,0,0,0,0,0,,,,2,27286.0,54572.0,0,0
1162,2026,13,alexander-albon,williams,mercedes,17,17,0,20,18,52,3,0,0,0,1,0,0,0,0,0,,,,2,26394.0,52788.0,0,0
1162,2026,13,sergio-perez,cadillac,ferrari,18,18,0,17,20,52,-1,0,0,0,1,0,0,0,0,0,,,,2,28458.0,56916.0,0,0
1162,2026,13,valtteri-bottas,cadillac,ferrari,19,19,0,16,19,51,-3,0,0,0,1,0,0,0,0,0,,,,2,35251.0,70502.0,0,0
1162,2026,13,lance-stroll,aston-martin,honda,,DNF,0,18,22,26,,0,0,0,0,0,0,0,0,1,Hydraulics,,,0,,,0,0
1162,2026,13,fernando-alonso,aston-martin,honda,,DNF,0,,21,23,,0,0,0,0,0,0,0,0,1,Mechanical,,,0,,,0,0
1162,2026,13,charles-leclerc,ferrari,ferrari,,DNF,0,3,4,1,,0,0,0,0,0,0,0,0,1,Accident,,,0,,,0,0
