CircuitId,PointOrder,X,Y,Longitude,Latitude
austin,0,-53.896,-32.657,-97.639651,30.13176
austin,1,-37.643,-45.612,-97.637935,30.130577
austin,2,-33.154,-48.755,-97.637461,30.13029
austin,3,-29.678,-50.825,-97.637094,30.130101
austin,4,-28.39,-51.438,-97.636958,30.130045
austin,5,-27.888,-51.592,-97.636905,30.130031
austin,6,-27.329,-51.493,-97.636846,30.13004
austin,7,-26.827,-51.187,-97.636793,30.130068
austin,8,-26.486,-50.672,-97.636757,30.130115
austin,9,-26.316,-50.201,-97.636739,30.130158
austin,10,-26.373,-49.631,-97.636745,30.13021
austin,11,-29.905,-39.469,-97.637118,30.131138
austin,12,-31.478,-34.771,-97.637284,30.131567
austin,13,-31.752,-33.325,-97.637313,30.131699
austin,14,-31.809,-32.087,-97.637319,30.131812
austin,15,-31.752,-30.642,-97.637313,30.131944
austin,16,-31.478,-29.295,-97.637284,30.132067
austin,17,-30.976,-27.597,-97.637231,30.132222
austin,18,-30.189,-26.152,-97.637148,30.132354
austin,19,-29.346,-24.86,-97.637059,30.132472
austin,20,-28.172,-23.513,-97.636935,30.132595
austin,21,-26.884,-22.582,-97.636799,30.13268
austin,22,-25.141,-21.497,-97.636615,30.132779
austin,23,-15.67,-15.617,-97.635615,30.133316
austin,24,-11.796,-13.185,-97.635206,30.133538
austin,25,-10.963,-12.364,-97.635118,30.133613
austin,26,-10.234,-11.378,-97.635041,30.133703
austin,27,-9.618,-10.557,-97.634976,30.133778
austin,28,-9.107,-9.418,-97.634922,30.133882
austin,29,-8.718,-8.443,-97.634881,30.133971
austin,30,-7.705,-5.607,-97.634774,30.13423
austin,31,-7.032,-4.676,-97.634703,30.134315
austin,32,-6.189,-3.592,-97.634614,30.134414
austin,33,-5.072,-2.869,-97.634496,30.13448
austin,34,-4.172,-2.398,-97.634401,30.134523
austin,35,-1.937,-1.522,-97.634165,30.134603
austin,36,-0.194,-0.646,-97.633981,30.134683
austin,37,0.81,0.131,-97.633875,30.134754
austin,38,1.435,0.898,-97.633809,30.134824
austin,39,1.994,1.938,-97.63375,30.134919
austin,40,2.212,3.176,-97.633727,30.135032
austin,41,2.552,5.289,-97.633691,30.135225
austin,42,2.723,6.637,-97.633673,30.135348
austin,43,3.054,8.126,-97.633638,30.135484
austin,44,3.509,9.21,-97.63359,30.135583
austin,45,4.068,10.25,-97.633531,30.135678
austin,46,4.797,11.28,-97.633454,30.135772
austin,47,5.583,12.211,-97.633371,30.135857
austin,48,6.758,13.24,-97.633247,30.135951
austin,49,8.103,14.226,-97.633105,30.136041
austin,50,9.561,15.047,-97.632951,30.136116
austin,51,11.124,15.715,-97.632786,30.136177
austin,52,12.478,16.033,-97.632643,30.136206
austin,53,13.596,16.077,-97.632525,30.13621
austin,54,14.496,16.033,-97.63243,30.136206
austin,55,15.954,15.617,-97.632276,30.136168
austin,56,25.255,11.335,-97.631294,30.135777
austin,57,26.155,10.973,-97.631199,30.135744
austin,58,27.102,10.973,-97.631099,30.135744
austin,59,27.831,11.28,-97.631022,30.135772
austin,60,29.687,12.419,-97.630826,30.135876
austin,61,31.866,14.171,-97.630596,30.136036
austin,62,33.438,15.77,-97.63043,30.136182
austin,63,35.01,17.884,-97.630264,30.136375
austin,64,36.185,19.274,-97.63014,30.136502
austin,65,37.255,20.107,-97.630027,30.136578
austin,66,38.429,20.621,-97.629903,30.136625
austin,67,39.329,20.829,-97.629808,30.136644
austin,68,40.617,20.829,-97.629672,30.136644
austin,69,42.076,20.413,-97.629518,30.136606
austin,70,43.193,19.8,-97.6294,30.13655
austin,71,44.093,18.913,-97.629305,30.136469
austin,72,44.595,18.3,-97.629252,30.136413
austin,73,45.097,17.522,-97.629199,30.136342
austin,74,45.552,16.646,-97.629151,30.136262
austin,75,46.224,15.923,-97.62908,30.136196
austin,76,47.01,15.617,-97.628997,30.136168
austin,77,47.787,15.617,-97.628915,30.136168
austin,78,64.551,19.329,-97.627145,30.136507
austin,79,65.621,19.691,-97.627032,30.13654
austin,80,66.294,20.052,-97.626961,30.136573
austin,81,66.796,20.523,-97.626908,30.136616
austin,82,76.608,32.438,-97.625872,30.137704
austin,83,85.236,42.874,-97.624961,30.138657
austin,84,88.541,47.102,-97.624612,30.139043
austin,85,89.896,49.577,-97.624469,30.139269
austin,86,90.0,50.201,-97.624458,30.139326
austin,87,89.839,50.77,-97.624475,30.139378
austin,88,89.441,51.077,-97.624517,30.139406
austin,89,88.939,51.438,-97.62457,30.139439
austin,90,88.38,51.592,-97.624629,30.139453
austin,91,87.765,51.548,-97.624694,30.139449
austin,92,86.922,51.34,-97.624783,30.13943
austin,93,68.983,45.601,-97.626677,30.138906
austin,94,56.481,42.097,-97.627997,30.138586
austin,95,42.691,38.746,-97.629453,30.13828
austin,96,26.212,35.439,-97.631193,30.137978
austin,97,15.897,33.73,-97.632282,30.137822
austin,98,6.36,32.339,-97.633289,30.137695
austin,99,-21.722,29.24,-97.636254,30.137412
austin,100,-24.857,28.671,-97.636585,30.13736
austin,101,-25.255,28.419,-97.636627,30.137337
austin,102,-25.425,27.904,-97.636645,30.13729
austin,103,-25.369,27.488,-97.636639,30.137252
austin,104,-24.971,26.918,-97.636597,30.1372
austin,105,-23.124,24.86,-97.636402,30.137012
austin,106,-16.731,16.077,-97.635727,30.13621
austin,107,-13.927,11.532,-97.635431,30.135795
austin,108,-13.757,10.864,-97.635413,30.135734
austin,109,-13.927,9.889,-97.635431,30.135645
austin,110,-14.325,9.21,-97.635473,30.135583
austin,111,-15.054,8.695,-97.63555,30.135536
austin,112,-15.67,8.542,-97.635615,30.135522
austin,113,-16.845,8.389,-97.635739,30.135508
austin,114,-22.054,8.805,-97.636289,30.135546
austin,115,-22.565,9.057,-97.636343,30.135569
austin,116,-23.01,9.473,-97.63639,30.135607
austin,117,-23.455,9.988,-97.636437,30.135654
austin,118,-23.853,10.71,-97.636479,30.13572
austin,119,-24.914,13.602,-97.636591,30.135984
austin,120,-25.369,14.741,-97.636639,30.136088
austin,121,-26.098,15.77,-97.636716,30.136182
austin,122,-29.517,19.274,-97.637077,30.136502
austin,123,-30.019,19.691,-97.63713,30.13654
austin,124,-30.635,19.953,-97.637195,30.136564
austin,125,-31.25,20.052,-97.63726,30.136573
austin,126,-34.612,20.359,-97.637615,30.136601
austin,127,-35.285,20.315,-97.637686,30.136597
austin,128,-35.683,20.052,-97.637728,30.136573
austin,129,-36.071,19.592,-97.637769,30.136531
austin,130,-36.242,18.968,-97.637787,30.136474
austin,131,-36.014,18.245,-97.637763,30.136408
austin,132,-29.517,7.042,-97.637077,30.135385
austin,133,-26.884,2.092,-97.636799,30.134933
austin,134,-26.657,0.745,-97.636775,30.13481
austin,135,-26.713,-0.591,-97.636781,30.134688
austin,136,-26.931,-1.676,-97.636804,30.134589
austin,137,-27.215,-2.76,-97.636834,30.13449
austin,138,-27.945,-4.775,-97.636911,30.134306
austin,139,-28.958,-6.998,-97.637018,30.134103
austin,140,-29.631,-7.874,-97.637089,30.134023
austin,141,-30.748,-8.695,-97.637207,30.133948
austin,142,-32.036,-9.32,-97.637343,30.133891
austin,143,-37.359,-11.74,-97.637905,30.13367
austin,144,-38.429,-12.003,-97.638018,30.133646
austin,145,-39.49,-12.057,-97.63813,30.133641
austin,146,-41.451,-11.904,-97.638337,30.133655
austin,147,-43.307,-11.641,-97.638533,30.133679
austin,148,-45.097,-11.072,-97.638722,30.133731
austin,149,-47.058,-10.294,-97.638929,30.133802
austin,150,-48.8,-9.265,-97.639113,30.133896
austin,151,-49.975,-8.389,-97.639237,30.133976
austin,152,-50.761,-7.053,-97.63932,30.134098
austin,153,-56.87,1.522,-97.639965,30.134881
austin,154,-61.634,7.513,-97.640468,30.135428
austin,155,-62.249,8.126,-97.640533,30.135484
austin,156,-62.979,8.443,-97.64061,30.135513
austin,157,-63.935,8.641,-97.640711,30.135531
austin,158,-64.778,8.597,-97.6408,30.135527
austin,159,-65.953,8.279,-97.640924,30.135498
austin,160,-67.354,7.819,-97.641072,30.135456
austin,161,-68.529,7.359,-97.641196,30.135414
austin,162,-88.21,-1.27,-97.643274,30.134626
austin,163,-89.328,-2.037,-97.643392,30.134556
austin,164,-89.773,-2.76,-97.643439,30.13449
austin,165,-90.0,-3.537,-97.643463,30.134419
austin,166,-89.773,-4.107,-97.643439,30.134367
austin,167,-89.328,-4.621,-97.643392,30.13432
austin,168,-88.769,-5.136,-97.643333,30.134273
austin,169,-78.455,-13.448,-97.642244,30.133514
austin,170,-53.896,-32.657,-97.639651,30.13176
austin,171,-53.896,-32.657,-97.639651,30.13176
bahrain,0,-56.816,4.675,50.510539,26.031766
bahrain,1,-55.408,55.197,50.510633,26.034797
bahrain,2,-54.075,88.283,50.510722,26.036782
bahrain,3,-53.446,89.767,50.510764,26.036871
bahrain,4,-52.128,90.0,50.510852,26.036885
bahrain,5,-50.705,89.617,50.510947,26.036862
bahrain,6,-49.642,88.833,50.511018,26.036815
bahrain,7,-42.812,81.916,50.511474,26.0364
bahrain,8,-40.955,81.216,50.511598,26.036358
bahrain,9,-38.918,81.366,50.511734,26.036367
bahrain,10,-27.041,85.216,50.512527,26.036598
bahrain,11,-24.196,85.533,50.512717,26.036617
bahrain,12,-21.62,85.366,50.512889,26.036607
bahrain,13,56.292,70.282,50.518091,26.035702
bahrain,14,58.958,69.498,50.518269,26.035655
bahrain,15,60.38,68.015,50.518364,26.035566
bahrain,16,60.725,66.114,50.518387,26.035452
bahrain,17,60.455,64.314,50.518369,26.035344
bahrain,18,59.572,62.281,50.51831,26.035222
bahrain,19,57.894,60.231,50.518198,26.035099
bahrain,20,55.947,58.58,50.518068,26.035
bahrain,21,53.281,56.53,50.51789,26.034877
bahrain,22,43.891,49.546,50.517263,26.034458
bahrain,23,36.342,41.696,50.516759,26.033987
bahrain,24,34.485,39.879,50.516635,26.033878
bahrain,25,32.987,37.295,50.516535,26.033723
bahrain,26,29.617,29.661,50.51631,26.033265
bahrain,27,28.464,28.011,50.516233,26.033166
bahrain,28,26.682,26.844,50.516114,26.033096
bahrain,29,24.915,25.894,50.515996,26.033039
bahrain,30,22.084,25.577,50.515807,26.03302
bahrain,31,13.562,26.994,50.515238,26.033105
bahrain,32,11.255,26.911,50.515084,26.0331
bahrain,33,8.874,26.444,50.514925,26.033072
bahrain,34,6.912,25.427,50.514794,26.033011
bahrain,35,4.531,23.227,50.514635,26.032879
bahrain,36,-12.768,1.308,50.51348,26.031564
bahrain,37,-14.445,-0.192,50.513368,26.031474
bahrain,38,-16.842,-0.575,50.513208,26.031451
bahrain,39,-18.34,0.592,50.513108,26.031521
bahrain,40,-18.879,2.959,50.513072,26.031663
bahrain,41,-18.789,6.559,50.513078,26.031879
bahrain,42,-14.625,31.395,50.513356,26.033369
bahrain,43,-12.229,46.946,50.513516,26.034302
bahrain,44,-11.869,50.013,50.51354,26.034486
bahrain,45,-12.319,52.847,50.51351,26.034656
bahrain,46,-12.933,54.963,50.513469,26.034783
bahrain,47,-14.176,57.08,50.513386,26.03491
bahrain,48,-21.275,63.214,50.512912,26.035278
bahrain,49,-22.249,63.681,50.512847,26.035306
bahrain,50,-23.312,63.381,50.512776,26.035288
bahrain,51,-23.926,62.281,50.512735,26.035222
bahrain,52,-26.502,43.096,50.512563,26.034071
bahrain,53,-27.206,30.294,50.512516,26.033303
bahrain,54,-28.449,7.276,50.512433,26.031922
bahrain,55,-29.333,-16.777,50.512374,26.030479
bahrain,56,-30.231,-38.695,50.512314,26.029164
bahrain,57,-29.872,-42.296,50.512338,26.028948
bahrain,58,-28.449,-44.429,50.512433,26.02882
bahrain,59,-26.233,-45.596,50.512581,26.02875
bahrain,60,-23.132,-46.229,50.512788,26.028712
bahrain,61,-19.942,-45.996,50.513001,26.028726
bahrain,62,-15.958,-45.213,50.513267,26.028773
bahrain,63,-11.869,-43.246,50.51354,26.028891
bahrain,64,-8.425,-40.812,50.51377,26.029037
bahrain,65,-5.055,-37.362,50.513995,26.029244
bahrain,66,-3.003,-33.978,50.514132,26.029447
bahrain,67,0.801,-24.077,50.514386,26.030041
bahrain,68,2.928,-19.91,50.514528,26.030291
bahrain,69,4.965,-17.477,50.514664,26.030437
bahrain,70,7.631,-15.276,50.514842,26.030569
bahrain,71,10.821,-13.31,50.515055,26.030687
bahrain,72,15.254,-12.209,50.515351,26.030753
bahrain,73,20.122,-12.126,50.515676,26.030758
bahrain,74,23.582,-12.926,50.515907,26.03071
bahrain,75,28.195,-15.126,50.516215,26.030578
bahrain,76,40.341,-21.16,50.517026,26.030216
bahrain,77,42.827,-22.977,50.517192,26.030107
bahrain,78,44.954,-25.094,50.517334,26.02998
bahrain,79,46.017,-27.061,50.517405,26.029862
bahrain,80,47.335,-29.261,50.517493,26.02973
bahrain,81,47.335,-31.228,50.517493,26.029612
bahrain,82,46.272,-33.261,50.517422,26.02949
bahrain,83,44.145,-35.312,50.51728,26.029367
bahrain,84,41.225,-37.512,50.517085,26.029235
bahrain,85,-50.795,-89.05,50.510941,26.026143
bahrain,86,-52.473,-89.917,50.510829,26.026091
bahrain,87,-55.138,-90.0,50.510651,26.026086
bahrain,88,-56.292,-88.9,50.510574,26.026152
bahrain,89,-60.366,-80.249,50.510302,26.026671
bahrain,90,-60.725,-76.799,50.510278,26.026878
bahrain,91,-60.635,-70.282,50.510284,26.027269
bahrain,92,-59.482,-34.528,50.510361,26.029414
bahrain,93,-56.816,4.675,50.510539,26.031766
bahrain,94,-56.816,4.675,50.510539,26.031766
baku,0,75.592,32.081,49.853247,40.372688
baku,1,88.768,37.729,49.855023,40.373268
baku,2,89.466,38.284,49.855117,40.373325
baku,3,89.911,39.102,49.855177,40.373409
baku,4,90.0,39.89,49.855189,40.37349
baku,5,89.777,41.03,49.855159,40.373607
baku,6,87.099,47.963,49.854798,40.374319
baku,7,82.574,56.736,49.854188,40.37522
baku,8,78.842,65.228,49.853685,40.376092
baku,9,78.226,65.637,49.853602,40.376134
baku,10,77.44,65.773,49.853496,40.376148
baku,11,64.835,60.729,49.851797,40.37563
baku,12,49.418,54.76,49.849719,40.375017
baku,13,28.385,45.304,49.846884,40.374046
baku,14,10.253,36.998,49.84444,40.373193
baku,15,9.066,35.752,49.84428,40.373065
baku,16,9.066,34.057,49.84428,40.372891
baku,17,14.994,18.682,49.845079,40.371312
baku,18,15.038,17.484,49.845085,40.371189
baku,19,14.118,16.432,49.844961,40.371081
baku,20,3.799,11.563,49.84357,40.370581
baku,21,-2.04,8.35,49.842783,40.370251
baku,22,-9.904,3.306,49.841723,40.369733
baku,23,-10.387,2.663,49.841658,40.369667
baku,24,-10.209,1.738,49.841682,40.369572
baku,25,-8.895,-1.144,49.841859,40.369276
baku,26,-8.94,-1.972,49.841853,40.369191
baku,27,-9.6,-2.615,49.841764,40.369125
baku,28,-12.583,-5.234,49.841362,40.368856
baku,29,-30.5,-19.1,49.838947,40.367432
baku,30,-33.527,-21.846,49.838539,40.36715
baku,31,-34.803,-22.723,49.838367,40.36706
baku,32,-36.079,-22.674,49.838195,40.367065
baku,33,-37.132,-21.525,49.838053,40.367183
baku,34,-41.873,-7.571,49.837414,40.368616
baku,35,-42.444,-6.977,49.837337,40.368677
baku,36,-43.32,-6.792,49.837219,40.368696
baku,37,-44.462,-6.792,49.837065,40.368696
baku,38,-46.176,-5.74,49.836834,40.368804
baku,39,-47.229,-5.468,49.836692,40.368832
baku,40,-48.327,-5.507,49.836544,40.368828
baku,41,-49.381,-5.604,49.836402,40.368818
baku,42,-50.523,-5.146,49.836248,40.368865
baku,43,-51.095,-4.27,49.836171,40.368955
baku,44,-52.104,-0.969,49.836035,40.369294
baku,45,-52.586,-0.365,49.83597,40.369356
baku,46,-53.291,0.093,49.835875,40.369403
baku,47,-54.344,0.141,49.835733,40.369408
baku,48,-61.897,-2.478,49.834715,40.369139
baku,49,-73.93,-8.36,49.833093,40.368535
baku,50,-81.876,-13.131,49.832022,40.368045
baku,51,-83.456,-14.417,49.831809,40.367913
baku,52,-84.688,-16.062,49.831643,40.367744
baku,53,-85.831,-18.409,49.831489,40.367503
baku,54,-89.733,-31.672,49.830963,40.366141
baku,55,-90.0,-33.463,49.830927,40.365957
baku,56,-88.724,-51.78,49.831099,40.364076
baku,57,-88.331,-52.929,49.831152,40.363958
baku,58,-87.366,-54.068,49.831282,40.363841
baku,59,-71.074,-62.608,49.833478,40.362964
baku,60,-66.504,-64.634,49.834094,40.362756
baku,61,-64.004,-65.549,49.834431,40.362662
baku,62,-62.602,-65.773,49.83462,40.362639
baku,63,-60.977,-65.5,49.834839,40.362667
baku,64,-59.834,-64.721,49.834993,40.362747
baku,65,-59.085,-63.894,49.835094,40.362832
baku,66,-54.166,-54.808,49.835757,40.363765
baku,67,-53.024,-52.695,49.835911,40.363982
baku,68,-51.71,-51.001,49.836088,40.364156
baku,69,-37.703,-38.235,49.837976,40.365467
baku,70,-36.561,-36.628,49.83813,40.365632
baku,71,-35.99,-35.07,49.838207,40.365792
baku,72,-34.758,-26.667,49.838373,40.366655
baku,73,-34.231,-25.021,49.838444,40.366824
baku,74,-33.178,-23.453,49.838586,40.366985
baku,75,-31.946,-22.353,49.838752,40.367098
baku,76,-11.789,-6.704,49.841469,40.368705
baku,77,-9.066,-4.913,49.841836,40.368889
baku,78,-5.995,-3.257,49.84225,40.369059
baku,79,-3.138,-1.884,49.842635,40.3692
baku,80,5.95,1.923,49.84386,40.369591
baku,81,14.029,5.692,49.844949,40.369978
baku,82,33.742,14.134,49.847606,40.370845
baku,83,41.739,17.766,49.848684,40.371218
baku,84,62.201,26.482,49.851442,40.372113
baku,85,75.592,32.081,49.853247,40.372688
baku,86,75.592,32.081,49.853247,40.372688
catalunya,0,42.312,9.618,2.261221,41.570034
catalunya,1,23.269,-20.624,2.259727,41.568259
catalunya,2,12.74,-37.576,2.258901,41.567264
catalunya,3,1.791,-54.869,2.258042,41.566249
catalunya,4,-9.668,-73.286,2.257143,41.565168
catalunya,5,-13.582,-79.505,2.256836,41.564803
catalunya,6,-14.831,-80.902,2.256738,41.564721
catalunya,7,-15.952,-81.89,2.25665,41.564663
catalunya,8,-16.921,-82.333,2.256574,41.564637
catalunya,9,-18.655,-82.555,2.256438,41.564624
catalunya,10,-20.235,-82.452,2.256314,41.56463
catalunya,11,-21.408,-82.146,2.256222,41.564648
catalunya,12,-22.542,-81.532,2.256133,41.564684
catalunya,13,-26.494,-79.011,2.255823,41.564832
catalunya,14,-27.743,-78.449,2.255725,41.564865
catalunya,15,-29.986,-77.955,2.255549,41.564894
catalunya,16,-31.797,-77.955,2.255407,41.564894
catalunya,17,-34.384,-78.517,2.255204,41.564861
catalunya,18,-35.85,-79.437,2.255089,41.564807
catalunya,19,-46.812,-87.632,2.254229,41.564326
catalunya,20,-48.342,-88.398,2.254109,41.564281
catalunya,21,-49.922,-88.978,2.253985,41.564247
catalunya,22,-52.038,-89.693,2.253819,41.564205
catalunya,23,-54.039,-90.0,2.253662,41.564187
catalunya,24,-55.786,-90.0,2.253525,41.564187
catalunya,25,-57.685,-89.898,2.253376,41.564193
catalunya,26,-59.801,-89.625,2.25321,41.564209
catalunya,27,-61.853,-88.961,2.253049,41.564248
catalunya,28,-64.326,-87.734,2.252855,41.56432
catalunya,29,-65.601,-86.797,2.252755,41.564375
catalunya,30,-66.773,-85.775,2.252663,41.564435
catalunya,31,-67.831,-84.821,2.25258,41.564491
catalunya,32,-70.636,-81.141,2.25236,41.564707
catalunya,33,-72.012,-78.295,2.252252,41.564874
catalunya,34,-73.006,-75.126,2.252174,41.56506
catalunya,35,-73.261,-72.894,2.252154,41.565191
catalunya,36,-73.516,-70.237,2.252134,41.565347
catalunya,37,-73.453,-67.425,2.252139,41.565512
catalunya,38,-73.032,-64.444,2.252172,41.565687
catalunya,39,-71.846,-59.708,2.252265,41.565965
catalunya,40,-70.546,-55.891,2.252367,41.566189
catalunya,41,-69.144,-52.893,2.252477,41.566365
catalunya,42,-67.64,-50.524,2.252595,41.566504
catalunya,43,-48.597,-20.232,2.254089,41.568282
catalunya,44,-47.449,-19.159,2.254179,41.568345
catalunya,45,-45.856,-18.221,2.254304,41.5684
catalunya,46,-42.886,-17.489,2.254537,41.568443
catalunya,47,-41.0,-17.71,2.254685,41.56843
catalunya,48,-39.47,-18.17,2.254805,41.568403
catalunya,49,-37.711,-19.159,2.254943,41.568345
catalunya,50,-35.722,-20.76,2.255099,41.568251
catalunya,51,-34.448,-22.208,2.255199,41.568166
catalunya,52,-32.918,-25.275,2.255319,41.567986
catalunya,53,-32.37,-27.592,2.255362,41.56785
catalunya,54,-32.217,-31.187,2.255374,41.567639
catalunya,55,-32.345,-33.334,2.255364,41.567513
catalunya,56,-32.88,-35.753,2.255322,41.567371
catalunya,57,-33.912,-38.121,2.255241,41.567232
catalunya,58,-35.824,-41.784,2.255091,41.567017
catalunya,59,-49.655,-63.405,2.254006,41.565748
catalunya,60,-50.037,-64.87,2.253976,41.565662
catalunya,61,-50.062,-66.148,2.253974,41.565587
catalunya,62,-49.718,-67.681,2.254001,41.565497
catalunya,63,-49.081,-68.737,2.254051,41.565435
catalunya,64,-48.38,-69.623,2.254106,41.565383
catalunya,65,-47.284,-70.39,2.254192,41.565338
catalunya,66,-45.92,-70.867,2.254299,41.56531
catalunya,67,-44.849,-71.054,2.254383,41.565299
catalunya,68,-43.103,-70.714,2.25452,41.565319
catalunya,69,-42.3,-70.39,2.254583,41.565338
catalunya,70,-21.51,-60.985,2.256214,41.56589
catalunya,71,-18.629,-59.196,2.25644,41.565995
catalunya,72,-15.761,-56.999,2.256665,41.566124
catalunya,73,-12.88,-54.273,2.256891,41.566284
catalunya,74,-10.841,-51.802,2.257051,41.566429
catalunya,75,-2.568,-38.82,2.2577,41.567191
catalunya,76,-1.676,-36.877,2.25777,41.567305
catalunya,77,-1.294,-35.531,2.2578,41.567384
catalunya,78,-1.638,-33.402,2.257773,41.567509
catalunya,79,-2.696,-31.494,2.25769,41.567621
catalunya,80,-4.327,-29.977,2.257562,41.56771
catalunya,81,-8.1,-27.745,2.257266,41.567841
catalunya,82,-10.153,-26.076,2.257105,41.567939
catalunya,83,-11.287,-24.798,2.257016,41.568014
catalunya,84,-12.409,-23.162,2.256928,41.56811
catalunya,85,-13.033,-22.055,2.256879,41.568175
catalunya,86,-18.234,-9.652,2.256471,41.568903
catalunya,87,-24.136,4.319,2.256008,41.569723
catalunya,88,-24.607,6.721,2.255971,41.569864
catalunya,89,-24.607,9.175,2.255971,41.570008
catalunya,90,-24.365,11.066,2.25599,41.570119
catalunya,91,-23.983,12.889,2.25602,41.570226
catalunya,92,-22.823,15.001,2.256111,41.57035
catalunya,93,-21.931,16.433,2.256181,41.570434
catalunya,94,-20.019,18.528,2.256331,41.570557
catalunya,95,-18.119,20.01,2.25648,41.570644
catalunya,96,48.036,53.949,2.26167,41.572636
catalunya,97,50.356,55.261,2.261852,41.572713
catalunya,98,51.567,56.556,2.261947,41.572789
catalunya,99,52.153,57.799,2.261993,41.572862
catalunya,100,52.306,59.299,2.262005,41.57295
catalunya,101,51.834,60.968,2.261968,41.573048
catalunya,102,51.057,62.297,2.261907,41.573126
catalunya,103,49.935,63.388,2.261819,41.57319
catalunya,104,48.303,64.631,2.261691,41.573263
catalunya,105,45.665,65.79,2.261484,41.573331
catalunya,106,44.033,66.182,2.261356,41.573354
catalunya,107,41.777,66.488,2.261179,41.573372
catalunya,108,39.84,66.574,2.261027,41.573377
catalunya,109,37.889,66.454,2.260874,41.57337
catalunya,110,35.761,65.909,2.260707,41.573338
catalunya,111,32.803,64.478,2.260475,41.573254
catalunya,112,30.777,63.302,2.260316,41.573185
catalunya,113,27.947,60.815,2.260094,41.573039
catalunya,114,25.143,58.805,2.259874,41.572921
catalunya,115,23.205,57.936,2.259722,41.57287
catalunya,116,20.21,57.714,2.259487,41.572857
catalunya,117,18.425,58.106,2.259347,41.57288
catalunya,118,16.297,59.196,2.25918,41.572944
catalunya,119,14.589,60.628,2.259046,41.573028
catalunya,120,13.531,62.297,2.258963,41.573126
catalunya,121,12.677,64.171,2.258896,41.573236
catalunya,122,12.409,66.233,2.258875,41.573357
catalunya,123,12.332,67.204,2.258869,41.573414
catalunya,124,12.919,69.93,2.258915,41.573574
catalunya,125,13.964,71.872,2.258997,41.573688
catalunya,126,15.596,73.457,2.259125,41.573781
catalunya,127,31.363,86.439,2.260362,41.574543
catalunya,128,32.918,87.751,2.260484,41.57462
catalunya,129,34.881,88.91,2.260638,41.574688
catalunya,130,36.666,89.54,2.260778,41.574725
catalunya,131,39.151,89.932,2.260973,41.574748
catalunya,132,41.599,90.0,2.261165,41.574752
catalunya,133,43.842,89.54,2.261341,41.574725
catalunya,134,45.678,88.756,2.261485,41.574679
catalunya,135,49.4,86.388,2.261777,41.57454
catalunya,136,53.555,83.713,2.262103,41.574383
catalunya,137,57.15,81.226,2.262385,41.574237
catalunya,138,59.469,79.88,2.262567,41.574158
catalunya,139,67.309,74.905,2.263182,41.573866
catalunya,140,69.195,73.576,2.26333,41.573788
catalunya,141,70.393,72.315,2.263424,41.573714
catalunya,142,71.477,70.85,2.263509,41.573628
catalunya,143,72.356,69.163,2.263578,41.573529
catalunya,144,73.083,66.914,2.263635,41.573397
catalunya,145,73.491,64.819,2.263667,41.573274
catalunya,146,73.516,61.803,2.263669,41.573097
catalunya,147,73.083,59.094,2.263635,41.572938
catalunya,148,70.903,54.784,2.263464,41.572685
catalunya,149,42.312,9.618,2.261221,41.570034
catalunya,150,42.312,9.618,2.261221,41.570034
hockenheimring,0,-75.324,-26.815,8.565865,49.327768
hockenheimring,1,-82.68,-11.838,8.565045,49.328856
hockenheimring,2,-89.847,1.528,8.564246,49.329827
hockenheimring,3,-90.0,2.56,8.564229,49.329902
hockenheimring,4,-89.686,3.606,8.564264,49.329978
hockenheimring,5,-86.448,10.998,8.564625,49.330515
hockenheimring,6,-84.905,14.316,8.564797,49.330756
hockenheimring,7,-83.263,17.358,8.56498,49.330977
hockenheimring,8,-81.505,20.015,8.565176,49.33117
hockenheimring,9,-79.755,22.286,8.565371,49.331335
hockenheimring,10,-76.517,26.057,8.565732,49.331609
hockenheimring,11,-69.511,33.257,8.566513,49.332132
hockenheimring,12,-47.9,55.9,8.568922,49.333777
hockenheimring,13,-46.994,56.355,8.569023,49.33381
hockenheimring,14,-45.774,56.547,8.569159,49.333824
hockenheimring,15,-44.76,56.093,8.569272,49.333791
hockenheimring,16,-43.701,55.116,8.56939,49.33372
hockenheimring,17,-42.535,53.244,8.56952,49.333584
hockenheimring,18,-41.683,50.904,8.569615,49.333414
hockenheimring,19,-41.522,48.894,8.569633,49.333268
hockenheimring,20,-41.575,46.099,8.569627,49.333065
hockenheimring,21,-41.369,44.613,8.56965,49.332957
hockenheimring,22,-41.046,43.319,8.569686,49.332863
hockenheimring,23,-40.14,41.502,8.569787,49.332731
hockenheimring,24,-39.135,40.194,8.569899,49.332636
hockenheimring,25,-37.386,38.9,8.570094,49.332542
hockenheimring,26,-32.291,35.789,8.570662,49.332316
hockenheimring,27,-26.872,32.734,8.571266,49.332094
hockenheimring,28,-21.185,29.884,8.5719,49.331887
hockenheimring,29,-15.829,27.351,8.572497,49.331703
hockenheimring,30,-11.792,25.658,8.572947,49.33158
hockenheimring,31,-6.751,23.91,8.573509,49.331453
hockenheimring,32,-1.754,22.547,8.574066,49.331354
hockenheimring,33,2.597,21.515,8.574551,49.331279
hockenheimring,34,8.437,20.469,8.575202,49.331203
hockenheimring,35,12.474,19.959,8.575652,49.331166
hockenheimring,36,17.148,19.56,8.576173,49.331137
hockenheimring,37,21.077,19.505,8.576611,49.331133
hockenheimring,38,26.172,19.753,8.577179,49.331151
hockenheimring,39,31.169,20.276,8.577736,49.331189
hockenheimring,40,36.211,21.253,8.578298,49.33126
hockenheimring,41,41.889,22.74,8.578931,49.331368
hockenheimring,42,52.457,26.319,8.580109,49.331628
hockenheimring,43,87.183,39.478,8.58398,49.332584
hockenheimring,44,88.296,39.685,8.584104,49.332599
hockenheimring,45,89.255,39.423,8.584211,49.33258
hockenheimring,46,89.839,38.639,8.584276,49.332523
hockenheimring,47,90.0,37.799,8.584294,49.332462
hockenheimring,48,89.731,37.014,8.584264,49.332405
hockenheimring,49,89.094,36.368,8.584193,49.332358
hockenheimring,50,75.763,27.613,8.582707,49.331722
hockenheimring,51,47.945,9.25,8.579606,49.330388
hockenheimring,52,45.98,8.466,8.579387,49.330331
hockenheimring,53,43.8,8.273,8.579144,49.330317
hockenheimring,54,13.165,12.1,8.575729,49.330595
hockenheimring,55,11.837,12.1,8.575581,49.330595
hockenheimring,56,10.931,11.329,8.57548,49.330539
hockenheimring,57,10.402,9.636,8.575421,49.330416
hockenheimring,58,10.249,6.91,8.575404,49.330218
hockenheimring,59,10.509,3.469,8.575433,49.329968
hockenheimring,60,11.362,0.688,8.575528,49.329766
hockenheimring,61,12.797,-1.913,8.575688,49.329577
hockenheimring,62,14.6,-4.308,8.575889,49.329403
hockenheimring,63,15.291,-5.671,8.575966,49.329304
hockenheimring,64,15.551,-7.103,8.575995,49.3292
hockenheimring,65,15.551,-8.397,8.575995,49.329106
hockenheimring,66,15.183,-9.759,8.575954,49.329007
hockenheimring,67,14.277,-11.645,8.575853,49.32887
hockenheimring,68,13.165,-13.201,8.575729,49.328757
hockenheimring,69,11.783,-14.564,8.575575,49.328658
hockenheimring,70,9.074,-16.711,8.575273,49.328502
hockenheimring,71,-5.683,-26.567,8.573628,49.327786
hockenheimring,72,-23.203,-37.992,8.571675,49.326956
hockenheimring,73,-24.8,-38.831,8.571497,49.326895
hockenheimring,74,-26.549,-39.41,8.571302,49.326853
hockenheimring,75,-28.146,-39.547,8.571124,49.326843
hockenheimring,76,-29.949,-39.355,8.570923,49.326857
hockenheimring,77,-31.492,-39.024,8.570751,49.326881
hockenheimring,78,-33.026,-38.377,8.57058,49.326928
hockenheimring,79,-34.515,-37.4,8.570414,49.326999
hockenheimring,80,-36.112,-35.982,8.570236,49.327102
hockenheimring,81,-38.077,-33.573,8.570017,49.327277
hockenheimring,82,-53.794,-15.018,8.568265,49.328625
hockenheimring,83,-54.96,-14.04,8.568135,49.328696
hockenheimring,84,-56.288,-13.393,8.567987,49.328743
hockenheimring,85,-57.723,-13.27,8.567827,49.328752
hockenheimring,86,-59.149,-13.393,8.567668,49.328743
hockenheimring,87,-60.378,-13.985,8.567531,49.3287
hockenheimring,88,-61.329,-14.949,8.567425,49.32863
hockenheimring,89,-62.128,-16.119,8.567336,49.328545
hockenheimring,90,-62.549,-17.482,8.567289,49.328446
hockenheimring,91,-62.603,-18.913,8.567283,49.328342
hockenheimring,92,-62.343,-20.538,8.567312,49.328224
hockenheimring,93,-59.786,-28.453,8.567597,49.327649
hockenheimring,94,-59.149,-29.746,8.567668,49.327555
hockenheimring,95,-58.198,-31.109,8.567774,49.327456
hockenheimring,96,-56.817,-32.279,8.567928,49.327371
hockenheimring,97,-55.328,-32.995,8.568094,49.327319
hockenheimring,98,-52.143,-34.22,8.568449,49.32723
hockenheimring,99,-50.609,-35.074,8.56862,49.327168
hockenheimring,100,-49.434,-36.175,8.568751,49.327088
hockenheimring,101,-48.16,-37.73,8.568893,49.326975
hockenheimring,102,-44.177,-43.374,8.569337,49.326565
hockenheimring,103,-43.486,-44.929,8.569414,49.326452
hockenheimring,104,-43.226,-46.031,8.569443,49.326372
hockenheimring,105,-43.334,-47.201,8.569431,49.326287
hockenheimring,106,-43.648,-48.44,8.569396,49.326197
hockenheimring,107,-44.608,-49.665,8.569289,49.326108
hockenheimring,108,-46.195,-50.959,8.569112,49.326014
hockenheimring,109,-52.089,-55.184,8.568455,49.325707
hockenheimring,110,-54.108,-56.286,8.56823,49.325627
hockenheimring,111,-55.489,-56.547,8.568076,49.325608
hockenheimring,112,-57.032,-56.547,8.567904,49.325608
hockenheimring,113,-58.835,-56.162,8.567703,49.325636
hockenheimring,114,-60.477,-55.116,8.56752,49.325712
hockenheimring,115,-61.966,-53.629,8.567354,49.32582
hockenheimring,116,-63.294,-51.743,8.567206,49.325957
hockenheimring,117,-64.46,-49.665,8.567076,49.326108
hockenheimring,118,-75.324,-26.815,8.565865,49.327768
hockenheimring,119,-75.324,-26.815,8.565865,49.327768
hungaroring,0,-39.861,-45.607,19.245888,47.58026
hungaroring,1,-69.505,-21.899,19.243226,47.581696
hungaroring,2,-78.269,-15.048,19.242439,47.582111
hungaroring,3,-79.059,-13.727,19.242368,47.582191
hungaroring,4,-79.527,-12.407,19.242326,47.582271
hungaroring,5,-79.393,-10.921,19.242338,47.582361
hungaroring,6,-78.803,-9.765,19.242391,47.582431
hungaroring,7,-77.946,-8.989,19.242468,47.582478
hungaroring,8,-76.821,-8.444,19.242569,47.582511
hungaroring,9,-75.173,-8.197,19.242717,47.582526
hungaroring,10,-72.734,-8.197,19.242936,47.582526
hungaroring,11,-65.941,-8.362,19.243546,47.582516
hungaroring,12,-61.398,-9.138,19.243954,47.582469
hungaroring,13,-57.244,-10.376,19.244327,47.582394
hungaroring,14,-52.89,-12.093,19.244718,47.58229
hungaroring,15,-49.594,-13.959,19.245014,47.582177
hungaroring,16,-47.099,-15.676,19.245238,47.582073
hungaroring,17,-22.901,-34.826,19.247411,47.580913
hungaroring,18,-21.13,-35.751,19.24757,47.580857
hungaroring,19,-19.415,-36.147,19.247724,47.580833
hungaroring,20,-17.7,-36.147,19.247878,47.580833
hungaroring,21,-16.308,-35.668,19.248003,47.580862
hungaroring,22,-14.794,-35.123,19.248139,47.580895
hungaroring,23,-13.614,-34.199,19.248245,47.580951
hungaroring,24,-12.623,-33.109,19.248334,47.581017
hungaroring,25,-11.966,-32.102,19.248393,47.581078
hungaroring,26,-11.375,-30.699,19.248446,47.581163
hungaroring,27,-11.175,-28.751,19.248464,47.581281
hungaroring,28,-11.242,-27.661,19.248458,47.581347
hungaroring,29,-11.765,-26.175,19.248411,47.581437
hungaroring,30,-12.222,-24.706,19.24837,47.581526
hungaroring,31,-19.148,-12.951,19.247748,47.582238
hungaroring,32,-19.872,-10.772,19.247683,47.58237
hungaroring,33,-20.006,-9.055,19.247671,47.582474
hungaroring,34,-19.605,-7.586,19.247707,47.582563
hungaroring,35,-19.081,-5.72,19.247754,47.582676
hungaroring,36,-18.424,-4.003,19.247813,47.58278
hungaroring,37,-10.774,11.251,19.2485,47.583704
hungaroring,38,2.801,38.722,19.249719,47.585368
hungaroring,39,5.239,43.081,19.249938,47.585632
hungaroring,40,8.079,46.894,19.250193,47.585863
hungaroring,41,11.631,51.022,19.250512,47.586113
hungaroring,42,12.355,52.177,19.250577,47.586183
hungaroring,43,12.89,53.35,19.250625,47.586254
hungaroring,44,13.012,54.67,19.250636,47.586334
hungaroring,45,12.623,56.156,19.250601,47.586424
hungaroring,46,6.431,79.5,19.250045,47.587838
hungaroring,47,6.297,81.283,19.250033,47.587946
hungaroring,48,6.487,83.0,19.25005,47.58805
hungaroring,49,6.954,84.717,19.250092,47.588154
hungaroring,50,7.678,86.351,19.250157,47.588253
hungaroring,51,8.992,87.672,19.250275,47.588333
hungaroring,52,10.574,88.844,19.250417,47.588404
hungaroring,53,12.222,89.686,19.250565,47.588455
hungaroring,54,13.87,90.0,19.250713,47.588474
hungaroring,55,15.919,89.934,19.250897,47.58847
hungaroring,56,17.89,89.455,19.251074,47.588441
hungaroring,57,20.273,88.448,19.251288,47.58838
hungaroring,58,22.968,86.731,19.25153,47.588276
hungaroring,59,24.883,85.41,19.251702,47.588196
hungaroring,60,27.121,83.776,19.251903,47.588097
hungaroring,61,29.493,81.91,19.252116,47.587984
hungaroring,62,32.467,78.807,19.252383,47.587796
hungaroring,63,45.117,65.104,19.253519,47.586966
hungaroring,64,45.707,63.783,19.253572,47.586886
hungaroring,65,45.908,62.76,19.25359,47.586824
hungaroring,66,45.841,61.67,19.253584,47.586758
hungaroring,67,45.184,60.746,19.253525,47.586702
hungaroring,68,44.126,59.739,19.25343,47.586641
hungaroring,69,43.268,58.88,19.253353,47.586589
hungaroring,70,42.946,58.104,19.253324,47.586542
hungaroring,71,43.012,56.701,19.25333,47.586457
hungaroring,72,43.335,55.149,19.253359,47.586363
hungaroring,73,47.946,37.781,19.253773,47.585311
hungaroring,74,48.937,35.454,19.253862,47.58517
hungaroring,75,49.66,34.513,19.253927,47.585113
hungaroring,76,50.384,33.671,19.253992,47.585062
hungaroring,77,51.375,32.878,19.254081,47.585014
hungaroring,78,52.567,32.498,19.254188,47.584991
hungaroring,79,54.805,32.036,19.254389,47.584963
hungaroring,80,64.36,30.633,19.255247,47.584878
hungaroring,81,66.342,29.857,19.255425,47.584831
hungaroring,82,67.589,28.998,19.255537,47.584779
hungaroring,83,68.647,28.14,19.255632,47.584727
hungaroring,84,69.571,26.654,19.255715,47.584637
hungaroring,85,69.894,25.333,19.255744,47.584557
hungaroring,86,70.295,23.782,19.25578,47.584463
hungaroring,87,70.295,22.065,19.25578,47.584359
hungaroring,88,69.961,20.199,19.25575,47.584246
hungaroring,89,67.589,3.475,19.255537,47.583233
hungaroring,90,67.522,0.504,19.255531,47.583053
hungaroring,91,67.723,-1.362,19.255549,47.58294
hungaroring,92,68.246,-3.294,19.255596,47.582823
hungaroring,93,68.981,-5.176,19.255662,47.582709
hungaroring,94,78.335,-20.116,19.256502,47.581804
hungaroring,95,79.26,-22.362,19.256585,47.581668
hungaroring,96,79.46,-23.93,19.256603,47.581573
hungaroring,97,79.527,-25.399,19.256609,47.581484
hungaroring,98,79.326,-26.951,19.256591,47.58139
hungaroring,99,78.992,-28.52,19.256561,47.581295
hungaroring,100,78.335,-29.923,19.256502,47.58121
hungaroring,101,77.277,-31.31,19.256407,47.581126
hungaroring,102,61.197,-49.371,19.254963,47.580032
hungaroring,103,46.899,-65.946,19.253679,47.579028
hungaroring,104,42.021,-71.394,19.253241,47.578698
hungaroring,105,40.83,-72.087,19.253134,47.578656
hungaroring,106,39.716,-72.253,19.253034,47.578646
hungaroring,107,38.658,-72.087,19.252939,47.578656
hungaroring,108,37.734,-71.543,19.252856,47.578689
hungaroring,109,36.81,-70.701,19.252773,47.57874
hungaroring,110,27.055,-59.64,19.251897,47.57941
hungaroring,111,25.473,-58.088,19.251755,47.579504
hungaroring,112,18.023,-52.012,19.251086,47.579872
hungaroring,113,16.709,-51.319,19.250968,47.579914
hungaroring,114,15.395,-50.774,19.25085,47.579947
hungaroring,115,13.803,-50.543,19.250707,47.579961
hungaroring,116,12.422,-50.692,19.250583,47.579952
hungaroring,117,10.574,-51.55,19.250417,47.5799
hungaroring,118,9.46,-52.788,19.250317,47.579825
hungaroring,119,8.669,-54.125,19.250246,47.579744
hungaroring,120,8.202,-55.281,19.250204,47.579674
hungaroring,121,8.079,-56.849,19.250193,47.579579
hungaroring,122,8.268,-58.401,19.25021,47.579485
hungaroring,123,8.925,-59.871,19.250269,47.579396
hungaroring,124,9.783,-61.043,19.250346,47.579325
hungaroring,125,24.482,-72.88,19.251666,47.578608
hungaroring,126,27.188,-75.356,19.251909,47.578458
hungaroring,127,27.979,-76.694,19.25198,47.578377
hungaroring,128,28.569,-78.559,19.252033,47.578264
hungaroring,129,28.836,-80.738,19.252057,47.578132
hungaroring,130,28.636,-82.752,19.252039,47.57801
hungaroring,131,27.979,-84.469,19.25198,47.577906
hungaroring,132,27.188,-86.104,19.251909,47.577807
hungaroring,133,25.941,-87.507,19.251797,47.577722
hungaroring,134,23.892,-88.828,19.251613,47.577642
hungaroring,135,21.787,-89.686,19.251424,47.57759
hungaroring,136,19.482,-90.0,19.251217,47.577571
hungaroring,137,17.043,-89.686,19.250998,47.57759
hungaroring,138,14.861,-88.828,19.250802,47.577642
hungaroring,139,12.823,-87.425,19.250619,47.577727
hungaroring,140,-39.861,-45.607,19.245888,47.58026
hungaroring,141,-39.861,-45.607,19.245888,47.58026
imola,0,24.19,35.646,11.716701,44.344056
imola,1,20.999,35.69,11.716291,44.34406
imola,2,1.086,39.968,11.713733,44.344453
imola,3,-6.021,40.719,11.71282,44.344522
imola,4,-10.163,40.762,11.712288,44.344526
imola,5,-30.939,38.901,11.709619,44.344355
imola,6,-41.145,36.485,11.708308,44.344133
imola,7,-42.414,35.646,11.708145,44.344056
imola,8,-43.021,34.895,11.708067,44.343987
imola,9,-43.2,34.199,11.708044,44.343923
imola,10,-43.947,30.944,11.707948,44.343624
imola,11,-44.5,29.91,11.707877,44.343529
imola,12,-45.769,29.029,11.707714,44.343448
imola,13,-55.157,24.25,11.706508,44.343009
imola,14,-56.558,22.683,11.706328,44.342865
imola,15,-71.707,-14.868,11.704382,44.339415
imola,16,-71.886,-15.869,11.704359,44.339323
imola,17,-71.862,-17.089,11.704362,44.339211
imola,18,-70.259,-22.923,11.704568,44.338675
imola,19,-70.259,-23.848,11.704568,44.33859
imola,20,-70.78,-24.98,11.704501,44.338486
imola,21,-71.364,-25.752,11.704426,44.338415
imola,22,-89.299,-41.099,11.702122,44.337005
imola,23,-89.813,-41.981,11.702056,44.336924
imola,24,-90.0,-43.026,11.702032,44.336828
imola,25,-89.774,-44.147,11.702061,44.336725
imola,26,-89.113,-45.486,11.702146,44.336602
imola,27,-88.256,-46.215,11.702256,44.336535
imola,28,-87.283,-46.509,11.702381,44.336508
imola,29,-85.789,-46.487,11.702573,44.33651
imola,30,-56.869,-42.732,11.706288,44.336855
imola,31,-53.577,-42.504,11.706711,44.336876
imola,32,-48.711,-42.776,11.707336,44.336851
imola,33,-45.185,-43.287,11.707789,44.336804
imola,34,-40.382,-44.202,11.708406,44.33672
imola,35,-35.454,-45.105,11.709039,44.336637
imola,36,-32.901,-45.606,11.709367,44.336591
imola,37,-31.29,-45.279,11.709574,44.336621
imola,38,-30.067,-44.67,11.709731,44.336677
imola,39,-28.487,-43.135,11.709934,44.336818
imola,40,-26.899,-40.261,11.710138,44.337082
imola,41,-24.463,-34.177,11.710451,44.337641
imola,42,-23.894,-31.51,11.710524,44.337886
imola,43,-23.715,-28.484,11.710547,44.338164
imola,44,-24.19,-25.404,11.710486,44.338447
imola,45,-27.717,-8.708,11.710033,44.339981
imola,46,-27.67,-7.663,11.710039,44.340077
imola,47,-27.172,-6.465,11.710103,44.340187
imola,48,-25.117,-3.233,11.710367,44.340484
imola,49,-22.431,0.947,11.710712,44.340868
imola,50,-21.645,1.35,11.710813,44.340905
imola,51,-20.602,1.459,11.710947,44.340915
imola,52,-19.878,1.143,11.71104,44.340886
imola,53,-15.9,-0.457,11.711551,44.340739
imola,54,-14.678,-0.62,11.711708,44.340724
imola,55,27.024,-0.348,11.717065,44.340749
imola,56,27.561,-0.577,11.717134,44.340728
imola,57,28.082,-1.818,11.717201,44.340614
imola,58,28.472,-2.906,11.717251,44.340514
imola,59,28.923,-3.178,11.717309,44.340489
imola,60,29.803,-3.2,11.717422,44.340487
imola,61,46.454,3.657,11.719561,44.341117
imola,62,48.556,4.833,11.719831,44.341225
imola,63,55.492,9.622,11.720722,44.341665
imola,64,59.462,13.235,11.721232,44.341997
imola,65,63.307,17.099,11.721726,44.342352
imola,66,72.695,26.308,11.722932,44.343198
imola,67,74.595,27.657,11.723176,44.343322
imola,68,76.657,28.67,11.723441,44.343415
imola,69,88.941,34.123,11.725019,44.343916
imola,70,89.868,35.026,11.725138,44.343999
imola,71,90.0,36.452,11.725155,44.34413
imola,72,89.751,37.584,11.725123,44.344234
imola,73,86.045,45.421,11.724647,44.344954
imola,74,85.181,46.161,11.724536,44.345022
imola,75,84.232,46.455,11.724414,44.345049
imola,76,82.901,46.509,11.724243,44.345054
imola,77,81.834,46.237,11.724106,44.345029
imola,78,65.323,39.968,11.721985,44.344453
imola,79,59.462,37.704,11.721232,44.344245
imola,80,56.27,36.55,11.720822,44.344139
imola,81,53.491,35.919,11.720465,44.344081
imola,82,51.615,35.581,11.720224,44.34405
imola,83,24.19,35.646,11.716701,44.344056
imola,84,24.19,35.646,11.716701,44.344056
interlagos,0,-45.821,-39.204,-46.699905,-23.703744
interlagos,1,-35.749,-78.18,-46.699329,-23.705785
interlagos,2,-34.682,-82.285,-46.699268,-23.706
interlagos,3,-33.616,-84.653,-46.699207,-23.706124
interlagos,4,-31.203,-88.243,-46.699069,-23.706312
interlagos,5,-29.961,-89.255,-46.698998,-23.706365
interlagos,6,-28.178,-89.981,-46.698896,-23.706403
interlagos,7,-26.412,-90.0,-46.698795,-23.706404
interlagos,8,-24.471,-89.599,-46.698684,-23.706383
interlagos,9,-23.457,-89.064,-46.698626,-23.706355
interlagos,10,-20.309,-86.162,-46.698446,-23.706203
interlagos,11,-17.249,-82.763,-46.698271,-23.706025
interlagos,12,-16.043,-81.865,-46.698202,-23.705978
interlagos,13,-14.469,-81.311,-46.698112,-23.705949
interlagos,14,-12.878,-81.216,-46.698021,-23.705944
interlagos,15,-10.57,-81.961,-46.697889,-23.705983
interlagos,16,-5.674,-84.959,-46.697609,-23.70614
interlagos,17,-1.792,-86.563,-46.697387,-23.706224
interlagos,18,1.093,-87.307,-46.697222,-23.706263
interlagos,19,3.733,-87.651,-46.697071,-23.706281
interlagos,20,6.146,-87.785,-46.696933,-23.706288
interlagos,21,9.696,-87.365,-46.69673,-23.706266
interlagos,22,12.406,-86.773,-46.696575,-23.706235
interlagos,23,15.746,-85.57,-46.696384,-23.706172
interlagos,24,18.876,-83.756,-46.696205,-23.706077
interlagos,25,21.97,-81.33,-46.696028,-23.70595
interlagos,26,24.471,-78.695,-46.695885,-23.705812
interlagos,27,26.447,-75.888,-46.695772,-23.705665
interlagos,28,27.916,-73.253,-46.695688,-23.705527
interlagos,29,29.14,-70.293,-46.695618,-23.705372
interlagos,30,33.931,-54.462,-46.695344,-23.704543
interlagos,31,35.959,-46.518,-46.695228,-23.704127
interlagos,32,39.421,-33.036,-46.69503,-23.703421
interlagos,33,43.652,-15.812,-46.694788,-23.702519
interlagos,34,51.084,12.412,-46.694363,-23.701041
interlagos,35,53.759,22.591,-46.69421,-23.700508
interlagos,36,55.648,29.733,-46.694102,-23.700134
interlagos,37,56.522,33.055,-46.694052,-23.69996
interlagos,38,56.854,35.156,-46.694033,-23.69985
interlagos,39,56.644,37.123,-46.694045,-23.699747
interlagos,40,56.155,38.46,-46.694073,-23.699677
interlagos,41,55.088,40.045,-46.694134,-23.699594
interlagos,42,53.165,41.381,-46.694244,-23.699524
interlagos,43,50.926,42.317,-46.694372,-23.699475
interlagos,44,47.692,42.985,-46.694557,-23.69944
interlagos,45,38.022,44.895,-46.69511,-23.69934
interlagos,46,34.245,45.315,-46.695326,-23.699318
interlagos,47,31.902,45.143,-46.69546,-23.699327
interlagos,48,29.035,44.742,-46.695624,-23.699348
interlagos,49,26.324,43.94,-46.695779,-23.69939
interlagos,50,23.929,42.527,-46.695916,-23.699464
interlagos,51,21.656,41.19,-46.696046,-23.699534
interlagos,52,19.383,39.319,-46.696176,-23.699632
interlagos,53,17.197,36.894,-46.696301,-23.699759
interlagos,54,14.207,33.094,-46.696472,-23.699958
interlagos,55,4.38,19.822,-46.697034,-23.700653
interlagos,56,-1.39,11.649,-46.697364,-23.701081
interlagos,57,-6.304,4.659,-46.697645,-23.701447
interlagos,58,-11.689,-2.406,-46.697953,-23.701817
interlagos,59,-14.522,-6.34,-46.698115,-23.702023
interlagos,60,-16.707,-9.3,-46.69824,-23.702178
interlagos,61,-18.229,-10.98,-46.698327,-23.702266
interlagos,62,-19.925,-12.031,-46.698424,-23.702321
interlagos,63,-22.338,-12.89,-46.698562,-23.702366
interlagos,64,-24.995,-13.234,-46.698714,-23.702384
interlagos,65,-28.982,-13.138,-46.698942,-23.702379
interlagos,66,-31.64,-12.699,-46.699094,-23.702356
interlagos,67,-33.756,-12.031,-46.699215,-23.702321
interlagos,68,-35.644,-11.171,-46.699323,-23.702276
interlagos,69,-38.879,-9.414,-46.699508,-23.702184
interlagos,70,-40.488,-7.982,-46.6996,-23.702109
interlagos,71,-41.554,-6.569,-46.699661,-23.702035
interlagos,72,-42.586,-4.526,-46.69972,-23.701928
interlagos,73,-43.373,-1.757,-46.699765,-23.701783
interlagos,74,-44.352,2.33,-46.699821,-23.701569
interlagos,75,-45.156,6.073,-46.699867,-23.701373
interlagos,76,-46.24,12.947,-46.699929,-23.701013
interlagos,77,-46.45,15.792,-46.699941,-23.700864
interlagos,78,-46.398,18.676,-46.699938,-23.700713
interlagos,79,-45.716,20.872,-46.699899,-23.700598
interlagos,80,-44.614,21.98,-46.699836,-23.70054
interlagos,81,-43.845,22.381,-46.699792,-23.700519
interlagos,82,-42.883,22.705,-46.699737,-23.700502
interlagos,83,-41.572,22.858,-46.699662,-23.700494
interlagos,84,-40.19,22.514,-46.699583,-23.700512
interlagos,85,-38.739,21.941,-46.6995,-23.700542
interlagos,86,-34.822,18.962,-46.699276,-23.700698
interlagos,87,-33.249,18.027,-46.699186,-23.700747
interlagos,88,-32.025,17.511,-46.699116,-23.700774
interlagos,89,-30.713,17.244,-46.699041,-23.700788
interlagos,90,-29.507,17.148,-46.698972,-23.700793
interlagos,91,-28.178,17.32,-46.698896,-23.700784
interlagos,92,-26.359,17.989,-46.698792,-23.700749
interlagos,93,-24.209,19.764,-46.698669,-23.700656
interlagos,94,-23.002,21.56,-46.6986,-23.700562
interlagos,95,-22.355,23.526,-46.698563,-23.700459
interlagos,96,-22.25,25.207,-46.698557,-23.700371
interlagos,97,-22.513,27.155,-46.698572,-23.700269
interlagos,98,-23.247,28.682,-46.698614,-23.700189
interlagos,99,-24.926,31.146,-46.69871,-23.70006
interlagos,100,-26.447,32.673,-46.698797,-23.69998
interlagos,101,-31.815,37.925,-46.699104,-23.699705
interlagos,102,-34.578,41.095,-46.699262,-23.699539
interlagos,103,-36.483,43.921,-46.699371,-23.699391
interlagos,104,-37.865,47.702,-46.69945,-23.699193
interlagos,105,-38.931,52.4,-46.699511,-23.698947
interlagos,106,-39.421,55.245,-46.699539,-23.698798
interlagos,107,-39.683,57.804,-46.699554,-23.698664
interlagos,108,-39.508,59.905,-46.699544,-23.698554
interlagos,109,-38.687,61.337,-46.699497,-23.698479
interlagos,110,-38.005,62.196,-46.699458,-23.698434
interlagos,111,-36.903,62.559,-46.699395,-23.698415
interlagos,112,-35.994,62.788,-46.699343,-23.698403
interlagos,113,-34.822,62.597,-46.699276,-23.698413
interlagos,114,-33.458,62.043,-46.699198,-23.698442
interlagos,115,-26.901,54.577,-46.698823,-23.698833
interlagos,116,-21.236,48.313,-46.698499,-23.699161
interlagos,117,-20.257,47.511,-46.698443,-23.699203
interlagos,118,-18.141,46.041,-46.698322,-23.69928
interlagos,119,-16.2,45.181,-46.698211,-23.699325
interlagos,120,-14.592,44.704,-46.698119,-23.69935
interlagos,121,-12.616,44.379,-46.698006,-23.699367
interlagos,122,-10.78,44.169,-46.697901,-23.699378
interlagos,123,-8.664,44.15,-46.69778,-23.699379
interlagos,124,-5.342,44.628,-46.69759,-23.699354
interlagos,125,-2.806,45.449,-46.697445,-23.699311
interlagos,126,-0.114,46.996,-46.697291,-23.69923
interlagos,127,2.614,49.211,-46.697135,-23.699114
interlagos,128,4.135,51.216,-46.697048,-23.699009
interlagos,129,5.761,53.469,-46.696955,-23.698891
interlagos,130,10.115,60.325,-46.696706,-23.698532
interlagos,131,14.924,68.383,-46.696431,-23.69811
interlagos,132,20.362,77.187,-46.69612,-23.697649
interlagos,133,20.712,78.218,-46.6961,-23.697595
interlagos,134,20.799,79.44,-46.696095,-23.697531
interlagos,135,20.467,80.643,-46.696114,-23.697468
interlagos,136,19.837,81.941,-46.69615,-23.6974
interlagos,137,18.631,83.068,-46.696219,-23.697341
interlagos,138,15.781,84.558,-46.696382,-23.697263
interlagos,139,11.637,86.066,-46.696619,-23.697184
interlagos,140,3.226,89.236,-46.6971,-23.697018
interlagos,141,1.582,89.675,-46.697194,-23.696995
interlagos,142,-0.516,90.0,-46.697314,-23.696978
interlagos,143,-4.747,89.542,-46.697556,-23.697002
interlagos,144,-8.454,88.912,-46.697768,-23.697035
interlagos,145,-16.567,87.174,-46.698232,-23.697126
interlagos,146,-19.26,86.257,-46.698386,-23.697174
interlagos,147,-24.611,84.023,-46.698692,-23.697291
interlagos,148,-27.251,82.858,-46.698843,-23.697352
interlagos,149,-33.546,79.459,-46.699203,-23.69753
interlagos,150,-36.046,77.759,-46.699346,-23.697619
interlagos,151,-38.18,75.85,-46.699468,-23.697719
interlagos,152,-40.348,73.845,-46.699592,-23.697824
interlagos,153,-42.114,71.763,-46.699693,-23.697933
interlagos,154,-43.687,69.319,-46.699783,-23.698061
interlagos,155,-45.121,66.206,-46.699865,-23.698224
interlagos,156,-46.275,62.884,-46.699931,-23.698398
interlagos,157,-48.094,56.104,-46.700035,-23.698753
interlagos,158,-50.07,47.568,-46.700148,-23.6992
interlagos,159,-51.381,39.529,-46.700223,-23.699621
interlagos,160,-53.637,30.955,-46.700352,-23.70007
interlagos,161,-55.088,24.5,-46.700435,-23.700408
interlagos,162,-56.347,20.032,-46.700507,-23.700642
interlagos,163,-56.767,16.785,-46.700531,-23.700812
interlagos,164,-56.854,12.374,-46.700536,-23.701043
interlagos,165,-56.609,7.142,-46.700522,-23.701317
interlagos,166,-56.032,3.227,-46.700489,-23.701522
interlagos,167,-55.053,-1.337,-46.700433,-23.701761
interlagos,168,-53.357,-7.906,-46.700336,-23.702105
interlagos,169,-48.409,-28.721,-46.700053,-23.703195
interlagos,170,-45.821,-39.204,-46.699905,-23.703744
interlagos,171,-45.821,-39.204,-46.699905,-23.703744
istanbul,0,-26.582,-69.102,29.406152,40.952131
istanbul,1,1.231,-62.937,29.40884,40.952581
istanbul,2,3.415,-61.937,29.409051,40.952654
istanbul,3,4.429,-59.964,29.409149,40.952798
istanbul,4,4.149,-58.347,29.409122,40.952916
istanbul,5,2.349,-50.893,29.408948,40.95346
istanbul,6,1.283,-46.975,29.408845,40.953746
istanbul,7,1.283,-44.056,29.408845,40.953959
istanbul,8,2.018,-39.878,29.408916,40.954264
istanbul,9,4.542,-35.397,29.40916,40.954591
istanbul,10,8.692,-31.41,29.409561,40.954882
istanbul,11,17.073,-26.45,29.410371,40.955244
istanbul,12,21.915,-24.436,29.410839,40.955391
istanbul,13,27.948,-22.422,29.411422,40.955538
istanbul,14,38.988,-20.326,29.412489,40.955691
istanbul,15,46.045,-19.997,29.413171,40.955715
istanbul,16,49.987,-19.956,29.413552,40.955718
istanbul,17,55.596,-20.764,29.414094,40.955659
istanbul,18,58.037,-20.422,29.41433,40.955684
istanbul,19,60.686,-19.23,29.414586,40.955771
istanbul,20,63.211,-16.709,29.41483,40.955955
istanbul,21,64.494,-13.749,29.414954,40.956171
istanbul,22,65.053,-10.858,29.415008,40.956382
istanbul,23,63.853,-1.706,29.414892,40.95705
istanbul,24,64.153,0.144,29.414921,40.957185
istanbul,25,65.436,1.336,29.415045,40.957272
istanbul,26,67.402,1.336,29.415235,40.957272
istanbul,27,73.351,0.61,29.41581,40.957219
istanbul,28,78.618,0.61,29.416319,40.957219
istanbul,29,81.443,1.336,29.416592,40.957272
istanbul,30,82.685,2.788,29.416712,40.957378
istanbul,31,82.964,4.528,29.416739,40.957505
istanbul,32,81.505,12.585,29.416598,40.958093
istanbul,33,80.563,14.379,29.416507,40.958224
istanbul,34,78.722,15.791,29.416329,40.958327
istanbul,35,33.442,38.823,29.411953,40.960008
istanbul,36,30.576,41.001,29.411676,40.960167
istanbul,37,29.552,43.056,29.411577,40.960317
istanbul,38,29.634,45.07,29.411585,40.960464
istanbul,39,30.193,46.81,29.411639,40.960591
istanbul,40,31.476,48.181,29.411763,40.960691
istanbul,41,35.284,50.496,29.412131,40.96086
istanbul,42,38.543,51.263,29.412446,40.960916
istanbul,43,41.316,51.441,29.412714,40.960929
istanbul,44,55.14,48.907,29.41405,40.960744
istanbul,45,66.574,46.221,29.415155,40.960548
istanbul,46,72.348,44.55,29.415713,40.960426
istanbul,47,75.172,43.947,29.415986,40.960382
istanbul,48,76.973,44.413,29.41616,40.960416
istanbul,49,85.996,49.386,29.417032,40.960779
istanbul,50,87.113,50.921,29.41714,40.960891
istanbul,51,90.0,59.649,29.417419,40.961528
istanbul,52,89.959,61.827,29.417415,40.961687
istanbul,53,89.141,63.8,29.417336,40.961831
istanbul,54,85.675,69.692,29.417001,40.962261
istanbul,55,82.602,73.24,29.416704,40.96252
istanbul,56,77.894,77.803,29.416249,40.962853
istanbul,57,75.711,78.789,29.416038,40.962925
istanbul,58,72.451,79.05,29.415723,40.962944
istanbul,59,68.002,78.488,29.415293,40.962903
istanbul,60,10.637,61.43,29.409749,40.961658
istanbul,61,7.295,59.594,29.409426,40.961524
istanbul,62,6.146,58.087,29.409315,40.961414
istanbul,63,6.312,56.086,29.409331,40.961268
istanbul,64,8.412,52.702,29.409534,40.961021
istanbul,65,9.819,49.838,29.40967,40.960812
istanbul,66,9.819,46.619,29.40967,40.960577
istanbul,67,-8.454,-10.05,29.407904,40.956441
istanbul,68,-10.72,-12.955,29.407685,40.956229
istanbul,69,-14.289,-16.284,29.40734,40.955986
istanbul,70,-88.324,-56.429,29.400185,40.953056
istanbul,71,-89.7,-57.881,29.400052,40.95295
istanbul,72,-90.0,-59.854,29.400023,40.952806
istanbul,73,-89.659,-61.69,29.400056,40.952672
istanbul,74,-88.117,-63.622,29.400205,40.952531
istanbul,75,-86.492,-64.225,29.400362,40.952487
istanbul,76,-81.567,-63.827,29.400838,40.952516
istanbul,77,-80.201,-64.43,29.40097,40.952472
istanbul,78,-79.508,-65.458,29.401037,40.952397
istanbul,79,-79.684,-67.773,29.40102,40.952228
istanbul,80,-81.091,-76.309,29.400884,40.951605
istanbul,81,-80.884,-77.94,29.400904,40.951486
istanbul,82,-79.725,-79.05,29.401016,40.951405
istanbul,83,-78.059,-79.05,29.401177,40.951405
istanbul,84,-26.582,-69.102,29.406152,40.952131
istanbul,85,-26.582,-69.102,29.406152,40.952131
jeddah,0,9.266,-48.601,39.105076,21.631053
jeddah,1,0.068,-21.714,39.103715,21.634751
jeddah,2,-0.46,-21.256,39.103637,21.634814
jeddah,3,-0.912,-21.198,39.10357,21.634822
jeddah,4,-3.014,-21.881,39.103259,21.634728
jeddah,5,-3.582,-21.743,39.103175,21.634747
jeddah,6,-4.089,-21.488,39.1031,21.634782
jeddah,7,-4.481,-20.958,39.103042,21.634855
jeddah,8,-4.697,-20.216,39.10301,21.634957
jeddah,9,-4.325,-18.137,39.103065,21.635243
jeddah,10,-2.778,-13.302,39.103294,21.635908
jeddah,11,-2.615,-12.596,39.103318,21.636005
jeddah,12,-2.582,-11.2,39.103323,21.636197
jeddah,13,-3.19,-7.376,39.103233,21.636723
jeddah,14,-5.251,4.693,39.102928,21.638383
jeddah,15,-5.427,7.143,39.102902,21.63872
jeddah,16,-5.859,7.95,39.102838,21.638831
jeddah,17,-7.995,8.794,39.102522,21.638947
jeddah,18,-9.002,9.426,39.102373,21.639034
jeddah,19,-9.793,10.11,39.102256,21.639128
jeddah,20,-10.867,11.818,39.102097,21.639363
jeddah,21,-11.442,13.527,39.102012,21.639598
jeddah,22,-11.536,15.606,39.101998,21.639884
jeddah,23,-11.246,17.221,39.102041,21.640106
jeddah,24,-10.793,18.159,39.102108,21.640235
jeddah,25,-9.32,20.398,39.102326,21.640543
jeddah,26,-8.786,21.619,39.102405,21.640711
jeddah,27,-8.536,22.892,39.102442,21.640886
jeddah,28,-8.691,24.833,39.102419,21.641153
jeddah,29,-9.455,28.112,39.102306,21.641604
jeddah,30,-10.381,29.566,39.102169,21.641804
jeddah,31,-10.969,30.061,39.102082,21.641872
jeddah,32,-12.381,31.042,39.101873,21.642007
jeddah,33,-13.091,31.573,39.101768,21.64208
jeddah,34,-13.618,32.162,39.10169,21.642161
jeddah,35,-14.01,33.652,39.101632,21.642366
jeddah,36,-13.895,39.956,39.101649,21.643233
jeddah,37,-13.679,41.33,39.101681,21.643422
jeddah,38,-12.32,43.075,39.101882,21.643662
jeddah,39,-11.246,43.824,39.102041,21.643765
jeddah,40,-8.711,44.726,39.102416,21.643889
jeddah,41,-7.982,45.118,39.102524,21.643943
jeddah,42,-7.103,46.529,39.102654,21.644137
jeddah,43,-6.63,49.321,39.102724,21.644521
jeddah,44,-6.197,51.538,39.102788,21.644826
jeddah,45,-5.217,54.701,39.102933,21.645261
jeddah,46,-4.487,56.664,39.103041,21.645531
jeddah,47,-3.96,59.921,39.103119,21.645979
jeddah,48,-3.785,62.124,39.103145,21.646282
jeddah,49,-3.879,64.604,39.103131,21.646623
jeddah,50,-4.21,74.383,39.103082,21.647968
jeddah,51,-4.954,87.019,39.102972,21.649706
jeddah,52,-5.244,87.833,39.102929,21.649818
jeddah,53,-5.974,88.859,39.102821,21.649959
jeddah,54,-6.907,89.498,39.102683,21.650047
jeddah,55,-8.34,90.0,39.102471,21.650116
jeddah,56,-9.779,89.775,39.102258,21.650085
jeddah,57,-10.732,89.28,39.102117,21.650017
jeddah,58,-11.705,88.619,39.101973,21.649926
jeddah,59,-12.51,87.099,39.101854,21.649717
jeddah,60,-12.908,85.012,39.101795,21.64943
jeddah,61,-12.814,83.136,39.101809,21.649172
jeddah,62,-12.442,81.624,39.101864,21.648964
jeddah,63,-10.286,77.851,39.102183,21.648445
jeddah,64,-9.13,76.069,39.102354,21.6482
jeddah,65,-8.171,73.474,39.102496,21.647843
jeddah,66,-7.799,71.838,39.102551,21.647618
jeddah,67,-7.529,69.548,39.102591,21.647303
jeddah,68,-7.603,67.774,39.10258,21.647059
jeddah,69,-7.819,65.709,39.102548,21.646775
jeddah,70,-8.536,63.542,39.102442,21.646477
jeddah,71,-9.367,61.703,39.102319,21.646224
jeddah,72,-10.502,59.5,39.102151,21.645921
jeddah,73,-11.428,57.384,39.102014,21.64563
jeddah,74,-11.834,55.064,39.101954,21.645311
jeddah,75,-11.807,53.479,39.101958,21.645093
jeddah,76,-11.807,52.258,39.101958,21.644925
jeddah,77,-12.246,51.335,39.101893,21.644798
jeddah,78,-12.908,50.542,39.101795,21.644689
jeddah,79,-13.949,49.953,39.101641,21.644608
jeddah,80,-16.193,49.292,39.101309,21.644517
jeddah,81,-17.774,47.954,39.101075,21.644333
jeddah,82,-18.511,46.747,39.100966,21.644167
jeddah,83,-18.781,45.722,39.100926,21.644026
jeddah,84,-19.146,43.679,39.100872,21.643745
jeddah,85,-19.241,41.345,39.100858,21.643424
jeddah,86,-19.241,39.76,39.100858,21.643206
jeddah,87,-19.092,37.986,39.10088,21.642962
jeddah,88,-18.808,36.095,39.100922,21.642702
jeddah,89,-18.024,33.732,39.101038,21.642377
jeddah,90,-15.997,29.377,39.101338,21.641778
jeddah,91,-14.625,26.04,39.101541,21.641319
jeddah,92,-13.909,23.204,39.101647,21.640929
jeddah,93,-13.598,20.674,39.101693,21.640581
jeddah,94,-13.699,18.238,39.101678,21.640246
jeddah,95,-13.841,16.748,39.101657,21.640041
jeddah,96,-13.814,13.549,39.101661,21.639601
jeddah,97,-13.631,12.64,39.101688,21.639476
jeddah,98,-13.422,11.171,39.101719,21.639274
jeddah,99,-12.557,8.539,39.101847,21.638912
jeddah,100,-11.78,6.874,39.101962,21.638683
jeddah,101,-10.725,5.093,39.102118,21.638438
jeddah,102,-9.009,2.359,39.102372,21.638062
jeddah,103,-7.853,0.287,39.102543,21.637777
jeddah,104,-6.981,-1.916,39.102672,21.637474
jeddah,105,-6.069,-5.239,39.102807,21.637017
jeddah,106,-5.778,-7.696,39.10285,21.636679
jeddah,107,-5.636,-10.459,39.102871,21.636299
jeddah,108,-5.711,-12.989,39.10286,21.635951
jeddah,109,-6.001,-15.294,39.102817,21.635634
jeddah,110,-6.542,-18.369,39.102737,21.635211
jeddah,111,-6.873,-19.438,39.102688,21.635064
jeddah,112,-7.177,-20.412,39.102643,21.63493
jeddah,113,-7.11,-21.292,39.102653,21.634809
jeddah,114,-6.86,-22.186,39.10269,21.634686
jeddah,115,-6.191,-23.168,39.102789,21.634551
jeddah,116,-5.467,-23.815,39.102896,21.634462
jeddah,117,-3.758,-25.211,39.103149,21.63427
jeddah,118,-2.913,-26.251,39.103274,21.634127
jeddah,119,-2.129,-27.683,39.10339,21.63393
jeddah,120,-0.987,-32.947,39.103559,21.633206
jeddah,121,-0.973,-34.307,39.103561,21.633019
jeddah,122,-1.487,-35.877,39.103485,21.632803
jeddah,123,-2.595,-37.957,39.103321,21.632517
jeddah,124,-6.251,-45.104,39.10278,21.631534
jeddah,125,-7.137,-47.307,39.102649,21.631231
jeddah,126,-7.846,-49.859,39.102544,21.63088
jeddah,127,-8.11,-51.662,39.102505,21.630632
jeddah,128,-8.218,-53.29,39.102489,21.630408
jeddah,129,-7.9,-57.02,39.102536,21.629895
jeddah,130,-6.948,-60.728,39.102677,21.629385
jeddah,131,-6.326,-62.989,39.102769,21.629074
jeddah,132,-5.697,-65.163,39.102862,21.628775
jeddah,133,-4.879,-67.861,39.102983,21.628404
jeddah,134,-3.622,-70.725,39.103169,21.62801
jeddah,135,-1.777,-74.114,39.103442,21.627544
jeddah,136,-0.473,-75.968,39.103635,21.627289
jeddah,137,1.162,-78.105,39.103877,21.626995
jeddah,138,3.453,-80.744,39.104216,21.626632
jeddah,139,6.42,-83.384,39.104655,21.626269
jeddah,140,9.205,-85.26,39.105067,21.626011
jeddah,141,15.03,-89.331,39.105929,21.625451
jeddah,142,16.639,-90.0,39.106167,21.625359
jeddah,143,17.707,-89.702,39.106325,21.6254
jeddah,144,18.646,-89.106,39.106464,21.625482
jeddah,145,19.241,-88.073,39.106552,21.625624
jeddah,146,19.187,-86.983,39.106544,21.625774
jeddah,147,17.659,-80.17,39.106318,21.626711
jeddah,148,14.733,-66.094,39.105885,21.628647
jeddah,149,13.212,-60.699,39.10566,21.629389
jeddah,150,11.8,-56.242,39.105451,21.630002
jeddah,151,9.266,-48.601,39.105076,21.631053
jeddah,152,9.266,-48.601,39.105076,21.631053
las-vegas,0,44.93,-69.805,-115.161202,36.109904
las-vegas,1,49.991,-64.112,-115.160589,36.110461
las-vegas,2,51.064,-62.916,-115.160459,36.110578
las-vegas,3,51.832,-61.618,-115.160366,36.110705
las-vegas,4,52.088,-60.075,-115.160335,36.110856
las-vegas,5,51.436,-58.685,-115.160414,36.110992
las-vegas,6,50.371,-57.796,-115.160543,36.111079
las-vegas,7,48.455,-57.07,-115.160775,36.11115
las-vegas,8,46.631,-56.774,-115.160996,36.111179
las-vegas,9,44.872,-56.876,-115.161209,36.111169
las-vegas,10,43.229,-57.367,-115.161408,36.111121
las-vegas,11,39.63,-59.533,-115.161844,36.110909
las-vegas,12,36.302,-62.834,-115.162247,36.110586
las-vegas,13,35.023,-63.683,-115.162402,36.110503
las-vegas,14,32.224,-64.306,-115.162741,36.110442
las-vegas,15,30.713,-64.275,-115.162924,36.110445
las-vegas,16,27.98,-63.356,-115.163255,36.110535
las-vegas,17,26.469,-62.518,-115.163438,36.110617
las-vegas,18,25.066,-61.322,-115.163608,36.110734
las-vegas,19,22.738,-58.174,-115.16389,36.111042
las-vegas,20,21.796,-55.506,-115.164004,36.111303
las-vegas,21,21.152,23.517,-115.164082,36.119035
las-vegas,22,21.639,24.713,-115.164023,36.119152
las-vegas,23,22.589,25.316,-115.163908,36.119211
las-vegas,24,38.887,25.009,-115.161934,36.119181
las-vegas,25,43.774,25.04,-115.161342,36.119184
las-vegas,26,46.325,25.633,-115.161033,36.119242
las-vegas,27,47.357,26.522,-115.160908,36.119329
las-vegas,28,50.239,29.332,-115.160559,36.119604
las-vegas,29,51.535,31.162,-115.160402,36.119783
las-vegas,30,52.526,33.134,-115.160282,36.119976
las-vegas,31,53.244,34.861,-115.160195,36.120145
las-vegas,32,53.673,37.11,-115.160143,36.120365
las-vegas,33,53.971,39.788,-115.160107,36.120627
las-vegas,34,53.888,41.362,-115.160117,36.120781
las-vegas,35,52.996,41.924,-115.160225,36.120836
las-vegas,36,50.635,42.189,-115.160511,36.120862
las-vegas,37,49.81,42.711,-115.160611,36.120913
las-vegas,38,49.099,43.804,-115.160697,36.12102
las-vegas,39,48.819,45.511,-115.160731,36.121187
las-vegas,40,48.951,46.758,-115.160715,36.121309
las-vegas,41,51.238,50.713,-115.160438,36.121696
las-vegas,42,51.634,51.766,-115.16039,36.121799
las-vegas,43,52.592,53.585,-115.160274,36.121977
las-vegas,44,52.245,55.496,-115.160316,36.122164
las-vegas,45,50.387,56.723,-115.160541,36.122284
las-vegas,46,46.936,57.111,-115.160959,36.122322
las-vegas,47,21.095,57.765,-115.164089,36.122386
las-vegas,48,11.55,59.155,-115.165245,36.122522
las-vegas,49,8.397,60.678,-115.165627,36.122671
las-vegas,50,4.912,64.265,-115.166049,36.123022
las-vegas,51,1.924,70.244,-115.166411,36.123607
las-vegas,52,-2.65,80.996,-115.166965,36.124659
las-vegas,53,-5.589,84.093,-115.167321,36.124962
las-vegas,54,-8.636,86.188,-115.16769,36.125167
las-vegas,55,-11.732,87.333,-115.168065,36.125279
las-vegas,56,-16.578,88.896,-115.168652,36.125432
las-vegas,57,-22.077,90.0,-115.169318,36.12554
las-vegas,58,-22.828,89.816,-115.169409,36.125522
las-vegas,59,-23.547,89.264,-115.169496,36.125468
las-vegas,60,-24.108,87.384,-115.169564,36.125284
las-vegas,61,-24.678,86.096,-115.169633,36.125158
las-vegas,62,-30.383,74.945,-115.170324,36.124067
las-vegas,63,-33.933,68.313,-115.170754,36.123418
las-vegas,64,-35.782,64.95,-115.170978,36.123089
las-vegas,65,-37.681,61.71,-115.171208,36.122772
las-vegas,66,-40.959,56.017,-115.171605,36.122215
las-vegas,67,-44.327,48.362,-115.172013,36.121466
las-vegas,68,-46.111,42.578,-115.172229,36.1209
las-vegas,69,-48.067,35.924,-115.172466,36.120249
las-vegas,70,-49.38,31.162,-115.172625,36.119783
las-vegas,71,-50.363,26.419,-115.172744,36.119319
las-vegas,72,-51.147,21.616,-115.172839,36.118849
las-vegas,73,-51.981,14.574,-115.17294,36.11816
las-vegas,74,-52.187,10.466,-115.172965,36.117758
las-vegas,75,-52.402,5.57,-115.172991,36.117279
las-vegas,76,-52.311,-7.686,-115.17298,36.115982
las-vegas,77,-52.262,-15.259,-115.172974,36.115241
las-vegas,78,-52.237,-21.003,-115.172971,36.114679
las-vegas,79,-53.335,-51.02,-115.173104,36.111742
las-vegas,80,-53.665,-66.422,-115.173144,36.110235
las-vegas,81,-53.673,-74.107,-115.173145,36.109483
las-vegas,82,-53.971,-83.367,-115.173181,36.108577
las-vegas,83,-53.45,-84.113,-115.173118,36.108504
las-vegas,84,-52.74,-84.358,-115.173032,36.10848
las-vegas,85,-51.04,-84.328,-115.172826,36.108483
las-vegas,86,-49.785,-84.808,-115.172674,36.108436
las-vegas,87,-46.961,-87.639,-115.172332,36.108159
las-vegas,88,-44.493,-89.05,-115.172033,36.108021
las-vegas,89,-41.207,-89.693,-115.171635,36.107958
las-vegas,90,-26.899,-90.0,-115.169902,36.107928
las-vegas,91,-8.182,-89.775,-115.167635,36.10795
las-vegas,92,7.216,-89.867,-115.16577,36.107941
las-vegas,93,14.737,-89.765,-115.164859,36.107951
las-vegas,94,20.896,-88.906,-115.164113,36.108035
las-vegas,95,27.336,-87.68,-115.163333,36.108155
las-vegas,96,29.012,-86.913,-115.16313,36.10823
las-vegas,97,30.366,-86.065,-115.162966,36.108313
las-vegas,98,31.448,-85.043,-115.162835,36.108413
las-vegas,99,44.93,-69.805,-115.161202,36.109904
las-vegas,100,44.93,-69.805,-115.161202,36.109904
lusail,0,-49.477,-18.949,51.449681,25.489077
lusail,1,-68.343,15.587,51.448139,25.491625
lusail,2,-75.745,28.992,51.447534,25.492614
lusail,3,-76.234,31.5,51.447494,25.492799
lusail,4,-75.916,34.102,51.44752,25.492991
lusail,5,-74.974,36.122,51.447597,25.49314
lusail,6,-73.494,37.599,51.447718,25.493249
lusail,7,-71.218,38.941,51.447904,25.493348
lusail,8,-68.612,39.348,51.448117,25.493378
lusail,9,-66.153,38.901,51.448318,25.493345
lusail,10,-47.324,27.474,51.449857,25.492502
lusail,11,-45.525,26.973,51.450004,25.492465
lusail,12,-43.152,26.892,51.450198,25.492459
lusail,13,-40.423,27.691,51.450421,25.492518
lusail,14,-38.221,29.752,51.450601,25.49267
lusail,15,-36.961,32.002,51.450704,25.492836
lusail,16,-36.655,34.279,51.450729,25.493004
lusail,17,-37.083,50.693,51.450694,25.494215
lusail,18,-36.814,52.929,51.450716,25.49438
lusail,19,-36.141,54.854,51.450771,25.494522
lusail,20,-35.236,56.697,51.450845,25.494658
lusail,21,-33.939,58.215,51.450951,25.49477
lusail,22,-7.084,87.98,51.453146,25.496966
lusail,23,-5.603,89.187,51.453267,25.497055
lusail,24,-3.316,89.824,51.453454,25.497102
lusail,25,-1.113,90.0,51.453634,25.497115
lusail,26,1.126,89.417,51.453817,25.497072
lusail,27,2.875,88.387,51.45396,25.496996
lusail,28,10.852,80.77,51.454612,25.496434
lusail,29,11.745,79.157,51.454685,25.496315
lusail,30,12.149,76.947,51.454718,25.496152
lusail,31,12.063,75.023,51.454711,25.49601
lusail,32,11.525,73.139,51.454667,25.495871
lusail,33,10.363,71.444,51.454572,25.495746
lusail,34,-7.084,52.279,51.453146,25.494332
lusail,35,-7.842,50.883,51.453084,25.494229
lusail,36,-7.891,49.364,51.45308,25.494117
lusail,37,-7.488,48.023,51.453113,25.494018
lusail,38,-6.631,47.033,51.453183,25.493945
lusail,39,-5.371,46.233,51.453286,25.493886
lusail,40,-3.634,46.003,51.453428,25.493869
lusail,41,-2.422,46.355,51.453527,25.493895
lusail,42,-0.844,47.074,51.453656,25.493948
lusail,43,29.632,59.273,51.456147,25.494848
lusail,44,31.627,59.489,51.45631,25.494864
lusail,45,34.086,59.137,51.456511,25.494838
lusail,46,36.153,58.202,51.45668,25.494769
lusail,47,37.768,56.575,51.456812,25.494649
lusail,48,38.759,54.515,51.456893,25.494497
lusail,49,39.151,52.482,51.456925,25.494347
lusail,50,39.114,50.693,51.456922,25.494215
lusail,51,38.527,48.985,51.456874,25.494089
lusail,52,37.279,47.006,51.456772,25.493943
lusail,53,36.239,46.03,51.456687,25.493871
lusail,54,33.866,44.092,51.456493,25.493728
lusail,55,31.223,41.056,51.456277,25.493504
lusail,56,29.021,38.006,51.456097,25.493279
lusail,57,27.185,34.753,51.455947,25.493039
lusail,58,25.705,30.944,51.455826,25.492758
lusail,59,24.861,28.342,51.455757,25.492566
lusail,60,23.955,23.774,51.455683,25.492229
lusail,61,23.197,21.822,51.455621,25.492085
lusail,62,21.9,20.169,51.455515,25.491963
lusail,63,20.505,19.125,51.455401,25.491886
lusail,64,18.633,18.285,51.455248,25.491824
lusail,65,1.309,14.069,51.453832,25.491513
lusail,66,-0.208,13.175,51.453708,25.491447
lusail,67,-1.37,12.145,51.453613,25.491371
lusail,68,-2.043,10.437,51.453558,25.491245
lusail,69,-2.312,8.783,51.453536,25.491123
lusail,70,-2.006,6.289,51.453561,25.490939
lusail,71,-0.122,3.822,51.453715,25.490757
lusail,72,3.108,0.556,51.453979,25.490516
lusail,73,8.087,-3.239,51.454386,25.490236
lusail,74,13.287,-6.194,51.454811,25.490018
lusail,75,18.572,-8.078,51.455243,25.489879
lusail,76,23.858,-9.203,51.455675,25.489796
lusail,77,29.021,-9.651,51.456097,25.489763
lusail,78,34.661,-9.108,51.456558,25.489803
lusail,79,60.549,-6.235,51.458674,25.490015
lusail,80,62.923,-6.736,51.458868,25.489978
lusail,81,65.664,-8.038,51.459092,25.489882
lusail,82,67.768,-9.651,51.459264,25.489763
lusail,83,69.738,-12.334,51.459425,25.489565
lusail,84,75.745,-23.503,51.459916,25.488741
lusail,85,76.234,-25.428,51.459956,25.488599
lusail,86,76.234,-27.176,51.459956,25.48847
lusail,87,75.965,-29.006,51.459934,25.488335
lusail,88,74.717,-31.337,51.459832,25.488163
lusail,89,65.394,-46.383,51.45907,25.487053
lusail,90,64.22,-47.508,51.458974,25.48697
lusail,91,62.482,-48.307,51.458832,25.486911
lusail,92,60.684,-48.849,51.458685,25.486871
lusail,93,58.262,-48.755,51.458487,25.486878
lusail,94,28.495,-42.75,51.456054,25.487321
lusail,95,26.378,-42.75,51.455881,25.487321
lusail,96,24.274,-43.373,51.455709,25.487275
lusail,97,22.487,-44.593,51.455563,25.487185
lusail,98,21.227,-46.152,51.45546,25.48707
lusail,99,0.502,-86.462,51.453766,25.484096
lusail,100,-1.162,-88.387,51.45363,25.483954
lusail,101,-3.046,-89.553,51.453476,25.483868
lusail,102,-5.775,-90.0,51.453253,25.483835
lusail,103,-7.842,-89.77,51.453084,25.483852
lusail,104,-9.861,-88.916,51.452919,25.483915
lusail,105,-11.917,-87.127,51.452751,25.484047
lusail,106,-49.477,-18.949,51.449681,25.489077
lusail,107,-49.477,-18.949,51.449681,25.489077
madring,0,14.87,-80.1,-3.616887,40.465178
madring,1,-3.623,-83.356,-3.619097,40.464882
madring,2,-4.728,-84.027,-3.619229,40.464821
madring,3,-4.904,-88.24,-3.61925,40.464438
madring,4,-5.456,-88.911,-3.619316,40.464377
madring,5,-8.444,-89.461,-3.619673,40.464327
madring,6,-11.916,-90.0,-3.620088,40.464278
madring,7,-14.962,-89.824,-3.620452,40.464294
madring,8,-18.745,-88.24,-3.620904,40.464438
madring,9,-21.431,-85.677,-3.621225,40.464671
madring,10,-35.632,-62.906,-3.622922,40.466741
madring,11,-43.314,-50.959,-3.62384,40.467827
madring,12,-45.623,-46.229,-3.624116,40.468257
madring,13,-47.029,-43.006,-3.624284,40.46855
madring,14,-47.699,-41.048,-3.624364,40.468728
madring,15,-49.289,-35.02,-3.624554,40.469276
madring,16,-50.017,-28.552,-3.624641,40.469864
madring,17,-49.774,-23.678,-3.624612,40.470307
madring,18,-49.105,-18.431,-3.624532,40.470784
madring,19,-47.272,-13.492,-3.624313,40.471233
madring,20,-45.448,-10.445,-3.624095,40.47151
madring,21,-44.711,-9.411,-3.624007,40.471604
madring,22,-44.711,-8.564,-3.624007,40.471681
madring,23,-45.749,-7.948,-3.624131,40.471737
madring,24,-46.602,-7.101,-3.624233,40.471814
madring,25,-46.477,-6.056,-3.624218,40.471909
madring,26,-45.749,-5.022,-3.624131,40.472003
madring,27,-45.322,-3.801,-3.62408,40.472114
madring,28,-45.565,-1.37,-3.624109,40.472335
madring,29,-46.845,3.086,-3.624262,40.47274
madring,30,-47.941,6.133,-3.624393,40.473017
madring,31,-49.531,8.63,-3.624583,40.473244
madring,32,-50.87,10.456,-3.624743,40.47341
madring,33,-51.598,12.59,-3.62483,40.473604
madring,34,-53.489,20.279,-3.625056,40.474303
madring,35,-54.527,23.139,-3.62518,40.474563
madring,36,-55.807,24.536,-3.625333,40.47469
madring,37,-55.866,25.515,-3.62534,40.474779
madring,38,-54.77,26.374,-3.625209,40.474857
madring,39,-52.82,27.859,-3.624976,40.474992
madring,40,-51.782,29.575,-3.624852,40.475148
madring,41,-51.782,31.28,-3.624852,40.475303
madring,42,-52.452,33.348,-3.624932,40.475491
madring,43,-55.506,38.958,-3.625297,40.476001
madring,44,-55.749,40.509,-3.625326,40.476142
madring,45,-55.866,51.113,-3.62534,40.477106
madring,46,-55.565,55.261,-3.625304,40.477483
madring,47,-54.343,56.999,-3.625158,40.477641
madring,48,-51.665,59.067,-3.624838,40.477829
madring,49,-48.678,61.509,-3.624481,40.478051
madring,50,-47.515,63.83,-3.624342,40.478262
madring,51,-47.582,66.635,-3.62435,40.478517
madring,52,-47.941,68.307,-3.624393,40.478669
madring,53,-51.598,77.14,-3.62483,40.479472
madring,54,-51.966,80.067,-3.624874,40.479738
madring,55,-51.724,83.059,-3.624845,40.48001
madring,56,-50.443,85.743,-3.624692,40.480254
madring,57,-48.494,88.053,-3.624459,40.480464
madring,58,-45.565,89.516,-3.624109,40.480597
madring,59,-42.393,90.0,-3.62373,40.480641
madring,60,-38.979,89.824,-3.623322,40.480625
madring,61,-35.632,88.119,-3.622922,40.48047
madring,62,-32.402,85.248,-3.622536,40.480209
madring,63,-30.452,81.959,-3.622303,40.47991
madring,64,-29.9,78.12,-3.622237,40.479561
madring,65,-30.142,74.643,-3.622266,40.479245
madring,66,-31.481,70.991,-3.622426,40.478913
madring,67,-33.498,67.482,-3.622667,40.478594
madring,68,-34.536,65.777,-3.622791,40.478439
madring,69,-44.594,53.226,-3.623993,40.477298
madring,70,-49.59,45.536,-3.62459,40.476599
madring,71,-50.017,44.194,-3.624641,40.476477
madring,72,-49.648,42.313,-3.624597,40.476306
madring,73,-47.515,40.3,-3.624342,40.476123
madring,74,-40.326,35.273,-3.623483,40.475666
madring,75,-37.397,32.71,-3.623133,40.475433
madring,76,-36.117,30.576,-3.62298,40.475239
madring,77,-35.506,28.387,-3.622907,40.47504
madring,78,-35.506,17.496,-3.622907,40.47405
madring,79,-35.146,15.362,-3.622864,40.473856
madring,80,-33.983,12.865,-3.622725,40.473629
madring,81,-32.276,10.28,-3.622521,40.473394
madring,82,-30.452,8.267,-3.622303,40.473211
madring,83,-27.95,6.738,-3.622004,40.473072
madring,84,-25.021,5.77,-3.621654,40.472984
madring,85,-11.548,5.77,-3.620044,40.472984
madring,86,-9.238,6.804,-3.619768,40.473078
madring,87,-6.862,8.146,-3.619484,40.4732
madring,88,-5.699,8.454,-3.619345,40.473228
madring,89,-4.661,7.53,-3.619221,40.473144
madring,90,-1.004,2.052,-3.618784,40.472646
madring,91,3.565,-5.968,-3.618238,40.471917
madring,92,4.477,-7.981,-3.618129,40.471734
madring,93,5.64,-9.686,-3.61799,40.471579
madring,94,7.774,-11.028,-3.617735,40.471457
madring,95,9.841,-11.391,-3.617488,40.471424
madring,96,17.766,-10.357,-3.616541,40.471518
madring,97,21.548,-10.423,-3.616089,40.471512
madring,98,25.389,-11.754,-3.61563,40.471391
madring,99,27.95,-14.284,-3.615324,40.471161
madring,100,29.171,-16.605,-3.615178,40.47095
madring,101,33.556,-41.147,-3.614654,40.468719
madring,102,33.983,-44.161,-3.614603,40.468445
madring,103,34.536,-45.624,-3.614537,40.468312
madring,104,36.117,-45.811,-3.614348,40.468295
madring,105,38.435,-44.095,-3.614071,40.468451
madring,106,39.833,-43.732,-3.613904,40.468484
madring,107,49.222,-42.577,-3.612782,40.468589
madring,108,50.075,-43.49,-3.61268,40.468506
madring,109,51.908,-49.65,-3.612461,40.467946
madring,110,53.858,-57.725,-3.612228,40.467212
madring,111,55.682,-68.45,-3.61201,40.466237
madring,112,55.866,-71.255,-3.611988,40.465982
madring,113,54.343,-73.026,-3.61217,40.465821
madring,114,51.966,-73.576,-3.612454,40.465771
madring,115,14.87,-80.1,-3.616887,40.465178
madring,116,14.87,-80.1,-3.616887,40.465178
marina-bay,0,86.067,13.935,103.864144,1.291728
marina-bay,1,89.65,-13.431,103.8644,1.289773
marina-bay,2,90.0,-16.973,103.864425,1.28952
marina-bay,3,89.65,-18.723,103.8644,1.289395
marina-bay,4,88.684,-20.248,103.864331,1.289286
marina-bay,5,84.248,-27.024,103.864014,1.288802
marina-bay,6,83.45,-28.13,103.863957,1.288723
marina-bay,7,82.611,-28.535,103.863897,1.288694
marina-bay,8,81.547,-28.661,103.863821,1.288685
marina-bay,9,79.112,-28.535,103.863647,1.288694
marina-bay,10,67.874,-27.92,103.862844,1.288738
marina-bay,11,50.549,-26.072,103.861606,1.28887
marina-bay,12,48.352,-25.498,103.861449,1.288911
marina-bay,13,46.966,-24.658,103.86135,1.288971
marina-bay,14,45.875,-23.468,103.861272,1.289056
marina-bay,15,44.965,-21.088,103.861207,1.289226
marina-bay,16,44.839,-18.737,103.861198,1.289394
marina-bay,17,44.909,-17.337,103.861203,1.289494
marina-bay,18,44.461,-16.609,103.861171,1.289546
marina-bay,19,42.04,-16.441,103.860998,1.289558
marina-bay,20,39.535,-16.385,103.860819,1.289562
marina-bay,21,26.758,-15.657,103.859906,1.289614
marina-bay,22,-9.223,-13.739,103.857335,1.289751
marina-bay,23,-13.575,-13.221,103.857024,1.289788
marina-bay,24,-16.626,-12.395,103.856806,1.289847
marina-bay,25,-19.761,-10.842,103.856582,1.289958
marina-bay,26,-32.524,0.371,103.85567,1.290759
marina-bay,27,-37.982,5.032,103.85528,1.291092
marina-bay,28,-38.891,5.76,103.855215,1.291144
marina-bay,29,-40.193,5.97,103.855122,1.291159
marina-bay,30,-41.816,5.676,103.855006,1.291138
marina-bay,31,-43.034,4.864,103.854919,1.29108
marina-bay,32,-43.831,4.08,103.854862,1.291024
marina-bay,33,-46.141,-2.947,103.854697,1.290522
marina-bay,34,-47.358,-8.21,103.85461,1.290146
marina-bay,35,-50.409,-24.14,103.854392,1.289008
marina-bay,36,-56.693,-56.196,103.853943,1.286718
marina-bay,37,-57.042,-56.868,103.853918,1.28667
marina-bay,38,-57.504,-57.456,103.853885,1.286628
marina-bay,39,-58.372,-58.086,103.853823,1.286583
marina-bay,40,-59.408,-58.324,103.853749,1.286566
marina-bay,41,-60.681,-58.296,103.853658,1.286568
marina-bay,42,-61.269,-58.058,103.853616,1.286585
marina-bay,43,-62.738,-56.196,103.853511,1.286718
marina-bay,44,-64.208,-54.11,103.853406,1.286867
marina-bay,45,-65.299,-51.745,103.853328,1.287036
marina-bay,46,-66.475,-50.583,103.853244,1.287119
marina-bay,47,-72.017,-46.145,103.852848,1.287436
marina-bay,48,-74.774,-43.598,103.852651,1.287618
marina-bay,49,-76.495,-41.932,103.852528,1.287737
marina-bay,50,-77.559,-40.434,103.852452,1.287844
marina-bay,51,-78.636,-36.78,103.852375,1.288105
marina-bay,52,-78.482,-35.073,103.852386,1.288227
marina-bay,53,-78.174,-33.771,103.852408,1.28832
marina-bay,54,-77.419,-32.259,103.852462,1.288428
marina-bay,55,-77.811,-31.307,103.852434,1.288496
marina-bay,56,-79.21,-30.831,103.852334,1.28853
marina-bay,57,-81.785,-29.949,103.85215,1.288593
marina-bay,58,-83.996,-28.535,103.851992,1.288694
marina-bay,59,-86.711,-26.632,103.851798,1.28883
marina-bay,60,-88.81,-24.784,103.851648,1.288962
marina-bay,61,-89.566,-23.23,103.851594,1.289073
marina-bay,62,-89.916,-21.046,103.851569,1.289229
marina-bay,63,-90.0,-19.129,103.851563,1.289366
marina-bay,64,-87.873,-15.503,103.851715,1.289625
marina-bay,65,-79.294,-0.147,103.852328,1.290722
marina-bay,66,-68.252,19.689,103.853117,1.292139
marina-bay,67,-66.293,23.272,103.853257,1.292395
marina-bay,68,-64.46,24.966,103.853388,1.292516
marina-bay,69,-63.704,25.582,103.853442,1.29256
marina-bay,70,-61.185,26.086,103.853622,1.292596
marina-bay,71,-58.96,24.714,103.853781,1.292498
marina-bay,72,-56.147,22.754,103.853982,1.292358
marina-bay,73,-44.573,10.618,103.854809,1.291491
marina-bay,74,-43.538,10.086,103.854883,1.291453
marina-bay,75,-42.684,10.296,103.854944,1.291468
marina-bay,76,-41.886,11.808,103.855001,1.291576
marina-bay,77,-37.324,20.738,103.855327,1.292214
marina-bay,78,-31.222,31.069,103.855763,1.292952
marina-bay,79,-30.103,32.735,103.855843,1.293071
marina-bay,80,-29.025,33.127,103.85592,1.293099
marina-bay,81,-27.08,32.259,103.856059,1.293037
marina-bay,82,-25.96,31.601,103.856139,1.29299
marina-bay,83,6.508,12.815,103.858459,1.291648
marina-bay,84,11.812,10.786,103.858838,1.291503
marina-bay,85,15.492,10.1,103.859101,1.291454
marina-bay,86,61.283,7.398,103.862373,1.291261
marina-bay,87,63.06,7.748,103.8625,1.291286
marina-bay,88,65.369,8.826,103.862665,1.291363
marina-bay,89,67.273,10.17,103.862801,1.291459
marina-bay,90,68.49,12.395,103.862888,1.291618
marina-bay,91,68.798,14.509,103.86291,1.291769
marina-bay,92,68.448,19.535,103.862885,1.292128
marina-bay,93,67.133,26.366,103.862791,1.292616
marina-bay,94,63.158,37.396,103.862507,1.293404
marina-bay,95,62.081,39.748,103.86243,1.293572
marina-bay,96,61.353,41.694,103.862378,1.293711
marina-bay,97,60.961,44.074,103.86235,1.293881
marina-bay,98,60.961,47.125,103.86235,1.294099
marina-bay,99,61.633,53.914,103.862398,1.294584
marina-bay,100,62.794,56.588,103.862481,1.294775
marina-bay,101,64.39,58.198,103.862595,1.29489
marina-bay,102,65.733,58.324,103.862691,1.294899
marina-bay,103,66.951,58.002,103.862778,1.294876
marina-bay,104,68.294,56.448,103.862874,1.294765
marina-bay,105,69.022,55.496,103.862926,1.294697
marina-bay,106,69.722,54.53,103.862976,1.294628
marina-bay,107,70.981,53.466,103.863066,1.294552
marina-bay,108,73.878,52.039,103.863273,1.29445
marina-bay,109,76.313,51.367,103.863447,1.294402
marina-bay,110,79.364,51.661,103.863665,1.294423
marina-bay,111,80.931,51.031,103.863777,1.294378
marina-bay,112,81.729,49.911,103.863834,1.294298
marina-bay,113,82.191,48.119,103.863867,1.29417
marina-bay,114,83.422,33.057,103.863955,1.293094
marina-bay,115,86.067,13.935,103.864144,1.291728
marina-bay,116,86.067,13.935,103.864144,1.291728
melbourne,0,-15.356,-42.866,144.968644,-37.849757
melbourne,1,-24.435,-33.901,144.967627,-37.848964
melbourne,2,-37.881,-20.187,144.966121,-37.847751
melbourne,3,-38.657,-19.395,144.966034,-37.847681
melbourne,4,-38.988,-18.31,144.965997,-37.847585
melbourne,5,-38.934,-17.835,144.966003,-37.847543
melbourne,6,-38.711,-17.394,144.966028,-37.847504
melbourne,7,-38.256,-16.286,144.966079,-37.847406
melbourne,8,-37.497,-14.941,144.966164,-37.847287
melbourne,9,-37.024,-13.222,144.966217,-37.847135
melbourne,10,-36.756,-11.108,144.966247,-37.846948
melbourne,11,-36.702,-9.559,144.966253,-37.846811
melbourne,12,-37.175,-6.54,144.9662,-37.846544
melbourne,13,-37.765,-5.003,144.966134,-37.846408
melbourne,14,-38.684,-3.397,144.966031,-37.846266
melbourne,15,-39.764,-2.109,144.96591,-37.846152
melbourne,16,-42.157,0.277,144.965642,-37.845941
melbourne,17,-44.996,2.877,144.965324,-37.845711
melbourne,18,-48.996,6.744,144.964876,-37.845369
melbourne,19,-53.87,11.945,144.96433,-37.844909
melbourne,20,-55.825,14.036,144.964111,-37.844724
melbourne,21,-61.021,20.56,144.963529,-37.844147
melbourne,22,-63.602,24.008,144.96324,-37.843842
melbourne,23,-66.271,28.202,144.962941,-37.843471
melbourne,24,-71.404,37.191,144.962366,-37.842676
melbourne,25,-72.672,39.712,144.962224,-37.842453
melbourne,26,-73.44,41.6,144.962138,-37.842286
melbourne,27,-73.342,42.651,144.962149,-37.842193
melbourne,28,-72.904,43.397,144.962198,-37.842127
melbourne,29,-71.824,43.94,144.962319,-37.842079
melbourne,30,-68.199,44.573,144.962725,-37.842023
melbourne,31,-61.343,45.975,144.963493,-37.841899
melbourne,32,-60.548,46.292,144.963582,-37.841871
melbourne,33,-60.048,46.62,144.963638,-37.841842
melbourne,34,-59.709,47.094,144.963676,-37.8418
melbourne,35,-59.209,48.575,144.963732,-37.841669
melbourne,36,-59.111,50.136,144.963743,-37.841531
melbourne,37,-59.575,63.522,144.963691,-37.840347
melbourne,38,-59.736,68.428,144.963673,-37.839913
melbourne,39,-59.62,68.847,144.963686,-37.839876
melbourne,40,-58.165,70.543,144.963849,-37.839726
melbourne,41,-56.834,71.549,144.963998,-37.839637
melbourne,42,-46.639,78.909,144.96514,-37.838986
melbourne,43,-44.38,80.209,144.965393,-37.838871
melbourne,44,-33.854,84.505,144.966572,-37.838491
melbourne,45,-29.881,85.941,144.967017,-37.838364
melbourne,46,-26.283,88.112,144.96742,-37.838172
melbourne,47,-23.552,89.774,144.967726,-37.838025
melbourne,48,-22.328,89.989,144.967863,-37.838006
melbourne,49,-21.355,90.0,144.967972,-37.838005
melbourne,50,-20.454,89.469,144.968073,-37.838052
melbourne,51,-19.266,88.067,144.968206,-37.838176
melbourne,52,-17.829,86.8,144.968367,-37.838288
melbourne,53,-15.865,85.41,144.968587,-37.838411
melbourne,54,-13.365,84.471,144.968867,-37.838494
melbourne,55,-10.124,84.076,144.96923,-37.838529
melbourne,56,-7.196,83.94,144.969558,-37.838541
melbourne,57,-4.714,83.567,144.969836,-37.838574
melbourne,58,-1.946,82.606,144.970146,-37.838659
melbourne,59,0.5,81.441,144.97042,-37.838762
melbourne,60,3.196,79.44,144.970722,-37.838939
melbourne,61,5.017,77.812,144.970926,-37.839083
melbourne,62,6.83,75.449,144.971129,-37.839292
melbourne,63,8.526,72.51,144.971319,-37.839552
melbourne,64,9.481,69.514,144.971426,-37.839817
melbourne,65,10.079,67.196,144.971493,-37.840022
melbourne,66,10.383,65.252,144.971527,-37.840194
melbourne,67,12.847,51.786,144.971803,-37.841385
melbourne,68,12.865,50.102,144.971805,-37.841534
melbourne,69,12.597,48.078,144.971775,-37.841713
melbourne,70,11.936,46.009,144.971701,-37.841896
melbourne,71,11.16,44.245,144.971614,-37.842052
melbourne,72,9.776,42.278,144.971459,-37.842226
melbourne,73,8.499,40.718,144.971316,-37.842364
melbourne,74,7.098,38.819,144.971159,-37.842532
melbourne,75,6.392,37.439,144.97108,-37.842654
melbourne,76,5.776,35.879,144.971011,-37.842792
melbourne,77,5.312,34.104,144.970959,-37.842949
melbourne,78,2.518,19.282,144.970646,-37.84426
melbourne,79,2.303,17.473,144.970622,-37.84442
melbourne,80,2.187,15.325,144.970609,-37.84461
melbourne,81,2.187,13.358,144.970609,-37.844784
melbourne,82,2.357,9.785,144.970628,-37.8451
melbourne,83,2.768,7.015,144.970674,-37.845345
melbourne,84,3.526,3.838,144.970759,-37.845626
melbourne,85,4.464,0.763,144.970864,-37.845898
melbourne,86,5.678,-1.882,144.971,-37.846132
melbourne,87,6.946,-4.336,144.971142,-37.846349
melbourne,88,9.053,-7.637,144.971378,-37.846641
melbourne,89,10.463,-9.717,144.971536,-37.846825
melbourne,90,13.285,-12.713,144.971852,-37.84709
melbourne,91,22.614,-21.012,144.972897,-37.847824
melbourne,92,24.087,-22.154,144.973062,-37.847925
melbourne,93,25.471,-22.911,144.973217,-37.847992
melbourne,94,26.489,-23.397,144.973331,-37.848035
melbourne,95,28.462,-23.997,144.973552,-37.848088
melbourne,96,30.354,-24.155,144.973764,-37.848102
melbourne,97,32.658,-24.064,144.974022,-37.848094
melbourne,98,34.738,-24.053,144.974255,-37.848093
melbourne,99,36.756,-23.974,144.974481,-37.848086
melbourne,100,38.47,-24.031,144.974673,-37.848091
melbourne,101,39.934,-24.392,144.974837,-37.848123
melbourne,102,41.398,-25.105,144.975001,-37.848186
melbourne,103,42.398,-25.67,144.975113,-37.848236
melbourne,104,44.175,-27.253,144.975312,-37.848376
melbourne,105,54.486,-36.037,144.976467,-37.849153
melbourne,106,58.325,-39.248,144.976897,-37.849437
melbourne,107,60.2,-41.498,144.977107,-37.849636
melbourne,108,61.593,-43.115,144.977263,-37.849779
melbourne,109,63.111,-45.523,144.977433,-37.849992
melbourne,110,64.646,-49.096,144.977605,-37.850308
melbourne,111,66.182,-53.573,144.977777,-37.850704
melbourne,112,70.253,-67.66,144.978233,-37.85195
melbourne,113,72.69,-76.614,144.978506,-37.852742
melbourne,114,73.154,-79.101,144.978558,-37.852962
melbourne,115,73.413,-80.356,144.978587,-37.853073
melbourne,116,73.44,-81.125,144.97859,-37.853141
melbourne,117,72.797,-81.464,144.978518,-37.853171
melbourne,118,70.887,-82.199,144.978304,-37.853236
melbourne,119,61.709,-85.907,144.977276,-37.853564
melbourne,120,52.254,-89.672,144.976217,-37.853897
melbourne,121,51.522,-89.876,144.976135,-37.853915
melbourne,122,50.344,-90.0,144.976003,-37.853926
melbourne,123,48.906,-89.898,144.975842,-37.853917
melbourne,124,47.424,-89.288,144.975676,-37.853863
melbourne,125,45.925,-88.282,144.975508,-37.853774
melbourne,126,45.041,-87.467,144.975409,-37.853702
melbourne,127,44.193,-86.145,144.975314,-37.853585
melbourne,128,38.586,-75.8,144.974686,-37.85267
melbourne,129,35.193,-70.305,144.974306,-37.852184
melbourne,130,34.738,-69.57,144.974255,-37.852119
melbourne,131,34.265,-69.141,144.974202,-37.852081
melbourne,132,33.792,-68.96,144.974149,-37.852065
melbourne,133,32.979,-68.926,144.974058,-37.852062
melbourne,134,32.408,-69.254,144.973994,-37.852091
melbourne,135,26.319,-76.15,144.973312,-37.852701
melbourne,136,25.471,-76.998,144.973217,-37.852776
melbourne,137,24.56,-77.53,144.973115,-37.852823
melbourne,138,23.418,-77.982,144.972987,-37.852863
melbourne,139,22.4,-78.219,144.972873,-37.852884
melbourne,140,21.489,-78.208,144.972771,-37.852883
melbourne,141,20.4,-77.993,144.972649,-37.852864
melbourne,142,18.891,-77.462,144.97248,-37.852817
melbourne,143,17.775,-76.67,144.972355,-37.852747
melbourne,144,17.338,-76.241,144.972306,-37.852709
melbourne,145,-15.356,-42.866,144.968644,-37.849757
melbourne,146,-15.356,-42.866,144.968644,-37.849757
mexico-city,0,-57.128,62.42,-99.094338,19.406226
mexico-city,1,-12.465,56.218,-99.090925,19.405779
mexico-city,2,2.022,54.317,-99.089818,19.405642
mexico-city,3,17.28,52.944,-99.088652,19.405543
mexico-city,4,24.635,52.028,-99.08809,19.405477
mexico-city,5,43.61,49.35,-99.08664,19.405284
mexico-city,6,76.678,44.439,-99.084113,19.40493
mexico-city,7,83.496,43.065,-99.083592,19.404831
mexico-city,8,84.661,42.607,-99.083503,19.404798
mexico-city,9,85.276,42.08,-99.083456,19.40476
mexico-city,10,85.59,41.234,-99.083432,19.404699
mexico-city,11,85.668,40.457,-99.083426,19.404643
mexico-city,12,84.425,32.271,-99.083521,19.404053
mexico-city,13,84.582,31.55,-99.083509,19.404001
mexico-city,14,84.975,30.898,-99.083479,19.403954
mexico-city,15,88.456,29.011,-99.083213,19.403818
mexico-city,16,89.463,28.484,-99.083136,19.40378
mexico-city,17,90.0,27.637,-99.083095,19.403719
mexico-city,18,90.0,26.846,-99.083095,19.403662
mexico-city,19,89.306,21.741,-99.083148,19.403294
mexico-city,20,88.22,17.162,-99.083231,19.402964
mexico-city,21,86.519,12.723,-99.083361,19.402644
mexico-city,22,84.582,8.727,-99.083509,19.402356
mexico-city,23,69.402,-17.037,-99.084669,19.400499
mexico-city,24,51.2,-45.618,-99.08606,19.398439
mexico-city,25,50.035,-47.574,-99.086149,19.398298
mexico-city,26,49.878,-48.754,-99.086161,19.398213
mexico-city,27,50.113,-49.739,-99.086143,19.398142
mexico-city,28,50.663,-50.46,-99.086101,19.39809
mexico-city,29,56.081,-53.79,-99.085687,19.39785
mexico-city,30,56.617,-54.317,-99.085646,19.397812
mexico-city,31,56.696,-55.163,-99.08564,19.397751
mexico-city,32,56.316,-55.885,-99.085669,19.397699
mexico-city,33,55.387,-56.731,-99.08574,19.397638
mexico-city,34,45.232,-64.39,-99.086516,19.397086
mexico-city,35,44.225,-64.848,-99.086593,19.397053
mexico-city,36,43.374,-64.972,-99.086658,19.397044
mexico-city,37,42.602,-64.709,-99.086717,19.397063
mexico-city,38,40.744,-63.53,-99.086859,19.397148
mexico-city,39,40.43,-62.753,-99.086883,19.397204
mexico-city,40,40.43,-61.185,-99.086883,19.397317
mexico-city,41,45.075,-24.946,-99.086528,19.399929
mexico-city,42,45.01,-23.836,-99.086533,19.400009
mexico-city,43,44.539,-22.795,-99.086569,19.400084
mexico-city,44,43.845,-21.935,-99.086622,19.400146
mexico-city,45,42.759,-21.158,-99.086705,19.400202
mexico-city,46,37.341,-17.814,-99.087119,19.400443
mexico-city,47,35.405,-16.052,-99.087267,19.40057
mexico-city,48,34.24,-14.873,-99.087356,19.400655
mexico-city,49,33.075,-12.653,-99.087445,19.400815
mexico-city,50,31.832,-9.379,-99.08754,19.401051
mexico-city,51,30.602,-7.423,-99.087634,19.401192
mexico-city,52,29.202,-6.049,-99.087741,19.401291
mexico-city,53,27.658,-5.064,-99.087859,19.401362
mexico-city,54,25.564,-4.148,-99.088019,19.401428
mexico-city,55,8.827,-1.596,-99.089298,19.401612
mexico-city,56,6.968,-1.013,-99.08944,19.401654
mexico-city,57,5.817,-0.028,-99.089528,19.401725
mexico-city,58,5.267,0.624,-99.08957,19.401772
mexico-city,59,4.809,1.54,-99.089605,19.401838
mexico-city,60,2.637,8.269,-99.089771,19.402323
mexico-city,61,1.943,9.587,-99.089824,19.402418
mexico-city,62,0.857,10.822,-99.089907,19.402507
mexico-city,63,-1.852,12.459,-99.090114,19.402625
mexico-city,64,-14.244,19.132,-99.091061,19.403106
mexico-city,65,-17.817,20.631,-99.091334,19.403214
mexico-city,66,-22.999,21.879,-99.09173,19.403304
mexico-city,67,-64.521,27.901,-99.094903,19.403738
mexico-city,68,-65.372,28.22,-99.094968,19.403761
mexico-city,69,-65.83,28.747,-99.095003,19.403799
mexico-city,70,-66.222,29.593,-99.095033,19.40386
mexico-city,71,-66.301,30.703,-99.095039,19.40394
mexico-city,72,-66.995,41.373,-99.095092,19.404709
mexico-city,73,-67.845,48.754,-99.095157,19.405241
mexico-city,74,-68.159,49.6,-99.095181,19.405302
mexico-city,75,-68.774,50.197,-99.095228,19.405345
mexico-city,76,-69.625,50.585,-99.095293,19.405373
mexico-city,77,-70.711,50.46,-99.095376,19.405364
mexico-city,78,-71.876,49.406,-99.095465,19.405288
mexico-city,79,-73.354,47.186,-99.095578,19.405128
mexico-city,80,-74.205,46.534,-99.095643,19.405081
mexico-city,81,-75.213,46.145,-99.09572,19.405053
mexico-city,82,-76.364,46.201,-99.095808,19.405057
mexico-city,83,-77.686,46.797,-99.095909,19.4051
mexico-city,84,-79.23,47.519,-99.096027,19.405152
mexico-city,85,-80.709,47.977,-99.09614,19.405185
mexico-city,86,-87.749,48.754,-99.096678,19.405241
mexico-city,87,-88.914,49.142,-99.096767,19.405269
mexico-city,88,-89.463,49.6,-99.096809,19.405302
mexico-city,89,-89.921,50.46,-99.096844,19.405364
mexico-city,90,-90.0,51.306,-99.09685,19.405425
mexico-city,91,-89.542,53.332,-99.096815,19.405571
mexico-city,92,-88.534,56.01,-99.096738,19.405764
mexico-city,93,-87.213,58.244,-99.096637,19.405925
mexico-city,94,-85.276,60.921,-99.096489,19.406118
mexico-city,95,-83.025,62.753,-99.096317,19.40625
mexico-city,96,-80.159,64.195,-99.096098,19.406354
mexico-city,97,-77.529,64.903,-99.095897,19.406405
mexico-city,98,-74.977,64.972,-99.095702,19.40641
mexico-city,99,-71.261,64.515,-99.095418,19.406377
mexico-city,100,-57.128,62.42,-99.094338,19.406226
mexico-city,101,-57.128,62.42,-99.094338,19.406226
miami,0,-1.169,15.815,-80.237371,25.959092
miami,1,23.424,0.46,-80.235319,25.95794
miami,2,23.844,-0.673,-80.235284,25.957855
miami,3,23.664,-1.726,-80.235299,25.957776
miami,4,22.933,-3.126,-80.23536,25.957671
miami,5,17.696,-7.018,-80.235797,25.957379
miami,6,16.066,-8.777,-80.235933,25.957247
miami,7,15.526,-11.95,-80.235978,25.957009
miami,8,16.066,-15.309,-80.235933,25.956757
miami,9,15.55,-19.454,-80.235976,25.956446
miami,10,14.292,-22.107,-80.236081,25.956247
miami,11,9.546,-25.906,-80.236477,25.955962
miami,12,4.141,-27.772,-80.236928,25.955822
miami,13,0.629,-28.559,-80.237221,25.955763
miami,14,-4.548,-28.678,-80.237653,25.955754
miami,15,-8.611,-27.945,-80.237992,25.955809
miami,16,-13.369,-25.813,-80.238389,25.955969
miami,17,-37.506,-11.337,-80.240403,25.957055
miami,18,-40.97,-9.244,-80.240692,25.957212
miami,19,-42.744,-8.937,-80.24084,25.957235
miami,20,-44.781,-8.777,-80.24101,25.957247
miami,21,-46.819,-9.044,-80.24118,25.957227
miami,22,-49.407,-9.857,-80.241396,25.957166
miami,23,-51.589,-11.084,-80.241578,25.957074
miami,24,-53.818,-12.883,-80.241764,25.956939
miami,25,-56.143,-14.429,-80.241958,25.956823
miami,26,-59.187,-14.936,-80.242212,25.956785
miami,27,-61.932,-14.682,-80.242441,25.956804
miami,28,-64.88,-13.256,-80.242687,25.956911
miami,29,-67.648,-10.777,-80.242918,25.957097
miami,30,-70.165,-8.284,-80.243128,25.957284
miami,31,-72.994,-6.885,-80.243364,25.957389
miami,32,-75.906,-6.298,-80.243607,25.957433
miami,33,-79.417,-6.911,-80.2439,25.957387
miami,34,-82.641,-7.924,-80.244169,25.957311
miami,35,-85.35,-9.204,-80.244395,25.957215
miami,36,-87.351,-11.057,-80.244562,25.957076
miami,37,-89.257,-14.043,-80.244721,25.956852
miami,38,-90.0,-17.215,-80.244783,25.956614
miami,39,-89.916,-19.868,-80.244776,25.956415
miami,40,-89.329,-21.654,-80.244727,25.956281
miami,41,-88.358,-22.88,-80.244646,25.956189
miami,42,-86.381,-23.96,-80.244481,25.956108
miami,43,-83.996,-23.96,-80.244282,25.956108
miami,44,-81.047,-23.307,-80.244036,25.956157
miami,45,-77.752,-23.32,-80.243761,25.956156
miami,46,-70.956,-24.76,-80.243194,25.956048
miami,47,-58.516,-27.279,-80.242156,25.955859
miami,48,-45.656,-26.906,-80.241083,25.955887
miami,49,-26.025,-26.093,-80.239445,25.955948
miami,50,-20.596,-27.812,-80.238992,25.955819
miami,51,-13.884,-30.211,-80.238432,25.955639
miami,52,-8.479,-32.118,-80.237981,25.955496
miami,53,-1.216,-34.424,-80.237375,25.955323
miami,54,6.334,-35.69,-80.236745,25.955228
miami,55,13.92,-35.783,-80.236112,25.955221
miami,56,21.89,-34.477,-80.235447,25.955319
miami,57,29.165,-31.918,-80.23484,25.955511
miami,58,45.788,-25.853,-80.233453,25.955966
miami,59,55.436,-22.174,-80.232648,25.956242
miami,60,60.086,-20.108,-80.23226,25.956397
miami,61,71.975,-13.789,-80.231268,25.956871
miami,62,78.375,-9.697,-80.230734,25.957178
miami,63,79.657,-7.964,-80.230627,25.957308
miami,64,79.238,-6.525,-80.230662,25.957416
miami,65,78.075,-5.405,-80.230759,25.9575
miami,66,75.139,-3.632,-80.231004,25.957633
miami,67,73.089,-2.099,-80.231175,25.957748
miami,68,71.975,0.14,-80.231268,25.957916
miami,69,71.735,2.473,-80.231288,25.958091
miami,70,72.394,5.312,-80.231233,25.958304
miami,71,73.976,6.898,-80.231101,25.958423
miami,72,75.834,7.644,-80.230946,25.958479
miami,73,81.335,7.311,-80.230487,25.958454
miami,74,84.079,7.684,-80.230258,25.958482
miami,75,85.29,8.471,-80.230157,25.958541
miami,76,87.136,10.27,-80.230003,25.958676
miami,77,90.0,15.389,-80.229764,25.95906
miami,78,89.808,16.509,-80.22978,25.959144
miami,79,88.418,17.068,-80.229896,25.959186
miami,80,87.16,18.002,-80.230001,25.959256
miami,81,87.112,19.908,-80.230005,25.959399
miami,82,89.389,27.252,-80.229815,25.95995
miami,83,89.209,28.505,-80.22983,25.960044
miami,84,88.178,29.345,-80.229916,25.960107
miami,85,82.45,29.865,-80.230394,25.960146
miami,86,-0.282,32.797,-80.237297,25.960366
miami,87,-66.246,35.783,-80.242801,25.96059
miami,88,-68.176,35.277,-80.242962,25.960552
miami,89,-68.583,33.757,-80.242996,25.960438
miami,90,-67.924,31.864,-80.242941,25.960296
miami,91,-65.635,29.838,-80.24275,25.960144
miami,92,-62.075,27.132,-80.242453,25.959941
miami,93,-58.252,25.08,-80.242134,25.959787
miami,94,-55.136,24.293,-80.241874,25.959728
miami,95,-52.392,24.52,-80.241645,25.959745
miami,96,-49.036,25.733,-80.241365,25.959836
miami,97,-41.21,29.412,-80.240712,25.960112
miami,98,-36.823,30.585,-80.240346,25.9602
miami,99,-31.43,31.051,-80.239896,25.960235
miami,100,-26.109,30.305,-80.239452,25.960179
miami,101,-21.087,28.212,-80.239033,25.960022
miami,102,-1.169,15.815,-80.237371,25.959092
miami,103,-1.169,15.815,-80.237371,25.959092
monaco,0,20.826,54.831,7.427191,43.739404
monaco,1,20.529,56.682,7.427171,43.739494
monaco,2,20.945,58.348,7.427199,43.739575
monaco,3,22.015,60.631,7.427271,43.739686
monaco,4,23.025,62.235,7.427339,43.739764
monaco,5,26.176,66.225,7.427551,43.739958
monaco,6,42.18,87.964,7.428628,43.741015
monaco,7,43.294,89.527,7.428703,43.741091
monaco,8,44.944,90.0,7.428814,43.741114
monaco,9,46.95,89.424,7.428949,43.741086
monaco,10,48.347,88.272,7.429043,43.74103
monaco,11,49.357,86.463,7.429111,43.740942
monaco,12,49.565,84.426,7.429125,43.740843
monaco,13,49.61,82.74,7.429128,43.740761
monaco,14,49.773,81.362,7.429139,43.740694
monaco,15,50.605,79.717,7.429195,43.740614
monaco,16,51.571,78.462,7.42926,43.740553
monaco,17,53.369,75.932,7.429381,43.74043
monaco,18,54.588,73.691,7.429463,43.740321
monaco,19,55.063,72.333,7.429495,43.740255
monaco,20,55.672,71.531,7.429536,43.740216
monaco,21,56.638,71.264,7.429601,43.740203
monaco,22,57.753,71.593,7.429676,43.740219
monaco,23,58.585,72.457,7.429732,43.740261
monaco,24,58.838,73.691,7.429749,43.740321
monaco,25,58.288,74.739,7.429712,43.740372
monaco,26,56.876,75.768,7.429617,43.740422
monaco,27,52.7,81.074,7.429336,43.74068
monaco,28,52.106,82.349,7.429296,43.740742
monaco,29,52.091,83.583,7.429295,43.740802
monaco,30,52.418,84.529,7.429317,43.740848
monaco,31,52.864,85.414,7.429347,43.740891
monaco,32,54.825,86.421,7.429479,43.74094
monaco,33,57.857,87.203,7.429683,43.740978
monaco,34,59.506,87.82,7.429794,43.741008
monaco,35,61.2,88.499,7.429908,43.741041
monaco,36,63.548,89.321,7.430066,43.741081
monaco,37,66.104,89.506,7.430238,43.74109
monaco,38,67.456,88.828,7.430329,43.741057
monaco,39,67.962,86.73,7.430363,43.740955
monaco,40,67.486,74.472,7.430331,43.740359
monaco,41,65.599,61.865,7.430204,43.739746
monaco,42,63.637,53.844,7.430072,43.739356
monaco,43,61.453,48.126,7.429925,43.739078
monaco,44,57.708,41.586,7.429673,43.73876
monaco,45,53.399,36.053,7.429383,43.738491
monaco,46,47.158,29.246,7.428963,43.73816
monaco,47,38.227,23.775,7.428362,43.737894
monaco,48,32.907,21.163,7.428004,43.737767
monaco,49,22.654,16.371,7.427314,43.737534
monaco,50,15.759,13.985,7.42685,43.737418
monaco,51,5.58,11.579,7.426165,43.737301
monaco,52,-0.973,10.551,7.425724,43.737251
monaco,53,-4.451,9.893,7.42549,43.737219
monaco,54,-5.045,8.885,7.42545,43.73717
monaco,55,-5.089,8.0,7.425447,43.737127
monaco,56,-5.298,6.972,7.425433,43.737077
monaco,57,-5.743,5.964,7.425403,43.737028
monaco,58,-7.214,5.45,7.425304,43.737003
monaco,59,-9.295,5.101,7.425164,43.736986
monaco,60,-11.598,6.417,7.425009,43.73705
monaco,61,-12.861,6.499,7.424924,43.737054
monaco,62,-31.198,4.093,7.42369,43.736937
monaco,63,-40.307,2.777,7.423077,43.736873
monaco,64,-48.688,1.46,7.422513,43.736809
monaco,65,-51.006,1.111,7.422357,43.736792
monaco,66,-52.552,0.843,7.422253,43.736779
monaco,67,-53.666,-0.309,7.422178,43.736723
monaco,68,-55.42,-3.764,7.42206,43.736555
monaco,69,-56.906,-7.116,7.42196,43.736392
monaco,70,-58.095,-10.468,7.42188,43.736229
monaco,71,-58.615,-12.854,7.421845,43.736113
monaco,72,-59.164,-17.009,7.421808,43.735911
monaco,73,-59.209,-24.125,7.421805,43.735565
monaco,74,-59.135,-25.894,7.42181,43.735479
monaco,75,-58.615,-27.107,7.421845,43.73542
monaco,76,-57.574,-28.279,7.421915,43.735363
monaco,77,-55.271,-29.966,7.42207,43.735281
monaco,78,-53.726,-31.385,7.422174,43.735212
monaco,79,-53.057,-32.907,7.422219,43.735138
monaco,80,-52.79,-35.107,7.422237,43.735031
monaco,81,-50.174,-50.245,7.422413,43.734295
monaco,82,-49.506,-52.898,7.422458,43.734166
monaco,83,-49.298,-53.741,7.422472,43.734125
monaco,84,-49.357,-54.872,7.422468,43.73407
monaco,85,-50.026,-55.777,7.422423,43.734026
monaco,86,-51.497,-56.805,7.422324,43.733976
monaco,87,-52.968,-57.525,7.422225,43.733941
monaco,88,-53.31,-58.553,7.422202,43.733891
monaco,89,-53.027,-60.713,7.422221,43.733786
monaco,90,-51.348,-65.628,7.422334,43.733547
monaco,91,-49.818,-69.33,7.422437,43.733367
monaco,92,-48.257,-72.251,7.422542,43.733225
monaco,93,-45.583,-76.076,7.422722,43.733039
monaco,94,-42.224,-79.47,7.422948,43.732874
monaco,95,-39.758,-80.889,7.423114,43.732805
monaco,96,-36.994,-82.185,7.4233,43.732742
monaco,97,-35.612,-82.802,7.423393,43.732712
monaco,98,-34.913,-83.583,7.42344,43.732674
monaco,99,-34.111,-85.989,7.423494,43.732557
monaco,100,-34.497,-87.265,7.423468,43.732495
monaco,101,-35.745,-88.005,7.423384,43.732459
monaco,102,-41.288,-89.465,7.423011,43.732388
monaco,103,-44.379,-89.959,7.422803,43.732364
monaco,104,-46.415,-90.0,7.422666,43.732362
monaco,105,-48.228,-89.733,7.422544,43.732375
monaco,106,-49.372,-88.869,7.422467,43.732417
monaco,107,-50.07,-88.149,7.42242,43.732452
monaco,108,-50.1,-86.463,7.422418,43.732534
monaco,109,-50.367,-85.105,7.4224,43.7326
monaco,110,-50.902,-83.439,7.422364,43.732681
monaco,111,-54.023,-79.593,7.422154,43.732868
monaco,112,-56.311,-75.912,7.422,43.733047
monaco,113,-58.095,-73.156,7.42188,43.733181
monaco,114,-59.982,-67.932,7.421753,43.733435
monaco,115,-64.157,-53.391,7.421472,43.734142
monaco,116,-65.302,-48.702,7.421395,43.73437
monaco,117,-66.104,-43.684,7.421341,43.734614
monaco,118,-67.144,-36.362,7.421271,43.73497
monaco,119,-67.962,-26.84,7.421216,43.735433
monaco,120,-67.962,-20.628,7.421216,43.735735
monaco,121,-67.694,-15.878,7.421234,43.735966
monaco,122,-67.174,-10.941,7.421269,43.736206
monaco,123,-66.253,-7.507,7.421331,43.736373
monaco,124,-65.212,-4.422,7.421401,43.736523
monaco,125,-64.707,-2.53,7.421435,43.736615
monaco,126,-64.455,-0.864,7.421452,43.736696
monaco,127,-64.573,1.666,7.421444,43.736819
monaco,128,-64.618,3.229,7.421441,43.736895
monaco,129,-64.113,4.154,7.421475,43.73694
monaco,130,-62.82,4.771,7.421562,43.73697
monaco,131,-59.67,5.532,7.421774,43.737007
monaco,132,-56.861,5.656,7.421963,43.737013
monaco,133,-53.013,6.129,7.422222,43.737036
monaco,134,-47.648,6.808,7.422583,43.737069
monaco,135,-42.893,7.651,7.422903,43.73711
monaco,136,-30.797,11.209,7.423717,43.737283
monaco,137,-24.036,13.06,7.424172,43.737373
monaco,138,-17.839,14.068,7.424589,43.737422
monaco,139,-13.589,14.417,7.424875,43.737439
monaco,140,-10.276,15.61,7.425098,43.737497
monaco,141,-0.691,20.155,7.425743,43.737718
monaco,142,3.514,21.883,7.426026,43.737802
monaco,143,9.651,23.261,7.426439,43.737869
monaco,144,14.778,23.981,7.426784,43.737904
monaco,145,19.667,24.803,7.427113,43.737944
monaco,146,22.416,25.77,7.427298,43.737991
monaco,147,25.76,27.868,7.427523,43.738093
monaco,148,28.657,30.891,7.427718,43.73824
monaco,149,30.292,33.441,7.427828,43.738364
monaco,150,31.02,36.115,7.427877,43.738494
monaco,151,30.901,38.912,7.427869,43.73863
monaco,152,30.426,41.545,7.427837,43.738758
monaco,153,29.385,44.445,7.427767,43.738899
monaco,154,28.003,47.201,7.427674,43.739033
monaco,155,25.834,48.887,7.427528,43.739115
monaco,156,23.753,50.841,7.427388,43.73921
monaco,157,22.743,51.725,7.42732,43.739253
monaco,158,21.807,52.671,7.427257,43.739299
monaco,159,20.826,54.831,7.427191,43.739404
monaco,160,20.826,54.831,7.427191,43.739404
montreal,0,19.749,-40.338,-73.523246,45.501816
montreal,1,21.959,-50.623,-73.522944,45.500831
montreal,2,23.605,-58.204,-73.522719,45.500105
montreal,3,24.52,-63.811,-73.522594,45.499568
montreal,4,24.645,-68.437,-73.522577,45.499125
montreal,5,23.217,-80.842,-73.522772,45.497937
montreal,6,23.481,-82.325,-73.522736,45.497795
montreal,7,24.476,-83.254,-73.5226,45.497706
montreal,8,28.157,-84.883,-73.522097,45.49755
montreal,9,28.889,-85.426,-73.521997,45.497498
montreal,10,29.24,-86.502,-73.521949,45.497395
montreal,11,29.109,-87.588,-73.521967,45.497291
montreal,12,28.589,-88.674,-73.522038,45.497187
montreal,13,27.594,-89.509,-73.522174,45.497107
montreal,14,26.335,-90.0,-73.522346,45.49706
montreal,15,24.688,-90.0,-73.522571,45.49706
montreal,16,22.874,-89.603,-73.522819,45.497098
montreal,17,18.541,-88.381,-73.523411,45.497215
montreal,18,15.592,-87.389,-73.523814,45.49731
montreal,19,12.782,-85.865,-73.524198,45.497456
montreal,20,10.096,-84.09,-73.524565,45.497626
montreal,21,3.897,-78.775,-73.525412,45.498135
montreal,22,0.216,-75.329,-73.525915,45.498465
montreal,23,-0.479,-74.253,-73.52601,45.498568
montreal,24,-0.648,-73.366,-73.526033,45.498653
montreal,25,-0.604,-72.478,-73.526027,45.498738
montreal,26,0.04,-70.505,-73.525939,45.498927
montreal,27,0.26,-69.283,-73.525909,45.499044
montreal,28,0.128,-68.291,-73.525927,45.499139
montreal,29,-0.304,-67.456,-73.525986,45.499219
montreal,30,-7.366,-58.841,-73.526951,45.500044
montreal,31,-8.617,-57.765,-73.527122,45.500147
montreal,32,-11.003,-56.084,-73.527448,45.500308
montreal,33,-12.43,-54.904,-73.527643,45.500421
montreal,34,-13.989,-52.837,-73.527856,45.500619
montreal,35,-14.86,-50.623,-73.527975,45.500831
montreal,36,-15.467,-48.357,-73.528058,45.501048
montreal,37,-15.68,-46.54,-73.528087,45.501222
montreal,38,-15.636,-33.101,-73.528081,45.502509
montreal,39,-15.636,-31.974,-73.528081,45.502617
montreal,40,-16.111,-31.086,-73.528146,45.502702
montreal,41,-16.982,-30.397,-73.528265,45.502768
montreal,42,-18.497,-30.052,-73.528472,45.502801
montreal,43,-20.532,-30.543,-73.52875,45.502754
montreal,44,-21.703,-30.689,-73.52891,45.50274
montreal,45,-23.13,-30.292,-73.529105,45.502778
montreal,46,-24.345,-29.509,-73.529271,45.502853
montreal,47,-25.208,-28.674,-73.529389,45.502933
montreal,48,-25.991,-27.64,-73.529496,45.503032
montreal,49,-26.467,-26.7,-73.529561,45.503122
montreal,50,-27.118,-24.831,-73.52965,45.503301
montreal,51,-27.682,-22.523,-73.529727,45.503522
montreal,52,-28.326,-19.662,-73.529815,45.503796
montreal,53,-28.414,-17.25,-73.529827,45.504027
montreal,54,-29.24,-6.965,-73.52994,45.505012
montreal,55,-29.153,-1.399,-73.529928,45.505545
montreal,56,-29.021,3.08,-73.52991,45.505974
montreal,57,-28.633,7.999,-73.529857,45.506445
montreal,58,-28.113,11.883,-73.529786,45.506817
montreal,59,-27.594,14.943,-73.529715,45.50711
montreal,60,-23.957,29.603,-73.529218,45.508514
montreal,61,-23.349,30.94,-73.529135,45.508642
montreal,62,-22.478,31.472,-73.529016,45.508693
montreal,63,-21.571,31.671,-73.528892,45.508712
montreal,64,-20.232,31.775,-73.528709,45.508722
montreal,65,-19.192,32.12,-73.528567,45.508755
montreal,66,-18.19,32.704,-73.52843,45.508811
montreal,67,-17.107,33.843,-73.528282,45.50892
montreal,68,-16.287,35.169,-73.52817,45.509047
montreal,69,-15.548,36.986,-73.528069,45.509221
montreal,70,-11.955,51.605,-73.527578,45.510621
montreal,71,-10.527,59.53,-73.527383,45.51138
montreal,72,-10.052,65.096,-73.527318,45.511913
montreal,73,-9.832,70.808,-73.527288,45.51246
montreal,74,-9.876,72.677,-73.527294,45.512639
montreal,75,-10.096,74.64,-73.527324,45.512827
montreal,76,-12.738,87.64,-73.527685,45.514072
montreal,77,-12.825,88.423,-73.527697,45.514147
montreal,78,-12.738,89.112,-73.527685,45.514213
montreal,79,-12.13,89.802,-73.527602,45.514279
montreal,80,-10.959,90.0,-73.527442,45.514298
montreal,81,-10.22,89.749,-73.527341,45.514274
montreal,82,-9.7,89.165,-73.52727,45.514218
montreal,83,-9.532,88.674,-73.527247,45.514171
montreal,84,-9.225,85.771,-73.527205,45.513893
montreal,85,-8.793,81.333,-73.527146,45.513468
montreal,86,-8.617,79.861,-73.527122,45.513327
montreal,87,-8.054,78.232,-73.527045,45.513171
montreal,88,-6.151,74.347,-73.526785,45.512799
montreal,89,-4.461,70.901,-73.526554,45.512469
montreal,90,4.073,48.848,-73.525388,45.510357
montreal,91,5.068,45.997,-73.525252,45.510084
montreal,92,17.714,-14.546,-73.523524,45.504286
montreal,93,18.234,-17.052,-73.523453,45.504046
montreal,94,18.109,-17.887,-73.52347,45.503966
montreal,95,17.546,-18.535,-73.523547,45.503904
montreal,96,16.543,-18.921,-73.523684,45.503867
montreal,97,15.899,-19.568,-73.523772,45.503805
montreal,98,15.636,-20.299,-73.523808,45.503735
montreal,99,15.68,-21.239,-73.523802,45.503645
montreal,100,17.978,-31.723,-73.523488,45.502641
montreal,101,19.749,-40.338,-73.523246,45.501816
montreal,102,19.749,-40.338,-73.523246,45.501816
monza,0,-48.748,-24.325,9.281223,45.618975
monza,1,-45.722,11.267,9.281692,45.622832
monza,2,-44.347,26.189,9.281905,45.624449
monza,3,-44.199,26.798,9.281928,45.624515
monza,4,-43.773,27.149,9.281994,45.624553
monza,5,-43.243,27.232,9.282076,45.624562
monza,6,-42.592,27.149,9.282177,45.624553
monza,7,-41.978,27.102,9.282272,45.624548
monza,8,-41.411,27.149,9.28236,45.624553
monza,9,-41.023,27.453,9.28242,45.624586
monza,10,-40.72,27.887,9.282467,45.624633
monza,11,-40.643,28.274,9.282479,45.624675
monza,12,-40.643,28.708,9.282479,45.624722
monza,13,-42.785,36.847,9.282147,45.625604
monza,14,-43.088,39.062,9.2821,45.625844
monza,15,-43.205,41.064,9.282082,45.626061
monza,16,-43.05,43.242,9.282106,45.626297
monza,17,-42.249,53.854,9.28223,45.627447
monza,18,-41.94,55.589,9.282278,45.627635
monza,19,-41.559,57.204,9.282337,45.62781
monza,20,-40.985,58.939,9.282426,45.627998
monza,21,-40.223,60.812,9.282544,45.628201
monza,22,-39.345,62.639,9.28268,45.628399
monza,23,-38.048,64.688,9.282881,45.628621
monza,24,-36.712,66.376,9.283088,45.628804
monza,25,-34.912,68.296,9.283367,45.629012
monza,26,-32.963,69.994,9.283669,45.629196
monza,27,-30.788,71.553,9.284006,45.629365
monza,28,-28.458,72.901,9.284367,45.629511
monza,29,-25.825,74.211,9.284775,45.629653
monza,30,-23.185,75.125,9.285184,45.629752
monza,31,-20.281,75.946,9.285634,45.629841
monza,32,-16.996,76.518,9.286143,45.629903
monza,33,-13.634,76.823,9.286664,45.629936
monza,34,-0.532,77.948,9.288694,45.630058
monza,35,15.512,78.908,9.29118,45.630162
monza,36,16.467,78.991,9.291328,45.630171
monza,37,16.964,79.259,9.291405,45.6302
monza,38,17.383,79.692,9.29147,45.630247
monza,39,17.912,81.566,9.291552,45.63045
monza,40,18.145,82.082,9.291588,45.630506
monza,41,18.525,82.433,9.291647,45.630544
monza,42,19.177,82.645,9.291748,45.630567
monza,43,21.352,83.042,9.292085,45.63061
monza,44,23.721,83.559,9.292452,45.630666
monza,45,27.083,84.648,9.292973,45.630784
monza,46,42.095,89.695,9.295299,45.631331
monza,47,43.392,90.0,9.2955,45.631364
monza,48,44.618,90.0,9.29569,45.631364
monza,49,45.799,89.779,9.295873,45.63134
monza,50,46.638,89.437,9.296003,45.631303
monza,51,47.445,88.957,9.296128,45.631251
monza,52,48.206,88.431,9.296246,45.631194
monza,53,49.161,87.388,9.296394,45.631081
monza,54,49.697,86.567,9.296477,45.630992
monza,55,50.078,85.561,9.296536,45.630883
monza,56,50.272,84.436,9.296566,45.630761
monza,57,50.917,77.302,9.296666,45.629988
monza,58,52.143,65.122,9.296856,45.628668
monza,59,52.104,64.033,9.29685,45.62855
monza,60,51.911,63.331,9.29682,45.628474
monza,61,51.607,62.722,9.296773,45.628408
monza,62,51.11,62.289,9.296696,45.628361
monza,63,50.194,61.679,9.296554,45.628295
monza,64,40.378,56.373,9.295033,45.62772
monza,65,32.395,51.898,9.293796,45.627235
monza,66,27.425,49.157,9.293026,45.626938
monza,67,25.018,47.764,9.292653,45.626787
monza,68,22.307,45.854,9.292233,45.62658
monza,69,20.358,44.368,9.291931,45.626419
monza,70,18.68,42.891,9.291671,45.626259
monza,71,9.968,35.408,9.290321,45.625448
monza,72,3.785,29.797,9.289363,45.62484
monza,73,-9.284,18.317,9.287338,45.623596
monza,74,-17.151,11.396,9.286119,45.622846
monza,75,-18.222,10.308,9.285953,45.622728
monza,76,-18.642,9.616,9.285888,45.622653
monza,77,-18.719,8.923,9.285876,45.622578
monza,78,-18.719,8.093,9.285876,45.622488
monza,79,-18.448,6.266,9.285918,45.62229
monza,80,-18.371,5.269,9.28593,45.622182
monza,81,-18.371,3.83,9.28593,45.622026
monza,82,-18.487,3.045,9.285912,45.621941
monza,83,-18.797,2.049,9.285864,45.621833
monza,84,-19.255,0.877,9.285793,45.621706
monza,85,-20.016,-0.305,9.285675,45.621578
monza,86,-21.049,-1.523,9.285515,45.621446
monza,87,-22.23,-2.519,9.285332,45.621338
monza,88,-23.185,-3.257,9.285184,45.621258
monza,89,-23.682,-3.83,9.285107,45.621196
monza,90,-24.063,-4.605,9.285048,45.621112
monza,91,-24.411,-6.044,9.284994,45.620956
monza,92,-25.212,-12.615,9.28487,45.620244
monza,93,-26.051,-19.619,9.28474,45.619485
monza,94,-32.543,-82.424,9.283734,45.612679
monza,95,-32.814,-84.685,9.283692,45.612434
monza,96,-33.079,-85.737,9.283651,45.61232
monza,97,-33.614,-86.816,9.283568,45.612203
monza,98,-34.344,-87.693,9.283455,45.612108
monza,99,-35.183,-88.477,9.283325,45.612023
monza,100,-36.364,-89.253,9.283142,45.611939
monza,101,-37.661,-89.732,9.282941,45.611887
monza,102,-39.152,-90.0,9.28271,45.611858
monza,103,-40.417,-89.908,9.282514,45.611868
monza,104,-41.598,-89.649,9.282331,45.611896
monza,105,-42.972,-89.123,9.282118,45.611953
monza,106,-44.308,-88.514,9.281911,45.612019
monza,107,-45.302,-87.822,9.281757,45.612094
monza,108,-46.49,-86.909,9.281573,45.612193
monza,109,-47.826,-85.469,9.281366,45.612349
monza,110,-48.742,-84.168,9.281224,45.61249
monza,111,-49.542,-82.775,9.2811,45.612641
monza,112,-50.233,-81.123,9.280993,45.61282
monza,113,-50.878,-79.296,9.280893,45.613018
monza,114,-51.375,-77.422,9.280816,45.613221
monza,115,-51.607,-75.817,9.28078,45.613395
monza,116,-51.872,-73.38,9.280739,45.613659
monza,117,-51.911,-70.944,9.280733,45.613923
monza,118,-51.949,-68.637,9.280727,45.614173
monza,119,-52.066,-64.07,9.280709,45.614668
monza,120,-52.143,-60.065,9.280697,45.615102
monza,121,-52.066,-55.718,9.280709,45.615573
monza,122,-51.569,-50.025,9.280786,45.61619
monza,123,-49.697,-32.012,9.281076,45.618142
monza,124,-48.748,-24.325,9.281223,45.618975
monza,125,-48.748,-24.325,9.281223,45.618975
mugello,0,-0.629,2.83,11.371465,43.997589
mugello,1,4.094,13.309,11.371893,43.998272
mugello,2,8.432,22.299,11.372286,43.998858
mugello,3,17.261,37.333,11.373086,43.999838
mugello,4,24.368,49.729,11.37373,44.000646
mugello,5,30.504,63.613,11.374286,44.001551
mugello,6,38.914,85.152,11.375048,44.002955
mugello,7,40.216,87.285,11.375166,44.003094
mugello,8,41.541,88.512,11.375286,44.003174
mugello,9,43.008,89.54,11.375419,44.003241
mugello,10,45.878,90.0,11.375679,44.003271
mugello,11,48.306,89.57,11.375899,44.003243
mugello,12,50.27,88.374,11.376077,44.003165
mugello,13,51.727,86.61,11.376209,44.00305
mugello,14,52.765,84.554,11.376303,44.002916
mugello,15,52.864,80.427,11.376312,44.002647
mugello,16,52.235,76.055,11.376255,44.002362
mugello,17,50.005,63.935,11.376053,44.001572
mugello,18,49.917,62.386,11.376045,44.001471
mugello,19,50.259,61.036,11.376076,44.001383
mugello,20,51.065,59.455,11.376149,44.00128
mugello,21,52.323,58.182,11.376263,44.001197
mugello,22,55.7,56.157,11.376569,44.001065
mugello,23,61.274,52.506,11.377074,44.000827
mugello,24,62.532,50.772,11.377188,44.000714
mugello,25,63.216,48.609,11.37725,44.000573
mugello,26,63.459,46.768,11.377272,44.000453
mugello,27,63.37,44.866,11.377264,44.000329
mugello,28,62.664,42.718,11.3772,44.000189
mugello,29,61.329,40.401,11.377079,44.000038
mugello,30,36.817,3.107,11.374858,43.997607
mugello,31,36.309,1.665,11.374812,43.997513
mugello,32,36.133,0.33,11.374796,43.997426
mugello,33,36.199,-0.836,11.374802,43.99735
mugello,34,36.453,-2.033,11.374825,43.997272
mugello,35,37.203,-4.027,11.374893,43.997142
mugello,36,39.764,-9.443,11.375125,43.996789
mugello,37,40.26,-11.253,11.37517,43.996671
mugello,38,40.26,-12.818,11.37517,43.996569
mugello,39,39.996,-14.444,11.375146,43.996463
mugello,40,39.444,-15.947,11.375096,43.996365
mugello,41,38.771,-17.159,11.375035,43.996286
mugello,42,36.894,-19.721,11.374865,43.996119
mugello,43,13.608,-48.164,11.372755,43.994265
mugello,44,12.548,-49.1,11.372659,43.994204
mugello,45,11.202,-50.036,11.372537,43.994143
mugello,46,9.822,-50.619,11.372412,43.994105
mugello,47,8.675,-50.956,11.372308,43.994083
mugello,48,7.35,-51.018,11.372188,43.994079
mugello,49,-5.055,-50.926,11.371064,43.994085
mugello,50,-6.655,-51.202,11.370919,43.994067
mugello,51,-9.403,-52.23,11.37067,43.994
mugello,52,-11.467,-53.564,11.370483,43.993913
mugello,53,-13.056,-54.96,11.370339,43.993822
mugello,54,-14.38,-56.771,11.370219,43.993704
mugello,55,-15.638,-58.964,11.370105,43.993561
mugello,56,-16.51,-61.128,11.370026,43.99342
mugello,57,-22.117,-77.098,11.369518,43.992379
mugello,58,-22.944,-79.46,11.369443,43.992225
mugello,59,-23.971,-81.777,11.36935,43.992074
mugello,60,-25.56,-84.201,11.369206,43.991916
mugello,61,-26.995,-85.919,11.369076,43.991804
mugello,62,-29.081,-87.591,11.368887,43.991695
mugello,63,-31.034,-88.819,11.36871,43.991615
mugello,64,-33.716,-89.647,11.368467,43.991561
mugello,65,-36.287,-90.0,11.368234,43.991538
mugello,66,-38.914,-89.877,11.367996,43.991546
mugello,67,-42.446,-89.095,11.367676,43.991597
mugello,68,-44.101,-88.696,11.367526,43.991623
mugello,69,-45.933,-87.99,11.36736,43.991669
mugello,70,-56.826,-82.268,11.366373,43.992042
mugello,71,-58.702,-81.087,11.366203,43.992119
mugello,72,-60.644,-79.046,11.366027,43.992252
mugello,73,-61.869,-77.159,11.365916,43.992375
mugello,74,-62.962,-74.827,11.365817,43.992527
mugello,75,-63.459,-71.974,11.365772,43.992713
mugello,76,-63.459,-69.887,11.365772,43.992849
mugello,77,-63.05,-65.899,11.365809,43.993109
mugello,78,-56.362,-31.166,11.366415,43.995373
mugello,79,-55.932,-29.862,11.366454,43.995458
mugello,80,-54.939,-28.113,11.366544,43.995572
mugello,81,-53.471,-26.993,11.366677,43.995645
mugello,82,-52.003,-26.211,11.36681,43.995696
mugello,83,-49.597,-25.842,11.367028,43.99572
mugello,84,-41.397,-25.766,11.367771,43.995725
mugello,85,-39.786,-25.459,11.367917,43.995745
mugello,86,-38.318,-24.815,11.36805,43.995787
mugello,87,-36.883,-23.725,11.36818,43.995858
mugello,88,-35.117,-21.639,11.36834,43.995994
mugello,89,-34.146,-19.046,11.368428,43.996163
mugello,90,-22.492,21.792,11.369484,43.998825
mugello,91,-21.786,23.741,11.369548,43.998952
mugello,92,-20.384,25.889,11.369675,43.999092
mugello,93,-18.74,27.499,11.369824,43.999197
mugello,94,-17.062,28.481,11.369976,43.999261
mugello,95,-15.042,29.003,11.370159,43.999295
mugello,96,-13.034,28.987,11.370341,43.999294
mugello,97,-10.617,28.405,11.37056,43.999256
mugello,98,-8.288,26.916,11.370771,43.999159
mugello,99,-6.677,25.014,11.370917,43.999035
mugello,100,-5.904,23.066,11.370987,43.998908
mugello,101,-5.463,20.366,11.371027,43.998732
mugello,102,-5.805,17.942,11.370996,43.998574
mugello,103,-6.964,14.95,11.370891,43.998379
mugello,104,-10.286,9.857,11.37059,43.998047
mugello,105,-17.614,0.821,11.369926,43.997458
mugello,106,-18.21,-0.514,11.369872,43.997371
mugello,107,-18.662,-2.033,11.369831,43.997272
mugello,108,-18.828,-3.935,11.369816,43.997148
mugello,109,-18.839,-12.695,11.369815,43.996577
mugello,110,-19.203,-14.106,11.369782,43.996485
mugello,111,-20.737,-16.699,11.369643,43.996316
mugello,112,-52.709,-59.747,11.366746,43.99351
mugello,113,-53.349,-61.312,11.366688,43.993408
mugello,114,-54.221,-63.367,11.366609,43.993274
mugello,115,-54.497,-65.024,11.366584,43.993166
mugello,116,-54.453,-68.292,11.366588,43.992953
mugello,117,-53.901,-70.164,11.366638,43.992831
mugello,118,-52.478,-72.649,11.366767,43.992669
mugello,119,-50.646,-74.383,11.366933,43.992556
mugello,120,-47.732,-75.901,11.367197,43.992457
mugello,121,-45.558,-76.177,11.367394,43.992439
mugello,122,-42.324,-75.871,11.367687,43.992459
mugello,123,-39.455,-74.797,11.367947,43.992529
mugello,124,-36.872,-73.002,11.368181,43.992646
mugello,125,-34.213,-70.332,11.368422,43.99282
mugello,126,-31.509,-66.175,11.368667,43.993091
mugello,127,-21.94,-44.988,11.369534,43.994472
mugello,128,-0.629,2.83,11.371465,43.997589
mugello,129,-0.629,2.83,11.371465,43.997589
nurburgring,0,46.512,61.558,6.947632,50.335537
nurburgring,1,13.848,28.226,6.943719,50.332988
nurburgring,2,7.07,21.557,6.942907,50.332478
nurburgring,3,3.806,19.033,6.942516,50.332285
nurburgring,4,0.626,16.666,6.942135,50.332104
nurburgring,5,-6.461,11.802,6.941286,50.331732
nurburgring,6,-7.947,11.606,6.941108,50.331717
nurburgring,7,-8.89,12.116,6.940995,50.331756
nurburgring,8,-9.366,13.292,6.940938,50.331846
nurburgring,9,-9.049,14.979,6.940976,50.331975
nurburgring,10,-8.072,18.706,6.941093,50.33226
nurburgring,11,-6.503,21.962,6.941281,50.332509
nurburgring,12,-3.389,27.624,6.941654,50.332942
nurburgring,13,-3.139,28.971,6.941684,50.333045
nurburgring,14,-3.214,30.671,6.941675,50.333175
nurburgring,15,-3.798,32.528,6.941605,50.333317
nurburgring,16,-5.067,34.254,6.941453,50.333449
nurburgring,17,-6.361,35.392,6.941298,50.333536
nurburgring,18,-7.922,36.19,6.941111,50.333597
nurburgring,19,-9.716,36.556,6.940896,50.333625
nurburgring,20,-10.952,36.503,6.940748,50.333621
nurburgring,21,-18.456,35.392,6.939849,50.333536
nurburgring,22,-21.87,34.463,6.93944,50.333465
nurburgring,23,-24.901,33.496,6.939077,50.333391
nurburgring,24,-27.129,32.123,6.93881,50.333286
nurburgring,25,-28.356,30.998,6.938663,50.3332
nurburgring,26,-28.882,29.834,6.9386,50.333111
nurburgring,27,-28.907,28.095,6.938597,50.332978
nurburgring,28,-28.548,26.408,6.93864,50.332849
nurburgring,29,-27.046,24.983,6.93882,50.33274
nurburgring,30,-25.034,24.394,6.939061,50.332695
nurburgring,31,-21.445,24.578,6.939491,50.332709
nurburgring,32,-19.466,24.499,6.939728,50.332703
nurburgring,33,-18.314,23.95,6.939866,50.332661
nurburgring,34,-17.221,22.695,6.939997,50.332565
nurburgring,35,-17.004,21.23,6.940023,50.332453
nurburgring,36,-17.296,17.608,6.939988,50.332176
nurburgring,37,-17.922,12.233,6.939913,50.331765
nurburgring,38,-19.433,3.498,6.939732,50.331097
nurburgring,39,-20.251,-0.935,6.939634,50.330758
nurburgring,40,-20.994,-4.74,6.939545,50.330467
nurburgring,41,-21.695,-7.303,6.939461,50.330271
nurburgring,42,-24.642,-16.208,6.939108,50.32959
nurburgring,43,-27.255,-24.787,6.938795,50.328934
nurburgring,44,-28.131,-27.441,6.93869,50.328731
nurburgring,45,-28.29,-28.775,6.938671,50.328629
nurburgring,46,-28.39,-30.044,6.938659,50.328532
nurburgring,47,-28.014,-31.704,6.938704,50.328405
nurburgring,48,-27.413,-33.117,6.938776,50.328297
nurburgring,49,-26.512,-34.555,6.938884,50.328187
nurburgring,50,-25.193,-35.823,6.939042,50.32809
nurburgring,51,-24.258,-36.425,6.939154,50.328044
nurburgring,52,-20.309,-38.308,6.939627,50.3279
nurburgring,53,-15.593,-40.479,6.940192,50.327734
nurburgring,54,-14.224,-41.499,6.940356,50.327656
nurburgring,55,-13.481,-42.676,6.940445,50.327566
nurburgring,56,-13.131,-43.722,6.940487,50.327486
nurburgring,57,-13.072,-44.99,6.940494,50.327389
nurburgring,58,-13.189,-45.696,6.94048,50.327335
nurburgring,59,-13.64,-47.266,6.940426,50.327215
nurburgring,60,-15.126,-48.704,6.940248,50.327105
nurburgring,61,-21.027,-51.829,6.939541,50.326866
nurburgring,62,-28.824,-56.236,6.938607,50.326529
nurburgring,63,-32.538,-58.668,6.938162,50.326343
nurburgring,64,-36.253,-61.31,6.937717,50.326141
nurburgring,65,-41.996,-66.527,6.937029,50.325742
nurburgring,66,-45.043,-69.522,6.936664,50.325513
nurburgring,67,-47.873,-73.013,6.936325,50.325246
nurburgring,68,-50.611,-76.57,6.935997,50.324974
nurburgring,69,-53.098,-80.258,6.935699,50.324692
nurburgring,70,-57.614,-87.921,6.935158,50.324106
nurburgring,71,-59.05,-89.385,6.934986,50.323994
nurburgring,72,-60.67,-89.974,6.934792,50.323949
nurburgring,73,-62.072,-90.0,6.934624,50.323947
nurburgring,74,-63.616,-89.529,6.934439,50.323983
nurburgring,75,-64.927,-88.548,6.934282,50.324058
nurburgring,76,-65.828,-87.228,6.934174,50.324159
nurburgring,77,-66.154,-85.672,6.934135,50.324278
nurburgring,78,-66.12,-84.168,6.934139,50.324393
nurburgring,79,-65.536,-82.664,6.934209,50.324508
nurburgring,80,-63.149,-80.245,6.934495,50.324693
nurburgring,81,-43.866,-60.97,6.936805,50.326167
nurburgring,82,-41.596,-58.695,6.937077,50.326341
nurburgring,83,-40.736,-57.361,6.93718,50.326443
nurburgring,84,-39.934,-55.543,6.937276,50.326582
nurburgring,85,-39.367,-53.412,6.937344,50.326745
nurburgring,86,-39.25,-50.548,6.937358,50.326964
nurburgring,87,-39.701,-47.998,6.937304,50.327159
nurburgring,88,-41.028,-44.023,6.937145,50.327463
nurburgring,89,-41.362,-41.983,6.937105,50.327619
nurburgring,90,-41.362,-38.609,6.937105,50.327877
nurburgring,91,-40.769,-35.876,6.937176,50.328086
nurburgring,92,-32.28,-9.356,6.938193,50.330114
nurburgring,93,-28.59,2.203,6.938635,50.330998
nurburgring,94,-27.338,6.728,6.938785,50.331344
nurburgring,95,-27.572,8.232,6.938757,50.331459
nurburgring,96,-28.49,9.984,6.938647,50.331593
nurburgring,97,-29.158,10.729,6.938567,50.33165
nurburgring,98,-30.034,11.213,6.938462,50.331687
nurburgring,99,-44.601,17.66,6.936717,50.33218
nurburgring,100,-46.27,19.098,6.936517,50.33229
nurburgring,101,-47.172,20.524,6.936409,50.332399
nurburgring,102,-47.681,22.224,6.936348,50.332529
nurburgring,103,-47.798,24.578,6.936334,50.332709
nurburgring,104,-47.439,26.121,6.936377,50.332827
nurburgring,105,-46.587,27.834,6.936479,50.332958
nurburgring,106,-44.592,30.397,6.936718,50.333154
nurburgring,107,-32.205,45.382,6.938202,50.3343
nurburgring,108,-19.934,60.329,6.939672,50.335443
nurburgring,109,-18.607,61.388,6.939831,50.335524
nurburgring,110,-16.912,62.618,6.940034,50.335618
nurburgring,111,-14.625,63.703,6.940308,50.335701
nurburgring,112,-5.793,66.24,6.941366,50.335895
nurburgring,113,33.19,76.479,6.946036,50.336678
nurburgring,114,33.674,76.95,6.946094,50.336714
nurburgring,115,33.732,77.708,6.946101,50.336772
nurburgring,116,33.382,78.963,6.946059,50.336868
nurburgring,117,33.056,80.48,6.94602,50.336984
nurburgring,118,33.323,81.552,6.946052,50.337066
nurburgring,119,34.984,82.533,6.946251,50.337141
nurburgring,120,41.587,85.541,6.947042,50.337371
nurburgring,121,45.711,86.705,6.947536,50.33746
nurburgring,122,59.851,90.0,6.94923,50.337712
nurburgring,123,61.905,90.0,6.949476,50.337712
nurburgring,124,63.783,89.072,6.949701,50.337641
nurburgring,125,65.177,87.542,6.949868,50.337524
nurburgring,126,65.878,86.142,6.949952,50.337417
nurburgring,127,66.154,84.809,6.949985,50.337315
nurburgring,128,66.137,82.834,6.949983,50.337164
nurburgring,129,65.511,80.964,6.949908,50.337021
nurburgring,130,46.813,61.859,6.947668,50.33556
nurburgring,131,46.813,61.859,6.947668,50.33556
nurburgring,132,46.512,61.558,6.947632,50.335537
nurburgring,133,46.512,61.558,6.947632,50.335537
paul-ricard,0,4.401,-7.927,5.791571,43.25202
paul-ricard,1,25.32,-23.879,5.794542,43.25037
paul-ricard,2,35.987,-32.125,5.796057,43.249517
paul-ricard,3,36.656,-32.357,5.796152,43.249493
paul-ricard,4,37.283,-32.309,5.796241,43.249498
paul-ricard,5,37.783,-32.038,5.796312,43.249526
paul-ricard,6,38.072,-31.622,5.796353,43.249569
paul-ricard,7,38.198,-31.081,5.796371,43.249625
paul-ricard,8,38.367,-25.474,5.796395,43.250205
paul-ricard,9,38.529,-24.294,5.796418,43.250327
paul-ricard,10,38.783,-23.656,5.796454,43.250393
paul-ricard,11,39.24,-22.97,5.796519,43.250464
paul-ricard,12,39.951,-22.1,5.79662,43.250554
paul-ricard,13,40.951,-21.239,5.796762,43.250643
paul-ricard,14,42.113,-20.601,5.796927,43.250709
paul-ricard,15,43.366,-20.234,5.797105,43.250747
paul-ricard,16,44.655,-20.147,5.797288,43.250756
paul-ricard,17,46.12,-20.234,5.797496,43.250747
paul-ricard,18,47.45,-20.688,5.797685,43.2507
paul-ricard,19,48.492,-21.326,5.797833,43.250634
paul-ricard,20,49.366,-22.148,5.797957,43.250549
paul-ricard,21,51.034,-23.975,5.798194,43.25036
paul-ricard,22,52.661,-25.474,5.798425,43.250205
paul-ricard,23,54.534,-26.885,5.798691,43.250059
paul-ricard,24,56.533,-28.026,5.798975,43.249941
paul-ricard,25,58.491,-28.896,5.799253,43.249851
paul-ricard,26,60.575,-29.486,5.799549,43.24979
paul-ricard,27,62.617,-29.94,5.799839,43.249743
paul-ricard,28,64.955,-30.124,5.800171,43.249724
paul-ricard,29,67.412,-30.124,5.80052,43.249724
paul-ricard,30,69.369,-29.853,5.800798,43.249752
paul-ricard,31,71.292,-29.389,5.801071,43.2498
paul-ricard,32,73.207,-28.751,5.801343,43.249866
paul-ricard,33,75.122,-27.978,5.801615,43.249946
paul-ricard,34,76.749,-27.069,5.801846,43.25004
paul-ricard,35,77.791,-26.431,5.801994,43.250106
paul-ricard,36,78.706,-25.976,5.802124,43.250153
paul-ricard,37,79.579,-25.706,5.802248,43.250181
paul-ricard,38,80.459,-25.657,5.802373,43.250186
paul-ricard,39,81.375,-25.841,5.802503,43.250167
paul-ricard,40,82.248,-26.344,5.802627,43.250115
paul-ricard,41,83.001,-27.02,5.802734,43.250045
paul-ricard,42,83.501,-27.707,5.802805,43.249974
paul-ricard,43,83.79,-28.393,5.802846,43.249903
paul-ricard,44,84.043,-29.215,5.802882,43.249818
paul-ricard,45,84.205,-30.346,5.802905,43.249701
paul-ricard,46,84.205,-31.767,5.802905,43.249554
paul-ricard,47,83.959,-32.811,5.80287,43.249446
paul-ricard,48,83.586,-33.817,5.802817,43.249342
paul-ricard,49,83.043,-34.861,5.80274,43.249234
paul-ricard,50,82.543,-35.595,5.802669,43.249158
paul-ricard,51,78.537,-40.835,5.8021,43.248616
paul-ricard,52,77.206,-42.701,5.801911,43.248423
paul-ricard,53,75.918,-44.751,5.801728,43.248211
paul-ricard,54,74.622,-47.167,5.801544,43.247961
paul-ricard,55,74.038,-48.579,5.801461,43.247815
paul-ricard,56,73.791,-49.439,5.801426,43.247726
paul-ricard,57,73.665,-50.261,5.801408,43.247641
paul-ricard,58,73.791,-51.083,5.801426,43.247556
paul-ricard,59,74.08,-51.817,5.801467,43.24748
paul-ricard,60,74.495,-52.542,5.801526,43.247405
paul-ricard,61,75.207,-53.413,5.801627,43.247315
paul-ricard,62,76.122,-54.186,5.801757,43.247235
paul-ricard,63,77.375,-55.046,5.801935,43.247146
paul-ricard,64,78.664,-55.684,5.802118,43.24708
paul-ricard,65,79.959,-56.052,5.802302,43.247042
paul-ricard,66,81.121,-56.187,5.802467,43.247028
paul-ricard,67,82.29,-56.139,5.802633,43.247033
paul-ricard,68,83.501,-55.868,5.802805,43.247061
paul-ricard,69,84.628,-55.462,5.802965,43.247103
paul-ricard,70,85.747,-54.959,5.803124,43.247155
paul-ricard,71,86.585,-54.408,5.803243,43.247212
paul-ricard,72,87.331,-53.819,5.803349,43.247273
paul-ricard,73,87.958,-53.094,5.803438,43.247348
paul-ricard,74,88.627,-52.272,5.803533,43.247433
paul-ricard,75,89.169,-51.218,5.80361,43.247542
paul-ricard,76,89.585,-50.358,5.803669,43.247631
paul-ricard,77,89.831,-49.401,5.803704,43.24773
paul-ricard,78,89.958,-48.444,5.803722,43.247829
paul-ricard,79,90.0,-47.573,5.803728,43.247919
paul-ricard,80,89.916,-28.48,5.803716,43.249894
paul-ricard,81,89.916,-27.156,5.803716,43.250031
paul-ricard,82,89.831,-26.16,5.803704,43.250134
paul-ricard,83,89.669,-25.242,5.803681,43.250229
paul-ricard,84,89.254,-23.975,5.803622,43.25036
paul-ricard,85,88.789,-22.651,5.803556,43.250497
paul-ricard,86,88.254,-21.645,5.80348,43.250601
paul-ricard,87,87.543,-20.601,5.803379,43.250709
paul-ricard,88,86.627,-19.548,5.803249,43.250818
paul-ricard,89,85.585,-18.455,5.803101,43.250931
paul-ricard,90,84.459,-17.546,5.802941,43.251025
paul-ricard,91,83.459,-16.86,5.802799,43.251096
paul-ricard,92,82.501,-16.357,5.802663,43.251148
paul-ricard,93,81.579,-15.951,5.802532,43.25119
paul-ricard,94,74.08,-13.032,5.801467,43.251492
paul-ricard,95,65.159,-9.658,5.8002,43.251841
paul-ricard,96,56.576,-6.468,5.798981,43.252171
paul-ricard,97,46.366,-2.688,5.797531,43.252562
paul-ricard,98,37.283,0.773,5.796241,43.25292
paul-ricard,99,36.156,1.276,5.796081,43.252972
paul-ricard,100,35.114,1.866,5.795933,43.253033
paul-ricard,101,27.489,7.106,5.79485,43.253575
paul-ricard,102,26.109,8.063,5.794654,43.253674
paul-ricard,103,25.447,8.797,5.79456,43.25375
paul-ricard,104,23.278,12.123,5.794252,43.254094
paul-ricard,105,22.694,12.664,5.794169,43.25415
paul-ricard,106,21.863,13.167,5.794051,43.254202
paul-ricard,107,21.025,13.302,5.793932,43.254216
paul-ricard,108,20.405,13.302,5.793844,43.254216
paul-ricard,109,19.736,12.983,5.793749,43.254183
paul-ricard,110,19.194,12.577,5.793672,43.254141
paul-ricard,111,16.279,9.841,5.793258,43.253858
paul-ricard,112,15.652,9.387,5.793169,43.253811
paul-ricard,113,14.941,9.252,5.793068,43.253797
paul-ricard,114,14.195,9.387,5.792962,43.253811
paul-ricard,115,5.9,12.481,5.791784,43.254131
paul-ricard,116,-20.314,22.283,5.788061,43.255145
paul-ricard,117,-30.904,26.295,5.786557,43.25556
paul-ricard,118,-62.532,38.099,5.782065,43.256781
paul-ricard,119,-69.912,40.874,5.781017,43.257068
paul-ricard,120,-70.658,41.241,5.780911,43.257106
paul-ricard,121,-71.285,41.744,5.780822,43.257158
paul-ricard,122,-71.616,42.198,5.780775,43.257205
paul-ricard,123,-71.996,42.74,5.780721,43.257261
paul-ricard,124,-72.411,43.426,5.780662,43.257332
paul-ricard,125,-72.7,44.112,5.780621,43.257403
paul-ricard,126,-74.369,48.076,5.780384,43.257813
paul-ricard,127,-74.826,48.85,5.780319,43.257893
paul-ricard,128,-75.284,49.72,5.780254,43.257983
paul-ricard,129,-75.995,50.628,5.780153,43.258077
paul-ricard,130,-76.657,51.634,5.780059,43.258181
paul-ricard,131,-77.326,52.359,5.779964,43.258256
paul-ricard,132,-78.621,53.548,5.77978,43.258379
paul-ricard,133,-79.868,54.544,5.779603,43.258482
paul-ricard,134,-80.994,55.23,5.779443,43.258553
paul-ricard,135,-82.29,55.781,5.779259,43.25861
paul-ricard,136,-83.452,56.1,5.779094,43.258643
paul-ricard,137,-84.205,56.187,5.778987,43.258652
paul-ricard,138,-85.036,56.052,5.778869,43.258638
paul-ricard,139,-85.874,55.781,5.77875,43.25861
paul-ricard,140,-86.536,55.365,5.778656,43.258567
paul-ricard,141,-87.205,54.776,5.778561,43.258506
paul-ricard,142,-87.578,54.321,5.778508,43.258459
paul-ricard,143,-87.831,53.722,5.778472,43.258397
paul-ricard,144,-89.789,47.941,5.778194,43.257799
paul-ricard,145,-90.0,47.167,5.778164,43.257719
paul-ricard,146,-90.0,46.8,5.778164,43.257681
paul-ricard,147,-89.831,46.297,5.778188,43.257629
paul-ricard,148,-89.458,45.93,5.778241,43.257591
paul-ricard,149,-88.873,45.756,5.778324,43.257573
paul-ricard,150,-87.747,45.795,5.778484,43.257577
paul-ricard,151,-83.832,46.433,5.77904,43.257643
paul-ricard,152,-82.705,46.433,5.7792,43.257643
paul-ricard,153,-81.579,46.297,5.77936,43.257629
paul-ricard,154,-80.621,45.891,5.779496,43.257587
paul-ricard,155,-79.952,45.34,5.779591,43.25753
paul-ricard,156,-79.368,44.702,5.779674,43.257464
paul-ricard,157,-79.037,44.112,5.779721,43.257403
paul-ricard,158,-78.706,43.339,5.779768,43.257323
paul-ricard,159,-78.579,42.701,5.779786,43.257257
paul-ricard,160,-78.537,42.15,5.779792,43.2572
paul-ricard,161,-78.621,41.425,5.77978,43.257125
paul-ricard,162,-78.995,39.192,5.779727,43.256894
paul-ricard,163,-78.995,38.641,5.779727,43.256837
paul-ricard,164,-78.868,38.051,5.779745,43.256776
paul-ricard,165,-78.621,37.5,5.77978,43.256719
paul-ricard,166,-78.122,37.046,5.779851,43.256672
paul-ricard,167,-77.368,36.408,5.779958,43.256606
paul-ricard,168,-72.869,33.72,5.780597,43.256328
paul-ricard,169,-69.2,31.671,5.781118,43.256116
paul-ricard,170,-65.87,30.259,5.781591,43.25597
paul-ricard,171,-62.948,29.031,5.782006,43.255843
paul-ricard,172,-61.448,28.248,5.782219,43.255762
paul-ricard,173,-59.822,27.388,5.78245,43.255673
paul-ricard,174,-58.075,26.199,5.782698,43.25555
paul-ricard,175,-55.78,24.652,5.783024,43.25539
paul-ricard,176,-52.738,22.196,5.783456,43.255136
paul-ricard,177,-50.323,20.418,5.783799,43.254952
paul-ricard,178,-48.823,18.909,5.784012,43.254796
paul-ricard,179,-46.781,16.773,5.784302,43.254575
paul-ricard,180,-45.901,16.135,5.784427,43.254509
paul-ricard,181,-44.697,15.449,5.784598,43.254438
paul-ricard,182,-40.191,12.945,5.785238,43.254179
paul-ricard,183,-38.818,12.394,5.785433,43.254122
paul-ricard,184,-37.734,12.307,5.785587,43.254113
paul-ricard,185,-36.734,12.442,5.785729,43.254127
paul-ricard,186,-35.734,12.8,5.785871,43.254164
paul-ricard,187,-34.818,13.399,5.786001,43.254226
paul-ricard,188,-34.192,14.037,5.78609,43.254292
paul-ricard,189,-33.523,14.946,5.786185,43.254386
paul-ricard,190,-32.946,15.671,5.786267,43.254461
paul-ricard,191,-32.192,16.27,5.786374,43.254523
paul-ricard,192,-31.446,16.541,5.78648,43.254551
paul-ricard,193,-30.608,16.676,5.786599,43.254565
paul-ricard,194,-29.524,16.676,5.786753,43.254565
paul-ricard,195,-28.397,16.589,5.786913,43.254556
paul-ricard,196,-27.397,16.27,5.787055,43.254523
paul-ricard,197,-26.777,15.855,5.787143,43.25448
paul-ricard,198,-22.271,12.394,5.787783,43.254122
paul-ricard,199,-16.314,7.792,5.788629,43.253646
paul-ricard,200,-9.562,2.823,5.789588,43.253132
paul-ricard,201,-3.063,-2.233,5.790511,43.252609
paul-ricard,202,4.401,-7.927,5.791571,43.25202
paul-ricard,203,4.401,-7.927,5.791571,43.25202
portimao,0,-35.76,14.441,-8.63081,37.232113
portimao,1,-49.599,61.931,-8.631815,37.234859
portimao,2,-52.711,73.242,-8.632041,37.235513
portimao,3,-52.821,74.66,-8.632049,37.235595
portimao,4,-52.091,75.974,-8.631996,37.235671
portimao,5,-50.645,77.427,-8.631891,37.235755
portimao,6,-48.814,78.586,-8.631758,37.235822
portimao,7,-40.07,85.106,-8.631123,37.236199
portimao,8,-33.943,89.395,-8.630678,37.236447
portimao,9,-31.863,90.0,-8.630527,37.236482
portimao,10,-30.238,89.896,-8.630409,37.236476
portimao,11,-10.52,85.088,-8.628977,37.236198
portimao,12,-9.446,84.103,-8.628899,37.236141
portimao,13,-9.005,83.013,-8.628867,37.236078
portimao,14,-8.882,81.993,-8.628858,37.236019
portimao,15,-9.212,80.748,-8.628882,37.235947
portimao,16,-10.382,79.554,-8.628967,37.235878
portimao,17,-21.619,72.93,-8.629783,37.235495
portimao,18,-23.326,71.512,-8.629907,37.235413
portimao,19,-24.744,69.454,-8.63001,37.235294
portimao,20,-25.199,68.209,-8.630043,37.235222
portimao,21,-25.75,66.134,-8.630083,37.235102
portimao,22,-25.529,62.813,-8.630067,37.23491
portimao,23,-3.993,-12.487,-8.628503,37.230556
portimao,24,-2.878,-15.859,-8.628422,37.230361
portimao,25,-1.473,-17.052,-8.62832,37.230292
portimao,26,0.055,-17.087,-8.628209,37.23029
portimao,27,1.542,-16.257,-8.628101,37.230338
portimao,28,2.423,-14.821,-8.628037,37.230421
portimao,29,2.658,-11.916,-8.62802,37.230589
portimao,30,4.998,10.186,-8.62785,37.231867
portimao,31,5.315,14.596,-8.627827,37.232122
portimao,32,4.737,19.698,-8.627869,37.232417
portimao,33,3.69,23.244,-8.627945,37.232622
portimao,34,2.272,26.443,-8.628048,37.232807
portimao,35,-8.647,47.196,-8.628841,37.234007
portimao,36,-9.212,49.497,-8.628882,37.23414
portimao,37,-8.95,52.004,-8.628863,37.234285
portimao,38,-8.165,54.201,-8.628806,37.234412
portimao,39,-6.265,56.829,-8.628668,37.234564
portimao,40,2.121,66.791,-8.628059,37.23514
portimao,41,3.36,67.292,-8.627969,37.235169
portimao,42,4.764,67.517,-8.627867,37.235182
portimao,43,6.885,67.102,-8.627713,37.235158
portimao,44,8.592,65.926,-8.627589,37.23509
portimao,45,9.432,64.473,-8.627528,37.235006
portimao,46,16.042,18.937,-8.627048,37.232373
portimao,47,16.455,16.897,-8.627018,37.232255
portimao,48,17.515,14.354,-8.626941,37.232108
portimao,49,18.534,12.348,-8.626867,37.231992
portimao,50,20.875,9.789,-8.626697,37.231844
portimao,51,24.207,7.471,-8.626455,37.23171
portimao,52,46.473,-3.978,-8.624838,37.231048
portimao,53,48.346,-5.759,-8.624702,37.230945
portimao,54,50.508,-8.855,-8.624545,37.230766
portimao,55,52.518,-14.078,-8.624399,37.230464
portimao,56,52.821,-16.222,-8.624377,37.23034
portimao,57,52.463,-17.952,-8.624403,37.23024
portimao,58,51.719,-19.128,-8.624457,37.230172
portimao,59,50.329,-20.39,-8.624558,37.230099
portimao,60,26.493,-27.671,-8.626289,37.229678
portimao,61,24.951,-28.501,-8.626401,37.22963
portimao,62,22.748,-30.317,-8.626561,37.229525
portimao,63,20.393,-32.911,-8.626732,37.229375
portimao,64,18.672,-36.111,-8.626857,37.22919
portimao,65,17.846,-39.794,-8.626917,37.228977
portimao,66,14.982,-58.87,-8.627125,37.227874
portimao,67,15.216,-60.651,-8.627108,37.227771
portimao,68,16.166,-61.983,-8.627039,37.227694
portimao,69,17.722,-63.505,-8.626926,37.227606
portimao,70,20.021,-63.799,-8.626759,37.227589
portimao,71,21.894,-63.419,-8.626623,37.227611
portimao,72,22.734,-62.761,-8.626562,37.227649
portimao,73,37.55,-44.827,-8.625486,37.228686
portimao,74,39.685,-43.738,-8.625331,37.228749
portimao,75,41.957,-43.253,-8.625166,37.228777
portimao,76,44.848,-43.945,-8.624956,37.228737
portimao,77,47.217,-46.055,-8.624784,37.228615
portimao,78,48.924,-48.424,-8.62466,37.228478
portimao,79,49.613,-50.119,-8.62461,37.22838
portimao,80,50.315,-53.595,-8.624559,37.228179
portimao,81,50.246,-55.584,-8.624564,37.228064
portimao,82,49.805,-57.884,-8.624596,37.227931
portimao,83,48.731,-60.184,-8.624674,37.227798
portimao,84,45.757,-64.301,-8.62489,37.22756
portimao,85,30.789,-82.321,-8.625977,37.226518
portimao,86,27.553,-85.054,-8.626212,37.22636
portimao,87,24.675,-86.973,-8.626421,37.226249
portimao,88,22.376,-88.08,-8.626588,37.226185
portimao,89,18.796,-89.343,-8.626848,37.226112
portimao,90,15.422,-89.983,-8.627093,37.226075
portimao,91,11.167,-90.0,-8.627402,37.226074
portimao,92,7.835,-89.481,-8.627644,37.226104
portimao,93,4.475,-88.582,-8.627888,37.226156
portimao,94,1.157,-87.025,-8.628129,37.226246
portimao,95,-2.162,-85.106,-8.62837,37.226357
portimao,96,-4.888,-82.477,-8.628568,37.226509
portimao,97,-7.16,-79.848,-8.628733,37.226661
portimao,98,-9.584,-76.286,-8.628909,37.226867
portimao,99,-35.32,12.902,-8.630778,37.232024
portimao,100,-35.76,14.441,-8.63081,37.232113
portimao,101,-35.76,14.441,-8.63081,37.232113
sepang,0,-37.299,-6.02,101.735641,2.760529
sepang,1,-83.798,-9.849,101.732942,2.760307
sepang,2,-85.934,-9.676,101.732818,2.760317
sepang,3,-87.864,-8.71,101.732706,2.760373
sepang,4,-89.19,-7.313,101.732629,2.760454
sepang,5,-89.914,-5.416,101.732587,2.760564
sepang,6,-90.0,-3.277,101.732582,2.760688
sepang,7,-89.225,-1.035,101.732627,2.760818
sepang,8,-87.416,0.655,101.732732,2.760916
sepang,9,-84.969,1.432,101.732874,2.760961
sepang,10,-82.109,0.862,101.73304,2.760928
sepang,11,-76.803,-1.035,101.733348,2.760818
sepang,12,-75.029,-0.742,101.733451,2.760835
sepang,13,-73.53,0.742,101.733538,2.760921
sepang,14,-73.047,2.553,101.733566,2.761026
sepang,15,-73.53,4.933,101.733538,2.761164
sepang,16,-75.115,7.348,101.733446,2.761304
sepang,17,-78.733,11.781,101.733236,2.761561
sepang,18,-80.266,14.488,101.733147,2.761718
sepang,19,-81.265,17.697,101.733089,2.761904
sepang,20,-81.748,20.922,101.733061,2.762091
sepang,21,-81.748,24.579,101.733061,2.762303
sepang,22,-80.869,33.582,101.733112,2.762825
sepang,23,-79.456,37.808,101.733194,2.76307
sepang,24,-77.234,42.12,101.733323,2.76332
sepang,25,-74.994,44.897,101.733453,2.763481
sepang,26,-71.549,48.019,101.733653,2.763662
sepang,27,-67.931,50.399,101.733863,2.7638
sepang,28,-64.141,51.796,101.734083,2.763881
sepang,29,-42.846,58.747,101.735319,2.764284
sepang,30,-26.91,65.026,101.736244,2.764648
sepang,31,-16.246,69.648,101.736863,2.764916
sepang,32,-9.372,72.77,101.737262,2.765097
sepang,33,-6.995,73.736,101.7374,2.765153
sepang,34,-5.22,73.667,101.737503,2.765149
sepang,35,-3.687,72.701,101.737592,2.765093
sepang,36,-3.136,70.769,101.737624,2.764981
sepang,37,-0.172,54.228,101.737796,2.764022
sepang,38,1.637,45.708,101.737901,2.763528
sepang,39,4.186,35.376,101.738049,2.762929
sepang,40,6.047,31.392,101.738157,2.762698
sepang,41,8.132,28.546,101.738278,2.762533
sepang,42,11.715,25.683,101.738486,2.762367
sepang,43,15.264,23.785,101.738692,2.762257
sepang,44,18.796,22.906,101.738897,2.762206
sepang,45,22.259,22.75,101.739098,2.762197
sepang,46,26.204,23.354,101.739327,2.762232
sepang,47,30.235,24.924,101.739561,2.762323
sepang,48,33.095,26.976,101.739727,2.762442
sepang,49,38.677,32.961,101.740051,2.762789
sepang,50,41.417,34.617,101.74021,2.762885
sepang,51,45.724,36.1,101.74046,2.762971
sepang,52,49.393,36.221,101.740673,2.762978
sepang,53,53.011,35.738,101.740883,2.76295
sepang,54,55.94,34.531,101.741053,2.76288
sepang,55,58.559,32.444,101.741205,2.762759
sepang,56,89.828,-3.225,101.74302,2.760691
sepang,57,90.0,-4.967,101.74303,2.76059
sepang,58,89.276,-6.951,101.742988,2.760475
sepang,59,83.953,-18.904,101.742679,2.759782
sepang,60,82.351,-20.025,101.742586,2.759717
sepang,61,80.456,-20.474,101.742476,2.759691
sepang,62,51.908,-22.129,101.740819,2.759595
sepang,63,25.101,-25.269,101.739263,2.759413
sepang,64,10.406,-27.683,101.73841,2.759273
sepang,65,9.01,-28.822,101.738329,2.759207
sepang,66,8.562,-30.702,101.738303,2.759098
sepang,67,9.803,-32.806,101.738375,2.758976
sepang,68,20.278,-38.601,101.738983,2.75864
sepang,69,22.569,-40.913,101.739116,2.758506
sepang,70,24.171,-44.328,101.739209,2.758308
sepang,71,24.981,-47.881,101.739256,2.758102
sepang,72,24.86,-52.952,101.739249,2.757808
sepang,73,24.171,-57.212,101.739209,2.757561
sepang,74,23.224,-61.369,101.739154,2.75732
sepang,75,20.725,-66.682,101.739009,2.757012
sepang,76,16.987,-72.115,101.738792,2.756697
sepang,77,14.937,-73.408,101.738673,2.756622
sepang,78,12.973,-73.736,101.738559,2.756603
sepang,79,10.75,-73.322,101.73843,2.756627
sepang,80,8.976,-72.166,101.738327,2.756694
sepang,81,-23.775,-45.173,101.736426,2.758259
sepang,82,-26.066,-44.328,101.736293,2.758308
sepang,83,-29.012,-44.155,101.736122,2.758318
sepang,84,-32.234,-44.966,101.735935,2.758271
sepang,85,-44.173,-51.089,101.735242,2.757916
sepang,86,-47.36,-52.09,101.735057,2.757858
sepang,87,-51.15,-52.607,101.734837,2.757828
sepang,88,-54.475,-52.573,101.734644,2.75783
sepang,89,-60.678,-51.451,101.734284,2.757895
sepang,90,-64.899,-49.709,101.734039,2.757996
sepang,91,-67.638,-47.536,101.73388,2.758122
sepang,92,-71.307,-42.707,101.733667,2.758402
sepang,93,-72.6,-39.084,101.733592,2.758612
sepang,94,-72.789,-36.877,101.733581,2.75874
sepang,95,-71.256,-34.393,101.73367,2.758884
sepang,96,-67.965,-33.03,101.733861,2.758963
sepang,97,61.918,-9.142,101.7414,2.760348
sepang,98,63.779,-7.503,101.741508,2.760443
sepang,99,65.14,-4.364,101.741587,2.760625
sepang,100,64.451,-1.742,101.741547,2.760777
sepang,101,62.09,0.707,101.74141,2.760919
sepang,102,58.214,1.311,101.741185,2.760954
sepang,103,-37.299,-6.02,101.735641,2.760529
sepang,104,-37.299,-6.02,101.735641,2.760529
shanghai,0,-42.254,-62.423,121.21838,31.336835
shanghai,1,-55.806,-65.821,121.217409,31.336627
shanghai,2,-58.276,-66.05,121.217232,31.336613
shanghai,3,-61.249,-66.05,121.217019,31.336613
shanghai,4,-63.901,-65.2,121.216829,31.336665
shanghai,5,-65.715,-64.432,121.216699,31.336712
shanghai,6,-68.116,-62.896,121.216527,31.336806
shanghai,7,-69.846,-61.344,121.216403,31.336901
shanghai,8,-71.172,-59.579,121.216308,31.337009
shanghai,9,-72.163,-57.504,121.216237,31.337136
shanghai,10,-72.987,-55.412,121.216178,31.337264
shanghai,11,-73.07,-53.19,121.216172,31.3374
shanghai,12,-72.987,-50.641,121.216178,31.337556
shanghai,13,-72.652,-48.712,121.216202,31.337674
shanghai,14,-72.08,-46.866,121.216243,31.337787
shanghai,15,-71.005,-45.248,121.21632,31.337886
shanghai,16,-69.512,-43.859,121.216427,31.337971
shanghai,17,-66.204,-42.405,121.216664,31.33806
shanghai,18,-63.147,-42.405,121.216883,31.33806
shanghai,19,-60.761,-43.32,121.217054,31.338004
shanghai,20,-59.77,-44.398,121.217125,31.337938
shanghai,21,-59.1,-45.559,121.217173,31.337867
shanghai,22,-59.03,-47.176,121.217178,31.337768
shanghai,23,-59.518,-49.48,121.217143,31.337627
shanghai,24,-60.509,-52.945,121.217072,31.337415
shanghai,25,-60.761,-54.415,121.217054,31.337325
shanghai,26,-60.174,-55.886,121.217096,31.337235
shanghai,27,-58.779,-57.422,121.217196,31.337141
shanghai,28,-56.378,-58.337,121.217368,31.337085
shanghai,29,-53.74,-57.798,121.217557,31.337118
shanghai,30,-52.331,-56.883,121.217658,31.337174
shanghai,31,-51.424,-55.347,121.217723,31.337268
shanghai,32,-50.6,-53.794,121.217782,31.337363
shanghai,33,-49.777,-51.719,121.217841,31.33749
shanghai,34,-49.274,-49.415,121.217877,31.337631
shanghai,35,-49.107,-46.784,121.217889,31.337792
shanghai,36,-49.525,-44.562,121.217859,31.337928
shanghai,37,-50.851,-42.094,121.217764,31.338079
shanghai,38,-51.759,-40.558,121.217699,31.338173
shanghai,39,-54.48,-37.241,121.217504,31.338376
shanghai,40,-61.752,-29.463,121.216983,31.338852
shanghai,41,-67.362,-22.142,121.216581,31.3393
shanghai,42,-71.996,-17.142,121.216249,31.339606
shanghai,43,-77.774,-10.589,121.215835,31.340007
shanghai,44,-79.588,-7.501,121.215705,31.340196
shanghai,45,-80.426,-5.278,121.215645,31.340332
shanghai,46,-86.371,12.207,121.215219,31.341402
shanghai,47,-88.269,17.452,121.215083,31.341723
shanghai,48,-89.916,22.616,121.214965,31.342039
shanghai,49,-90.0,23.923,121.214959,31.342119
shanghai,50,-89.26,25.002,121.215012,31.342185
shanghai,51,-87.767,25.623,121.215119,31.342223
shanghai,52,-85.213,25.149,121.215302,31.342194
shanghai,53,-82.561,23.384,121.215492,31.342086
shanghai,54,-80.342,21.537,121.215651,31.341973
shanghai,55,-78.109,19.152,121.215811,31.341827
shanghai,56,-74.969,15.916,121.216036,31.341629
shanghai,57,-72.247,11.913,121.216231,31.341384
shanghai,58,-67.446,3.513,121.216575,31.34087
shanghai,59,-61.012,-7.811,121.217036,31.340177
shanghai,60,-58.946,-10.965,121.217184,31.339984
shanghai,61,-56.881,-13.432,121.217332,31.339833
shanghai,62,-54.564,-15.671,121.217498,31.339696
shanghai,63,-51.842,-17.142,121.217693,31.339606
shanghai,64,-48.939,-18.22,121.217901,31.33954
shanghai,65,-45.967,-18.825,121.218114,31.339503
shanghai,66,-42.505,-18.825,121.218362,31.339503
shanghai,67,-39.449,-18.22,121.218581,31.33954
shanghai,68,-36.476,-17.142,121.218794,31.339606
shanghai,69,-33.503,-15.279,121.219007,31.33972
shanghai,70,-30.684,-12.975,121.219209,31.339861
shanghai,71,-28.465,-10.36,121.219368,31.340021
shanghai,72,-26.064,-5.196,121.21954,31.340337
shanghai,73,-22.352,2.664,121.219806,31.340818
shanghai,74,-20.775,5.049,121.219919,31.340964
shanghai,75,-19.128,6.667,121.220037,31.341063
shanghai,76,-17.062,7.893,121.220185,31.341138
shanghai,77,-14.006,9.216,121.220404,31.341219
shanghai,78,-11.117,9.445,121.220611,31.341233
shanghai,79,-8.632,9.216,121.220789,31.341219
shanghai,80,-6.399,8.367,121.220949,31.341167
shanghai,81,-4.417,7.059,121.221091,31.341087
shanghai,82,-3.022,5.899,121.221191,31.341016
shanghai,83,-1.779,4.51,121.22128,31.340931
shanghai,84,4.334,-7.353,121.221718,31.340205
shanghai,85,5.827,-8.971,121.221825,31.340106
shanghai,86,7.641,-9.51,121.221955,31.340073
shanghai,87,9.372,-9.2,121.222079,31.340092
shanghai,88,10.949,-8.579,121.222192,31.34013
shanghai,89,17.062,-0.49,121.22263,31.340625
shanghai,90,17.886,1.128,121.222689,31.340724
shanghai,91,17.886,2.582,121.222689,31.340813
shanghai,92,17.383,4.053,121.222653,31.340903
shanghai,93,2.435,29.463,121.221582,31.342458
shanghai,94,-6.902,44.562,121.220913,31.343382
shanghai,95,-17.146,61.507,121.220179,31.344419
shanghai,96,-18.542,61.965,121.220079,31.344447
shanghai,97,-19.951,61.589,121.219978,31.344424
shanghai,98,-21.277,60.429,121.219883,31.344353
shanghai,99,-22.84,58.664,121.219771,31.344245
shanghai,100,-24.334,56.818,121.219664,31.344132
shanghai,101,-25.729,55.886,121.219564,31.344075
shanghai,102,-27.474,55.347,121.219439,31.344042
shanghai,103,-29.288,55.657,121.219309,31.344061
shanghai,104,-31.103,57.275,121.219179,31.34416
shanghai,105,-33.252,59.661,121.219025,31.344306
shanghai,106,-34.327,61.589,121.218948,31.344424
shanghai,107,-34.983,63.354,121.218901,31.344532
shanghai,108,-35.318,65.985,121.218877,31.344693
shanghai,109,-35.15,68.371,121.218889,31.344839
shanghai,110,-34.731,70.675,121.218919,31.34498
shanghai,111,-33.992,72.832,121.218972,31.345112
shanghai,112,-32.01,75.446,121.219114,31.345272
shanghai,113,-30.112,76.917,121.21925,31.345362
shanghai,114,-27.474,78.077,121.219439,31.345433
shanghai,115,-24.655,78.682,121.219641,31.34547
shanghai,116,-22.421,78.911,121.219801,31.345484
shanghai,117,-19.7,78.763,121.219996,31.345475
shanghai,118,-16.155,77.914,121.22025,31.345423
shanghai,119,-13.838,76.917,121.220416,31.345362
shanghai,120,-11.438,75.61,121.220588,31.345282
shanghai,121,-8.144,72.521,121.220824,31.345093
shanghai,122,-5.241,68.436,121.221032,31.344843
shanghai,123,26.148,20.377,121.223281,31.341902
shanghai,124,45.729,-9.2,121.224684,31.340092
shanghai,125,55.89,-24.61,121.225412,31.339149
shanghai,126,64.808,-38.548,121.226051,31.338296
shanghai,127,76.615,-56.18,121.226897,31.337217
shanghai,128,89.26,-74.678,121.227803,31.336085
shanghai,129,90.0,-76.296,121.227856,31.335986
shanghai,130,89.916,-77.832,121.22785,31.335892
shanghai,131,88.842,-78.911,121.227773,31.335826
shanghai,132,87.111,-78.763,121.227649,31.335835
shanghai,133,83.552,-77.064,121.227394,31.335939
shanghai,134,81.486,-75.593,121.227246,31.336029
shanghai,135,79.184,-73.91,121.227081,31.336132
shanghai,136,54.983,-40.852,121.225347,31.338155
shanghai,137,53.908,-40.248,121.22527,31.338192
shanghai,138,51.926,-40.084,121.225128,31.338202
shanghai,139,21.598,-47.258,121.222955,31.337763
shanghai,140,-42.254,-62.423,121.21838,31.336835
shanghai,141,-42.254,-62.423,121.21838,31.336835
silverstone,0,10.23,88.296,-1.015349,52.07879
silverstone,1,29.807,90.0,-1.01262,52.078936
silverstone,2,33.286,89.79,-1.012135,52.078918
silverstone,3,35.962,88.903,-1.011762,52.078842
silverstone,4,37.705,87.748,-1.011519,52.078743
silverstone,5,39.786,85.332,-1.011229,52.078536
silverstone,6,41.099,82.577,-1.011046,52.0783
silverstone,7,42.16,79.111,-1.010898,52.078003
silverstone,8,43.652,73.229,-1.01069,52.077499
silverstone,9,45.18,67.452,-1.010477,52.077004
silverstone,10,46.07,61.068,-1.010353,52.076457
silverstone,11,46.45,57.053,-1.0103,52.076113
silverstone,12,46.96,47.32,-1.010229,52.075279
silverstone,13,47.175,39.01,-1.010199,52.074567
silverstone,14,47.512,35.765,-1.010152,52.074289
silverstone,15,48.746,32.731,-1.00998,52.074029
silverstone,16,51.077,28.494,-1.009655,52.073666
silverstone,17,52.06,26.079,-1.009518,52.073459
silverstone,18,52.017,24.258,-1.009524,52.073303
silverstone,19,51.587,22.122,-1.009584,52.07312
silverstone,20,48.28,13.369,-1.010045,52.07237
silverstone,21,48.064,9.844,-1.010075,52.072068
silverstone,22,48.574,7.323,-1.010004,52.071852
silverstone,23,49.764,5.176,-1.009838,52.071668
silverstone,24,53.036,0.613,-1.009382,52.071277
silverstone,25,53.796,-1.488,-1.009276,52.071097
silverstone,26,53.882,-3.962,-1.009264,52.070885
silverstone,27,53.33,-6.215,-1.009341,52.070692
silverstone,28,51.336,-8.689,-1.009619,52.07048
silverstone,29,48.789,-10.51,-1.009974,52.070324
silverstone,30,45.302,-12.54,-1.01046,52.07015
silverstone,31,42.591,-14.139,-1.010838,52.070013
silverstone,32,40.675,-16.007,-1.011105,52.069853
silverstone,33,38.473,-19.695,-1.011412,52.069537
silverstone,34,34.14,-27.829,-1.012016,52.06884
silverstone,35,10.316,-71.677,-1.015337,52.065083
silverstone,36,2.504,-83.838,-1.016426,52.064041
silverstone,37,0.294,-86.814,-1.016734,52.063786
silverstone,38,-1.485,-88.401,-1.016982,52.06365
silverstone,39,-3.565,-89.451,-1.017272,52.06356
silverstone,40,-5.732,-90.0,-1.017574,52.063513
silverstone,41,-7.726,-89.837,-1.017852,52.063527
silverstone,42,-9.936,-89.335,-1.01816,52.06357
silverstone,43,-11.801,-88.518,-1.01842,52.06364
silverstone,44,-13.458,-87.199,-1.018651,52.063753
silverstone,45,-14.864,-85.098,-1.018847,52.063933
silverstone,46,-15.287,-84.281,-1.018906,52.064003
silverstone,47,-17.411,-79.66,-1.019202,52.064399
silverstone,48,-19.785,-75.528,-1.019533,52.064753
silverstone,49,-22.332,-72.12,-1.019888,52.065045
silverstone,50,-24.075,-70.031,-1.020131,52.065224
silverstone,51,-26.026,-67.884,-1.020403,52.065408
silverstone,52,-29.47,-64.359,-1.020883,52.06571
silverstone,53,-37.153,-55.174,-1.021954,52.066497
silverstone,54,-37.921,-54.684,-1.022061,52.066539
silverstone,55,-38.982,-54.567,-1.022209,52.066549
silverstone,56,-40.037,-55.069,-1.022356,52.066506
silverstone,57,-43.265,-57.987,-1.022806,52.066256
silverstone,58,-44.37,-58.372,-1.02296,52.066223
silverstone,59,-45.475,-58.255,-1.023114,52.066233
silverstone,60,-46.407,-57.87,-1.023244,52.066266
silverstone,61,-47.727,-56.61,-1.023428,52.066374
silverstone,62,-49.126,-55.174,-1.023623,52.066497
silverstone,63,-50.869,-52.863,-1.023866,52.066695
silverstone,64,-52.139,-50.389,-1.024043,52.066907
silverstone,65,-53.036,-47.856,-1.024168,52.067124
silverstone,66,-53.796,-44.997,-1.024274,52.067369
silverstone,67,-53.882,-43.842,-1.024286,52.067468
silverstone,68,-53.667,-42.686,-1.024256,52.067567
silverstone,69,-53.036,-41.589,-1.024168,52.067661
silverstone,70,-51.508,-39.162,-1.023955,52.067869
silverstone,71,-28.064,-8.584,-1.020687,52.070489
silverstone,72,-22.798,-1.815,-1.019953,52.071069
silverstone,73,-21.701,-0.543,-1.0198,52.071178
silverstone,74,-19.785,0.718,-1.019533,52.071286
silverstone,75,-17.497,1.266,-1.019214,52.071333
silverstone,76,-15.624,1.325,-1.018953,52.071338
silverstone,77,-13.035,1.103,-1.018592,52.071319
silverstone,78,-5.818,0.006,-1.017586,52.071225
silverstone,79,-3.436,-0.274,-1.017254,52.071201
silverstone,80,-0.976,-0.379,-1.016911,52.071192
silverstone,81,1.829,0.006,-1.01652,52.071225
silverstone,82,4.376,0.659,-1.016165,52.071281
silverstone,83,6.664,1.932,-1.015846,52.07139
silverstone,84,21.615,13.812,-1.013762,52.072408
silverstone,85,22.59,14.466,-1.013626,52.072464
silverstone,86,23.781,15.073,-1.01346,52.072516
silverstone,87,25.008,15.19,-1.013289,52.072526
silverstone,88,25.94,14.851,-1.013159,52.072497
silverstone,89,26.794,14.081,-1.01304,52.072431
silverstone,90,27.303,13.206,-1.012969,52.072356
silverstone,91,29.85,4.289,-1.012614,52.071592
silverstone,92,30.618,3.029,-1.012507,52.071484
silverstone,93,31.672,2.258,-1.01236,52.071418
silverstone,94,32.906,2.2,-1.012188,52.071413
silverstone,95,34.269,2.807,-1.011998,52.071465
silverstone,96,35.116,3.904,-1.01188,52.071559
silverstone,97,35.668,5.059,-1.011803,52.071658
silverstone,98,36.73,7.977,-1.011655,52.071908
silverstone,99,37.576,10.451,-1.011537,52.07212
silverstone,100,38.215,12.879,-1.011448,52.072328
silverstone,101,38.552,15.236,-1.011401,52.07253
silverstone,102,38.767,17.722,-1.011371,52.072743
silverstone,103,38.595,20.301,-1.011395,52.072964
silverstone,104,38.086,21.457,-1.011466,52.073063
silverstone,105,36.773,22.939,-1.011649,52.07319
silverstone,106,-11.679,67.172,-1.018403,52.07698
silverstone,107,-12.992,68.0,-1.018586,52.077051
silverstone,108,-14.821,68.934,-1.018841,52.077131
silverstone,109,-17.066,69.261,-1.019154,52.077159
silverstone,110,-19.405,68.992,-1.01948,52.077136
silverstone,111,-21.78,67.837,-1.019811,52.077037
silverstone,112,-22.633,66.787,-1.01993,52.076947
silverstone,113,-23.229,65.246,-1.020013,52.076815
silverstone,114,-24.204,57.216,-1.020149,52.076127
silverstone,115,-24.757,55.571,-1.020226,52.075986
silverstone,116,-25.94,54.24,-1.020391,52.075872
silverstone,117,-27.727,53.365,-1.02064,52.075797
silverstone,118,-29.678,53.085,-1.020912,52.075773
silverstone,119,-31.844,53.645,-1.021214,52.075821
silverstone,120,-33.372,54.684,-1.021427,52.07591
silverstone,121,-34.305,55.898,-1.021557,52.076014
silverstone,122,-35.03,57.322,-1.021658,52.076136
silverstone,123,-35.159,58.862,-1.021676,52.076268
silverstone,124,-34.857,60.519,-1.021634,52.07641
silverstone,125,-33.674,63.215,-1.021469,52.076641
silverstone,126,-27.433,75.586,-1.020599,52.077701
silverstone,127,-25.431,77.956,-1.02032,52.077904
silverstone,128,-23.48,79.94,-1.020048,52.078074
silverstone,129,-20.675,82.356,-1.019657,52.078281
silverstone,130,-18.386,83.954,-1.019338,52.078418
silverstone,131,-15.495,85.168,-1.018935,52.078522
silverstone,132,-12.992,85.985,-1.018586,52.078592
silverstone,133,-7.683,86.65,-1.017846,52.078649
silverstone,134,10.23,88.296,-1.015349,52.07879
silverstone,135,10.23,88.296,-1.015349,52.07879
sochi,0,73.577,24.337,39.968066,43.409699
sochi,1,62.993,7.978,39.966723,43.408191
sochi,2,60.613,5.527,39.966421,43.407965
sochi,3,57.351,3.021,39.966007,43.407734
sochi,4,53.757,1.079,39.965551,43.407555
sochi,5,48.627,-0.515,39.9649,43.407408
sochi,6,35.049,-4.138,39.963177,43.407074
sochi,7,14.898,-9.562,39.96062,43.406574
sochi,8,-6.647,-15.29,39.957886,43.406046
sochi,9,-8.05,-15.138,39.957708,43.40606
sochi,10,-8.562,-14.726,39.957643,43.406098
sochi,11,-8.885,-13.391,39.957602,43.406221
sochi,12,-9.445,-11.504,39.957531,43.406395
sochi,13,-10.335,-10.126,39.957418,43.406522
sochi,14,-20.084,-0.613,39.956181,43.407399
sochi,15,-23.583,1.947,39.955737,43.407635
sochi,16,-27.917,3.683,39.955187,43.407795
sochi,17,-33.142,4.138,39.954524,43.407837
sochi,18,-38.225,3.119,39.953879,43.407743
sochi,19,-42.52,0.873,39.953334,43.407536
sochi,20,-45.877,-2.251,39.952908,43.407248
sochi,21,-47.926,-5.321,39.952648,43.406965
sochi,22,-49.565,-9.052,39.95244,43.406621
sochi,23,-50.172,-13.088,39.952363,43.406249
sochi,24,-49.888,-17.589,39.952399,43.405834
sochi,25,-48.722,-21.419,39.952547,43.405481
sochi,26,-42.661,-34.002,39.953316,43.404321
sochi,27,-42.52,-35.434,39.953334,43.404189
sochi,28,-43.079,-36.562,39.953263,43.404085
sochi,29,-44.474,-37.581,39.953086,43.403991
sochi,30,-76.705,-56.76,39.948996,43.402223
sochi,31,-77.691,-57.161,39.948871,43.402186
sochi,32,-79.227,-57.216,39.948676,43.402181
sochi,33,-80.346,-56.554,39.948534,43.402242
sochi,34,-81.095,-55.578,39.948439,43.402332
sochi,35,-89.07,-37.733,39.947427,43.403977
sochi,36,-89.819,-34.718,39.947332,43.404255
sochi,37,-90.0,-32.266,39.947309,43.404481
sochi,38,-89.771,-29.554,39.947338,43.404731
sochi,39,-87.715,-19.173,39.947599,43.405688
sochi,40,-87.344,-18.305,39.947646,43.405768
sochi,41,-86.548,-17.893,39.947747,43.405806
sochi,42,-85.524,-17.589,39.947877,43.405834
sochi,43,-59.266,-13.652,39.951209,43.406197
sochi,44,-58.612,-13.391,39.951292,43.406221
sochi,45,-58.005,-12.882,39.951369,43.406268
sochi,46,-57.54,-12.22,39.951428,43.406329
sochi,47,-55.909,-5.722,39.951635,43.406928
sochi,48,-55.767,-4.757,39.951653,43.407017
sochi,49,-55.672,-3.531,39.951665,43.40713
sochi,50,-55.814,-2.457,39.951647,43.407229
sochi,51,-63.97,20.507,39.950612,43.409346
sochi,52,-63.97,21.429,39.950612,43.409431
sochi,53,-63.647,22.243,39.950653,43.409506
sochi,54,-63.041,23.057,39.95073,43.409581
sochi,55,-62.158,23.675,39.950842,43.409638
sochi,56,-53.946,26.994,39.951884,43.409944
sochi,57,-50.172,27.873,39.952363,43.410025
sochi,58,-46.625,28.535,39.952813,43.410086
sochi,59,-41.771,28.893,39.953429,43.410119
sochi,60,-37.484,28.838,39.953973,43.410114
sochi,61,-32.582,28.328,39.954595,43.410067
sochi,62,-27.964,27.461,39.955181,43.409987
sochi,63,-19.847,26.126,39.956211,43.409864
sochi,64,-15.513,25.009,39.956761,43.409761
sochi,65,-11.076,23.415,39.957324,43.409614
sochi,66,-6.277,21.473,39.957933,43.409435
sochi,67,10.233,13.955,39.960028,43.408742
sochi,68,14.764,12.372,39.960603,43.408596
sochi,69,18.862,11.504,39.961123,43.408516
sochi,70,23.433,11.092,39.961703,43.408478
sochi,71,28.145,11.298,39.962301,43.408497
sochi,72,32.535,12.122,39.962858,43.408573
sochi,73,39.249,14.064,39.96371,43.408752
sochi,74,40.51,13.76,39.96387,43.408724
sochi,75,41.022,12.936,39.963935,43.408648
sochi,76,43.119,5.776,39.964201,43.407988
sochi,77,44.104,4.757,39.964326,43.407894
sochi,78,45.782,4.138,39.964539,43.407837
sochi,79,47.595,4.247,39.964769,43.407847
sochi,80,50.211,4.854,39.965101,43.407903
sochi,81,53.15,6.34,39.965474,43.40804
sochi,82,55.759,8.694,39.965805,43.408257
sochi,83,57.91,11.71,39.966078,43.408535
sochi,84,62.662,18.566,39.966681,43.409167
sochi,85,62.899,19.379,39.966711,43.409242
sochi,86,62.804,20.041,39.966699,43.409303
sochi,87,61.922,20.757,39.966587,43.409369
sochi,88,57.579,23.979,39.966036,43.409666
sochi,89,56.783,25.107,39.965935,43.40977
sochi,90,56.508,26.69,39.9659,43.409916
sochi,91,57.02,28.122,39.965965,43.410048
sochi,92,63.923,38.807,39.966841,43.411033
sochi,93,70.078,48.885,39.967622,43.411962
sochi,94,75.027,56.5,39.96825,43.412664
sochi,95,76.146,57.216,39.968392,43.41273
sochi,96,77.541,56.814,39.968569,43.412693
sochi,97,88.597,51.9,39.969972,43.41224
sochi,98,89.622,51.282,39.970102,43.412183
sochi,99,90.0,50.371,39.97015,43.412099
sochi,100,89.716,49.34,39.970114,43.412004
sochi,101,73.577,24.337,39.968066,43.409699
sochi,102,73.577,24.337,39.968066,43.409699
spa-francorchamps,0,-22.023,70.912,5.96502,50.444251
spa-francorchamps,1,-31.924,88.213,5.963419,50.446033
spa-francorchamps,2,-32.029,88.99,5.963402,50.446113
spa-francorchamps,3,-31.59,89.68,5.963473,50.446184
spa-francorchamps,4,-30.675,90.0,5.963621,50.446217
spa-francorchamps,5,-29.654,89.718,5.963786,50.446188
spa-francorchamps,6,-26.395,88.078,5.964313,50.446019
spa-francorchamps,7,-18.485,84.281,5.965592,50.445628
spa-francorchamps,8,-14.682,81.941,5.966207,50.445387
spa-francorchamps,9,-10.724,79.009,5.966847,50.445085
spa-francorchamps,10,-7.174,76.038,5.967421,50.444779
spa-francorchamps,11,-4.36,72.97,5.967876,50.444463
spa-francorchamps,12,10.761,54.94,5.970321,50.442606
spa-francorchamps,13,11.825,53.93,5.970493,50.442502
spa-francorchamps,14,13.649,52.794,5.970788,50.442385
spa-francorchamps,15,16.908,50.687,5.971315,50.442168
spa-francorchamps,16,18.337,49.27,5.971546,50.442022
spa-francorchamps,17,19.543,47.347,5.971741,50.441824
spa-francorchamps,18,20.316,45.6,5.971866,50.441644
spa-francorchamps,19,20.829,43.638,5.971949,50.441442
spa-francorchamps,20,21.268,40.017,5.97202,50.441069
spa-francorchamps,21,21.522,38.735,5.972061,50.440937
spa-francorchamps,22,21.961,37.551,5.972132,50.440815
spa-francorchamps,23,22.802,35.997,5.972268,50.440655
spa-francorchamps,24,30.273,24.045,5.973476,50.439424
spa-francorchamps,25,35.028,16.452,5.974245,50.438642
spa-francorchamps,26,36.346,13.617,5.974458,50.43835
spa-francorchamps,27,37.187,11.51,5.974594,50.438133
spa-francorchamps,28,38.176,8.122,5.974754,50.437784
spa-francorchamps,29,44.144,-12.705,5.975719,50.435639
spa-francorchamps,30,53.297,-44.328,5.977199,50.432382
spa-francorchamps,31,55.418,-51.93,5.977542,50.431599
spa-francorchamps,32,55.53,-53.163,5.97756,50.431472
spa-francorchamps,33,55.307,-54.532,5.977524,50.431331
spa-francorchamps,34,54.577,-55.629,5.977406,50.431218
spa-francorchamps,35,53.513,-56.552,5.977234,50.431123
spa-francorchamps,36,52.159,-57.28,5.977015,50.431048
spa-francorchamps,37,51.355,-58.057,5.976885,50.430968
spa-francorchamps,38,50.805,-58.969,5.976796,50.430874
spa-francorchamps,39,50.366,-60.348,5.976725,50.430732
spa-francorchamps,40,50.44,-61.717,5.976737,50.430591
spa-francorchamps,41,52.27,-69.912,5.977033,50.429747
spa-francorchamps,42,52.233,-71.329,5.977027,50.429601
spa-francorchamps,43,51.943,-72.611,5.97698,50.429469
spa-francorchamps,44,50.953,-74.028,5.97682,50.429323
spa-francorchamps,45,49.778,-74.989,5.97663,50.429224
spa-francorchamps,46,28.918,-89.408,5.973257,50.427739
spa-francorchamps,47,27.601,-89.961,5.973044,50.427682
spa-francorchamps,48,26.284,-90.0,5.972831,50.427678
spa-francorchamps,49,24.892,-89.592,5.972606,50.42772
spa-francorchamps,50,23.754,-88.767,5.972422,50.427805
spa-francorchamps,51,22.95,-87.582,5.972292,50.427927
spa-francorchamps,52,22.622,-86.388,5.972239,50.42805
spa-francorchamps,53,22.548,-85.107,5.972227,50.428182
spa-francorchamps,54,22.95,-83.912,5.972292,50.428305
spa-francorchamps,55,23.68,-82.679,5.97241,50.428432
spa-francorchamps,56,24.744,-81.815,5.972582,50.428521
spa-francorchamps,57,33.859,-76.184,5.974056,50.429101
spa-francorchamps,58,34.849,-75.174,5.974216,50.429205
spa-francorchamps,59,35.393,-74.164,5.974304,50.429309
spa-francorchamps,60,35.616,-72.98,5.97434,50.429431
spa-francorchamps,61,35.505,-71.514,5.974322,50.429582
spa-francorchamps,62,31.732,-60.435,5.973712,50.430723
spa-francorchamps,63,30.563,-55.911,5.973523,50.431189
spa-francorchamps,64,27.892,-41.949,5.973091,50.432627
spa-francorchamps,65,26.574,-33.939,5.972878,50.433452
spa-francorchamps,66,26.284,-32.57,5.972831,50.433593
spa-francorchamps,67,25.622,-31.104,5.972724,50.433744
spa-francorchamps,68,24.744,-29.909,5.972582,50.433867
spa-francorchamps,69,23.426,-28.628,5.972369,50.433999
spa-francorchamps,70,21.961,-27.667,5.972132,50.434098
spa-francorchamps,71,20.353,-27.026,5.971872,50.434164
spa-francorchamps,72,18.664,-26.754,5.971599,50.434192
spa-francorchamps,73,13.21,-26.385,5.970717,50.43423
spa-francorchamps,74,11.126,-26.618,5.97038,50.434206
spa-francorchamps,75,9.221,-27.162,5.970072,50.43415
spa-francorchamps,76,7.285,-27.987,5.969759,50.434065
spa-francorchamps,77,5.708,-29.045,5.969504,50.433956
spa-francorchamps,78,3.878,-30.735,5.969208,50.433782
spa-francorchamps,79,2.709,-32.424,5.969019,50.433608
spa-francorchamps,80,1.429,-34.851,5.968812,50.433358
spa-francorchamps,81,-3.735,-47.765,5.967977,50.432028
spa-francorchamps,82,-8.349,-59.251,5.967231,50.430845
spa-francorchamps,83,-9.338,-61.037,5.967071,50.430661
spa-francorchamps,84,-10.507,-62.27,5.966882,50.430534
spa-francorchamps,85,-12.115,-63.183,5.966622,50.43044
spa-francorchamps,86,-13.729,-63.639,5.966361,50.430393
spa-francorchamps,87,-15.226,-63.688,5.966119,50.430388
spa-francorchamps,88,-16.729,-63.367,5.965876,50.430421
spa-francorchamps,89,-18.009,-62.775,5.965669,50.430482
spa-francorchamps,90,-20.136,-61.397,5.965325,50.430624
spa-francorchamps,91,-21.528,-60.804,5.9651,50.430685
spa-francorchamps,92,-23.21,-60.532,5.964828,50.430713
spa-francorchamps,93,-24.892,-60.717,5.964556,50.430694
spa-francorchamps,94,-26.432,-61.212,5.964307,50.430643
spa-francorchamps,95,-27.749,-62.134,5.964094,50.430548
spa-francorchamps,96,-28.59,-63.183,5.963958,50.43044
spa-francorchamps,97,-29.617,-64.601,5.963792,50.430294
spa-francorchamps,98,-38.071,-77.873,5.962425,50.428927
spa-francorchamps,99,-38.912,-78.65,5.962289,50.428847
spa-francorchamps,100,-39.939,-79.203,5.962123,50.42879
spa-francorchamps,101,-41.182,-79.475,5.961922,50.428762
spa-francorchamps,102,-42.573,-79.388,5.961697,50.428771
spa-francorchamps,103,-43.779,-78.834,5.961502,50.428828
spa-francorchamps,104,-49.494,-74.669,5.960578,50.429257
spa-francorchamps,105,-52.858,-72.203,5.960034,50.429511
spa-francorchamps,106,-53.699,-71.106,5.959898,50.429624
spa-francorchamps,107,-54.577,-69.776,5.959756,50.429761
spa-francorchamps,108,-55.09,-68.494,5.959673,50.429893
spa-francorchamps,109,-55.455,-66.979,5.959614,50.430049
spa-francorchamps,110,-55.53,-65.426,5.959602,50.430209
spa-francorchamps,111,-55.276,-63.552,5.959643,50.430402
spa-francorchamps,112,-54.688,-61.95,5.959738,50.430567
spa-francorchamps,113,-53.922,-59.892,5.959862,50.430779
spa-francorchamps,114,-52.784,-56.775,5.960046,50.4311
spa-francorchamps,115,-50.811,-53.25,5.960365,50.431463
spa-francorchamps,116,-48.646,-50.182,5.960715,50.431779
spa-francorchamps,117,-45.356,-46.483,5.961247,50.43216
spa-francorchamps,118,-39.865,-41.124,5.962135,50.432712
spa-francorchamps,119,-36.642,-38.609,5.962656,50.432971
spa-francorchamps,120,-33.897,-37.007,5.9631,50.433136
spa-francorchamps,121,-19.765,-29.638,5.965385,50.433895
spa-francorchamps,122,-17.718,-28.356,5.965716,50.434027
spa-francorchamps,123,-15.776,-26.841,5.96603,50.434183
spa-francorchamps,124,-13.983,-25.152,5.96632,50.434357
spa-francorchamps,125,-12.449,-23.317,5.966568,50.434546
spa-francorchamps,126,-11.021,-21.394,5.966799,50.434744
spa-francorchamps,127,-9.116,-17.88,5.967107,50.435106
spa-francorchamps,128,-7.576,-14.491,5.967356,50.435455
spa-francorchamps,129,-4.063,-6.665,5.967924,50.436261
spa-francorchamps,130,-3.445,-4.966,5.968024,50.436436
spa-francorchamps,131,-3.074,-3.141,5.968084,50.436624
spa-francorchamps,132,-3.006,-0.85,5.968095,50.43686
spa-francorchamps,133,-3.37,1.209,5.968036,50.437072
spa-francorchamps,134,-5.455,6.568,5.967699,50.437624
spa-francorchamps,135,-7.724,12.472,5.967332,50.438232
spa-francorchamps,136,-10.47,19.841,5.966888,50.438991
spa-francorchamps,137,-11.169,22.579,5.966775,50.439273
spa-francorchamps,138,-11.825,25.831,5.966669,50.439608
spa-francorchamps,139,-12.227,28.851,5.966604,50.439919
spa-francorchamps,140,-12.486,31.414,5.966562,50.440183
spa-francorchamps,141,-13.29,43.269,5.966432,50.441404
spa-francorchamps,142,-13.142,44.046,5.966456,50.441484
spa-francorchamps,143,-12.666,44.599,5.966533,50.441541
spa-francorchamps,144,-11.936,44.784,5.966651,50.44156
spa-francorchamps,145,-10.693,44.599,5.966852,50.441541
spa-francorchamps,146,-9.406,44.599,5.96706,50.441541
spa-francorchamps,147,-8.528,44.784,5.967202,50.44156
spa-francorchamps,148,-7.947,45.425,5.967296,50.441626
spa-francorchamps,149,-7.799,46.153,5.96732,50.441701
spa-francorchamps,150,-8.163,47.114,5.967261,50.4418
spa-francorchamps,151,-12.666,54.484,5.966533,50.442559
spa-francorchamps,152,-22.023,70.912,5.96502,50.444251
spa-francorchamps,153,-22.023,70.912,5.96502,50.444251
spielberg,0,29.971,-44.97,14.765119,47.220023
spielberg,1,17.572,-48.263,14.763977,47.219817
spielberg,2,-13.143,-56.624,14.761148,47.219294
spielberg,3,-15.26,-56.784,14.760953,47.219284
spielberg,4,-16.671,-55.505,14.760823,47.219364
spielberg,5,-19.049,-50.901,14.760604,47.219652
spielberg,6,-26.573,-40.734,14.759911,47.220288
spielberg,7,-34.737,-29.127,14.759159,47.221014
spielberg,8,-41.154,-18.88,14.758568,47.221655
spielberg,9,-47.006,-8.777,14.758029,47.222287
spielberg,10,-56.582,12.102,14.757147,47.223593
spielberg,11,-59.22,17.665,14.756904,47.223941
spielberg,12,-63.27,24.22,14.756531,47.224351
spielberg,13,-69.502,31.845,14.755957,47.224828
spielberg,14,-79.849,42.236,14.755004,47.225478
spielberg,15,-89.425,51.812,14.754122,47.226077
spielberg,16,-90.0,53.091,14.754069,47.226157
spielberg,17,-89.935,54.45,14.754075,47.226242
spielberg,18,-88.838,55.121,14.754176,47.226284
spielberg,19,-86.33,55.569,14.754407,47.226312
spielberg,20,-78.491,56.48,14.755129,47.226369
spielberg,21,-70.653,56.784,14.755851,47.226388
spielberg,22,-62.553,56.704,14.756597,47.226383
spielberg,23,-54.845,55.953,14.757307,47.226336
spielberg,24,-45.909,54.514,14.75813,47.226246
spielberg,25,-18.604,49.238,14.760645,47.225916
spielberg,26,-6.14,47.592,14.761793,47.225813
spielberg,27,20.786,46.457,14.764273,47.225742
spielberg,28,22.979,45.705,14.764475,47.225695
spielberg,29,24.325,44.203,14.764599,47.225601
spielberg,30,24.836,42.54,14.764646,47.225497
spielberg,31,24.705,40.798,14.764634,47.225388
spielberg,32,24.0,39.151,14.764569,47.225285
spielberg,33,21.307,35.298,14.764321,47.225044
spielberg,34,19.179,32.74,14.764125,47.224884
spielberg,35,15.26,29.271,14.763764,47.224667
spielberg,36,10.96,26.937,14.763368,47.224521
spielberg,37,5.749,25.211,14.762888,47.224413
spielberg,38,0.092,24.299,14.762367,47.224356
spielberg,39,-5.814,24.683,14.761823,47.22438
spielberg,40,-28.755,28.376,14.75971,47.224611
spielberg,41,-31.838,27.992,14.759426,47.224587
spielberg,42,-34.346,27.097,14.759195,47.224531
spielberg,43,-36.529,25.578,14.758994,47.224436
spielberg,44,-38.461,23.548,14.758816,47.224309
spielberg,45,-39.677,21.134,14.758704,47.224158
spielberg,46,-40.329,18.496,14.758644,47.223993
spielberg,47,-40.448,16.082,14.758633,47.223842
spielberg,48,-40.068,13.445,14.758668,47.223677
spielberg,49,-39.362,11.494,14.758733,47.223555
spielberg,50,-28.245,-7.945,14.759757,47.222339
spielberg,51,-26.377,-9.992,14.759929,47.222211
spielberg,52,-23.424,-11.862,14.760201,47.222094
spielberg,53,-20.015,-12.629,14.760515,47.222046
spielberg,54,-16.736,-12.326,14.760817,47.222065
spielberg,55,-13.273,-10.887,14.761136,47.222155
spielberg,56,-11.145,-9.16,14.761332,47.222263
spielberg,57,-8.963,-6.443,14.761533,47.222433
spielberg,58,-6.911,-3.805,14.761722,47.222598
spielberg,59,-4.717,-1.551,14.761924,47.222739
spielberg,60,-2.09,0.256,14.762166,47.222852
spielberg,61,0.993,2.078,14.76245,47.222966
spielberg,62,5.304,3.661,14.762847,47.223065
spielberg,63,9.799,4.636,14.763261,47.223126
spielberg,64,45.399,5.387,14.76654,47.223173
spielberg,65,72.781,6.059,14.769062,47.223215
spielberg,66,75.669,5.995,14.769328,47.223211
spielberg,67,78.491,5.004,14.769588,47.223149
spielberg,68,80.815,3.277,14.769802,47.223041
spielberg,69,82.671,0.943,14.769973,47.222895
spielberg,70,84.083,-2.142,14.770103,47.222702
spielberg,71,89.674,-20.99,14.770618,47.221523
spielberg,72,90.0,-22.717,14.770648,47.221415
spielberg,73,89.674,-23.996,14.770618,47.221335
spielberg,74,89.034,-24.987,14.770559,47.221273
spielberg,75,86.851,-26.713,14.770358,47.221165
spielberg,76,83.963,-28.44,14.770092,47.221057
spielberg,77,80.229,-30.326,14.769748,47.220939
spielberg,78,75.994,-32.133,14.769358,47.220826
spielberg,79,70.978,-33.795,14.768896,47.220722
spielberg,80,29.971,-44.97,14.765119,47.220023
spielberg,81,29.971,-44.97,14.765119,47.220023
suzuka,0,63.713,-3.275,136.540283,34.843344
suzuka,1,74.817,-16.643,136.541609,34.842034
suzuka,2,87.806,-32.561,136.54316,34.840474
suzuka,3,88.995,-34.244,136.543302,34.840309
suzuka,4,89.657,-36.0,136.543381,34.840137
suzuka,5,90.0,-37.581,136.543422,34.839982
suzuka,6,89.975,-39.132,136.543419,34.83983
suzuka,7,89.782,-40.326,136.543396,34.839713
suzuka,8,88.266,-45.01,136.543215,34.839254
suzuka,9,87.546,-46.234,136.543129,34.839134
suzuka,10,86.499,-47.163,136.543004,34.839043
suzuka,11,85.62,-47.663,136.542899,34.838994
suzuka,12,84.037,-48.05,136.54271,34.838956
suzuka,13,82.597,-47.999,136.542538,34.838961
suzuka,14,81.014,-47.469,136.542349,34.839013
suzuka,15,79.54,-46.306,136.542173,34.839127
suzuka,16,78.041,-44.04,136.541994,34.839349
suzuka,17,70.379,-32.275,136.541079,34.840502
suzuka,18,68.93,-31.04,136.540906,34.840623
suzuka,19,67.682,-30.642,136.540757,34.840662
suzuka,20,65.798,-30.316,136.540532,34.840694
suzuka,21,61.837,-30.285,136.540059,34.840697
suzuka,22,59.844,-29.714,136.539821,34.840753
suzuka,23,58.437,-28.724,136.539653,34.84085
suzuka,24,57.373,-27.428,136.539526,34.840977
suzuka,25,56.871,-26.163,136.539466,34.841101
suzuka,26,55.087,-19.388,136.539253,34.841765
suzuka,27,54.342,-17.653,136.539164,34.841935
suzuka,28,53.153,-16.163,136.539022,34.842081
suzuka,29,51.771,-15.153,136.538857,34.84218
suzuka,30,50.029,-14.337,136.538649,34.84226
suzuka,31,48.245,-14.0,136.538436,34.842293
suzuka,32,43.639,-13.928,136.537886,34.8423
suzuka,33,41.512,-13.52,136.537632,34.84234
suzuka,34,40.055,-12.826,136.537458,34.842408
suzuka,35,38.548,-11.663,136.537278,34.842522
suzuka,36,37.442,-10.041,136.537146,34.842681
suzuka,37,36.764,-8.388,136.537065,34.842843
suzuka,38,36.454,-6.826,136.537028,34.842996
suzuka,39,36.471,-5.337,136.53703,34.843142
suzuka,40,36.755,-4.071,136.537064,34.843266
suzuka,41,39.016,2.112,136.537334,34.843872
suzuka,42,39.36,3.367,136.537375,34.843995
suzuka,43,39.418,5.02,136.537382,34.844157
suzuka,44,39.176,6.112,136.537353,34.844264
suzuka,45,38.581,7.694,136.537282,34.844419
suzuka,46,37.693,9.041,136.537176,34.844551
suzuka,47,35.993,10.245,136.536973,34.844669
suzuka,48,33.925,11.367,136.536726,34.844779
suzuka,49,31.471,12.602,136.536433,34.8449
suzuka,50,29.311,13.469,136.536175,34.844985
suzuka,51,27.703,13.918,136.535983,34.845029
suzuka,52,25.442,14.296,136.535713,34.845066
suzuka,53,22.879,14.337,136.535407,34.84507
suzuka,54,20.861,14.255,136.535166,34.845062
suzuka,55,19.177,13.806,136.534965,34.845018
suzuka,56,17.812,13.224,136.534802,34.844961
suzuka,57,15.685,12.316,136.534548,34.844872
suzuka,58,13.449,11.061,136.534281,34.844749
suzuka,59,10.878,8.959,136.533974,34.844543
suzuka,60,8.869,6.826,136.533734,34.844334
suzuka,61,0.419,-3.418,136.532725,34.84333
suzuka,62,-0.017,-4.01,136.532673,34.843272
suzuka,63,-1.365,-4.326,136.532512,34.843241
suzuka,64,-13.709,-5.439,136.531038,34.843132
suzuka,65,-14.505,-5.337,136.530943,34.843142
suzuka,66,-15.35,-4.765,136.530842,34.843198
suzuka,67,-15.694,-3.796,136.530801,34.843293
suzuka,68,-15.844,-2.98,136.530783,34.843373
suzuka,69,-17.72,4.735,136.530559,34.844129
suzuka,70,-20.224,19.224,136.53026,34.845549
suzuka,71,-20.702,21.887,136.530203,34.84581
suzuka,72,-20.819,23.234,136.530189,34.845942
suzuka,73,-20.685,24.622,136.530205,34.846078
suzuka,74,-20.417,26.061,136.530237,34.846219
suzuka,75,-19.847,27.551,136.530305,34.846365
suzuka,76,-19.203,29.03,136.530382,34.84651
suzuka,77,-17.209,33.602,136.53062,34.846958
suzuka,78,-17.0,34.306,136.530645,34.847027
suzuka,79,-17.151,34.949,136.530627,34.84709
suzuka,80,-17.528,35.54,136.530582,34.847148
suzuka,81,-18.173,35.979,136.530505,34.847191
suzuka,82,-18.918,36.214,136.530416,34.847214
suzuka,83,-19.638,36.163,136.53033,34.847209
suzuka,84,-20.459,35.612,136.530232,34.847155
suzuka,85,-21.137,34.632,136.530151,34.847059
suzuka,86,-24.043,29.612,136.529804,34.846567
suzuka,87,-26.405,25.826,136.529522,34.846196
suzuka,88,-27.945,23.581,136.529338,34.845976
suzuka,89,-29.218,22.102,136.529186,34.845831
suzuka,90,-30.315,21.163,136.529055,34.845739
suzuka,91,-32.2,19.673,136.52883,34.845593
suzuka,92,-34.184,18.612,136.528593,34.845489
suzuka,93,-36.261,17.99,136.528345,34.845428
suzuka,94,-39.879,17.459,136.527913,34.845376
suzuka,95,-43.304,17.316,136.527504,34.845362
suzuka,96,-45.884,17.51,136.527196,34.845381
suzuka,97,-48.957,18.183,136.526829,34.845447
suzuka,98,-52.323,19.132,136.526427,34.84554
suzuka,99,-56.092,20.541,136.525977,34.845678
suzuka,100,-58.47,21.643,136.525693,34.845786
suzuka,101,-60.556,22.898,136.525444,34.845909
suzuka,102,-62.482,24.336,136.525214,34.84605
suzuka,103,-64.517,26.163,136.524971,34.846229
suzuka,104,-66.619,28.489,136.52472,34.846457
suzuka,105,-68.009,30.52,136.524554,34.846656
suzuka,106,-69.257,32.744,136.524405,34.846874
suzuka,107,-72.338,40.948,136.524037,34.847678
suzuka,108,-73.988,44.54,136.52384,34.84803
suzuka,109,-74.826,45.979,136.52374,34.848171
suzuka,110,-75.964,47.04,136.523604,34.848275
suzuka,111,-77.455,47.714,136.523426,34.848341
suzuka,112,-79.239,48.05,136.523213,34.848374
suzuka,113,-81.374,47.999,136.522958,34.848369
suzuka,114,-83.351,47.714,136.522722,34.848341
suzuka,115,-85.285,47.285,136.522491,34.848299
suzuka,116,-87.169,46.51,136.522266,34.848223
suzuka,117,-88.71,45.336,136.522082,34.848108
suzuka,118,-89.64,43.846,136.521971,34.847962
suzuka,119,-90.0,42.387,136.521928,34.847819
suzuka,120,-89.891,40.55,136.521941,34.847639
suzuka,121,-89.472,39.183,136.521991,34.847505
suzuka,122,-88.861,37.806,136.522064,34.84737
suzuka,123,-87.814,36.653,136.522189,34.847257
suzuka,124,-85.746,34.714,136.522436,34.847067
suzuka,125,-83.158,32.561,136.522745,34.846856
suzuka,126,-80.629,30.347,136.523047,34.846639
suzuka,127,-77.422,27.918,136.52343,34.846401
suzuka,128,-73.754,25.418,136.523868,34.846156
suzuka,129,-70.002,23.071,136.524316,34.845926
suzuka,130,-65.806,21.071,136.524817,34.84573
suzuka,131,-62.055,19.153,136.525265,34.845542
suzuka,132,-58.202,17.683,136.525725,34.845398
suzuka,133,-51.947,15.52,136.526472,34.845186
suzuka,134,-45.063,12.837,136.527294,34.844923
suzuka,135,-36.73,9.918,136.528289,34.844637
suzuka,136,-28.465,7.306,136.529276,34.844381
suzuka,137,-22.745,5.326,136.529959,34.844187
suzuka,138,-15.35,2.5,136.530842,34.84391
suzuka,139,-13.659,2.071,136.531044,34.843868
suzuka,140,-11.975,2.02,136.531245,34.843863
suzuka,141,-10.192,2.357,136.531458,34.843896
suzuka,142,-8.458,2.837,136.531665,34.843943
suzuka,143,-5.335,4.041,136.532038,34.844061
suzuka,144,-2.462,5.48,136.532381,34.844202
suzuka,145,-0.05,6.969,136.532669,34.844348
suzuka,146,2.445,8.908,136.532967,34.844538
suzuka,147,7.11,13.275,136.533524,34.844966
suzuka,148,13.5,19.234,136.534287,34.84555
suzuka,149,15.275,20.704,136.534499,34.845694
suzuka,150,16.539,21.592,136.53465,34.845781
suzuka,151,17.695,22.357,136.534788,34.845856
suzuka,152,18.516,22.847,136.534886,34.845904
suzuka,153,18.96,22.887,136.534939,34.845908
suzuka,154,19.546,22.643,136.535009,34.845884
suzuka,155,20.986,21.357,136.535181,34.845758
suzuka,156,22.025,20.49,136.535305,34.845673
suzuka,157,22.871,20.245,136.535406,34.845649
suzuka,158,23.666,20.398,136.535501,34.845664
suzuka,159,24.604,21.02,136.535613,34.845725
suzuka,160,26.145,22.418,136.535797,34.845862
suzuka,161,27.878,23.663,136.536004,34.845984
suzuka,162,29.813,24.479,136.536235,34.846064
suzuka,163,32.175,24.683,136.536517,34.846084
suzuka,164,34.377,24.561,136.53678,34.846072
suzuka,165,36.705,24.081,136.537058,34.846025
suzuka,166,39.033,23.173,136.537336,34.845936
suzuka,167,41.01,22.224,136.537572,34.845843
suzuka,168,43.488,20.541,136.537868,34.845678
suzuka,169,45.716,18.469,136.538134,34.845475
suzuka,170,48.002,15.918,136.538407,34.845225
suzuka,171,63.713,-3.275,136.540283,34.843344
suzuka,172,63.713,-3.275,136.540283,34.843344
yas-marina,0,-1.047,-10.842,54.605463,24.46997
yas-marina,1,23.988,-7.449,54.60783,24.470262
yas-marina,2,25.31,-7.007,54.607955,24.4703
yas-marina,3,26.304,-5.973,54.608049,24.470389
yas-marina,4,26.992,-4.544,54.608114,24.470512
yas-marina,5,27.119,-3.126,54.608126,24.470634
yas-marina,6,26.748,-1.638,54.608091,24.470762
yas-marina,7,22.74,15.397,54.607712,24.472228
yas-marina,8,22.052,17.256,54.607647,24.472388
yas-marina,9,21.111,18.628,54.607558,24.472506
yas-marina,10,19.546,19.941,54.60741,24.472619
yas-marina,11,18.234,20.591,54.607286,24.472675
yas-marina,12,11.137,22.799,54.606615,24.472865
yas-marina,13,8.779,23.996,54.606392,24.472968
yas-marina,14,7.023,25.193,54.606226,24.473071
yas-marina,15,5.436,26.692,54.606076,24.4732
yas-marina,16,4.241,28.098,54.605963,24.473321
yas-marina,17,3.353,29.272,54.605879,24.473422
yas-marina,18,2.274,31.852,54.605777,24.473644
yas-marina,19,1.883,33.815,54.60574,24.473813
yas-marina,20,1.851,35.954,54.605737,24.473997
yas-marina,21,2.285,38.487,54.605778,24.474215
yas-marina,22,3.088,41.148,54.605854,24.474444
yas-marina,23,4.855,47.923,54.606021,24.475027
yas-marina,24,5.479,52.943,54.60608,24.475459
yas-marina,25,5.542,56.51,54.606086,24.475766
yas-marina,26,5.225,59.601,54.606056,24.476032
yas-marina,27,3.268,75.498,54.605871,24.4774
yas-marina,28,1.967,85.515,54.605748,24.478262
yas-marina,29,1.713,86.677,54.605724,24.478362
yas-marina,30,1.47,87.618,54.605701,24.478443
yas-marina,31,0.719,88.582,54.60563,24.478526
yas-marina,32,-0.561,89.64,54.605509,24.478617
yas-marina,33,-1.333,89.907,54.605436,24.47864
yas-marina,34,-2.221,90.0,54.605352,24.478648
yas-marina,35,-3.067,89.861,54.605272,24.478636
yas-marina,36,-3.977,89.5,54.605186,24.478605
yas-marina,37,-4.654,88.815,54.605122,24.478546
yas-marina,38,-5.066,88.176,54.605083,24.478491
yas-marina,39,-5.584,87.107,54.605034,24.478399
yas-marina,40,-7.139,82.482,54.604887,24.478001
yas-marina,41,-8.62,75.788,54.604747,24.477425
yas-marina,42,-21.143,38.452,54.603563,24.474212
yas-marina,43,-26.029,23.996,54.603101,24.472968
yas-marina,44,-28.737,15.932,54.602845,24.472274
yas-marina,45,-30.768,9.68,54.602653,24.471736
yas-marina,46,-32.883,1.917,54.602453,24.471068
yas-marina,47,-37.357,-12.376,54.60203,24.469838
yas-marina,48,-41.619,-25.251,54.601627,24.46873
yas-marina,49,-42.116,-26.506,54.60158,24.468622
yas-marina,50,-42.243,-27.447,54.601568,24.468541
yas-marina,51,-42.116,-27.994,54.60158,24.468494
yas-marina,52,-41.64,-28.54,54.601625,24.468447
yas-marina,53,-40.562,-28.575,54.601727,24.468444
yas-marina,54,-36.574,-28.098,54.602104,24.468485
yas-marina,55,-35.696,-28.098,54.602187,24.468485
yas-marina,56,-34.988,-28.946,54.602254,24.468412
yas-marina,57,-32.724,-37.546,54.602468,24.467672
yas-marina,58,-32.259,-39.161,54.602512,24.467533
yas-marina,59,-30.831,-42.728,54.602647,24.467226
yas-marina,60,-29.53,-45.285,54.60277,24.467006
yas-marina,61,-26.727,-49.363,54.603035,24.466655
yas-marina,62,-23.533,-53.082,54.603337,24.466335
yas-marina,63,-19.514,-56.533,54.603717,24.466038
yas-marina,64,-2.475,-69.978,54.605328,24.464881
yas-marina,65,1.407,-73.127,54.605695,24.46461
yas-marina,66,4.463,-75.312,54.605984,24.464422
yas-marina,67,8.546,-77.95,54.60637,24.464195
yas-marina,68,12.047,-79.972,54.606701,24.464021
yas-marina,69,17.705,-82.702,54.607236,24.463786
yas-marina,70,22.877,-85.026,54.607725,24.463586
yas-marina,71,30.567,-88.664,54.608452,24.463273
yas-marina,72,33.856,-89.988,54.608763,24.463159
yas-marina,73,35.707,-90.0,54.608938,24.463158
yas-marina,74,37.664,-89.605,54.609123,24.463192
yas-marina,75,39.451,-88.571,54.609292,24.463281
yas-marina,76,40.403,-87.653,54.609382,24.46336
yas-marina,77,41.038,-86.746,54.609442,24.463438
yas-marina,78,41.672,-85.41,54.609502,24.463553
yas-marina,79,42.032,-84.108,54.609536,24.463665
yas-marina,80,42.243,-82.9,54.609556,24.463769
yas-marina,81,42.074,-80.901,54.60954,24.463941
yas-marina,82,41.672,-79.449,54.609502,24.464066
yas-marina,83,41.101,-78.043,54.609448,24.464187
yas-marina,84,40.265,-76.788,54.609369,24.464295
yas-marina,85,39.081,-75.649,54.609257,24.464393
yas-marina,86,37.611,-74.661,54.609118,24.464478
yas-marina,87,36.056,-73.975,54.608971,24.464537
yas-marina,88,33.793,-73.65,54.608757,24.464565
yas-marina,89,15.854,-72.209,54.607061,24.464689
yas-marina,90,13.644,-71.919,54.606852,24.464714
yas-marina,91,12.692,-71.709,54.606762,24.464732
yas-marina,92,11.687,-71.349,54.606667,24.464763
yas-marina,93,2.052,-65.33,54.605756,24.465281
yas-marina,94,1.079,-64.598,54.605664,24.465344
yas-marina,95,0.423,-63.761,54.605602,24.465416
yas-marina,96,-0.275,-61.972,54.605536,24.46557
yas-marina,97,-2.517,-51.478,54.605324,24.466473
yas-marina,98,-2.369,-50.653,54.605338,24.466544
yas-marina,99,-1.851,-50.096,54.605387,24.466592
yas-marina,100,-1.068,-49.875,54.605461,24.466611
yas-marina,101,6.928,-48.678,54.606217,24.466714
yas-marina,102,7.869,-48.283,54.606306,24.466748
yas-marina,103,8.472,-47.969,54.606363,24.466775
yas-marina,104,9.107,-47.318,54.606423,24.466831
yas-marina,105,9.741,-46.121,54.606483,24.466934
yas-marina,106,9.889,-44.646,54.606497,24.467061
yas-marina,107,9.91,-37.383,54.606499,24.467686
yas-marina,108,9.329,-36.139,54.606444,24.467793
yas-marina,109,8.609,-35.396,54.606376,24.467857
yas-marina,110,7.52,-34.977,54.606273,24.467893
yas-marina,111,6.029,-34.652,54.606132,24.467921
yas-marina,112,4.728,-34.478,54.606009,24.467936
yas-marina,113,2.993,-34.42,54.605845,24.467941
yas-marina,114,1.28,-34.547,54.605683,24.46793
yas-marina,115,-15.41,-37.116,54.604105,24.467709
yas-marina,116,-16.849,-37.22,54.603969,24.4677
yas-marina,117,-18.678,-37.15,54.603796,24.467706
yas-marina,118,-20.466,-36.837,54.603627,24.467733
yas-marina,119,-21.693,-36.43,54.603511,24.467768
yas-marina,120,-22.507,-35.686,54.603434,24.467832
yas-marina,121,-23.353,-34.78,54.603354,24.46791
yas-marina,122,-27.933,-26.46,54.602921,24.468626
yas-marina,123,-30.302,-22.637,54.602697,24.468955
yas-marina,124,-30.799,-21.509,54.60265,24.469052
yas-marina,125,-31.148,-20.01,54.602617,24.469181
yas-marina,126,-31.265,-18.732,54.602606,24.469291
yas-marina,127,-31.286,-17.198,54.602604,24.469423
yas-marina,128,-31.032,-16.152,54.602628,24.469513
yas-marina,129,-30.419,-15.397,54.602686,24.469578
yas-marina,130,-29.657,-15.014,54.602758,24.469611
yas-marina,131,-27.912,-14.7,54.602923,24.469638
yas-marina,132,-1.047,-10.842,54.605463,24.46997
yas-marina,133,-1.047,-10.842,54.605463,24.46997
zandvoort,0,-68.014,6.612,4.540491,52.388408
zandvoort,1,-47.838,55.386,4.542096,52.390776
zandvoort,2,-40.17,73.284,4.542706,52.391645
zandvoort,3,-38.435,75.262,4.542844,52.391741
zandvoort,4,-36.084,76.374,4.543031,52.391795
zandvoort,5,-33.52,76.703,4.543235,52.391811
zandvoort,6,-31.144,76.209,4.543424,52.391787
zandvoort,7,-28.906,74.685,4.543602,52.391713
zandvoort,8,-27.348,72.769,4.543726,52.39162
zandvoort,9,-26.518,70.38,4.543792,52.391504
zandvoort,10,-26.455,67.723,4.543797,52.391375
zandvoort,11,-28.68,62.553,4.54362,52.391124
zandvoort,12,-35.079,46.982,4.543111,52.390368
zandvoort,13,-37.14,39.732,4.542947,52.390016
zandvoort,14,-37.97,32.173,4.542881,52.389649
zandvoort,15,-37.53,25.087,4.542916,52.389305
zandvoort,16,-38.196,22.204,4.542863,52.389165
zandvoort,17,-39.767,20.268,4.542738,52.389071
zandvoort,18,-42.91,17.713,4.542488,52.388947
zandvoort,19,-46.292,16.375,4.542219,52.388882
zandvoort,20,-55.632,12.729,4.541476,52.388705
zandvoort,21,-58.033,10.916,4.541285,52.388617
zandvoort,22,-58.686,8.239,4.541233,52.388487
zandvoort,23,-58.774,5.829,4.541226,52.38837
zandvoort,24,-57.806,3.378,4.541303,52.388251
zandvoort,25,-55.996,1.627,4.541447,52.388166
zandvoort,26,-53.734,0.7,4.541627,52.388121
zandvoort,27,-50.264,0.783,4.541903,52.388125
zandvoort,28,-33.155,6.241,4.543264,52.38839
zandvoort,29,-25.211,7.724,4.543896,52.388462
zandvoort,30,-18.36,7.95,4.544441,52.388473
zandvoort,31,-12.3,7.497,4.544923,52.388451
zandvoort,32,-6.568,6.529,4.545379,52.388404
zandvoort,33,-2.483,5.273,4.545704,52.388343
zandvoort,34,4.205,3.852,4.546236,52.388274
zandvoort,35,10.377,3.316,4.546727,52.388248
zandvoort,36,14.752,4.222,4.547075,52.388292
zandvoort,37,20.019,5.602,4.547494,52.388359
zandvoort,38,26.354,8.795,4.547998,52.388514
zandvoort,39,33.796,13.656,4.54859,52.38875
zandvoort,40,38.837,16.045,4.548991,52.388866
zandvoort,41,43.325,17.343,4.549348,52.388929
zandvoort,42,49.246,18.002,4.549819,52.388961
zandvoort,43,53.909,17.899,4.55019,52.388956
zandvoort,44,73.356,16.704,4.551737,52.388898
zandvoort,45,77.844,15.674,4.552094,52.388848
zandvoort,46,82.005,13.594,4.552425,52.388747
zandvoort,47,84.959,11.061,4.55266,52.388624
zandvoort,48,86.857,8.362,4.552811,52.388493
zandvoort,49,88.705,5.273,4.552958,52.388343
zandvoort,50,89.686,1.71,4.553036,52.38817
zandvoort,51,90.0,-2.06,4.553061,52.387987
zandvoort,52,89.648,-5.747,4.553033,52.387808
zandvoort,53,88.567,-9.495,4.552947,52.387626
zandvoort,54,86.229,-13.573,4.552761,52.387428
zandvoort,55,77.291,-25.767,4.55205,52.386836
zandvoort,56,73.997,-31.184,4.551788,52.386573
zandvoort,57,66.53,-47.311,4.551194,52.38579
zandvoort,58,62.948,-48.568,4.550909,52.385729
zandvoort,59,58.523,-49.083,4.550557,52.385704
zandvoort,60,54.287,-48.877,4.55022,52.385714
zandvoort,61,49.296,-48.032,4.549823,52.385755
zandvoort,62,44.117,-46.261,4.549411,52.385841
zandvoort,63,38.573,-43.604,4.54897,52.38597
zandvoort,64,33.08,-39.691,4.548533,52.38616
zandvoort,65,29.686,-35.921,4.548263,52.386343
zandvoort,66,29.07,-33.614,4.548214,52.386455
zandvoort,67,29.61,-31.184,4.548257,52.386573
zandvoort,68,31.722,-28.136,4.548425,52.386721
zandvoort,69,34.739,-26.199,4.548665,52.386815
zandvoort,70,39.177,-24.572,4.549018,52.386894
zandvoort,71,46.757,-23.378,4.549621,52.386952
zandvoort,72,54.06,-21.545,4.550202,52.387041
zandvoort,73,60.723,-18.99,4.550732,52.387165
zandvoort,74,64.406,-16.395,4.551025,52.387291
zandvoort,75,65.801,-13.285,4.551136,52.387442
zandvoort,76,65.99,-9.887,4.551151,52.387607
zandvoort,77,64.796,-6.509,4.551056,52.387771
zandvoort,78,61.716,-3.44,4.550811,52.38792
zandvoort,79,58.95,-2.472,4.550591,52.387967
zandvoort,80,44.582,-0.721,4.549448,52.388052
zandvoort,81,30.113,-0.762,4.548297,52.38805
zandvoort,82,14.739,-2.616,4.547074,52.38796
zandvoort,83,1.741,-5.891,4.54604,52.387801
zandvoort,84,-6.304,-8.424,4.5454,52.387678
zandvoort,85,-15.179,-11.72,4.544694,52.387518
zandvoort,86,-23.664,-15.324,4.544019,52.387343
zandvoort,87,-30.578,-19.423,4.543469,52.387144
zandvoort,88,-33.118,-20.515,4.543267,52.387091
zandvoort,89,-34.928,-20.165,4.543123,52.387108
zandvoort,90,-36.625,-17.816,4.542988,52.387222
zandvoort,91,-38.435,-14.397,4.542844,52.387388
zandvoort,92,-40.924,-12.853,4.542646,52.387463
zandvoort,93,-44.117,-12.729,4.542392,52.387469
zandvoort,94,-47.234,-14.191,4.542144,52.387398
zandvoort,95,-48.894,-16.436,4.542012,52.387289
zandvoort,96,-49.661,-18.846,4.541951,52.387172
zandvoort,97,-48.894,-23.748,4.542012,52.386934
zandvoort,98,-41.93,-64.407,4.542566,52.38496
zandvoort,99,-41.779,-67.126,4.542578,52.384828
zandvoort,100,-42.546,-69.906,4.542517,52.384693
zandvoort,101,-43.777,-72.255,4.542419,52.384579
zandvoort,102,-44.972,-73.758,4.542324,52.384506
zandvoort,103,-47.926,-75.756,4.542089,52.384409
zandvoort,104,-51.081,-76.477,4.541838,52.384374
zandvoort,105,-64.456,-76.703,4.540774,52.384363
zandvoort,106,-67.184,-76.559,4.540557,52.38437
zandvoort,107,-71.157,-75.941,4.540241,52.3844
zandvoort,108,-75.267,-74.603,4.539914,52.384465
zandvoort,109,-78.649,-73.058,4.539645,52.38454
zandvoort,110,-83.149,-69.515,4.539287,52.384712
zandvoort,111,-86.078,-65.602,4.539054,52.384902
zandvoort,112,-88.077,-62.244,4.538895,52.385065
zandvoort,113,-89.535,-57.713,4.538779,52.385285
zandvoort,114,-90.0,-53.738,4.538742,52.385478
zandvoort,115,-89.585,-47.25,4.538775,52.385793
zandvoort,116,-88.353,-42.636,4.538873,52.386017
zandvoort,117,-69.057,4.181,4.540408,52.38829
zandvoort,118,-68.014,6.612,4.540491,52.388408
zandvoort,119,-68.014,6.612,4.540491,52.388408
